,name,datetime,tempmax,tempmin,temp,feelslikemax,feelslikemin,feelslike,dew,humidity,precip,precipprob,precipcover,preciptype,snow,snowdepth,windgust,windspeed,winddir,sealevelpressure,cloudcover,visibility,solarradiation,solarenergy,uvindex,severerisk,sunrise,sunset,moonphase,conditions,description,icon,stations,skey
0,"Crownsville, MD, United States",2022-05-10,21.4,11.5,16.6,21.4,11.5,16.6,1.1,36.5,0.0,0,0.0,,0,0,39.5,24.7,94.2,1025.4,12.2,16.0,320.6,27.8,9,10,2022-05-10T05:58:19,2022-05-10T20:07:58,0.32,Clear,Clear conditions throughout the day.,clear-day,"99999913752,72215899999,72406093721,KBWI,KADW,E0642,AU538,KNAK",1012
1,"Crownsville, MD, United States",2022-05-11,20.8,12.9,17.0,20.8,12.9,17.0,6.6,51.3,0.0,0,0.0,,0,0,42.5,24.5,58.7,1024.1,29.1,16.0,204.3,17.7,8,10,2022-05-11T05:57:19,2022-05-11T20:08:54,0.37,Partially cloudy,Partly cloudy throughout the day.,partly-cloudy-day,"99999913752,72215899999,72406093721,KBWI,KADW,E0642,AU538,KNAK",1012
2,"Crownsville, MD, United States",2022-05-12,22.3,14.3,17.8,22.3,14.3,17.8,14.3,80.1,0.09,100,4.17,rain,0,0,38.9,17.4,78.5,1023.7,51.2,15.9,161.2,13.9,7,10,2022-05-12T05:56:21,2022-05-12T20:09:50,0.41,"Rain, Partially cloudy",Partly cloudy throughout the day with late afternoon rain.,rain,"99999913752,72215899999,72406093721,KBWI,KADW,E0642,AU538,KNAK",1012
3,"Crownsville, MD, United States",2022-05-13,22.8,16.8,19.1,22.8,16.8,19.1,17.4,89.9,4.69,100,29.17,rain,0,0,35.3,16.7,62.1,1021.8,70.8,10.8,136.0,11.8,6,30,2022-05-13T05:55:24,2022-05-13T20:10:45,0.45,"Rain, Partially cloudy",Partly cloudy throughout the day with a chance of rain throughout the day.,rain,"99999913752,72215899999,72406093721,KBWI,KADW,E0642,AU538,KNAK",1012
4,"Crownsville, MD, United States",2022-05-14,19.7,17.5,18.6,19.7,17.5,18.6,18.0,96.3,1.84,100,29.17,rain,0,0,22.3,11.6,76.5,1017.1,64.8,5.5,60.6,5.1,2,10,2022-05-14T05:54:29,2022-05-14T20:11:40,0.48,"Rain, Partially cloudy",Partly cloudy throughout the day with rain.,rain,"99999913752,72215899999,72406093721,KBWI,KADW,E0642,AU538,KNAK",1012
5,"Crownsville, MD, United States",2022-05-15,23.1,17.6,19.7,23.1,17.6,19.7,17.7,89.0,0.52,100,12.5,rain,0,0,18.0,15.6,145.3,1012.2,54.7,9.9,197.1,17.2,9,60,2022-05-15T05:53:35,2022-05-15T20:12:34,0.5,"Rain, Partially cloudy",Partly cloudy throughout the day with late afternoon rain.,rain,"99999913752,72215899999,72406093721,KBWI,KADW,E0642,AU538,KNAK",1012
6,"Crownsville, MD, United States",2022-05-16,26.4,17.9,20.8,26.4,17.9,20.8,16.7,79.4,1.8,100,25.0,rain,0,0,54.7,21.2,195.3,1006.5,43.8,14.2,138.1,11.9,7,60,2022-05-16T05:52:43,2022-05-16T20:13:28,0.5,"Rain, Partially cloudy",Partly cloudy throughout the day with rain.,rain,"99999913752,72215899999,72406093721,KBWI,KADW,E0642,AU538,KNAK",1012
7,"Crownsville, MD, United States",2022-05-17,27.2,15.5,21.6,26.6,15.5,21.5,8.8,46.7,0.0,0,0.0,,0,0,48.3,23.2,270.7,1010.5,14.6,16.0,295.1,25.5,10,10,2022-05-17T05:51:52,2022-05-17T20:14:22,0.52,Clear,Clear conditions throughout the day.,clear-day,"99999913752,72215899999,72406093721,KBWI,KADW,E0642,AU538,KNAK",1012
8,"Crownsville, MD, United States",2022-05-18,20.2,13.7,18.1,20.2,13.7,18.1,8.7,55.1,0.0,0,0.0,,0,0,35.3,18.9,241.3,1015.3,22.7,15.7,248.4,21.5,9,10,2022-05-18T05:51:03,2022-05-18T20:15:15,0.54,Partially cloudy,Partly cloudy throughout the day.,partly-cloudy-day,"99999913752,72215899999,72406093721,KBWI,KADW,E0642,AU538,KNAK",1012
9,"Crownsville, MD, United States",2022-05-19,28.3,16.0,21.3,27.9,16.0,21.3,14.5,67.7,0.83,100,16.67,rain,0,0,40.7,20.9,235.4,1007.8,46.0,15.6,286.8,24.8,10,30,2022-05-19T05:50:16,2022-05-19T20:16:07,0.58,"Rain, Partially cloudy",Partly cloudy throughout the day with early morning rain.,rain,"99999913752,72215899999,72406093721,KBWI,KADW,E0642,AU538,KNAK",1012
10,"Crownsville, MD, United States",2022-05-20,29.1,18.2,23.4,32.1,18.2,24.0,18.9,76.4,0.0,0,0.0,,0,0,37.1,20.8,144.8,1011.1,22.2,13.8,239.8,20.6,8,100,2022-05-20T05:49:30,2022-05-20T20:16:59,0.63,Partially cloudy,Partly cloudy throughout the day.,partly-cloudy-day,"99999913752,72215899999,72406093721,KBWI,KADW,E0642,AU538,KNAK",1012
11,"Crownsville, MD, United States",2022-05-21,32.4,23.8,27.2,33.3,23.8,28.1,19.1,61.9,0.0,0,0.0,,0,0,37.1,18.9,189.5,1015.9,15.6,15.4,299.3,25.7,9,100,2022-05-21T05:48:46,2022-05-21T20:17:51,0.68,Clear,Clear conditions throughout the day.,clear-day,"99999913752,72215899999,72406093721,KBWI,KADW,E0642,AU538,KNAK",1012
12,"Crownsville, MD, United States",2022-05-22,30.3,21.7,25.1,33.1,21.7,25.6,19.8,73.3,12.17,100,25.0,rain,0,0,68.4,21.0,196.4,1017.1,29.1,14.0,255.7,21.9,9,60,2022-05-22T05:48:04,2022-05-22T20:18:41,0.74,"Rain, Partially cloudy",Partly cloudy throughout the day with late afternoon rain.,rain,"99999913752,72215899999,72406093721,KBWI,KADW,E0642,KNAK",1012
13,"Crownsville, MD, United States",2022-05-23,22.4,18.0,20.3,22.4,18.0,20.3,13.2,65.5,1.6,100,4.17,rain,0,0,35.3,19.9,250.7,1021.9,40.5,14.8,241.7,21.0,9,10,2022-05-23T05:47:23,2022-05-23T20:19:31,0.79,"Rain, Partially cloudy",Partly cloudy throughout the day with early morning rain.,rain,"99999913752,72215899999,72406093721,KBWI,KADW,E0642,AU538,KNAK",1012
14,"Crownsville, MD, United States",2022-05-24,17.9,15.6,16.8,17.9,15.6,16.8,12.3,75.5,6.76,100,62.5,rain,0,0,46.0,26.3,115.8,1023.8,72.4,14.0,98.1,8.4,4,10,2022-05-24T05:46:44,2022-05-24T20:20:20,0.85,"Rain, Partially cloudy",Partly cloudy throughout the day with a chance of rain throughout the day.,rain,"99999913752,72215899999,72406093721,KBWI,KADW,E0642,AU538,KNAK",1012
15,"Crownsville, MD, United States",2022-05-25,21.4,14.9,18.0,21.4,14.9,18.0,10.3,62.0,0.0,0,0.0,,0,0,38.9,21.9,82.2,1026.5,72.4,15.6,226.2,19.5,7,10,2022-05-25T05:46:07,2022-05-25T20:21:09,0.89,Partially cloudy,Partly cloudy throughout the day.,partly-cloudy-day,"99999913752,72215899999,72406093721,KBWI,KADW,E0642,AU538,KNAK",1012
16,"Crownsville, MD, United States",2022-05-26,21.6,15.6,18.3,21.6,15.6,18.3,15.1,82.1,0.0,0,0.0,rain,0,0,22.3,15.4,117.6,1023.3,73.8,13.1,127.2,11.1,4,10,2022-05-26T05:45:32,2022-05-26T20:21:56,0.93,Partially cloudy,Partly cloudy throughout the day.,partly-cloudy-day,"99999913752,72215899999,72406093721,KBWI,KADW,E0642,AU538,KNAK",1012
17,"Crownsville, MD, United States",2022-05-27,24.0,18.9,20.8,24.0,18.9,20.8,19.1,90.0,3.99,100,29.17,rain,0,0,59.5,28.3,165.1,1012.3,71.7,12.7,120.7,10.3,7,30,2022-05-27T05:44:58,2022-05-27T20:22:43,0.96,"Rain, Partially cloudy",Partly cloudy throughout the day with rain.,rain,"99999913752,72215899999,72406093721,KBWI,KADW,E0642,AU538,KNAK",1012
18,"Crownsville, MD, United States",2022-05-28,25.7,18.0,21.7,25.7,18.0,21.7,15.3,69.6,0.8,100,16.67,rain,0,0,35.6,18.4,281.0,1009.4,39.4,16.0,279.1,24.1,10,10,2022-05-28T05:44:26,2022-05-28T20:23:29,0.99,"Rain, Partially cloudy",Partly cloudy throughout the day with rain clearing later.,rain,"99999913752,72215899999,72406093721,KBWI,KADW,E0642,KNAK",1012
19,"Crownsville, MD, United States",2022-05-29,25.6,17.3,22.1,25.6,17.3,22.1,15.7,68.4,0.0,0,0.0,rain,0,0,21.2,17.2,185.7,1017.2,13.4,16.0,380.0,32.9,9,10,2022-05-29T05:43:56,2022-05-29T20:24:14,1.0,Clear,Clear conditions throughout the day.,clear-day,"D7859,99999913752,72215899999,72406093721,KBWI,KADW,E0642,KNAK",1012
20,"Crownsville, MD, United States",2022-05-30,29.8,17.9,23.9,31.6,17.9,24.4,18.3,71.8,0.0,0,0.0,,0,0,33.5,21.3,154.1,1019.2,6.1,16.0,613.2,53.1,9,75,2022-05-30T05:43:28,2022-05-30T20:24:58,0.0,Clear,Clear conditions throughout the day.,clear-day,"D7859,99999913752,72215899999,72406093721,KBWI,KADW,E0642,KNAK",1012
21,"Crownsville, MD, United States",2022-05-31,31.8,20.9,26.9,34.9,20.9,28.1,20.0,67.6,0.0,0,0.0,,0,0,27.7,15.5,229.8,1016.5,11.5,15.5,565.4,49.1,10,75,2022-05-31T05:43:02,2022-05-31T20:25:40,0.0,Clear,Clear conditions throughout the day.,clear-day,"D7859,99999913752,72215899999,72406093721,KBWI,KADW,E0642,KNAK",1012
22,"Crownsville, MD, United States",2022-06-01,33.4,23.5,28.7,35.4,23.5,30.0,19.9,60.1,0.0,0,0.0,rain,0,0,35.3,13.4,275.2,1012.1,22.1,15.5,611.3,53.1,9,60,2022-06-01T05:42:37,2022-06-01T20:26:22,0.02,Partially cloudy,Partly cloudy throughout the day.,partly-cloudy-day,"D7859,99999913752,72215899999,72406093721,KBWI,KADW,E0642,AU538,KNAK",1012
23,"Crownsville, MD, United States",2022-06-02,26.6,21.2,23.5,26.6,21.2,23.5,20.6,84.1,3.23,100,29.17,rain,0,0,53.6,15.5,140.5,1007.6,55.7,10.8,280.3,24.4,9,75,2022-06-02T05:42:15,2022-06-02T20:27:03,0.04,"Rain, Partially cloudy",Partly cloudy throughout the day with rain.,rain,"D7859,99999913752,72215899999,72406093721,KBWI,KADW,E0642,KNAK",1012
24,"Crownsville, MD, United States",2022-06-03,26.2,19.4,22.9,26.2,19.4,22.9,14.3,62.9,0.45,100,8.33,rain,0,0,34.7,23.9,280.2,1009.1,24.1,15.2,559.3,48.7,9,10,2022-06-03T05:41:54,2022-06-03T20:27:43,0.07,"Rain, Partially cloudy",Partly cloudy throughout the day with early morning rain.,rain,"D7859,99999913752,72215899999,72406093721,KBWI,KADW,E0642,KNAK",1012
25,"Crownsville, MD, United States",2022-06-04,27.5,15.4,22.2,26.9,15.4,22.2,11.8,53.9,0.0,0,0.0,,0,0,35.3,20.0,264.2,1012.3,9.0,16.0,626.4,54.4,10,10,2022-06-04T05:41:35,2022-06-04T20:28:21,0.11,Clear,Clear conditions throughout the day.,clear-day,"D7859,99999913752,72215899999,72406093721,KBWI,KADW,E0642,KNAK",1012
26,"Crownsville, MD, United States",2022-06-05,24.5,17.8,21.4,24.5,17.8,21.4,9.3,47.0,0.0,0,0.0,,0,0,38.9,20.6,122.2,1014.9,9.6,16.0,624.2,54.3,9,10,2022-06-05T05:41:18,2022-06-05T20:28:58,0.14,Clear,Clear conditions throughout the day.,clear-day,"D7859,99999913752,72215899999,72406093721,KBWI,KADW,E0642,KNAK",1012
27,"Crownsville, MD, United States",2022-06-06,25.7,14.9,21.1,25.7,14.9,21.1,10.5,53.2,0.0,0,0.0,,0,0,37.1,26.2,127.4,1017.3,8.3,15.8,622.8,54.1,9,10,2022-06-06T05:41:03,2022-06-06T20:29:34,0.19,Clear,Clear conditions throughout the day.,clear-day,"D7859,99999913752,72215899999,72406093721,KBWI,KADW,E0642,KNAK",1012
28,"Crownsville, MD, United States",2022-06-07,25.8,18.4,22.4,25.8,18.4,22.4,17.9,75.9,2.45,100,16.67,rain,0,0,44.6,23.5,147.3,1015.2,47.2,15.7,469.6,40.8,8,30,2022-06-07T05:40:50,2022-06-07T20:30:09,0.24,"Rain, Partially cloudy",Partly cloudy throughout the day with rain.,rain,"D7859,99999913752,72215899999,72406093721,KBWI,KADW,E0642,AU538,KNAK",1012
29,"Crownsville, MD, United States",2022-06-08,28.0,20.4,24.3,29.8,20.4,24.8,19.9,77.4,7.66,100,25.0,rain,0,0,38.9,19.1,217.4,1011.4,39.6,14.9,607.7,53.1,10,30,2022-06-08T05:40:39,2022-06-08T20:30:42,0.29,"Rain, Partially cloudy",Partly cloudy throughout the day with rain.,rain,"D7859,99999913752,72215899999,72406093721,KBWI,KADW,E0642,KNAK",1012
30,"Crownsville, MD, United States",2022-06-09,27.8,20.2,24.3,27.7,20.2,24.3,16.3,64.1,5.75,100,16.67,rain,0,0,55.4,28.1,256.0,1006.8,34.7,15.8,564.5,49.1,10,30,2022-06-09T05:40:29,2022-06-09T20:31:14,0.35,"Rain, Partially cloudy",Partly cloudy throughout the day with early morning rain.,rain,"D7859,99999913752,72215899999,72406093721,KBWI,KADW,E0642,KNAK",1012
31,"Crownsville, MD, United States",2022-06-10,26.4,15.5,21.6,26.4,15.5,21.6,12.5,57.2,0.0,0,0.0,,0,0,31.7,18.6,262.2,1012.2,21.6,16.0,596.4,52.0,10,10,2022-06-10T05:40:22,2022-06-10T20:31:44,0.39,Partially cloudy,Partly cloudy throughout the day.,partly-cloudy-day,"D7859,99999913752,72215899999,72406093721,KBWI,KADW,E0642,KNAK",1012
32,"Crownsville, MD, United States",2022-06-11,21.7,19.2,20.4,21.7,19.2,20.4,15.8,74.8,0.78,100,41.67,rain,0,0,18.4,12.3,186.0,1013.8,69.7,15.7,365.0,31.9,3,10,2022-06-11T05:40:16,2022-06-11T20:32:13,0.44,"Rain, Partially cloudy",Partly cloudy throughout the day with a chance of rain throughout the day.,rain,"D7859,99999913752,72215899999,72406093721,KBWI,KADW,E0642,AU538,KNAK",1012
33,"Crownsville, MD, United States",2022-06-12,25.4,19.7,22.1,25.4,19.7,22.1,18.9,82.7,1.86,100,20.83,rain,0,0,20.2,21.2,148.8,1013.4,45.9,15.4,466.5,40.7,6,60,2022-06-12T05:40:12,2022-06-12T20:32:41,0.47,"Rain, Partially cloudy",Partly cloudy throughout the day with rain clearing later.,rain,"D7859,99999913752,72215899999,72406093721,KBWI,KADW,E0642,KNAK",1012
34,"Crownsville, MD, United States",2022-06-13,30.9,22.1,26.1,34.3,22.1,27.4,21.8,78.4,3.13,100,16.67,rain,0,0,21.2,17.4,226.3,1013.2,29.6,14.3,577.0,50.1,9,75,2022-06-13T05:40:10,2022-06-13T20:33:07,0.49,"Rain, Partially cloudy",Partly cloudy throughout the day with rain.,rain,"D7859,99999913752,72215899999,72406093721,KBWI,KADW,E0642,KNAK",1012
35,"Crownsville, MD, United States",2022-06-14,26.5,20.5,23.7,26.5,20.5,23.7,20.1,80.6,1.85,100,8.33,rain,0,0,48.3,32.5,130.0,1012.7,43.1,14.3,432.1,37.6,7,30,2022-06-14T05:40:10,2022-06-14T20:33:31,0.5,"Rain, Partially cloudy",Partly cloudy throughout the day with morning rain.,rain,"D7859,99999913752,72215899999,72406093721,KBWI,KADW,E0642,AU538,KNAK",1012
36,"Crownsville, MD, United States",2022-06-15,29.1,19.7,25.0,29.8,19.7,25.5,18.8,70.4,0.2,100,4.17,rain,0,0,38.3,23.5,142.5,1017.5,13.7,15.1,609.2,52.8,9,10,2022-06-15T05:40:11,2022-06-15T20:33:54,0.51,Rain,Clear conditions throughout the day with morning rain.,rain,"D7859,99999913752,72215899999,72406093721,KBWI,KADW,E0642,KNAK",1012
37,"Crownsville, MD, United States",2022-06-16,26.8,22.2,24.2,28.5,22.2,24.2,19.7,76.1,3.4,100,8.33,rain,0,0,42.6,25.1,155.8,1018.2,55.3,15.5,466.5,40.6,8,15,2022-06-16T05:40:15,2022-06-16T20:34:16,0.53,"Rain, Partially cloudy",Partly cloudy throughout the day with morning rain.,rain,"D7859,99999913752,72215899999,72406093721,KBWI,KADW,E0642,AU538,KNAK",1012
38,"Crownsville, MD, United States",2022-06-17,35.2,21.8,28.5,36.5,21.8,29.1,18.7,59.5,0.0,0,0.0,,0,0,48.3,26.5,260.2,1008.3,21.5,16.0,611.6,53.3,10,100,2022-06-17T05:40:20,2022-06-17T20:34:35,0.57,Partially cloudy,Partly cloudy throughout the day.,partly-cloudy-day,"D7859,99999913752,72215899999,72406093721,KBWI,KADW,E0642,KNAK",1012
39,"Crownsville, MD, United States",2022-06-18,26.1,20.7,22.9,26.1,20.7,22.9,10.4,45.6,0.0,0,0.0,,0,0,52.3,30.5,304.4,1009.4,21.9,16.0,563.1,49.1,10,10,2022-06-18T05:40:27,2022-06-18T20:34:53,0.62,Partially cloudy,Partly cloudy throughout the day.,partly-cloudy-day,"D7859,99999913752,72215899999,72406093721,KBWI,KADW,E0642,KNAK",1012
40,"Crownsville, MD, United States",2022-06-19,25.2,15.5,20.6,25.2,15.5,20.6,5.3,37.3,0.0,0,0.0,,0,0,46.4,30.3,310.0,1017.3,8.4,16.0,364.6,31.4,9,10,2022-06-19T05:40:36,2022-06-19T20:35:10,0.67,Clear,Clear conditions throughout the day.,clear-day,"D7859,99999913752,72215899999,72406093721,KBWI,KADW,E0642,KNAK",1012
41,"Crownsville, MD, United States",2022-06-20,25.9,13.7,21.0,25.9,13.7,21.0,8.2,45.4,0.0,0,0.0,,0,0,27.7,17.3,218.2,1021.3,13.5,16.0,328.9,28.4,9,10,2022-06-20T05:40:46,2022-06-20T20:35:24,0.72,Clear,Clear conditions throughout the day.,clear-day,"99999913752,72215899999,72406093721,KBWI,KADW,E0642,KNAK",1012
42,"Crownsville, MD, United States",2022-06-21,26.9,17.4,22.2,26.9,17.4,22.2,14.0,60.2,0.0,0,0.0,rain,0,0,27.7,18.3,238.8,1020.1,33.0,16.0,200.1,17.3,7,10,2022-06-21T05:40:59,2022-06-21T20:35:37,0.77,Partially cloudy,Partly cloudy throughout the day.,partly-cloudy-day,"99999913752,72215899999,72406093721,KBWI,KADW,E0642,KNAK",1012
43,"Crownsville, MD, United States",2022-06-22,28.1,20.1,23.0,29.4,20.1,23.2,18.5,76.2,6.01,100,16.67,rain,0,0,42.5,27.5,132.9,1013.6,42.1,15.2,159.2,13.9,7,10,2022-06-22T05:41:13,2022-06-22T20:35:48,0.82,"Rain, Partially cloudy",Partly cloudy throughout the day with late afternoon rain.,rain,"99999913752,72215899999,72406093721,KBWI,KADW,E0642,AU538,KNAK",1012
44,"Crownsville, MD, United States",2022-06-23,21.9,18.4,20.1,21.9,18.4,20.1,17.8,86.9,14.53,100,62.5,rain,0,0,29.5,19.9,77.1,1013.5,68.8,12.3,92.9,7.9,4,10,2022-06-23T05:41:28,2022-06-23T20:35:57,0.87,"Rain, Partially cloudy",Partly cloudy throughout the day with a chance of rain throughout the day.,rain,"99999913752,72215899999,72406093721,KBWI,KADW,E0642,AU538,KNAK",1012
45,"Crownsville, MD, United States",2022-06-24,25.8,17.6,22.0,25.8,17.6,22.0,17.7,77.8,0.0,0,0.0,rain,0,0,13.3,14.2,105.2,1017.3,26.0,15.7,248.4,21.4,9,30,2022-06-24T05:41:45,2022-06-24T20:36:05,0.91,Partially cloudy,Partly cloudy throughout the day.,partly-cloudy-day,"99999913752,72215899999,72406093721,KBWI,KADW,E0642,KNAK",1012
46,"Crownsville, MD, United States",2022-06-25,29.0,19.6,24.3,31.1,19.6,25.0,19.3,74.6,0.0,0,0.0,,0,0,18.7,19.4,180.1,1019.8,7.7,15.9,321.3,28.0,9,60,2022-06-25T05:42:04,2022-06-25T20:36:10,0.95,Clear,Clear conditions throughout the day.,clear-day,"99999913752,72215899999,72406093721,KBWI,KADW,E0642,KNAK",1012
47,"Crownsville, MD, United States",2022-06-26,29.7,21.1,25.5,31.3,21.1,26.0,19.0,68.3,0.0,0,0.0,,0,0,42.5,26.6,178.0,1018.7,25.2,16.0,297.4,25.8,9,30,2022-06-26T05:42:25,2022-06-26T20:36:14,0.97,Partially cloudy,Partly cloudy throughout the day.,partly-cloudy-day,"99999913752,72215899999,72406093721,KBWI,KADW,E0642,KNAK",1012
48,"Crownsville, MD, United States",2022-06-27,27.4,22.3,24.9,29.3,22.3,25.2,19.8,73.6,4.36,100,8.33,rain,0,0,37.4,15.2,245.5,1015.3,45.3,15.5,177.7,15.3,9,30,2022-06-27T05:42:47,2022-06-27T20:36:16,0.99,"Rain, Partially cloudy",Partly cloudy throughout the day with afternoon rain.,rain,"99999913752,72215899999,72406093721,KBWI,KADW,E0642,KNAK",1012
49,"Crownsville, MD, United States",2022-06-28,25.7,18.3,22.9,25.7,18.3,22.9,11.3,48.9,0.0,0,0.0,,0,0,43.6,22.3,229.8,1021.4,12.1,16.0,326.3,28.1,9,10,2022-06-28T05:43:10,2022-06-28T20:36:16,1.0,Clear,Clear conditions throughout the day.,clear-day,"99999913752,72215899999,72406093721,KBWI,KADW,E0642,KNAK",1012
50,"Crownsville, MD, United States",2022-06-29,28.6,17.3,23.6,28.8,17.3,23.8,16.3,64.7,0.0,0,0.0,,0,0,35.3,22.2,159.0,1023.2,13.2,16.0,299.4,25.8,10,30,2022-06-29T05:43:35,2022-06-29T20:36:14,0.0,Clear,Clear conditions throughout the day.,clear-day,"99999913752,72215899999,72406093721,KBWI,KADW,E0642,KNAK",1012
51,"Crownsville, MD, United States",2022-06-30,30.0,20.8,26.1,31.3,20.8,26.6,19.1,66.8,0.0,0,0.0,,0,0,29.5,13.1,174.9,1022.2,11.9,15.9,319.7,27.5,9,60,2022-06-30T05:44:01,2022-06-30T20:36:10,0.01,Clear,Clear conditions throughout the day.,clear-day,"99999913752,72215899999,72406093721,KBWI,KADW,E0642,KNAK",1012
52,"Crownsville, MD, United States",2022-07-01,32.7,23.1,27.2,36.8,23.1,28.9,21.9,73.9,0.0,0,0.0,rain,0,0,47.9,23.7,196.3,1017.7,16.6,15.9,240.0,20.6,9,100,2022-07-01T05:44:29,2022-07-01T20:36:05,0.03,Clear,Clear conditions throughout the day.,clear-day,"99999913752,72215899999,72406093721,KBWI,KADW,E0642,KNAK",1012
53,"Crownsville, MD, United States",2022-07-02,31.1,23.7,27.4,35.9,23.7,29.4,22.3,74.0,2.39,100,12.5,rain,0,0,42.1,18.9,189.1,1014.0,26.5,16.0,228.4,19.6,10,100,2022-07-02T05:44:59,2022-07-02T20:35:57,0.05,"Rain, Partially cloudy",Partly cloudy throughout the day with late afternoon rain.,rain,"99999913752,72215899999,72406093721,KBWI,KADW,E0642,AU538,KNAK",1012
54,"Crownsville, MD, United States",2022-07-03,30.5,22.7,25.5,30.4,22.7,25.7,19.6,72.4,21.79,100,29.17,rain,0,0,85.1,36.2,211.3,1016.5,29.2,14.0,227.8,19.7,10,30,2022-07-03T05:45:29,2022-07-03T20:35:48,0.08,"Rain, Partially cloudy",Partly cloudy throughout the day with rain clearing later.,rain,"99999913752,72215899999,72406093721,KBWI,KADW,E0642,KNAK",1012
55,"Crownsville, MD, United States",2022-07-04,28.5,21.4,25.2,28.2,21.4,25.1,14.8,54.8,0.0,0,0.0,,0,0,27.0,14.3,114.4,1020.9,8.7,15.6,320.0,27.5,9,10,2022-07-04T05:46:01,2022-07-04T20:35:36,0.12,Clear,Clear conditions throughout the day.,clear-day,"99999913752,72215899999,72406093721,KBWI,KADW,E0642,KNAK",1012
56,"Crownsville, MD, United States",2022-07-05,28.5,22.3,25.1,31.1,22.3,25.7,21.2,79.3,17.2,100,20.83,rain,0,0,52.0,22.6,165.8,1016.1,42.3,14.1,131.2,11.2,8,75,2022-07-05T05:46:34,2022-07-05T20:35:23,0.17,"Rain, Partially cloudy",Partly cloudy throughout the day with rain.,rain,"99999913752,72215899999,72406093721,KBWI,KADW,E0642,KNAK",1012
57,"Crownsville, MD, United States",2022-07-06,32.1,23.6,27.5,35.4,23.6,29.0,22.0,73.5,4.36,100,12.5,rain,0,0,37.1,18.3,262.6,1011.7,25.8,14.8,208.9,17.9,9,30,2022-07-06T05:47:09,2022-07-06T20:35:08,0.22,"Rain, Partially cloudy",Partly cloudy throughout the day with late afternoon rain.,rain,"99999913752,72215899999,72406093721,KBWI,KADW,E0642,AU538,KNAK",1012
58,"Crownsville, MD, United States",2022-07-07,26.5,22.8,24.7,26.5,22.8,24.7,21.6,83.2,21.3,100,25.0,rain,0,0,29.5,19.8,52.2,1014.0,66.6,15.1,129.8,11.2,4,10,2022-07-07T05:47:44,2022-07-07T20:34:51,0.27,"Rain, Partially cloudy",Partly cloudy throughout the day with early morning rain.,rain,"99999913752,72215899999,72406093721,KBWI,KADW,E0642,KNAK",1012
59,"Crownsville, MD, United States",2022-07-08,28.4,22.6,25.3,31.0,22.6,26.0,21.4,79.4,0.0,0,0.0,rain,0,0,25.6,17.7,121.3,1015.9,37.6,16.0,237.5,20.5,9,10,2022-07-08T05:48:21,2022-07-08T20:34:32,0.33,Partially cloudy,Partly cloudy throughout the day.,partly-cloudy-day,"99999913752,72215899999,72406093721,KBWI,KADW,E0642,KNAK",1012
60,"Crownsville, MD, United States",2022-07-09,26.0,21.5,23.0,26.0,21.5,23.0,21.1,89.1,34.03,100,62.5,rain,0,0,35.9,22.3,131.5,1016.0,71.0,11.2,44.5,3.6,2,10,2022-07-09T05:48:59,2022-07-09T20:34:11,0.38,"Rain, Partially cloudy",Partly cloudy throughout the day with a chance of rain throughout the day.,rain,"99999913752,72215899999,72406093721,KBWI,KADW,E0642,AU538,KNAK",1012
61,"Crownsville, MD, United States",2022-07-10,27.0,21.9,24.0,27.7,21.9,24.1,18.0,70.3,0.0,0,0.0,,0,0,23.4,18.6,154.0,1017.2,42.6,15.7,262.5,22.6,10,10,2022-07-10T05:49:38,2022-07-10T20:33:48,0.42,Partially cloudy,Partly cloudy throughout the day.,partly-cloudy-day,"99999913752,72215899999,72406093721,KBWI,KADW,E0642,KNAK",1012
62,"Crownsville, MD, United States",2022-07-11,27.3,18.2,23.3,27.2,18.2,23.2,14.9,62.1,0.0,0,0.0,,0,0,29.5,14.8,137.5,1014.6,4.5,16.0,319.5,27.7,9,10,2022-07-11T05:50:18,2022-07-11T20:33:23,0.46,Clear,Clear conditions throughout the day.,clear-day,"99999913752,72215899999,72406093721,KBWI,KADW,E0642,KNAK",1012
63,"Crownsville, MD, United States",2022-07-12,32.3,21.1,25.2,36.4,21.1,26.3,20.2,74.9,7.4,100,16.67,rain,0,0,59.3,19.7,200.6,1009.9,19.9,15.5,272.2,23.4,9,60,2022-07-12T05:50:59,2022-07-12T20:32:57,0.49,Rain,Clear conditions throughout the day with late afternoon rain.,rain,"99999913752,72215899999,72406093721,KBWI,KADW,E0642,AU538,KNAK",1012
64,"Crownsville, MD, United States",2022-07-13,30.7,21.7,26.4,33.1,21.7,27.6,20.7,72.7,0.0,0,0.0,,0,0,27.4,16.7,220.0,1012.2,21.7,16.0,282.5,24.5,9,60,2022-07-13T05:51:41,2022-07-13T20:32:28,0.5,Partially cloudy,Partly cloudy throughout the day.,partly-cloudy-day,"99999913752,72215899999,72406093721,KBWI,KADW,E0642,KNAK",1012
65,"Crownsville, MD, United States",2022-07-14,31.0,22.8,27.1,31.2,22.8,27.4,18.2,59.7,0.0,0,0.0,,0,0,35.3,17.3,290.8,1015.3,22.2,16.0,295.5,25.5,10,30,2022-07-14T05:52:24,2022-07-14T20:31:58,0.51,Partially cloudy,Partly cloudy throughout the day.,partly-cloudy-day,"99999913752,72215899999,72406093721,KBWI,KADW,E0642,KNAK",1012
66,"Crownsville, MD, United States",2022-07-15,29.3,21.9,26.3,30.7,21.9,27.1,19.5,67.0,0.0,0,0.0,,0,0,24.1,17.1,196.8,1019.1,25.5,16.0,289.2,24.9,9,30,2022-07-15T05:53:07,2022-07-15T20:31:25,0.53,Partially cloudy,Partly cloudy throughout the day.,partly-cloudy-day,"99999913752,72215899999,72406093721,KBWI,KADW,E0642,AU538,KNAK",1012
67,"Crownsville, MD, United States",2022-07-16,28.2,22.3,24.5,31.7,22.3,25.2,21.5,83.5,24.43,100,33.33,rain,0,0,29.5,18.8,156.7,1018.2,42.4,13.8,172.9,14.9,8,75,2022-07-16T05:53:52,2022-07-16T20:30:51,0.55,"Rain, Partially cloudy",Partly cloudy throughout the day with rain.,rain,"99999913752,72215899999,72406093721,KBWI,KADW,E0642,KNAK",1012
68,"Crownsville, MD, United States",2022-07-17,28.6,21.7,25.5,32.0,21.7,26.9,22.0,81.9,0.03,100,12.5,rain,0,0,23.0,13.0,175.5,1016.3,30.8,15.3,188.2,16.3,7,100,2022-07-17T05:54:37,2022-07-17T20:30:15,0.6,"Rain, Partially cloudy",Partly cloudy throughout the day with rain.,rain,"99999913752,72215899999,72406093721,KBWI,KADW,E0642,AU538,KNAK",1012
69,"Crownsville, MD, United States",2022-07-18,31.9,24.7,27.2,36.9,24.7,28.7,22.5,76.5,2.11,100,4.17,rain,0,0,57.2,27.0,195.8,1012.3,35.8,15.9,226.5,19.6,10,75,2022-07-18T05:55:24,2022-07-18T20:29:38,0.65,"Rain, Partially cloudy",Partly cloudy throughout the day with late afternoon rain.,rain,"99999913752,72215899999,72406093721,KBWI,KADW,E0642,AU538,KNAK",1012
70,"Crownsville, MD, United States",2022-07-19,32.3,24.0,27.6,33.6,24.0,28.7,20.6,67.7,0.0,0,0.0,,0,0,22.3,14.6,275.3,1010.9,26.6,16.0,307.1,26.4,9,30,2022-07-19T05:56:10,2022-07-19T20:28:58,0.7,Partially cloudy,Partly cloudy throughout the day.,partly-cloudy-day,"99999913752,72215899999,72406093721,KBWI,KADW,E0642,AU538,KNAK",1012
71,"Crownsville, MD, United States",2022-07-20,33.1,23.5,28.5,36.2,23.5,30.8,22.1,69.6,0.0,0,0.0,,0,0,35.3,19.6,227.0,1009.2,7.5,16.0,298.8,25.9,9,60,2022-07-20T05:56:58,2022-07-20T20:28:17,0.75,Clear,Clear conditions throughout the day.,clear-day,"99999913752,72215899999,72406093721,KBWI,KADW,E0642,KNAK",1012
72,"Crownsville, MD, United States",2022-07-21,33.4,26.9,29.3,38.7,29.1,32.5,22.4,67.4,0.36,100,8.33,rain,0,0,42.6,19.2,230.4,1006.3,24.0,15.9,226.8,19.5,8,100,2022-07-21T05:57:46,2022-07-21T20:27:34,0.8,"Rain, Partially cloudy",Partly cloudy throughout the day with late afternoon rain.,rain,"99999913752,72215899999,72406093721,KBWI,KADW,E0642,KNAK",1012
73,"Crownsville, MD, United States",2022-07-22,34.1,25.3,29.5,35.7,25.3,31.1,20.3,59.9,0.0,0,0.0,,0,0,33.5,17.5,256.9,1012.5,9.0,16.0,302.2,26.1,9,60,2022-07-22T05:58:35,2022-07-22T20:26:49,0.85,Clear,Clear conditions throughout the day.,clear-day,"99999913752,72215899999,72406093721,KBWI,KADW,E0642,KNAK",1012
74,"Crownsville, MD, United States",2022-07-23,34.4,25.4,29.5,38.1,25.4,31.8,21.2,61.5,0.0,0,0.0,,0,0,47.9,20.3,227.3,1016.7,11.5,16.0,297.8,25.8,9,100,2022-07-23T05:59:24,2022-07-23T20:26:03,0.89,Clear,Clear conditions throughout the day.,clear-day,"99999913752,72215899999,72406093721,KBWI,KADW,E0642,AU538,KNAK",1012
75,"Crownsville, MD, United States",2022-07-24,32.8,22.8,28.7,39.1,22.8,31.9,21.8,66.9,0.0,0,0.0,,0,0,31.7,18.7,179.0,1016.6,11.5,16.0,271.9,23.5,8,100,2022-07-24T06:00:14,2022-07-24T20:25:15,0.93,Clear,Clear conditions throughout the day.,clear-day,"99999913752,72215899999,72406093721,KBWI,KADW,E0642,AU538,KNAK",1012
76,"Crownsville, MD, United States",2022-07-25,32.2,24.8,28.6,37.8,24.8,31.3,22.3,69.0,0.0,0,0.0,rain,0,0,40.0,21.8,219.1,1013.2,67.1,15.9,128.8,11.1,5,100,2022-07-25T06:01:04,2022-07-25T20:24:25,0.96,Partially cloudy,Partly cloudy throughout the day.,partly-cloudy-day,"99999913752,72215899999,72406093721,KBWI,KADW,E0642,AU538,KNAK",1012
77,"Crownsville, MD, United States",2022-07-26,26.2,23.8,25.1,26.2,23.8,25.1,20.0,74.6,0.0,0,0.0,rain,0,0,35.3,14.5,147.8,1015.9,76.0,16.0,74.8,6.5,3,30,2022-07-26T06:01:55,2022-07-26T20:23:34,0.98,Partially cloudy,Partly cloudy throughout the day.,partly-cloudy-day,"99999913752,72215899999,72406093721,KBWI,KADW,E0642,AU538,KNAK",1012
78,"Crownsville, MD, United States",2022-07-27,30.3,23.4,26.8,34.1,23.4,28.7,21.6,73.9,0.0,0,0.0,rain,0,0,22.7,15.7,196.4,1013.9,52.3,16.0,207.8,17.8,8,60,2022-07-27T06:02:47,2022-07-27T20:22:41,1.0,Partially cloudy,Partly cloudy throughout the day.,partly-cloudy-day,"99999913752,72215899999,72406093721,KBWI,KADW,E0642,AU538,KNAK",1012
79,"Crownsville, MD, United States",2022-07-28,32.1,23.3,27.6,37.4,23.3,29.7,22.7,75.1,6.22,100,12.5,rain,0,0,51.0,21.1,187.9,1011.7,32.0,15.4,225.5,19.5,9,60,2022-07-28T06:03:38,2022-07-28T20:21:46,1.0,"Rain, Partially cloudy",Partly cloudy throughout the day with late afternoon rain.,rain,"99999913752,72215899999,72406093721,KBWI,KADW,E0642,AU538,KNAK",1012
80,"Crownsville, MD, United States",2022-07-29,29.6,22.8,25.8,33.1,22.8,27.0,21.4,77.5,5.29,100,4.17,rain,0,0,20.9,12.1,218.2,1013.3,41.0,16.0,116.0,10.0,5,30,2022-07-29T06:04:30,2022-07-29T20:20:50,0.0,"Rain, Partially cloudy",Partly cloudy throughout the day with late afternoon rain.,rain,"99999913752,72215899999,72406093721,KBWI,KADW,E0642,KNAK",1012
81,"Crownsville, MD, United States",2022-07-30,31.0,23.2,26.6,30.5,23.2,26.6,17.9,61.7,0.0,0,0.0,rain,0,0,35.3,18.8,272.7,1018.4,33.6,15.9,276.3,23.8,9,10,2022-07-30T06:05:23,2022-07-30T20:19:52,0.01,Partially cloudy,Partly cloudy throughout the day.,partly-cloudy-day,"99999913752,72215899999,72406093721,KBWI,KADW,E0642,AU538,KNAK",1012
82,"Crownsville, MD, United States",2022-07-31,29.6,21.8,25.2,31.1,21.8,25.6,19.1,70.2,4.66,100,25.0,rain,0,0,35.3,19.1,165.4,1020.6,39.0,15.7,187.5,16.2,8,10,2022-07-31T06:06:15,2022-07-31T20:18:53,0.04,"Rain, Partially cloudy",Partly cloudy throughout the day with late afternoon rain.,rain,"99999913752,72215899999,72406093721,KBWI,KADW,E0642,AU538,KNAK",1012
83,"Crownsville, MD, United States",2022-08-01,29.8,22.7,25.8,30.9,22.7,26.3,20.0,71.9,0.0,0,0.0,rain,0,0,29.5,14.7,231.8,1014.5,51.8,15.8,220.8,19.1,7,60,2022-08-01T06:07:08,2022-08-01T20:17:52,0.07,Partially cloudy,Partly cloudy throughout the day.,partly-cloudy-day,"99999913752,72215899999,72406093721,KBWI,KADW,E0642,AU538,KNAK",1012
84,"Crownsville, MD, United States",2022-08-02,32.2,23.6,27.9,34.5,23.6,29.2,21.0,68.4,3.7,100,8.33,rain,0,0,33.5,16.0,275.7,1011.5,26.4,15.9,251.0,21.7,9,60,2022-08-02T06:08:02,2022-08-02T20:16:50,0.1,"Rain, Partially cloudy",Partly cloudy throughout the day with early morning rain.,rain,"99999913752,72215899999,72406093721,KBWI,KADW,E0642,AU538,KNAK",1012
85,"Crownsville, MD, United States",2022-08-03,31.8,23.5,27.9,33.9,23.5,28.9,19.2,59.7,0.0,0,0.0,,0,0,18.4,18.5,219.0,1015.6,7.9,16.0,296.3,25.5,9,30,2022-08-03T06:08:55,2022-08-03T20:15:47,0.14,Clear,Clear conditions throughout the day.,clear-day,"99999913752,72215899999,72406093721,KBWI,KADW,E0642,AU538,KNAK",1012
86,"Crownsville, MD, United States",2022-08-04,34.0,23.4,28.0,40.9,23.4,30.3,22.5,73.1,23.33,100,20.83,rain,0,0,55.1,18.4,181.4,1017.8,21.5,14.7,266.8,23.1,8,100,2022-08-04T06:09:49,2022-08-04T20:14:42,0.2,"Rain, Partially cloudy",Partly cloudy throughout the day with late afternoon rain.,rain,"99999913752,72215899999,72406093721,KBWI,KADW,E0642,AU538,KNAK",1012
87,"Crownsville, MD, United States",2022-08-05,30.5,22.8,26.0,36.1,22.8,27.7,22.5,81.8,14.3,100,37.5,rain,0,0,48.2,15.3,207.4,1021.0,37.9,15.2,227.7,19.6,9,75,2022-08-05T06:10:43,2022-08-05T20:13:35,0.25,"Rain, Partially cloudy",Partly cloudy throughout the day with rain.,rain,"99999913752,72215899999,72406093721,KBWI,KADW,E0642,AU538,KNAK",1012
88,"Crownsville, MD, United States",2022-08-06,30.4,22.8,26.6,35.5,22.8,28.8,22.5,79.1,0.0,0,0.0,,0,0,36.7,20.2,198.0,1022.9,30.9,15.9,285.7,24.9,10,75,2022-08-06T06:11:37,2022-08-06T20:12:28,0.31,Partially cloudy,Partly cloudy throughout the day.,partly-cloudy-day,"99999913752,72215899999,72406093721,KBWI,KADW,E0642,AU538,KNAK",1012
89,"Crownsville, MD, United States",2022-08-07,31.7,24.7,28.2,36.2,24.7,30.8,22.5,72.0,0.0,0,0.0,rain,0,0,38.9,25.8,186.8,1021.6,21.1,16.0,270.0,23.5,10,60,2022-08-07T06:12:31,2022-08-07T20:11:19,0.36,Partially cloudy,Partly cloudy throughout the day.,partly-cloudy-day,"99999913752,72215899999,72406093721,KBWI,KADW,E0642,AU538,KNAK",1012
90,"Crownsville, MD, United States",2022-08-08,32.0,25.4,28.0,38.4,25.4,31.3,23.7,77.9,22.11,100,16.67,rain,0,0,60.8,23.3,197.0,1017.0,19.0,15.6,181.8,15.6,9,75,2022-08-08T06:13:25,2022-08-08T20:10:08,0.41,Rain,Clear conditions throughout the day with rain.,rain,"99999913752,72215899999,72406093721,KBWI,KADW,E0642,AU538,KNAK",1012
91,"Crownsville, MD, United States",2022-08-09,34.6,25.6,29.6,39.3,25.6,33.0,23.2,69.9,0.22,100,4.17,rain,0,0,45.2,23.0,243.9,1014.8,23.9,16.0,238.5,20.6,9,100,2022-08-09T06:14:20,2022-08-09T20:08:57,0.45,"Rain, Partially cloudy",Partly cloudy throughout the day with late afternoon rain.,rain,"99999913752,72215899999,72406093721,KBWI,KADW,E0642,AU538,KNAK",1012
92,"Crownsville, MD, United States",2022-08-10,31.9,22.8,27.0,36.5,22.8,28.7,22.7,78.4,22.15,100,33.33,rain,0,0,63.0,22.7,223.6,1016.8,40.1,14.9,174.4,15.0,9,75,2022-08-10T06:15:14,2022-08-10T20:07:44,0.48,"Rain, Partially cloudy",Partly cloudy throughout the day with rain.,rain,"99999913752,72215899999,72406093721,KBWI,KADW,E0642,AU538,KNAK",1012
93,"Crownsville, MD, United States",2022-08-11,30.7,23.2,26.1,30.7,23.2,26.3,19.3,69.1,0.07,100,4.17,rain,0,0,32.8,16.2,299.5,1014.0,33.8,15.9,232.8,20.0,9,30,2022-08-11T06:16:09,2022-08-11T20:06:30,0.5,"Rain, Partially cloudy",Partly cloudy throughout the day with morning rain.,rain,"99999913752,72215899999,72406093721,KBWI,KADW,E0642,AU538,KNAK",1012
94,"Crownsville, MD, United States",2022-08-12,28.1,21.1,25.4,27.8,21.1,25.4,15.3,54.4,0.01,100,4.17,rain,0,0,40.7,21.5,267.3,1016.0,20.3,16.0,260.5,22.5,10,30,2022-08-12T06:17:03,2022-08-12T20:05:15,0.5,"Rain, Partially cloudy",Partly cloudy throughout the day with early morning rain.,rain,"99999913752,72215899999,72406093721,KBWI,KADW,E0642,AU538,KNAK",1012
95,"Crownsville, MD, United States",2022-08-13,26.7,19.2,23.4,26.7,19.2,23.4,12.1,50.2,0.0,0,0.0,,0,0,31.7,20.4,180.5,1019.3,7.9,16.0,301.9,26.1,9,10,2022-08-13T06:17:58,2022-08-13T20:03:59,0.52,Clear,Clear conditions throughout the day.,clear-day,"99999913752,72215899999,72406093721,KBWI,KADW,E0642,AU538,KNAK",1012
96,"Crownsville, MD, United States",2022-08-14,27.4,20.0,23.7,27.4,20.0,23.7,14.6,58.3,0.01,100,4.17,rain,0,0,31.7,18.6,182.8,1017.3,29.6,16.0,216.4,18.6,9,10,2022-08-14T06:18:52,2022-08-14T20:02:42,0.54,"Rain, Partially cloudy",Partly cloudy throughout the day with late afternoon rain.,rain,"99999913752,72215899999,72406093721,KBWI,KADW,E0642,KNAK",1012
97,"Crownsville, MD, United States",2022-08-15,25.9,19.8,22.8,25.9,19.8,22.8,17.2,72.1,2.02,100,25.0,rain,0,0,29.5,14.5,156.7,1015.2,55.1,15.6,198.1,17.2,9,10,2022-08-15T06:19:47,2022-08-15T20:01:23,0.58,"Rain, Partially cloudy",Partly cloudy throughout the day with early morning rain.,rain,"99999913752,72215899999,72406093721,KBWI,KADW,E0642,AU538,KNAK",1012
98,"Crownsville, MD, United States",2022-08-16,27.3,20.5,23.8,27.1,20.5,23.7,15.7,62.6,0.0,0,0.0,rain,0,0,35.3,18.4,68.1,1015.4,19.3,16.0,283.5,24.6,9,10,2022-08-16T06:20:42,2022-08-16T20:00:04,0.62,Clear,Clear conditions throughout the day.,clear-day,"99999913752,72215899999,72406093721,KBWI,KADW,E0642,AU538,KNAK",1012
99,"Crownsville, MD, United States",2022-08-17,26.3,18.8,22.4,26.3,18.8,22.4,17.5,75.0,1.95,100,12.5,rain,0,0,31.7,17.1,205.8,1015.8,23.3,15.7,165.7,14.1,9,30,2022-08-17T06:21:36,2022-08-17T19:58:43,0.67,"Rain, Partially cloudy",Partly cloudy throughout the day with late afternoon rain.,rain,"99999913752,72215899999,72406093721,KBWI,KADW,E0642,KNAK",1012
100,"Crownsville, MD, United States",2022-08-18,28.9,17.4,23.0,28.4,17.4,23.0,15.6,66.2,0.0,0,0.0,,0,0,31.7,11.0,275.6,1014.7,10.3,15.9,286.3,24.6,9,10,2022-08-18T06:22:31,2022-08-18T19:57:22,0.72,Clear,Clear conditions throughout the day.,clear-day,"99999913752,72215899999,72406093721,KBWI,KADW,E0642,KNAK",1012
101,"Crownsville, MD, United States",2022-08-19,29.4,20.0,25.1,31.3,20.0,25.8,19.0,69.8,0.0,0,0.0,,0,0,40.7,20.9,175.5,1018.0,17.8,16.0,273.6,23.9,9,60,2022-08-19T06:23:26,2022-08-19T19:56:00,0.77,Clear,Clear conditions throughout the day.,clear-day,"99999913752,72406093721,KBWI,KADW,E0642,KNAK",1012
102,"Crownsville, MD, United States",2022-08-20,30.2,21.2,26.1,30.8,21.2,26.6,18.8,65.5,0.0,0,0.0,,0,0,29.5,17.1,133.8,1020.4,15.5,16.0,275.6,24.0,8,10,2022-08-20T06:24:20,2022-08-20T19:54:36,0.82,Clear,Clear conditions throughout the day.,clear-day,"99999913752,72406093721,KBWI,KADW,E0642,KNAK",1012
103,"Crownsville, MD, United States",2022-08-21,27.0,22.5,24.8,29.0,22.5,24.9,21.0,80.1,1.39,100,12.5,rain,0,0,27.7,19.0,151.5,1018.2,59.6,15.3,122.6,10.5,6,75,2022-08-21T06:25:15,2022-08-21T19:53:12,0.86,"Rain, Partially cloudy",Partly cloudy throughout the day with late afternoon rain.,rain,"99999913752,72406093721,KBWI,KADW,E0642,KNAK",1012
104,"Crownsville, MD, United States",2022-08-22,29.4,23.1,25.5,32.7,23.1,26.4,21.9,81.0,1.73,100,8.33,rain,0,0,27.7,17.3,169.4,1012.0,69.6,15.5,153.4,13.1,9,75,2022-08-22T06:26:09,2022-08-22T19:51:47,0.9,"Rain, Partially cloudy",Partly cloudy throughout the day with rain.,rain,"99999913752,72406093721,KBWI,KADW,E0642,KNAK",1012
105,"Crownsville, MD, United States",2022-08-23,30.3,21.4,25.7,30.4,21.4,26.0,18.5,66.2,0.0,0,0.0,,0,0,33.5,20.0,293.5,1011.3,22.3,16.0,235.6,20.5,9,30,2022-08-23T06:27:04,2022-08-23T19:50:21,0.94,Partially cloudy,Partly cloudy throughout the day.,partly-cloudy-day,"99999913752,72406093721,KBWI,KADW,E0642,KNAK",1012
106,"Crownsville, MD, United States",2022-08-24,31.2,21.3,25.9,31.3,21.3,26.0,17.2,61.2,0.0,0,0.0,,0,0,33.5,13.4,291.6,1015.6,17.2,16.0,274.3,23.7,8,60,2022-08-24T06:27:58,2022-08-24T19:48:55,0.97,Clear,Clear conditions throughout the day.,clear-day,"99999913752,72406093721,KBWI,KADW,E0642,KNAK",1012
107,"Crownsville, MD, United States",2022-08-25,30.1,20.6,25.5,31.4,20.6,26.0,19.0,68.7,0.3,100,4.17,rain,0,0,28.1,18.6,195.0,1017.4,22.5,16.0,213.3,18.6,8,60,2022-08-25T06:28:53,2022-08-25T19:47:28,0.99,"Rain, Partially cloudy",Becoming cloudy in the afternoon with afternoon rain.,rain,"99999913752,72406093721,KBWI,KADW,E0642,KNAK",1012
108,"Crownsville, MD, United States",2022-08-26,30.9,22.9,26.9,33.2,22.9,28.2,21.3,72.4,0.0,0,0.0,,0,0,34.1,16.7,201.4,1014.4,31.3,15.7,229.1,19.8,9,75,2022-08-26T06:29:47,2022-08-26T19:45:59,1.0,Partially cloudy,Partly cloudy throughout the day.,partly-cloudy-day,"99999913752,72406093721,KBWI,KADW,E0642,KNAK",1012
109,"Crownsville, MD, United States",2022-08-27,30.6,22.6,26.7,31.9,22.6,27.3,20.3,69.4,1.22,100,4.17,rain,0,0,20.5,13.9,166.0,1015.4,19.9,15.8,232.7,20.1,8,60,2022-08-27T06:30:41,2022-08-27T19:44:31,0.0,Rain,Clear conditions throughout the day with early morning rain.,rain,"99999913752,72406093721,KBWI,KADW,E0642,KNAK",1012
110,"Crownsville, MD, United States",2022-08-28,29.9,23.1,26.6,33.2,23.1,28.2,22.2,77.3,0.0,0,0.0,,0,0,25.9,19.8,102.1,1018.7,36.0,15.2,229.0,19.7,9,75,2022-08-28T06:31:35,2022-08-28T19:43:01,0.01,Partially cloudy,Partly cloudy throughout the day.,partly-cloudy-day,"99999913752,72406093721,KBWI,KADW,E0642,AU538,KNAK",1012
111,"Crownsville, MD, United States",2022-08-29,31.0,24.6,27.3,34.1,24.6,29.0,22.4,75.6,0.0,0,0.0,,0,0,31.7,19.3,131.0,1018.8,36.5,15.8,247.6,21.4,8,60,2022-08-29T06:32:29,2022-08-29T19:41:31,0.02,Partially cloudy,Clearing in the afternoon.,partly-cloudy-day,"99999913752,72406093721,KBWI,KADW,E0642,KNAK",1012
112,"Crownsville, MD, United States",2022-08-30,32.7,23.7,26.8,36.3,23.7,28.1,22.2,77.2,0.62,100,8.33,rain,0,0,43.1,24.8,207.0,1012.3,25.0,15.9,218.2,19.1,9,60,2022-08-30T06:33:24,2022-08-30T19:40:00,0.05,"Rain, Partially cloudy",Partly cloudy throughout the day with late afternoon rain.,rain,"99999913752,72406093721,KBWI,KADW,E0642,KNAK",1012
113,"Crownsville, MD, United States",2022-08-31,28.6,21.1,24.9,28.2,21.1,24.9,16.7,62.6,0.0,0,0.0,,0,0,35.7,19.5,286.6,1012.0,17.1,16.0,240.6,20.8,10,10,2022-08-31T06:34:18,2022-08-31T19:38:29,0.09,Clear,Clear conditions throughout the day.,clear-day,"99999913752,72406093721,KBWI,KADW,E0642,KNAK",1012
114,"Crownsville, MD, United States",2022-09-01,31.0,19.0,24.8,29.8,19.0,24.6,14.6,55.8,0.0,0,0.0,,0,0,31.7,16.7,280.5,1015.6,4.5,16.0,262.3,22.7,8,10,2022-09-01T06:35:12,2022-09-01T19:36:57,0.13,Clear,Clear conditions throughout the day.,clear-day,"99999913752,72406093721,KBWI,KADW,E0642,KNAK",1012
115,"Crownsville, MD, United States",2022-09-02,29.2,20.7,24.7,29.7,20.7,24.9,16.6,61.3,0.0,0,0.0,,0,0,26.6,20.9,83.0,1021.7,16.1,16.0,235.8,20.5,8,10,2022-09-02T06:36:06,2022-09-02T19:35:25,0.18,Clear,Clear conditions throughout the day.,clear-day,"99999913752,72406093721,KBWI,KADW,E0642,KNAK",1012
116,"Crownsville, MD, United States",2022-09-03,29.0,21.2,25.2,30.1,21.2,25.5,18.8,68.7,0.0,0,0.0,,0,0,26.3,16.7,126.7,1023.4,34.0,16.0,243.0,21.2,9,30,2022-09-03T06:36:59,2022-09-03T19:33:52,0.24,Partially cloudy,Clearing in the afternoon.,partly-cloudy-day,"99999913752,72406093721,KBWI,KADW,E0642,KNAK",1012
117,"Crownsville, MD, United States",2022-09-04,30.2,21.2,25.9,32.3,21.2,26.7,19.8,70.2,0.0,0,0.0,,0,0,29.5,20.6,160.0,1019.9,24.8,16.0,242.8,21.0,8,30,2022-09-04T06:37:53,2022-09-04T19:32:18,0.29,Partially cloudy,Partly cloudy throughout the day.,partly-cloudy-day,"99999913752,72406093721,KBWI,KADW,E0642,KNAK",1012
118,"Crownsville, MD, United States",2022-09-05,29.4,22.9,25.9,31.9,22.9,26.7,20.3,71.5,0.72,100,16.67,rain,0,0,37.1,21.5,158.9,1017.8,48.7,15.9,167.0,14.4,7,30,2022-09-05T06:38:47,2022-09-05T19:30:45,0.35,"Rain, Partially cloudy",Becoming cloudy in the afternoon with late afternoon rain.,rain,"99999913752,72406093721,KBWI,KADW,E0642,AU538,KNAK",1012
119,"Crownsville, MD, United States",2022-09-06,26.6,23.1,24.4,26.6,23.1,24.4,21.4,83.4,15.35,100,45.83,rain,0,0,35.3,19.0,157.1,1013.7,91.8,13.1,74.7,6.3,3,30,2022-09-06T06:39:41,2022-09-06T19:29:10,0.4,"Rain, Overcast",Cloudy skies throughout the day with rain.,rain,"99999913752,72406093721,KBWI,KADW,E0642,AU538,KNAK",1012
120,"Crownsville, MD, United States",2022-09-07,23.2,21.1,22.4,23.2,21.1,22.4,19.7,85.1,2.34,100,37.5,rain,0,0,27.7,15.8,40.4,1014.2,96.9,13.8,35.8,3.2,1,10,2022-09-07T06:40:35,2022-09-07T19:27:36,0.44,"Rain, Overcast",Cloudy skies throughout the day with rain.,rain,"99999913752,72406093721,KBWI,KADW,E0642,KNAK",1012
121,"Crownsville, MD, United States",2022-09-08,26.1,20.5,22.8,26.1,20.5,22.8,17.4,73.2,0.0,0,0.0,rain,0,0,35.3,17.9,129.1,1013.1,63.2,16.0,172.3,14.9,10,10,2022-09-08T06:41:29,2022-09-08T19:26:01,0.47,Partially cloudy,Partly cloudy throughout the day.,partly-cloudy-day,"99999913752,72406093721,KBWI,KADW,E0642,KNAK",1012
122,"Crownsville, MD, United States",2022-09-09,27.4,18.9,23.1,27.1,18.9,23.1,16.2,68.1,0.0,0,0.0,,0,0,27.7,19.5,88.4,1017.1,10.3,15.9,250.5,21.6,8,10,2022-09-09T06:42:22,2022-09-09T19:24:26,0.49,Clear,Clear conditions throughout the day.,clear-day,"99999913752,72406093721,KBWI,KADW,E0642,KNAK",1012
123,"Crownsville, MD, United States",2022-09-10,26.4,18.0,23.0,26.4,18.0,23.0,17.9,73.9,0.0,0,0.0,,0,0,20.2,19.0,90.7,1022.8,43.9,15.8,193.3,16.8,9,10,2022-09-10T06:43:16,2022-09-10T19:22:50,0.5,Partially cloudy,Partly cloudy throughout the day.,partly-cloudy-day,"99999913752,72406093721,KBWI,KADW,E0642,AU538,KNAK",1012
124,"Crownsville, MD, United States",2022-09-11,25.8,21.9,23.7,25.8,21.9,23.7,21.5,87.6,23.25,100,54.17,rain,0,0,38.9,19.3,146.8,1018.2,94.0,12.0,49.0,4.0,3,30,2022-09-11T06:44:10,2022-09-11T19:21:14,0.51,"Rain, Overcast",Cloudy skies throughout the day with rain.,rain,"99999913752,72406093721,KBWI,KADW,E0642,AU538,KNAK",1012
125,"Crownsville, MD, United States",2022-09-12,27.0,23.2,24.5,29.5,23.2,24.8,22.4,87.9,6.26,100,16.67,rain,0,0,33.5,17.1,180.8,1010.4,79.3,13.9,99.4,8.5,8,75,2022-09-12T06:45:04,2022-09-12T19:19:38,0.53,"Rain, Partially cloudy",Partly cloudy throughout the day with late afternoon rain.,rain,"99999913752,72406093721,KBWI,KADW,E0642,AU538,KNAK",1012
126,"Crownsville, MD, United States",2022-09-13,26.8,21.2,23.5,26.9,21.2,23.5,16.6,68.2,1.06,100,8.33,rain,0,0,35.3,18.4,281.6,1009.4,43.4,15.7,250.0,21.6,8,10,2022-09-13T06:45:58,2022-09-13T19:18:02,0.56,"Rain, Partially cloudy",Partly cloudy throughout the day with early morning rain.,rain,"99999913752,72406093721,KBWI,KADW,E0642,KNAK",1012
127,"Crownsville, MD, United States",2022-09-14,26.8,15.8,21.4,26.9,15.8,21.4,13.4,61.4,0.0,0,0.0,,0,0,33.5,17.0,283.0,1016.3,8.1,15.9,243.0,20.9,8,10,2022-09-14T06:46:51,2022-09-14T19:16:26,0.6,Clear,Clear conditions throughout the day.,clear-day,"99999913752,72406093721,KBWI,KADW,E0642,AU538,KNAK",1012
128,"Crownsville, MD, United States",2022-09-15,25.6,18.5,21.9,25.6,18.5,21.9,14.5,64.4,0.0,0,0.0,,0,0,31.7,16.8,208.1,1021.0,13.0,16.0,224.1,19.3,8,10,2022-09-15T06:47:45,2022-09-15T19:14:49,0.64,Clear,Clear conditions throughout the day.,clear-day,"99999913752,72406093721,KBWI,KADW,E0642,AU538,KNAK",1012
129,"Crownsville, MD, United States",2022-09-16,24.8,15.0,20.0,24.8,15.0,20.0,13.9,69.3,0.0,0,0.0,,0,0,13.7,13.5,204.0,1022.6,2.9,16.0,207.4,17.8,7,10,2022-09-16T06:48:39,2022-09-16T19:13:12,0.69,Clear,Clear conditions throughout the day.,clear-day,"99999913752,72406093721,KBWI,KADW,E0642,AU538,KNAK",1012
130,"Crownsville, MD, United States",2022-09-17,26.1,15.9,21.2,26.1,15.9,21.2,15.8,73.3,0.0,0,0.0,,0,0,19.1,19.1,148.1,1023.2,10.5,15.7,216.4,18.5,7,10,2022-09-17T06:49:33,2022-09-17T19:11:35,0.74,Clear,Clear conditions throughout the day.,clear-day,"99999913752,72406093721,KBWI,KADW,E0642,AU538,KNAK",1012
131,"Crownsville, MD, United States",2022-09-18,28.3,16.9,22.9,28.5,16.9,23.0,16.1,67.7,0.0,0,0.0,,0,0,24.8,14.2,232.0,1019.3,7.7,16.0,222.6,19.2,7,10,2022-09-18T06:50:28,2022-09-18T19:09:59,0.78,Clear,Clear conditions throughout the day.,clear-day,"99999913752,72406093721,KBWI,KADW,E0642,AU538,KNAK",1012
132,"Crownsville, MD, United States",2022-09-19,28.9,18.8,24.4,29.9,18.8,24.7,17.4,66.0,0.0,0,0.0,,0,0,35.3,17.0,254.0,1014.4,19.8,16.0,187.5,16.2,8,10,2022-09-19T06:51:22,2022-09-19T19:08:22,0.83,Clear,Clear conditions throughout the day.,clear-day,"99999913752,72406093721,KBWI,KADW,E0642,AU538,KNAK",1012
133,"Crownsville, MD, United States",2022-09-20,28.5,20.0,24.0,28.2,20.0,23.9,16.0,63.4,0.0,0,0.0,,0,0,33.5,16.9,261.0,1013.8,15.3,16.0,232.6,19.9,8,10,2022-09-20T06:52:16,2022-09-20T19:06:45,0.87,Clear,Clear conditions throughout the day.,clear-day,"99999913752,72406093721,KBWI,KADW,E0642,AU538,KNAK",1012
134,"Crownsville, MD, United States",2022-09-21,27.8,17.6,22.8,28.4,17.6,22.9,16.3,67.8,0.0,0,0.0,,0,0,29.5,19.4,199.0,1013.8,17.4,16.0,213.1,18.4,7,10,2022-09-21T06:53:11,2022-09-21T19:05:08,0.91,Clear,Clear conditions throughout the day.,clear-day,"99999913752,72406093721,KBWI,KADW,E0642,AU538,KNAK",1012
135,"Crownsville, MD, United States",2022-09-22,26.7,18.2,22.9,27.8,18.2,23.0,15.2,63.2,2.51,100,12.5,rain,0,0,53.9,34.7,265.0,1006.5,37.5,15.5,75.3,6.5,4,10,2022-09-22T06:54:05,2022-09-22T19:03:31,0.95,"Rain, Partially cloudy",Partly cloudy throughout the day with afternoon rain.,rain,"99999913752,72406093721,KBWI,KADW,E0642,AU538,KNAK",1012
136,"Crownsville, MD, United States",2022-09-23,20.0,13.4,16.5,20.0,13.4,16.5,5.4,49.0,0.0,0,0.0,,0,0,46.8,28.6,317.6,1016.1,8.6,16.0,232.2,20.1,8,10,2022-09-23T06:55:00,2022-09-23T19:01:54,0.97,Clear,Clear conditions throughout the day.,clear-day,"99999913752,72406093721,KBWI,KADW,E0642,AU538,KNAK",1012
137,"Crownsville, MD, United States",2022-09-24,20.9,10.8,15.9,20.9,10.8,15.9,6.8,55.9,0.0,0,0.0,,0,0,25.9,15.8,255.0,1018.0,22.4,16.0,176.8,15.3,7,10,2022-09-24T06:55:55,2022-09-24T19:00:18,0.99,Partially cloudy,Partly cloudy throughout the day.,partly-cloudy-day,"99999913752,72406093721,KBWI,KADW,E0642,AU538,KNAK",1012
138,"Crownsville, MD, United States",2022-09-25,25.3,15.0,19.3,25.3,15.0,19.3,13.5,69.7,0.56,100,12.5,rain,0,0,47.5,16.8,191.0,1007.6,47.6,16.0,130.5,11.2,8,30,2022-09-25T06:56:50,2022-09-25T18:58:41,1.0,"Rain, Partially cloudy",Becoming cloudy in the afternoon with rain.,rain,"99999913752,72406093721,KBWI,KADW,E0642,KNAK",1012
139,"Crownsville, MD, United States",2022-09-26,25.2,15.3,20.2,25.2,15.3,20.2,11.3,59.6,0.0,0,0.0,,0,0,37.2,17.6,275.7,1007.3,39.4,16.0,159.5,13.6,8,10,2022-09-26T06:57:45,2022-09-26T18:57:05,0.0,Partially cloudy,Becoming cloudy in the afternoon.,partly-cloudy-day,"99999913752,72406093721,KBWI,KADW,E0642,KNAK",1012
140,"Crownsville, MD, United States",2022-09-27,22.4,14.2,18.3,22.4,14.2,18.3,6.4,47.1,0.0,0,0.0,,0,0,41.0,21.3,275.9,1013.1,34.0,16.0,203.4,17.5,8,10,2022-09-27T06:58:40,2022-09-27T18:55:29,0.01,Partially cloudy,Becoming cloudy in the afternoon.,partly-cloudy-day,"99999913752,72406093721,KBWI,KADW,E0642,KNAK",1012
141,"Crownsville, MD, United States",2022-09-28,20.9,10.5,15.8,20.9,10.5,15.8,8.1,61.0,0.0,0,0.0,,0,0,33.9,14.9,294.7,1021.5,29.5,16.0,207.0,17.8,8,10,2022-09-28T06:59:36,2022-09-28T18:53:53,0.04,Partially cloudy,Becoming cloudy in the afternoon.,partly-cloudy-day,"99999913752,72406093721,KBWI,KADW,E0642,AU538,KNAK",1012
142,"Crownsville, MD, United States",2022-09-29,19.5,13.5,16.8,19.5,13.5,16.8,9.1,61.4,0.0,0,0.0,,0,0,41.2,26.7,110.8,1026.8,19.3,16.0,200.6,17.3,8,10,2022-09-29T07:00:31,2022-09-29T18:52:17,0.07,Clear,Clear conditions throughout the day.,clear-day,"99999913752,72406093721,KBWI,KADW,AU538,KNAK",1012
143,"Crownsville, MD, United States",2022-09-30,18.0,14.3,15.8,18.0,14.3,15.8,10.2,69.4,1.8,100,20.83,rain,0,0,59.4,24.1,36.2,1022.5,57.1,17.8,63.6,5.5,2,10,2022-09-30T07:01:27,2022-09-30T18:50:42,0.12,"Rain, Partially cloudy",Becoming cloudy in the afternoon with late afternoon rain.,rain,"KBWI,KADW,AU538,KNAK",1012
