,name,datetime,tempmax,tempmin,temp,feelslikemax,feelslikemin,feelslike,dew,humidity,precip,precipprob,precipcover,preciptype,snow,snowdepth,windgust,windspeed,winddir,sealevelpressure,cloudcover,visibility,solarradiation,solarenergy,uvindex,severerisk,sunrise,sunset,moonphase,conditions,description,icon,stations,skey
0,"Ocala, FL, United States",2022-05-10,27.9,13.0,20.7,27.4,13.0,20.6,12.4,63.2,0.0,0,0.0,,0,0,40.7,20.5,84.6,1019.9,1.1,15.9,249.3,21.4,7,10,2022-05-10T06:39:54,2022-05-10T20:10:28,0.32,Clear,Clear conditions throughout the day.,clear-day,"KLEE,KOCF,72473700377,72221312819,72205512861,0576W",1063
1,"Ocala, FL, United States",2022-05-11,28.4,12.3,21.0,27.8,12.3,20.9,12.2,60.8,0.0,0,0.0,,0,0,44.5,29.4,208.3,1018.3,10.8,15.9,215.0,18.3,7,10,2022-05-11T06:39:13,2022-05-11T20:11:05,0.37,Clear,Clear conditions throughout the day.,clear-day,"KLEE,KOCF,72473700377,72221312819,72205512861,0576W",1063
2,"Ocala, FL, United States",2022-05-12,28.7,14.4,21.1,28.4,14.4,21.1,14.9,71.4,0.0,0,0.0,rain,0,0,33.5,25.5,175.6,1015.6,31.6,15.9,185.3,16.2,7,30,2022-05-12T06:38:33,2022-05-12T20:11:42,0.41,Partially cloudy,Becoming cloudy in the afternoon.,partly-cloudy-day,"KLEE,KOCF,72473700377,72221312819,72205512861,0576W",1063
3,"Ocala, FL, United States",2022-05-13,27.8,16.2,21.5,28.1,16.2,21.6,17.2,78.7,0.0,0,0.0,rain,0,0,25.9,17.8,175.6,1015.1,42.9,15.7,179.5,15.5,7,30,2022-05-13T06:37:55,2022-05-13T20:12:20,0.45,Partially cloudy,Partly cloudy throughout the day.,partly-cloudy-day,"0713W,KLEE,KOCF,72473700377,72221312819,72205512861,0576W",1063
4,"Ocala, FL, United States",2022-05-14,30.6,15.0,23.1,30.8,15.0,23.3,17.4,73.6,0.0,0,0.0,rain,0,0,31.7,21.8,131.0,1015.0,27.7,15.2,194.6,16.7,6,30,2022-05-14T06:37:18,2022-05-14T20:12:57,0.48,Partially cloudy,Partly cloudy throughout the day.,partly-cloudy-day,"KLEE,KOCF,72473700377,72221312819,72205512861,0576W",1063
5,"Ocala, FL, United States",2022-05-15,32.1,19.0,23.9,33.3,19.0,24.4,19.4,78.3,1.18,100,29.17,rain,0,0,40.7,19.9,71.5,1014.2,64.8,15.7,201.9,17.3,7,60,2022-05-15T06:36:42,2022-05-15T20:13:34,0.5,"Rain, Partially cloudy",Partly cloudy throughout the day with rain.,rain,"KLEE,KOCF,72473700377,72221312819,72205512861,0576W",1063
6,"Ocala, FL, United States",2022-05-16,30.6,17.8,23.8,31.9,17.8,24.3,19.4,79.4,1.22,100,12.5,rain,0,0,26.3,18.8,205.2,1013.4,42.8,12.5,183.0,15.9,7,60,2022-05-16T06:36:07,2022-05-16T20:14:11,0.5,"Rain, Partially cloudy",Partly cloudy throughout the day with rain clearing later.,rain,"KLEE,KOCF,72473700377,72221312819,72205512861,0576W",1063
7,"Ocala, FL, United States",2022-05-17,32.2,18.9,25.4,34.4,18.9,26.5,20.7,78.0,0.05,100,4.17,rain,0,0,44.5,16.1,199.9,1015.1,12.0,14.4,199.4,17.3,7,75,2022-05-17T06:35:33,2022-05-17T20:14:47,0.52,Rain,Clear conditions throughout the day with late afternoon rain.,rain,"KLEE,KOCF,72473700377,72221312819,72205512861,0576W",1063
8,"Ocala, FL, United States",2022-05-18,34.8,20.8,26.4,36.0,20.8,27.3,20.8,75.1,0.0,0,0.0,,0,0,47.9,21.6,170.8,1016.3,28.2,13.6,191.8,16.6,6,100,2022-05-18T06:35:01,2022-05-18T20:15:24,0.54,Partially cloudy,Partly cloudy throughout the day.,partly-cloudy-day,"KLEE,KOCF,72473700377,72221312819,72205512861,0576W",1063
9,"Ocala, FL, United States",2022-05-19,33.3,20.1,26.4,36.6,20.1,27.5,20.5,73.2,0.0,0,0.0,,0,0,27.7,19.8,183.5,1015.3,23.6,13.9,221.7,19.1,6,75,2022-05-19T06:34:30,2022-05-19T20:16:00,0.58,Partially cloudy,Partly cloudy throughout the day.,partly-cloudy-day,"KLEE,KOCF,72473700377,72221312819,72205512861,0576W",1063
10,"Ocala, FL, United States",2022-05-20,30.5,19.4,24.7,33.3,19.4,25.4,20.9,81.0,6.4,100,33.33,rain,0,0,59.4,23.4,132.3,1017.0,31.1,15.5,137.2,11.8,5,60,2022-05-20T06:34:01,2022-05-20T20:16:36,0.63,"Rain, Partially cloudy",Partly cloudy throughout the day with rain.,rain,"KLEE,KOCF,72473700377,72221312819,72205512861,0576W",1063
11,"Ocala, FL, United States",2022-05-21,31.8,21.0,24.7,36.7,21.0,25.8,21.8,84.8,10.54,100,54.17,rain,0,0,42.5,19.8,155.0,1021.4,61.3,15.6,137.4,11.8,6,100,2022-05-21T06:33:32,2022-05-21T20:17:12,0.68,"Rain, Partially cloudy",Becoming cloudy in the afternoon with rain.,rain,"KLEE,KOCF,72473700377,72221312819,72205512861,0576W",1063
12,"Ocala, FL, United States",2022-05-22,32.8,20.7,26.1,37.7,20.7,27.8,21.8,79.3,0.29,100,12.5,rain,0,0,28.1,18.2,117.7,1022.0,45.4,15.1,186.0,16.1,6,100,2022-05-22T06:33:05,2022-05-22T20:17:47,0.74,"Rain, Partially cloudy",Partly cloudy throughout the day with rain clearing later.,rain,"0713W,KLEE,KOCF,72473700377,72221312819,72205512861,0576W",1063
13,"Ocala, FL, United States",2022-05-23,33.3,22.9,27.4,35.2,22.9,28.5,21.2,71.4,0.0,0,0.0,,0,0,27.4,14.3,144.3,1019.5,36.1,15.8,228.2,19.7,6,60,2022-05-23T06:32:40,2022-05-23T20:18:22,0.79,Partially cloudy,Becoming cloudy in the afternoon.,partly-cloudy-day,"KLEE,KOCF,72473700377,72221312819,72205512861,0576W",1063
14,"Ocala, FL, United States",2022-05-24,33.3,23.4,28.1,34.3,23.4,29.1,20.7,66.6,0.0,0,0.0,,0,0,38.2,21.7,139.4,1017.5,28.8,15.9,220.5,19.0,7,60,2022-05-24T06:32:16,2022-05-24T20:18:57,0.85,Partially cloudy,Becoming cloudy in the afternoon.,partly-cloudy-day,"0713W,KLEE,KOCF,72473700377,72221312819,72205512861,0576W",1063
15,"Ocala, FL, United States",2022-05-25,31.7,21.8,26.9,33.8,21.8,27.8,20.0,68.2,0.0,0,0.0,rain,0,0,39.6,21.8,108.9,1018.6,24.3,15.9,220.5,19.0,6,60,2022-05-25T06:31:53,2022-05-25T20:19:31,0.89,Partially cloudy,Becoming cloudy in the afternoon.,partly-cloudy-day,"KLEE,KOCF,72473700377,72221312819,72205512861,0576W",1063
16,"Ocala, FL, United States",2022-05-26,32.8,23.5,27.2,34.0,23.5,28.1,21.0,71.4,0.0,0,0.0,,0,0,39.2,20.2,154.2,1018.9,42.1,15.9,196.4,16.8,6,30,2022-05-26T06:31:31,2022-05-26T20:20:05,0.93,Partially cloudy,Partly cloudy throughout the day.,partly-cloudy-day,"KLEE,KOCF,72473700377,72221312819,72205512861,0576W",1063
17,"Ocala, FL, United States",2022-05-27,29.3,22.9,24.9,32.6,22.9,25.8,22.0,84.4,10.17,100,33.33,rain,0,0,40.7,25.5,165.2,1015.4,44.6,15.4,127.8,11.0,5,75,2022-05-27T06:31:11,2022-05-27T20:20:39,0.96,"Rain, Partially cloudy",Partly cloudy throughout the day with rain.,rain,"0713W,KLEE,KOCF,72473700377,72221312819,72205512861,0576W",1063
18,"Ocala, FL, United States",2022-05-28,31.2,20.1,25.6,31.2,20.1,25.8,19.1,71.8,0.0,0,0.0,,0,0,29.5,16.4,228.5,1013.7,21.3,12.2,220.6,19.1,6,30,2022-05-28T06:30:52,2022-05-28T20:21:12,0.99,Partially cloudy,Clearing in the afternoon.,partly-cloudy-day,"KLEE,KOCF,72473700377,72221312819,72205512861,0576W",1063
19,"Ocala, FL, United States",2022-05-29,32.8,18.9,26.2,32.9,18.9,26.7,18.7,67.7,0.0,0,0.0,,0,0,31.7,16.0,180.2,1015.0,33.5,15.8,212.8,18.5,6,60,2022-05-29T06:30:35,2022-05-29T20:21:45,1.0,Partially cloudy,Becoming cloudy in the afternoon.,partly-cloudy-day,"KLEE,KOCF,72473700377,72221312819,72065500235,72205512861,0576W",1063
20,"Ocala, FL, United States",2022-05-30,32.8,20.7,26.6,34.3,20.7,27.3,20.0,70.2,5.24,100,20.83,rain,0,0,35.3,23.6,122.2,1017.1,24.0,15.9,238.1,20.6,6,75,2022-05-30T06:30:19,2022-05-30T20:22:17,0.0,"Rain, Partially cloudy",Partly cloudy throughout the day with rain.,rain,"KLEE,KOCF,72473700377,72221312819,72065500235,72205512861,0576W",1063
21,"Ocala, FL, United States",2022-05-31,31.1,20.1,24.8,33.2,20.1,25.3,20.3,77.3,0.51,100,8.33,rain,0,0,31.8,18.5,69.9,1017.8,33.8,15.9,156.4,13.5,7,60,2022-05-31T06:30:04,2022-05-31T20:22:48,0.0,"Rain, Partially cloudy",Partly cloudy throughout the day with rain.,rain,"KLEE,KOCF,72473700377,72221312819,72205512861,0576W",1063
22,"Ocala, FL, United States",2022-06-01,30.6,20.0,25.0,32.6,20.0,25.7,19.9,75.5,1.3,100,16.67,rain,0,0,40.7,22.4,74.4,1015.6,25.1,15.8,181.3,15.8,6,30,2022-06-01T06:29:51,2022-06-01T20:23:19,0.02,"Rain, Partially cloudy",Partly cloudy throughout the day with rain.,rain,"0713W,KLEE,KOCF,72473700377,72221312819,72205512861,0576W",1063
23,"Ocala, FL, United States",2022-06-02,32.8,18.9,26.3,34.0,18.9,27.1,19.4,69.6,0.0,0,0.0,,0,0,35.3,18.0,79.0,1013.0,23.2,15.6,223.5,19.4,6,30,2022-06-02T06:29:39,2022-06-02T20:23:50,0.04,Partially cloudy,Becoming cloudy in the afternoon.,partly-cloudy-day,"KLEE,KOCF,72473700377,D0617,72221312819,72065500235,72205512861,0576W",1063
24,"Ocala, FL, United States",2022-06-03,31.6,20.7,26.2,33.7,20.7,27.4,21.0,75.2,0.0,0,0.0,,0,0,35.3,14.6,160.1,1011.0,18.7,15.9,226.0,19.4,9,30,2022-06-03T06:29:29,2022-06-03T20:24:19,0.07,Clear,Clear conditions throughout the day.,clear-day,"0713W,KLEE,0152W,KOCF,72473700377,D0617,72221312819,72065500235,72205512861,0576W",1063
25,"Ocala, FL, United States",2022-06-04,30.6,22.9,26.3,33.8,22.9,27.4,20.9,73.2,0.02,100,8.33,rain,0,0,47.2,20.4,66.0,1007.7,49.0,15.9,167.6,14.3,6,10,2022-06-04T06:29:20,2022-06-04T20:24:48,0.11,"Rain, Partially cloudy",Partly cloudy throughout the day with afternoon rain.,rain,"0713W,KLEE,KOCF,72473700377,D0617,72221312819,72205512861,0576W",1063
26,"Ocala, FL, United States",2022-06-05,33.2,20.7,26.2,35.7,20.7,27.4,21.4,77.3,0.02,100,8.33,rain,0,0,47.9,20.3,213.6,1008.7,34.6,15.8,206.8,17.8,6,60,2022-06-05T06:29:12,2022-06-05T20:25:17,0.14,"Rain, Partially cloudy",Partly cloudy throughout the day with late afternoon rain.,rain,"0713W,KLEE,KOCF,72473700377,72221312819,72205512861,0576W",1063
27,"Ocala, FL, United States",2022-06-06,32.6,21.7,25.1,36.3,21.7,26.1,21.9,84.1,7.43,100,41.67,rain,0,0,40.7,26.8,75.5,1012.6,42.0,15.6,138.3,12.0,6,75,2022-06-06T06:29:05,2022-06-06T20:25:44,0.19,"Rain, Partially cloudy",Becoming cloudy in the afternoon with rain.,rain,"0713W,KLEE,KOCF,72473700377,72221312819,72205512861,0576W",1063
28,"Ocala, FL, United States",2022-06-07,33.3,21.7,26.6,36.2,21.7,28.1,21.7,77.4,1.45,100,12.5,rain,0,0,18.7,12.9,127.9,1014.6,40.6,11.8,216.8,18.7,6,100,2022-06-07T06:29:00,2022-06-07T20:26:11,0.24,"Rain, Partially cloudy",Clearing in the afternoon with early morning rain.,rain,"KLEE,KOCF,72473700377,72221312819,72205512861,0576W",1063
29,"Ocala, FL, United States",2022-06-08,32.2,22.2,27.4,37.4,22.2,29.5,22.4,75.5,0.68,100,16.67,rain,0,0,22.3,14.5,183.5,1015.3,10.9,15.8,190.7,16.5,6,75,2022-06-08T06:28:57,2022-06-08T20:26:37,0.29,Rain,Clear conditions throughout the day with rain.,rain,"KLEE,KOCF,72473700377,72221312819,72065500235,72205512861,0576W",1063
30,"Ocala, FL, United States",2022-06-09,33.3,22.9,27.9,36.6,22.9,29.8,22.2,73.4,0.0,0,0.0,rain,0,0,33.5,28.1,227.1,1015.0,15.9,15.9,212.0,18.4,6,60,2022-06-09T06:28:54,2022-06-09T20:27:02,0.35,Clear,Clear conditions throughout the day.,clear-day,"0713W,KLEE,KOCF,72473700377,72221312819,72205512861,0576W",1063
31,"Ocala, FL, United States",2022-06-10,31.0,23.4,26.5,36.9,23.4,28.2,23.6,84.7,4.6,100,29.17,rain,0,0,68.4,23.5,238.7,1013.4,25.0,15.9,151.5,13.2,6,100,2022-06-10T06:28:53,2022-06-10T20:27:26,0.39,"Rain, Partially cloudy",Partly cloudy throughout the day with rain.,rain,"0713W,KLEE,KOCF,72473700377,72221312819,72205512861,0576W",1063
32,"Ocala, FL, United States",2022-06-11,32.1,23.8,27.1,36.2,23.8,28.7,23.2,80.8,0.02,100,4.17,rain,0,0,33.5,21.8,203.7,1013.1,46.7,15.9,190.9,16.4,6,75,2022-06-11T06:28:54,2022-06-11T20:27:50,0.44,"Rain, Partially cloudy",Partly cloudy throughout the day with late afternoon rain.,rain,"KLEE,KOCF,72473700377,72221312819,72205512861,0576W",1063
33,"Ocala, FL, United States",2022-06-12,30.7,22.2,26.5,35.4,22.2,28.4,22.8,81.4,0.0,0,0.0,rain,0,0,40.7,28.6,192.2,1015.6,28.0,15.9,188.3,16.3,6,60,2022-06-12T06:28:55,2022-06-12T20:28:12,0.47,Partially cloudy,Partly cloudy throughout the day.,partly-cloudy-day,"KLEE,0152W,KOCF,72473700377,72221312819,72205512861,0576W",1063
34,"Ocala, FL, United States",2022-06-13,31.2,23.4,27.1,37.0,23.4,29.6,23.8,82.8,0.03,100,12.5,rain,0,0,25.2,16.3,240.3,1018.4,25.8,15.6,199.8,17.2,6,75,2022-06-13T06:28:58,2022-06-13T20:28:34,0.49,"Rain, Partially cloudy",Partly cloudy throughout the day with afternoon rain.,rain,"KLEE,KOCF,72473700377,72221312819,72205512861,0576W",1063
35,"Ocala, FL, United States",2022-06-14,33.9,23.3,27.5,39.5,23.3,29.8,23.7,81.7,0.0,0,0.0,rain,0,0,35.3,25.2,204.7,1018.1,32.9,14.5,194.1,16.9,6,100,2022-06-14T06:29:02,2022-06-14T20:28:54,0.5,Partially cloudy,Becoming cloudy in the afternoon.,partly-cloudy-day,"KLEE,KOCF,72473700377,72221312819,72065500235,72205512861,0576W",1063
36,"Ocala, FL, United States",2022-06-15,35.6,23.4,28.9,40.9,23.4,32.0,23.5,75.9,0.01,100,4.17,rain,0,0,25.6,14.5,150.6,1017.1,21.6,15.9,193.0,16.6,6,75,2022-06-15T06:29:08,2022-06-15T20:29:14,0.51,"Rain, Partially cloudy",Partly cloudy throughout the day with late afternoon rain.,rain,"KLEE,KOCF,72473700377,72221312819,72205512861,0576W",1063
37,"Ocala, FL, United States",2022-06-16,35.7,24.4,30.0,41.3,24.4,33.4,23.4,70.6,0.01,100,4.17,rain,0,0,33.5,23.6,50.1,1018.3,12.0,15.9,191.7,16.7,6,100,2022-06-16T06:29:14,2022-06-16T20:29:32,0.53,Rain,Clear conditions throughout the day with early morning rain.,rain,"0713W,KLEE,KOCF,72473700377,D0617,72221312819,72205512861,0576W",1063
38,"Ocala, FL, United States",2022-06-17,35.6,23.4,29.9,40.0,23.4,32.1,22.0,65.7,0.0,0,0.0,,0,0,29.5,14.5,96.2,1016.9,15.9,15.9,281.6,24.4,10,100,2022-06-17T06:29:22,2022-06-17T20:29:50,0.57,Clear,Clear conditions throughout the day.,clear-day,"0713W,KLEE,KOCF,72473700377,72221312819,72205512861,0576W",1063
39,"Ocala, FL, United States",2022-06-18,34.3,24.3,28.8,40.8,24.3,31.9,22.6,70.3,0.24,100,4.17,rain,0,0,53.6,20.0,209.6,1013.7,21.9,15.9,139.2,12.2,5,100,2022-06-18T06:29:31,2022-06-18T20:30:06,0.62,"Rain, Partially cloudy",Partly cloudy throughout the day with afternoon rain.,rain,"0713W,KLEE,KOCF,72473700377,72221312819,72205512861,0576W",1063
40,"Ocala, FL, United States",2022-06-19,33.8,24.4,27.3,39.6,24.4,29.0,22.8,77.7,0.03,100,12.5,rain,0,0,29.5,17.8,137.6,1015.2,34.0,15.7,125.2,10.7,6,100,2022-06-19T06:29:42,2022-06-19T20:30:21,0.67,"Rain, Partially cloudy",Partly cloudy throughout the day with afternoon rain.,rain,"KLEE,KOCF,72473700377,72221312819,72205512861,0576W",1063
41,"Ocala, FL, United States",2022-06-20,33.8,24.3,28.5,38.3,24.3,30.8,23.0,74.2,0.0,0,0.0,rain,0,0,36.4,22.1,75.2,1020.2,43.1,15.9,191.2,16.3,6,75,2022-06-20T06:29:53,2022-06-20T20:30:35,0.72,Partially cloudy,Partly cloudy throughout the day.,partly-cloudy-day,"KLEE,KOCF,72473700377,72221312819,72205512861,0576W",1063
42,"Ocala, FL, United States",2022-06-21,33.3,20.7,27.3,33.9,20.7,27.7,19.0,64.4,0.0,0,0.0,,0,0,31.7,22.1,60.4,1021.5,7.3,15.9,216.0,18.7,6,10,2022-06-21T06:30:06,2022-06-21T20:30:48,0.77,Clear,Clear conditions throughout the day.,clear-day,"0713W,KLEE,KOCF,72473700377,72221312819,72205512861,0576W",1063
43,"Ocala, FL, United States",2022-06-22,33.8,21.7,27.9,35.7,21.7,28.8,19.4,62.2,0.0,0,0.0,,0,0,20.2,14.5,142.9,1017.2,54.9,15.9,184.7,16.0,6,60,2022-06-22T06:30:19,2022-06-22T20:31:00,0.82,Partially cloudy,Partly cloudy throughout the day.,partly-cloudy-day,"KLEE,KOCF,72473700377,72221312819,72205512861,0576W",1063
44,"Ocala, FL, United States",2022-06-23,36.0,22.2,28.2,44.6,22.2,31.2,22.2,71.3,0.11,100,8.33,rain,0,0,64.8,21.9,204.4,1012.3,15.9,15.9,172.3,15.0,6,100,2022-06-23T06:30:34,2022-06-23T20:31:10,0.87,Rain,Clear conditions throughout the day with late afternoon rain.,rain,"0713W,KLEE,KOCF,72473700377,72221312819,72205512861,0576W",1063
45,"Ocala, FL, United States",2022-06-24,36.6,23.3,28.3,46.6,23.3,32.2,25.0,84.6,7.08,100,20.83,rain,0,0,82.4,29.5,200.9,1012.9,27.2,14.2,111.5,9.4,5,100,2022-06-24T06:30:50,2022-06-24T20:31:20,0.91,"Rain, Partially cloudy",Partly cloudy throughout the day with rain.,rain,"KLEE,KOCF,72473700377,72221312819,72065500235,72205512861,0576W",1063
46,"Ocala, FL, United States",2022-06-25,30.0,22.9,26.3,35.0,22.9,28.5,23.3,84.6,0.02,100,8.33,rain,0,0,30.2,14.7,136.7,1016.8,51.3,13.8,126.6,11.0,4,75,2022-06-25T06:31:07,2022-06-25T20:31:28,0.95,"Rain, Partially cloudy",Partly cloudy throughout the day with rain.,rain,"0713W,KLEE,KOCF,72473700377,72221312819,72205512861,0576W",1063
47,"Ocala, FL, United States",2022-06-26,32.8,21.8,27.2,34.3,21.8,28.1,20.5,69.9,0.0,0,0.0,,0,0,38.9,22.2,70.3,1018.0,17.0,14.9,197.0,17.1,6,30,2022-06-26T06:31:24,2022-06-26T20:31:34,0.97,Clear,Clear conditions throughout the day.,clear-day,"KLEE,KOCF,72473700377,72221312819,72205512861,0576W",1063
48,"Ocala, FL, United States",2022-06-27,32.8,22.8,27.2,37.0,22.8,29.4,22.0,74.4,0.0,0,0.0,rain,0,0,42.5,20.3,60.7,1017.3,39.0,14.7,154.6,13.4,6,75,2022-06-27T06:31:43,2022-06-27T20:31:40,0.99,Partially cloudy,Partly cloudy throughout the day.,partly-cloudy-day,"0713W,KLEE,KOCF,72473700377,72221312819,72065500235,72205512861,0576W",1063
49,"Ocala, FL, United States",2022-06-28,34.3,23.4,28.5,38.3,23.4,30.8,22.8,73.6,0.49,100,8.33,rain,0,0,31.7,17.4,104.1,1018.5,22.6,15.2,223.5,19.3,8,75,2022-06-28T06:32:03,2022-06-28T20:31:44,1.0,"Rain, Partially cloudy",Partly cloudy throughout the day with late afternoon rain.,rain,"KLEE,KOCF,72473700377,D0617,72221312819,72065500235,72205512861,0576W",1063
50,"Ocala, FL, United States",2022-06-29,34.3,23.4,28.4,37.5,23.4,30.3,22.2,71.5,0.17,100,8.33,rain,0,0,27.0,16.3,82.4,1020.7,20.1,15.7,258.8,22.3,10,60,2022-06-29T06:32:24,2022-06-29T20:31:47,0.0,"Rain, Partially cloudy",Partly cloudy throughout the day with late afternoon rain.,rain,"KLEE,KOCF,72473700377,D0617,72221312819,72065500235,72205512861",1063
51,"Ocala, FL, United States",2022-06-30,34.2,22.8,27.7,38.1,22.8,29.6,22.5,75.5,0.01,100,4.17,rain,0,0,45.4,16.2,133.8,1020.2,13.8,14.7,215.0,18.6,6,100,2022-06-30T06:32:45,2022-06-30T20:31:48,0.01,Rain,Clear conditions throughout the day with late afternoon rain.,rain,"0713W,KLEE,KOCF,72473700377,D0617,72221312819,72205512861,0576W",1063
52,"Ocala, FL, United States",2022-07-01,32.8,23.4,26.5,37.7,23.4,27.6,22.8,81.4,0.47,100,29.17,rain,0,0,57.2,21.5,166.2,1018.7,20.1,14.4,154.8,13.3,6,75,2022-07-01T06:33:08,2022-07-01T20:31:48,0.03,"Rain, Partially cloudy",Becoming cloudy in the afternoon with rain.,rain,"0713W,KLEE,KOCF,72473700377,72221312819,72205512861,0576W",1063
53,"Ocala, FL, United States",2022-07-02,31.2,22.8,25.5,34.9,22.8,26.6,23.2,87.5,0.33,100,20.83,rain,0,0,46.4,14.5,140.9,1018.4,22.2,14.7,121.9,10.5,6,60,2022-07-02T06:33:31,2022-07-02T20:31:47,0.05,"Rain, Partially cloudy",Becoming cloudy in the afternoon with rain.,rain,"0713W,KLEE,KOCF,72473700377,72221312819,72205512861,0576W",1063
54,"Ocala, FL, United States",2022-07-03,33.1,22.9,26.8,38.1,22.9,28.6,23.3,83.1,1.02,100,20.83,rain,0,0,39.2,28.6,139.8,1019.2,12.9,13.9,191.2,16.5,6,75,2022-07-03T06:33:55,2022-07-03T20:31:45,0.08,Rain,Clear conditions throughout the day with rain.,rain,"KLEE,KOCF,72473700377,72221312819,72065500235,72205512861,0576W",1063
55,"Ocala, FL, United States",2022-07-04,33.8,22.8,27.2,38.2,22.8,28.7,23.0,80.8,0.01,100,4.17,rain,0,0,14.0,20.2,167.4,1019.5,39.3,14.7,153.0,13.2,6,75,2022-07-04T06:34:20,2022-07-04T20:31:41,0.12,"Rain, Partially cloudy",Becoming cloudy in the afternoon with morning rain.,rain,"0713W,KLEE,KOCF,72473700377,72221312819,72205512861,0576W",1063
56,"Ocala, FL, United States",2022-07-05,32.2,23.9,26.7,37.5,23.9,28.6,24.0,86.1,0.15,100,8.33,rain,0,0,27.7,14.4,91.4,1018.6,26.1,14.0,117.5,10.2,6,60,2022-07-05T06:34:46,2022-07-05T20:31:35,0.17,"Rain, Partially cloudy",Becoming cloudy in the afternoon with early morning rain.,rain,"KLEE,KOCF,72473700377,72221312819,72065500235,72205512861,0576W",1063
57,"Ocala, FL, United States",2022-07-06,34.9,23.4,28.4,40.7,23.4,31.2,24.0,79.3,0.0,0,0.0,rain,0,0,22.3,14.6,111.6,1017.1,34.1,15.1,214.8,18.7,6,75,2022-07-06T06:35:12,2022-07-06T20:31:28,0.22,Partially cloudy,Becoming cloudy in the afternoon.,partly-cloudy-day,"KLEE,KOCF,72473700377,D0617,72221312819,72205512861,0576W",1063
58,"Ocala, FL, United States",2022-07-07,34.8,23.4,27.8,41.5,23.4,30.7,23.8,80.0,1.21,100,12.5,rain,0,0,33.5,20.1,171.2,1017.1,18.8,15.3,138.2,11.8,6,100,2022-07-07T06:35:39,2022-07-07T20:31:20,0.27,Rain,Clear conditions throughout the day with late afternoon rain.,rain,"KLEE,KOCF,72473700377,72221312819,72205512861,0576W",1063
59,"Ocala, FL, United States",2022-07-08,33.8,23.8,27.2,39.6,23.8,29.4,23.6,81.9,0.0,0,0.0,rain,0,0,25.9,20.0,161.7,1018.5,26.1,15.6,153.4,13.1,6,100,2022-07-08T06:36:06,2022-07-08T20:31:11,0.33,Partially cloudy,Becoming cloudy in the afternoon.,partly-cloudy-day,"KLEE,KOCF,72473700377,72221312819,72205512861,0576W",1063
60,"Ocala, FL, United States",2022-07-09,32.8,23.9,26.7,39.5,23.9,28.4,24.1,86.8,0.0,0,0.0,rain,0,0,38.9,25.0,145.0,1018.6,23.3,14.6,128.9,11.1,5,60,2022-07-09T06:36:35,2022-07-09T20:31:00,0.38,Partially cloudy,Becoming cloudy in the afternoon.,partly-cloudy-day,"0713W,KLEE,KOCF,72473700377,72221312819,72205512861,0576W",1063
61,"Ocala, FL, United States",2022-07-10,32.7,24.4,27.3,38.6,24.4,29.6,24.3,84.7,0.78,100,16.67,rain,0,0,44.6,23.7,228.3,1015.4,35.3,15.7,192.1,16.7,5,100,2022-07-10T06:37:04,2022-07-10T20:30:47,0.42,"Rain, Partially cloudy",Partly cloudy throughout the day with rain.,rain,"KLEE,0152W,KOCF,72473700377,72221312819,72065500235,72205512861,0576W",1063
62,"Ocala, FL, United States",2022-07-11,32.7,23.9,27.2,39.3,23.9,29.9,24.4,86.1,0.03,100,8.33,rain,0,0,29.5,25.2,199.5,1013.5,34.9,15.1,149.2,13.1,6,75,2022-07-11T06:37:33,2022-07-11T20:30:33,0.46,"Rain, Partially cloudy",Partly cloudy throughout the day with rain.,rain,"KLEE,KOCF,72473700377,72221312819,72205512861,0576W",1063
63,"Ocala, FL, United States",2022-07-12,32.8,23.9,28.3,38.9,23.9,31.4,24.0,79.7,0.03,100,4.17,rain,0,0,31.7,23.5,250.4,1015.4,32.0,15.6,158.5,13.7,5,100,2022-07-12T06:38:03,2022-07-12T20:30:18,0.49,"Rain, Partially cloudy",Partly cloudy throughout the day with afternoon rain.,rain,"0713W,KLEE,KOCF,72473700377,72221312819,72205512861,0576W",1063
64,"Ocala, FL, United States",2022-07-13,34.3,23.4,29.0,39.1,23.4,32.1,23.5,74.4,0.65,100,12.5,rain,0,0,64.8,17.7,187.1,1018.3,25.8,14.8,183.8,15.9,6,75,2022-07-13T06:38:33,2022-07-13T20:30:01,0.5,"Rain, Partially cloudy",Becoming cloudy in the afternoon with late afternoon rain.,rain,"KLEE,KOCF,72473700377,72221312819,72205512861,0576W",1063
65,"Ocala, FL, United States",2022-07-14,33.8,22.8,26.9,39.0,22.8,28.6,22.5,78.4,0.05,100,16.67,rain,0,0,57.2,31.6,210.7,1019.7,38.7,14.7,148.5,12.9,5,75,2022-07-14T06:39:04,2022-07-14T20:29:43,0.51,"Rain, Partially cloudy",Partly cloudy throughout the day with rain.,rain,"0713W,KLEE,KOCF,72473700377,72221312819,72065500235,72205512861,0576W",1063
66,"Ocala, FL, United States",2022-07-15,33.3,21.2,26.3,37.0,21.2,27.6,21.7,78.9,0.06,100,4.17,rain,0,0,70.2,18.0,129.8,1019.9,22.6,15.4,216.5,18.5,6,75,2022-07-15T06:39:36,2022-07-15T20:29:24,0.53,"Rain, Partially cloudy",Partly cloudy throughout the day with morning rain.,rain,"KLEE,KOCF,72473700377,D0617,72221312819,72205512861,0576W",1063
67,"Ocala, FL, United States",2022-07-16,30.0,23.0,25.2,34.2,23.0,25.9,23.1,88.8,0.15,100,4.17,rain,0,0,47.9,13.5,73.2,1018.4,34.3,15.9,108.8,9.3,4,75,2022-07-16T06:40:07,2022-07-16T20:29:03,0.55,"Rain, Partially cloudy",Partly cloudy throughout the day with afternoon rain.,rain,"KLEE,KOCF,72473700377,72221312819,72065500235,72205512861,0576W",1063
68,"Ocala, FL, United States",2022-07-17,32.2,22.9,25.9,36.3,22.9,27.1,23.0,85.7,0.34,100,12.5,rain,0,0,63.0,10.9,87.7,1017.1,33.7,15.9,169.8,14.7,6,60,2022-07-17T06:40:39,2022-07-17T20:28:40,0.6,"Rain, Partially cloudy",Becoming cloudy in the afternoon with late afternoon rain.,rain,"KLEE,KOCF,72473700377,72221312819,72205512861,0576W",1063
69,"Ocala, FL, United States",2022-07-18,31.6,23.4,26.6,37.2,23.4,29.0,24.0,86.7,0.19,100,12.5,rain,0,0,53.4,30.8,187.3,1018.4,27.8,15.3,149.0,12.8,5,100,2022-07-18T06:41:12,2022-07-18T20:28:17,0.65,"Rain, Partially cloudy",Becoming cloudy in the afternoon with rain.,rain,"KLEE,KOCF,72473700377,72221312819,72205512861,0576W",1063
70,"Ocala, FL, United States",2022-07-19,32.1,23.9,27.7,39.6,23.9,30.8,24.2,82.6,0.0,0,0.0,rain,0,0,25.2,17.8,237.1,1019.0,24.8,15.6,184.5,15.9,6,100,2022-07-19T06:41:44,2022-07-19T20:27:52,0.7,Partially cloudy,Partly cloudy throughout the day.,partly-cloudy-day,"KLEE,KOCF,72473700377,72221312819,72065500235,72205512861,0576W",1063
71,"Ocala, FL, United States",2022-07-20,30.8,23.9,26.0,37.5,23.9,27.7,24.1,90.2,0.41,100,25.0,rain,0,0,25.9,11.3,151.9,1018.1,29.5,14.6,120.0,10.4,5,100,2022-07-20T06:42:18,2022-07-20T20:27:25,0.75,"Rain, Partially cloudy",Partly cloudy throughout the day with rain.,rain,"KLEE,KOCF,72473700377,72221312819,72065500235,72205512861,0576W",1063
72,"Ocala, FL, United States",2022-07-21,33.9,22.3,27.6,38.4,22.3,30.1,23.1,79.0,0.0,0,0.0,rain,0,0,33.5,13.9,164.5,1017.4,12.9,14.7,150.3,12.9,6,100,2022-07-21T06:42:51,2022-07-21T20:26:57,0.8,Clear,Clear conditions throughout the day.,clear-day,"KLEE,KOCF,72473700377,72221312819,72205512861,0576W",1063
73,"Ocala, FL, United States",2022-07-22,32.9,23.9,27.3,38.9,23.9,29.5,23.5,80.8,0.0,0,0.0,rain,0,0,20.9,14.4,140.8,1018.8,35.4,15.6,162.9,14.0,6,100,2022-07-22T06:43:24,2022-07-22T20:26:28,0.85,Partially cloudy,Partly cloudy throughout the day.,partly-cloudy-day,"KLEE,KOCF,72473700377,72221312819,72205512861,0576W",1063
74,"Ocala, FL, United States",2022-07-23,33.3,23.4,27.0,37.8,23.4,29.0,23.1,80.6,0.0,0,0.0,rain,0,0,38.9,22.0,133.3,1020.5,20.9,15.9,169.6,14.7,6,100,2022-07-23T06:43:58,2022-07-23T20:25:57,0.89,Partially cloudy,Becoming cloudy in the afternoon.,partly-cloudy-day,"KLEE,KOCF,72473700377,72221312819,72205512861,0576W",1063
75,"Ocala, FL, United States",2022-07-24,32.8,23.4,26.2,37.9,23.4,27.8,22.9,83.0,0.0,0,0.0,rain,0,0,16.6,14.6,158.7,1020.4,31.1,15.9,128.7,10.9,6,100,2022-07-24T06:44:32,2022-07-24T20:25:25,0.93,Partially cloudy,Becoming cloudy in the afternoon.,partly-cloudy-day,"KLEE,KOCF,72473700377,72221312819,72205512861,0576W",1063
76,"Ocala, FL, United States",2022-07-25,33.9,22.9,27.7,37.8,22.9,29.8,22.5,75.3,0.0,0,0.0,rain,0,0,51.8,17.9,81.9,1019.9,21.5,15.9,183.3,15.8,6,75,2022-07-25T06:45:06,2022-07-25T20:24:52,0.96,Partially cloudy,Becoming cloudy in the afternoon.,partly-cloudy-day,"KLEE,KOCF,72473700377,72221312819,72205512861,0576W",1063
77,"Ocala, FL, United States",2022-07-26,33.8,22.9,26.8,38.6,22.9,28.6,22.9,81.5,0.15,100,16.67,rain,0,0,51.8,35.8,120.1,1020.4,25.8,15.5,132.1,11.5,6,75,2022-07-26T06:45:40,2022-07-26T20:24:17,0.98,"Rain, Partially cloudy",Becoming cloudy in the afternoon with rain.,rain,"KLEE,KOCF,72473700377,72221312819,72205512861,0576W",1063
78,"Ocala, FL, United States",2022-07-27,32.8,22.0,25.4,37.7,22.0,26.7,22.8,87.5,0.1,100,8.33,rain,0,0,51.8,37.1,130.5,1020.5,56.0,13.7,152.4,13.1,6,75,2022-07-27T06:46:15,2022-07-27T20:23:41,1.0,"Rain, Partially cloudy",Partly cloudy throughout the day with late afternoon rain.,rain,"KLEE,KOCF,72473700377,72221312819,72205512861,0576W",1063
79,"Ocala, FL, United States",2022-07-28,33.4,22.9,28.1,39.5,22.9,31.2,23.6,78.4,0.0,0,0.0,,0,0,19.4,14.5,165.3,1019.7,17.1,15.7,179.3,15.5,6,100,2022-07-28T06:46:49,2022-07-28T20:23:04,1.0,Clear,Clear conditions throughout the day.,clear-day,"KLEE,KOCF,72473700377,D0617,72221312819,72205512861,0576W",1063
80,"Ocala, FL, United States",2022-07-29,35.0,24.4,29.1,38.8,24.4,31.7,23.2,73.3,0.0,0,0.0,rain,0,0,18.0,10.9,134.2,1020.0,15.1,15.9,198.0,17.2,7,100,2022-07-29T06:47:24,2022-07-29T20:22:26,0.0,Clear,Clear conditions throughout the day.,clear-day,"KLEE,KOCF,72473700377,D0617,72221312819,72065500235,72205512861,0576W",1063
81,"Ocala, FL, United States",2022-07-30,35.0,22.9,28.9,38.6,22.9,31.0,22.0,68.9,0.0,0,0.0,,0,0,31.7,12.8,102.1,1021.5,4.7,15.9,210.9,18.1,6,75,2022-07-30T06:47:58,2022-07-30T20:21:46,0.01,Clear,Clear conditions throughout the day.,clear-day,"0713W,KLEE,KOCF,72473700377,72221312819,72205512861,0576W",1063
82,"Ocala, FL, United States",2022-07-31,35.0,22.3,29.1,38.3,22.3,31.4,21.8,67.9,0.0,0,0.0,,0,0,27.4,14.3,96.7,1022.5,19.2,15.9,199.7,17.2,6,75,2022-07-31T06:48:33,2022-07-31T20:21:05,0.04,Clear,Clear conditions throughout the day.,clear-day,"0713W,KLEE,KOCF,72473700377,72221312819,72205512861,0576W",1063
83,"Ocala, FL, United States",2022-08-01,34.9,24.4,29.5,40.0,24.4,32.5,23.3,71.4,0.0,0,0.0,,0,0,27.7,19.8,132.8,1021.5,16.8,15.9,233.4,20.3,9,100,2022-08-01T06:49:07,2022-08-01T20:20:23,0.07,Clear,Clear conditions throughout the day.,clear-day,"0713W,KLEE,0152W,KOCF,72473700377,72221312819,72205512861,0576W",1063
84,"Ocala, FL, United States",2022-08-02,34.4,24.3,28.9,39.2,24.3,32.0,23.4,73.6,0.18,100,12.5,rain,0,0,50.0,13.2,195.4,1018.9,27.4,15.5,174.5,15.1,6,75,2022-08-02T06:49:42,2022-08-02T20:19:39,0.1,"Rain, Partially cloudy",Partly cloudy throughout the day with late afternoon rain.,rain,"KLEE,KOCF,72473700377,D0617,72221312819,72205512861,0576W",1063
85,"Ocala, FL, United States",2022-08-03,33.3,23.3,27.6,38.2,23.3,29.9,23.3,79.2,0.02,100,8.33,rain,0,0,22.7,16.2,150.4,1017.6,35.1,15.8,184.7,15.9,6,75,2022-08-03T06:50:17,2022-08-03T20:18:55,0.14,"Rain, Partially cloudy",Becoming cloudy in the afternoon with rain clearing later.,rain,"0713W,KLEE,KOCF,72473700377,72221312819,1326W,72205512861,0576W",1063
86,"Ocala, FL, United States",2022-08-04,34.2,22.9,28.0,37.3,22.9,30.0,22.2,73.8,0.44,100,8.33,rain,0,0,51.8,20.5,85.0,1018.6,9.6,15.9,207.9,17.8,6,60,2022-08-04T06:50:51,2022-08-04T20:18:09,0.2,Rain,Clear conditions throughout the day with late afternoon rain.,rain,"KLEE,KOCF,72473700377,72221312819,72205512861,0576W",1063
87,"Ocala, FL, United States",2022-08-05,33.8,23.8,27.6,38.9,23.8,30.0,23.2,78.2,0.22,100,8.33,rain,0,0,32.3,18.4,81.5,1019.9,27.5,15.8,172.0,14.8,6,100,2022-08-05T06:51:26,2022-08-05T20:17:22,0.25,"Rain, Partially cloudy",Partly cloudy throughout the day with rain.,rain,"KLEE,KOCF,72473700377,72221312819,72205512861,0576W",1063
88,"Ocala, FL, United States",2022-08-06,32.7,23.9,27.8,37.6,23.9,30.2,23.6,79.5,0.04,100,12.5,rain,0,0,44.6,12.6,100.0,1021.3,17.1,15.7,149.7,12.9,6,75,2022-08-06T06:52:00,2022-08-06T20:16:34,0.31,Rain,Clear conditions throughout the day with afternoon rain.,rain,"KLEE,KOCF,72473700377,72221312819,72065500235,72205512861,0576W",1063
89,"Ocala, FL, United States",2022-08-07,33.8,22.9,27.4,37.7,22.9,29.1,22.9,79.1,1.7,100,12.5,rain,0,0,53.6,20.1,75.5,1021.4,27.1,15.0,175.5,15.1,6,75,2022-08-07T06:52:35,2022-08-07T20:15:45,0.36,"Rain, Partially cloudy",Becoming cloudy in the afternoon with late afternoon rain.,rain,"KLEE,KOCF,72473700377,72221312819,72205512861,0576W",1063
90,"Ocala, FL, United States",2022-08-08,32.9,22.9,26.0,38.3,22.9,27.4,22.8,83.7,1.01,100,25.0,rain,0,0,55.4,14.9,88.2,1020.3,23.5,15.7,145.8,12.6,6,100,2022-08-08T06:53:09,2022-08-08T20:14:55,0.41,"Rain, Partially cloudy",Partly cloudy throughout the day with rain.,rain,"KLEE,KOCF,72473700377,72221312819,72205512861,0576W",1063
91,"Ocala, FL, United States",2022-08-09,33.8,23.4,27.8,37.6,23.4,30.0,23.1,78.1,0.0,0,0.0,rain,0,0,27.0,16.4,134.3,1020.4,15.8,15.9,197.9,16.9,6,75,2022-08-09T06:53:43,2022-08-09T20:14:03,0.45,Clear,Clear conditions throughout the day.,clear-day,"KLEE,KOCF,72473700377,72221312819,72065500235,72205512861,0576W",1063
92,"Ocala, FL, United States",2022-08-10,34.3,24.4,29.0,39.0,24.4,32.0,23.7,75.6,0.01,100,4.17,rain,0,0,76.0,17.8,97.0,1021.2,20.2,14.1,176.8,15.3,6,75,2022-08-10T06:54:17,2022-08-10T20:13:11,0.48,"Rain, Partially cloudy",Partly cloudy throughout the day with late afternoon rain.,rain,"KLEE,0152W,KOCF,72473700377,72221312819,72205512861,0576W",1063
93,"Ocala, FL, United States",2022-08-11,30.0,23.9,27.0,33.7,23.9,28.7,22.4,76.8,0.03,100,12.5,rain,0,0,23.8,11.1,125.7,1020.0,15.4,15.9,125.8,10.9,5,75,2022-08-11T06:54:51,2022-08-11T20:12:18,0.5,Rain,Clear conditions throughout the day with rain.,rain,"KLEE,KOCF,72473700377,72221312819,72205512861,0576W",1063
94,"Ocala, FL, United States",2022-08-12,32.8,23.8,26.6,37.0,23.8,28.0,22.6,79.4,1.86,100,4.17,rain,0,0,26.6,16.6,101.5,1018.2,32.2,15.8,144.3,12.6,6,75,2022-08-12T06:55:25,2022-08-12T20:11:23,0.5,"Rain, Partially cloudy",Partly cloudy throughout the day with late afternoon rain.,rain,"0713W,KLEE,KOCF,72473700377,72221312819,72205512861,0576W",1063
95,"Ocala, FL, United States",2022-08-13,31.7,22.9,26.5,35.6,22.9,28.1,22.9,82.4,4.59,100,8.33,rain,0,0,25.2,12.7,151.1,1017.0,63.9,15.5,137.2,11.8,5,75,2022-08-13T06:55:59,2022-08-13T20:10:28,0.52,"Rain, Partially cloudy",Partly cloudy throughout the day with rain.,rain,"KLEE,KOCF,72473700377,72221312819,72205512861,0576W",1063
96,"Ocala, FL, United States",2022-08-14,31.6,22.8,25.9,35.1,22.8,26.8,22.9,85.3,2.4,100,25.0,rain,0,0,24.1,13.1,62.4,1015.7,62.9,15.3,157.3,13.4,6,75,2022-08-14T06:56:33,2022-08-14T20:09:32,0.54,"Rain, Partially cloudy",Partly cloudy throughout the day with rain.,rain,"KLEE,KOCF,72473700377,72221312819,1326W,72205512861,0576W",1063
97,"Ocala, FL, United States",2022-08-15,33.8,21.8,27.3,34.5,21.8,27.9,20.0,68.4,0.01,100,4.17,rain,0,0,13.3,11.1,110.5,1014.1,19.6,15.9,221.3,19.0,8,60,2022-08-15T06:57:06,2022-08-15T20:08:35,0.58,Rain,Clear conditions throughout the day with morning rain.,rain,"0713W,KLEE,KOCF,72473700377,72221312819,72065500235,72205512861,0576W",1063
98,"Ocala, FL, United States",2022-08-16,32.9,21.2,27.4,36.6,21.2,29.2,22.0,74.6,0.0,0,0.0,rain,0,0,27.0,18.0,198.4,1013.3,10.5,15.7,181.5,15.6,6,75,2022-08-16T06:57:39,2022-08-16T20:07:37,0.62,Clear,Clear conditions throughout the day.,clear-day,"KLEE,KOCF,72473700377,72221312819,72065500235,72205512861,0576W",1063
99,"Ocala, FL, United States",2022-08-17,33.6,23.4,26.7,39.9,23.4,28.5,23.5,83.7,3.23,100,16.67,rain,0,0,38.9,14.5,247.0,1013.7,29.4,15.0,139.0,12.1,6,100,2022-08-17T06:58:13,2022-08-17T20:06:38,0.67,"Rain, Partially cloudy",Partly cloudy throughout the day with rain.,rain,"KLEE,KOCF,72473700377,72221312819,72205512861,0576W",1063
100,"Ocala, FL, United States",2022-08-18,31.6,21.8,24.6,37.9,21.8,25.3,22.8,89.9,1.11,100,29.17,rain,0,0,47.9,17.2,88.0,1014.7,26.8,15.3,109.7,9.4,6,75,2022-08-18T06:58:46,2022-08-18T20:05:38,0.72,"Rain, Partially cloudy",Partly cloudy throughout the day with rain.,rain,"KLEE,KOCF,72473700377,72221312819,72065500235,72205512861,0576W",1063
101,"Ocala, FL, United States",2022-08-19,32.8,22.9,26.3,39.4,22.9,28.3,23.5,85.6,0.07,100,29.17,rain,0,0,35.3,12.7,185.7,1016.7,17.9,13.5,134.0,11.5,5,75,2022-08-19T06:59:19,2022-08-19T20:04:37,0.77,Rain,Clear conditions throughout the day with a chance of rain throughout the day.,rain,"KLEE,KOCF,72473700377,72221312819,72205512861,0576W",1063
102,"Ocala, FL, United States",2022-08-20,35.6,22.8,28.1,40.5,22.8,30.3,23.0,76.7,0.19,100,66.67,rain,0,0,32.4,12.6,82.8,1019.6,17.2,15.8,177.8,15.4,6,75,2022-08-20T06:59:51,2022-08-20T20:03:36,0.82,Rain,Clear conditions throughout the day with a chance of rain throughout the day.,rain,"KLEE,KOCF,72473700377,72221312819,72205512861,0576W",1063
103,"Ocala, FL, United States",2022-08-21,34.3,23.8,26.8,39.5,23.8,28.5,23.4,83.0,0.08,100,33.33,rain,0,0,60.0,19.8,88.3,1019.3,23.2,15.5,139.5,12.1,6,100,2022-08-21T07:00:24,2022-08-21T20:02:34,0.86,"Rain, Partially cloudy",Becoming cloudy in the afternoon with a chance of rain throughout the day.,rain,"KLEE,0152W,KOCF,72473700377,72221312819,72205512861,0576W",1063
104,"Ocala, FL, United States",2022-08-22,31.2,23.9,25.9,37.1,23.9,27.1,23.7,88.5,0.09,100,37.5,rain,0,0,31.3,12.6,112.6,1016.8,23.8,15.7,90.7,7.8,6,75,2022-08-22T07:00:56,2022-08-22T20:01:31,0.9,"Rain, Partially cloudy",Becoming cloudy in the afternoon with a chance of rain throughout the day.,rain,"KLEE,KOCF,72473700377,72221312819,72205512861,0576W",1063
105,"Ocala, FL, United States",2022-08-23,33.0,22.9,26.3,38.2,22.9,27.9,23.3,85.2,0.07,100,29.17,rain,0,0,19.8,14.9,126.0,1014.8,28.3,15.9,150.5,13.1,6,75,2022-08-23T07:01:29,2022-08-23T20:00:27,0.94,"Rain, Partially cloudy",Partly cloudy throughout the day with a chance of rain throughout the day.,rain,"KLEE,KOCF,72473700377,72221312819,72065500235,72205512861,0576W",1063
106,"Ocala, FL, United States",2022-08-24,34.3,22.9,26.9,39.6,22.9,29.0,23.6,84.4,4.24,100,29.17,rain,0,0,37.1,10.8,91.3,1015.8,32.7,14.7,172.7,15.0,6,75,2022-08-24T07:02:01,2022-08-24T19:59:23,0.97,"Rain, Partially cloudy",Partly cloudy throughout the day with a chance of rain throughout the day.,rain,"KLEE,KOCF,72473700377,72221312819,72065500235,72205512861,0576W",1063
107,"Ocala, FL, United States",2022-08-25,33.8,22.2,26.4,40.2,22.2,28.5,23.5,86.0,7.25,100,45.83,rain,0,0,29.2,16.3,110.1,1017.3,35.8,15.6,179.1,15.5,6,100,2022-08-25T07:02:33,2022-08-25T19:58:18,0.99,"Rain, Partially cloudy",Becoming cloudy in the afternoon with a chance of rain throughout the day.,rain,"0713W,KLEE,0152W,72473700377,KOCF,72221312819,72065500235,72205512861,0576W",1063
108,"Ocala, FL, United States",2022-08-26,33.3,22.9,26.8,39.4,22.9,28.9,23.6,84.4,1.07,100,16.67,rain,0,0,37.1,14.7,117.1,1016.4,33.0,16.0,166.3,14.4,6,100,2022-08-26T07:03:05,2022-08-26T19:57:12,1.0,"Rain, Partially cloudy",Becoming cloudy in the afternoon with rain.,rain,"KLEE,KOCF,72473700377,72221312819,72205512861,0576W",1063
109,"Ocala, FL, United States",2022-08-27,32.1,23.2,26.1,38.5,23.2,28.0,24.0,89.0,0.66,100,25.0,rain,0,0,37.1,26.2,147.4,1015.0,58.8,15.8,134.5,11.6,4,100,2022-08-27T07:03:36,2022-08-27T19:56:06,0.0,"Rain, Partially cloudy",Partly cloudy throughout the day with rain.,rain,"KLEE,KOCF,72473700377,72221312819,72205512861,0576W",1063
110,"Ocala, FL, United States",2022-08-28,31.2,22.9,26.1,36.6,22.9,28.2,23.8,88.4,4.99,100,66.67,rain,0,0,46.4,18.4,72.2,1014.8,76.0,13.2,123.5,10.6,6,100,2022-08-28T07:04:08,2022-08-28T19:54:59,0.01,"Rain, Partially cloudy",Partly cloudy throughout the day with a chance of rain throughout the day.,rain,"KLEE,KOCF,72473700377,72221312819,72205512861,0576W",1063
111,"Ocala, FL, United States",2022-08-29,31.7,22.9,26.1,37.3,22.9,27.7,23.8,88.5,1.91,100,83.33,rain,0,0,23.0,14.6,98.4,1015.4,67.9,15.8,126.9,10.8,6,75,2022-08-29T07:04:39,2022-08-29T19:53:51,0.02,"Rain, Partially cloudy",Partly cloudy throughout the day with a chance of rain throughout the day.,rain,"KLEE,KOCF,72473700377,72221312819,72205512861,0576W",1063
112,"Ocala, FL, United States",2022-08-30,30.5,24.4,26.5,37.1,24.4,28.5,24.6,89.8,0.48,100,95.83,rain,0,0,29.5,16.0,85.3,1015.4,37.9,16.0,107.4,9.4,6,75,2022-08-30T07:05:11,2022-08-30T19:52:43,0.05,"Rain, Partially cloudy",Partly cloudy throughout the day with a chance of rain throughout the day.,rain,"KLEE,KOCF,72473700377,72221312819,72065500235,72205512861,0576W",1063
113,"Ocala, FL, United States",2022-08-31,32.1,23.9,27.5,38.5,23.9,30.2,24.1,83.3,0.95,100,95.83,rain,0,0,47.2,14.6,159.1,1015.5,25.9,15.9,168.7,14.8,5,75,2022-08-31T07:05:42,2022-08-31T19:51:35,0.09,"Rain, Partially cloudy",Partly cloudy throughout the day with a chance of rain throughout the day.,rain,"KLEE,KOCF,72473700377,72221312819,72205512861,0576W",1063
114,"Ocala, FL, United States",2022-09-01,33.3,22.3,25.6,37.9,22.3,26.8,22.7,85.5,2.49,100,83.33,rain,0,0,53.6,17.8,116.7,1015.7,28.9,15.4,126.4,10.9,6,60,2022-09-01T07:06:13,2022-09-01T19:50:26,0.13,"Rain, Partially cloudy",Becoming cloudy in the afternoon with a chance of rain throughout the day.,rain,"KLEE,KOCF,72473700377,72065500235,72221312819,1326W,72205512861,0576W",1063
115,"Ocala, FL, United States",2022-09-02,31.1,21.8,25.4,36.1,21.8,26.8,22.8,86.2,0.26,100,20.83,rain,0,0,57.2,25.5,87.0,1017.6,23.9,15.6,159.0,13.9,5,60,2022-09-02T07:06:44,2022-09-02T19:49:16,0.18,"Rain, Partially cloudy",Becoming cloudy in the afternoon with rain.,rain,"KLEE,KOCF,72473700377,72221312819,72205512861,0576W",1063
116,"Ocala, FL, United States",2022-09-03,32.8,22.9,26.9,37.3,22.9,28.8,22.9,80.7,0.02,100,4.17,rain,0,0,25.9,16.5,58.9,1018.2,29.8,15.9,183.5,15.9,6,75,2022-09-03T07:07:15,2022-09-03T19:48:06,0.24,"Rain, Partially cloudy",Becoming cloudy in the afternoon with late afternoon rain.,rain,"KLEE,KOCF,72473700377,72221312819,72065500235,72205512861,0576W",1063
117,"Ocala, FL, United States",2022-09-04,32.2,24.4,27.4,38.0,24.4,29.9,23.7,81.8,0.0,0,0.0,,0,0,22.7,16.0,86.9,1016.4,32.7,15.9,149.8,12.9,6,75,2022-09-04T07:07:46,2022-09-04T19:46:56,0.29,Partially cloudy,Becoming cloudy in the afternoon.,partly-cloudy-day,"KLEE,KOCF,72473700377,72221312819,72065500235,72205512861,0576W",1063
118,"Ocala, FL, United States",2022-09-05,33.8,23.8,28.4,39.5,23.8,31.2,23.6,77.4,0.0,0,0.0,rain,0,0,27.4,10.8,129.2,1016.3,28.7,15.9,172.1,15.0,6,60,2022-09-05T07:08:17,2022-09-05T19:45:45,0.35,Partially cloudy,Partly cloudy throughout the day.,partly-cloudy-day,"KLEE,KOCF,72473700377,72221312819,72205512861,0576W",1063
119,"Ocala, FL, United States",2022-09-06,34.2,23.9,28.6,40.2,23.9,31.7,23.7,76.8,0.0,0,0.0,,0,0,22.7,17.7,198.3,1017.1,31.2,15.9,184.7,15.9,5,75,2022-09-06T07:08:47,2022-09-06T19:44:34,0.4,Partially cloudy,Becoming cloudy in the afternoon.,partly-cloudy-day,"KLEE,KOCF,72473700377,72221312819,72065500235,72205512861,0576W",1063
120,"Ocala, FL, United States",2022-09-07,33.8,22.9,27.5,38.9,22.9,29.6,22.9,78.3,0.14,100,12.5,rain,0,0,29.5,11.1,168.6,1014.1,25.6,15.9,160.7,13.8,5,75,2022-09-07T07:09:18,2022-09-07T19:43:23,0.44,"Rain, Partially cloudy",Becoming cloudy in the afternoon with late afternoon rain.,rain,"KLEE,KOCF,72473700377,72221312819,72205512861,0576W",1063
121,"Ocala, FL, United States",2022-09-08,25.6,22.8,23.9,25.6,22.8,23.9,22.9,94.2,0.35,100,37.5,rain,0,0,24.5,9.7,122.3,1009.2,47.5,15.5,38.9,3.4,2,30,2022-09-08T07:09:48,2022-09-08T19:42:11,0.47,"Rain, Partially cloudy",Partly cloudy throughout the day with a chance of rain throughout the day.,rain,"KLEE,KOCF,72473700377,D0617,72221312819,72065500235,72205512861,0576W",1063
122,"Ocala, FL, United States",2022-09-09,30.6,22.2,25.1,35.3,22.2,26.0,23.1,88.9,0.11,100,8.33,rain,0,0,18.0,16.1,140.8,1009.5,61.9,15.9,123.0,10.7,5,60,2022-09-09T07:10:19,2022-09-09T19:40:59,0.49,"Rain, Partially cloudy",Partly cloudy throughout the day with afternoon rain.,rain,"KLEE,KOCF,72473700377,72221312819,72065500235,72205512861,0576W",1063
123,"Ocala, FL, United States",2022-09-10,30.7,23.4,25.4,37.2,23.4,26.4,23.6,90.8,0.13,100,8.33,rain,0,0,25.9,16.2,121.7,1016.2,23.8,15.6,89.7,7.5,5,60,2022-09-10T07:10:49,2022-09-10T19:39:46,0.5,"Rain, Partially cloudy",Partly cloudy throughout the day with afternoon rain.,rain,"KLEE,KOCF,72473700377,72221312819,72205512861,0576W",1063
124,"Ocala, FL, United States",2022-09-11,32.8,22.2,25.7,39.4,22.2,27.1,23.5,89.1,0.21,100,12.5,rain,0,0,47.2,25.0,106.8,1018.4,21.1,15.4,144.2,12.4,6,75,2022-09-11T07:11:20,2022-09-11T19:38:34,0.51,"Rain, Partially cloudy",Becoming cloudy in the afternoon with afternoon rain.,rain,"0713W,KLEE,KOCF,72473700377,72221312819,72205512861,0576W",1063
125,"Ocala, FL, United States",2022-09-12,31.2,22.9,25.5,36.5,22.9,26.8,23.4,89.1,0.37,100,8.33,rain,0,0,50.0,28.5,201.2,1015.2,24.3,15.0,144.6,12.5,5,75,2022-09-12T07:11:50,2022-09-12T19:37:21,0.53,"Rain, Partially cloudy",Becoming cloudy in the afternoon with rain.,rain,"KLEE,KOCF,72473700377,72221312819,72205512861,0576W",1063
126,"Ocala, FL, United States",2022-09-13,30.6,22.9,25.6,35.8,22.9,27.0,23.4,88.6,0.19,100,12.5,rain,0,0,20.2,10.9,154.6,1013.5,42.0,15.9,122.5,10.6,5,75,2022-09-13T07:12:21,2022-09-13T19:36:08,0.56,"Rain, Partially cloudy",Partly cloudy throughout the day with rain.,rain,"KLEE,KOCF,72473700377,72221312819,72065500235,72205512861,0576W",1063
127,"Ocala, FL, United States",2022-09-14,29.4,22.8,25.5,34.0,22.8,26.9,23.0,87.3,0.29,100,20.83,rain,0,0,48.2,16.0,155.0,1015.0,45.0,15.0,115.2,9.9,5,60,2022-09-14T07:12:51,2022-09-14T19:34:55,0.6,"Rain, Partially cloudy",Becoming cloudy in the afternoon with late afternoon rain.,rain,"KLEE,KOCF,72473700377,72221312819,72205512861,0576W",1063
128,"Ocala, FL, United States",2022-09-15,30.7,21.7,24.5,34.3,21.7,25.2,22.5,89.7,0.14,100,12.5,rain,0,0,31.7,19.8,107.8,1017.4,62.8,13.5,122.2,10.6,5,60,2022-09-15T07:13:22,2022-09-15T19:33:42,0.64,"Rain, Partially cloudy",Partly cloudy throughout the day with rain.,rain,"KLEE,KOCF,72473700377,72221312819,72205512861,0576W",1063
129,"Ocala, FL, United States",2022-09-16,30.7,21.8,25.0,34.9,21.8,26.0,22.9,88.7,0.09,100,20.83,rain,0,0,53.6,22.4,64.0,1018.4,39.8,15.9,112.3,9.4,5,75,2022-09-16T07:13:52,2022-09-16T19:32:29,0.69,"Rain, Partially cloudy",Partly cloudy throughout the day with rain.,rain,"KLEE,0152W,KOCF,72473700377,72221312819,1326W,72205512861,0576W",1063
130,"Ocala, FL, United States",2022-09-17,28.4,21.8,24.1,31.7,21.8,24.5,22.7,92.4,0.21,100,12.5,rain,0,0,33.5,19.6,65.0,1018.3,37.7,15.3,101.6,8.8,6,30,2022-09-17T07:14:23,2022-09-17T19:31:15,0.74,"Rain, Partially cloudy",Partly cloudy throughout the day with afternoon rain.,rain,"KLEE,KOCF,72473700377,72221312819,72205512861,0576W",1063
131,"Ocala, FL, United States",2022-09-18,27.8,21.7,23.9,30.5,21.7,24.4,22.6,92.8,0.0,0,0.0,rain,0,0,28.4,12.5,185.8,1015.3,83.6,12.8,87.9,7.8,6,60,2022-09-18T07:14:53,2022-09-18T19:30:02,0.78,Partially cloudy,Partly cloudy throughout the day.,partly-cloudy-day,"KLEE,KOCF,72473700377,D0617,72221312819,72205512861,0576W",1063
132,"Ocala, FL, United States",2022-09-19,30.0,22.9,25.7,34.0,22.9,26.7,23.0,86.2,0.01,100,4.17,rain,0,0,25.9,14.8,61.2,1014.1,74.2,15.4,126.6,11.0,6,75,2022-09-19T07:15:24,2022-09-19T19:28:49,0.83,"Rain, Partially cloudy",Partly cloudy throughout the day with late afternoon rain.,rain,"KLEE,KOCF,72473700377,72221312819,72205512861,0576W",1063
133,"Ocala, FL, United States",2022-09-20,31.7,22.9,26.4,36.4,22.9,27.9,23.3,84.4,0.07,100,8.33,rain,0,0,25.9,16.6,92.2,1014.4,28.3,15.9,160.6,13.7,5,75,2022-09-20T07:15:55,2022-09-20T19:27:35,0.87,"Rain, Partially cloudy",Partly cloudy throughout the day with late afternoon rain.,rain,"KLEE,KOCF,72473700377,72221312819,72065500235,72205512861,0576W",1063
134,"Ocala, FL, United States",2022-09-21,32.2,21.1,26.4,34.0,21.1,27.4,21.5,77.6,0.02,100,8.33,rain,0,0,35.3,16.2,129.5,1013.3,14.2,14.7,164.9,14.3,5,30,2022-09-21T07:16:26,2022-09-21T19:26:22,0.91,Rain,Clear conditions throughout the day with afternoon rain.,rain,"KLEE,KOCF,72473700377,72221312819,72065500235,72205512861,0576W",1063
135,"Ocala, FL, United States",2022-09-22,32.8,21.8,26.5,35.1,21.8,27.6,21.5,77.3,0.0,0,0.0,,0,0,19.4,12.9,233.4,1012.0,6.7,14.0,174.3,15.3,5,30,2022-09-22T07:16:57,2022-09-22T19:25:08,0.95,Clear,Clear conditions throughout the day.,clear-day,"KLEE,KOCF,72473700377,72221312819,72065500235,72205512861,0576W",1063
136,"Ocala, FL, United States",2022-09-23,29.4,22.9,25.9,33.6,22.9,27.3,22.2,81.1,0.0,0,0.0,,0,0,33.5,22.1,146.2,1014.0,28.4,15.7,135.5,11.7,5,30,2022-09-23T07:17:28,2022-09-23T19:23:55,0.97,Partially cloudy,Partly cloudy throughout the day.,partly-cloudy-day,"KLEE,KOCF,72473700377,72221312819,72065500235,72205512861,0576W",1063
137,"Ocala, FL, United States",2022-09-24,30.7,20.7,25.0,31.7,20.7,25.4,18.9,70.9,0.0,0,0.0,rain,0,0,31.7,18.0,57.3,1016.7,20.3,15.9,157.1,13.5,5,10,2022-09-24T07:17:59,2022-09-24T19:22:42,0.99,Partially cloudy,Becoming cloudy in the afternoon.,partly-cloudy-day,"KLEE,KOCF,72473700377,72221312819,72065500235,72205512861,0576W",1063
138,"Ocala, FL, United States",2022-09-25,31.7,19.0,25.2,34.3,19.0,25.9,19.7,73.9,0.0,0,0.0,rain,0,0,25.2,9.2,109.4,1014.1,32.3,15.9,169.6,14.5,5,10,2022-09-25T07:18:30,2022-09-25T19:21:29,1.0,Partially cloudy,Partly cloudy throughout the day.,partly-cloudy-day,"0713W,KLEE,KOCF,72473700377,72221312819,72065500235,72205512861,0576W",1063
139,"Ocala, FL, United States",2022-09-26,32.8,20.7,26.7,34.4,20.7,27.8,20.6,72.8,0.0,0,0.0,rain,0,0,18.7,18.1,157.8,1012.6,14.6,15.9,171.1,14.9,5,60,2022-09-26T07:19:02,2022-09-26T19:20:16,0.0,Clear,Clear conditions throughout the day.,clear-day,"KLEE,KOCF,72473700377,72221312819,72065500235,72205512861,0576W",1063
140,"Ocala, FL, United States",2022-09-27,29.9,22.2,25.2,33.0,22.2,26.0,20.6,77.0,0.73,100,12.5,rain,0,0,44.6,17.9,46.7,1013.1,26.2,15.9,108.4,9.3,4,60,2022-09-27T07:19:34,2022-09-27T19:19:04,0.01,"Rain, Partially cloudy",Becoming cloudy in the afternoon with rain.,rain,"KLEE,KOCF,72473700377,72221312819,72065500235,72205512861,0576W",1063
141,"Ocala, FL, United States",2022-09-28,24.3,17.3,21.9,24.3,17.3,21.9,19.6,87.4,0.96,100,87.5,rain,0,0,51.5,31.7,32.5,1010.4,95.6,15.1,23.8,2.0,1,10,2022-09-28T07:20:06,2022-09-28T19:17:51,0.04,"Rain, Overcast",Cloudy skies throughout the day with a chance of rain throughout the day.,rain,"KLEE,KOCF,72473700377,D0617,72221312819,72065500235,72205512861,0576W",1063
142,"Ocala, FL, United States",2022-09-29,21.2,17.3,19.2,21.2,17.3,19.2,16.2,83.6,0.48,100,25.0,rain,0,0,74.9,46.4,248.9,1006.6,100.0,15.6,40.8,3.4,2,10,2022-09-29T07:20:38,2022-09-29T19:16:39,0.07,"Rain, Overcast",Cloudy skies throughout the day with a chance of rain throughout the day.,rain,"0713W,KLEE,KOCF,72473700377,72221312819,72065500235,72205512861,0576W",1063
143,"Ocala, FL, United States",2022-09-30,26.8,17.3,20.7,27.4,17.3,20.7,15.4,72.2,0.0,0,0.0,,0,0,52.9,27.7,258.9,1009.5,53.3,16.7,175.0,15.2,5,10,2022-09-30T07:21:10,2022-09-30T19:15:27,0.12,Partially cloudy,Partly cloudy throughout the day.,partly-cloudy-day,"KLEE,KOCF,0576W",1063
