,name,datetime,tempmax,tempmin,temp,feelslikemax,feelslikemin,feelslike,dew,humidity,precip,precipprob,precipcover,preciptype,snow,snowdepth,windgust,windspeed,winddir,sealevelpressure,cloudcover,visibility,solarradiation,solarenergy,uvindex,severerisk,sunrise,sunset,moonphase,conditions,description,icon,stations,skey
0,"Stuart, FL, United States",2022-05-10,27.0,21.0,23.8,27.4,21.0,23.9,14.6,56.8,0.0,0.0,0.0,rain,0,0,45.8,26.3,93.7,1017.8,49.7,16.0,280.5,24.3,10,10,2022-05-10T06:35:46,2022-05-10T19:59:30,0.32,Partially cloudy,Partly cloudy throughout the day.,partly-cloudy-day,"72203012844,72218992815,KSUA,72210312895,KVRB,0202W,KFPR,74793012843,KPBI",1069
1,"Stuart, FL, United States",2022-05-11,27.0,19.0,22.8,27.5,19.0,22.8,16.1,67.2,5.2,100.0,8.33,rain,0,0,51.5,33.0,183.1,1016.0,56.8,15.1,311.1,26.9,9,10,2022-05-11T06:35:08,2022-05-11T20:00:04,0.37,"Rain, Partially cloudy",Partly cloudy throughout the day with late afternoon rain.,rain,"72203012844,72218992815,KSUA,72210312895,KVRB,0202W,KFPR,74793012843,KPBI",1069
2,"Stuart, FL, United States",2022-05-12,26.1,19.0,22.7,26.1,19.0,22.7,17.9,75.5,7.08,100.0,16.67,rain,0,0,36.3,20.7,150.0,1013.9,65.9,13.3,272.9,23.6,10,60,2022-05-12T06:34:31,2022-05-12T20:00:38,0.41,"Rain, Partially cloudy",Partly cloudy throughout the day with early morning rain.,rain,"72203012844,72218992815,KSUA,72210312895,KVRB,0202W,KFPR,74793012843,KPBI",1069
3,"Stuart, FL, United States",2022-05-13,27.0,17.8,23.1,28.2,17.8,23.2,19.1,78.8,0.07,100.0,12.5,rain,0,0,25.9,23.7,150.3,1014.3,63.0,13.8,201.8,17.5,10,60,2022-05-13T06:33:56,2022-05-13T20:01:12,0.45,"Rain, Partially cloudy",Partly cloudy throughout the day with afternoon rain.,rain,"72203012844,72218992815,KSUA,72210312895,KVRB,0202W,KFPR,74793012843,KPBI",1069
4,"Stuart, FL, United States",2022-05-14,29.2,19.0,24.8,30.9,19.0,25.6,20.0,75.7,0.0,0.0,0.0,rain,0,0,29.9,22.4,104.9,1014.5,37.7,13.8,273.0,23.6,10,75,2022-05-14T06:33:22,2022-05-14T20:01:46,0.48,Partially cloudy,Partly cloudy throughout the day.,partly-cloudy-day,"72203012844,72218992815,KSUA,F3002,72210312895,KVRB,0202W,KFPR,74793012843,KPBI",1069
5,"Stuart, FL, United States",2022-05-15,30.6,23.0,26.5,32.3,23.0,27.4,21.2,73.5,0.01,100.0,4.17,rain,0,0,42.1,30.2,113.0,1013.7,34.3,15.8,240.7,20.7,10,75,2022-05-15T06:32:49,2022-05-15T20:02:20,0.5,"Rain, Partially cloudy",Partly cloudy throughout the day with early morning rain.,rain,"72203012844,72218992815,KSUA,72210312895,KVRB,0202W,KFPR,74793012843,KPBI",1069
6,"Stuart, FL, United States",2022-05-16,33.0,22.0,26.8,32.6,22.0,26.9,18.9,64.9,0.0,0.0,0.0,rain,0,0,39.6,28.8,216.4,1013.3,20.0,16.0,294.7,25.5,10,60,2022-05-16T06:32:17,2022-05-16T20:02:54,0.5,Clear,Partly cloudy throughout the day.,clear-day,"72203012844,72218992815,KSUA,72210312895,KVRB,0202W,KFPR,74793012843",1069
7,"Stuart, FL, United States",2022-05-17,30.1,20.9,26.2,32.4,20.9,27.2,20.1,70.0,0.0,0.0,0.0,,0,0,32.8,22.5,193.6,1015.3,10.1,16.0,301.5,26.2,10,60,2022-05-17T06:31:46,2022-05-17T20:03:28,0.52,Clear,Clear conditions throughout the day.,clear-day,"72203012844,72218992815,KSUA,F3002,72210312895,KVRB,0202W,KFPR,74793012843,KPBI",1069
8,"Stuart, FL, United States",2022-05-18,31.1,23.0,27.2,33.9,23.0,28.7,21.2,70.5,0.0,0.0,0.0,,0,0,27.4,22.3,174.8,1016.5,19.5,14.2,297.6,25.7,10,60,2022-05-18T06:31:17,2022-05-18T20:04:01,0.54,Clear,Clear conditions throughout the day.,clear-day,"72203012844,72218992815,KSUA,72210312895,KVRB,0202W,KFPR,74793012843,KPBI",1069
9,"Stuart, FL, United States",2022-05-19,31.1,23.9,27.6,33.9,23.9,29.2,21.6,70.8,0.01,100.0,4.17,rain,0,0,41.8,25.6,162.2,1015.8,20.9,14.4,235.5,20.3,9,75,2022-05-19T06:30:49,2022-05-19T20:04:35,0.58,"Rain, Partially cloudy",Partly cloudy throughout the day with late afternoon rain.,rain,"72203012844,72218992815,KSUA,72210312895,KVRB,0202W,KFPR,74793012843",1069
10,"Stuart, FL, United States",2022-05-20,30.0,22.9,25.3,33.4,22.9,25.8,21.5,79.7,0.87,100.0,37.5,rain,0,0,64.8,24.4,135.4,1017.9,60.3,12.9,113.5,9.6,9,75,2022-05-20T06:30:22,2022-05-20T20:05:08,0.63,"Rain, Partially cloudy",Partly cloudy throughout the day with rain.,rain,"72203012844,72218992815,KSUA,F3002,72210312895,KVRB,0202W,KFPR,74793012843",1069
11,"Stuart, FL, United States",2022-05-21,31.0,22.9,27.3,36.7,22.9,29.8,22.9,77.6,0.29,100.0,4.17,rain,0,0,46.4,31.7,133.4,1021.2,48.8,11.1,237.8,20.3,10,100,2022-05-21T06:29:56,2022-05-21T20:05:41,0.68,"Rain, Partially cloudy",Partly cloudy throughout the day with early morning rain.,rain,"72203012844,72218992815,KSUA,72210312895,KVRB,0202W,KFPR,74793012843",1069
12,"Stuart, FL, United States",2022-05-22,31.0,26.0,27.8,35.6,26.0,29.9,22.7,74.3,0.0,0.0,0.0,rain,0,0,42.5,26.1,127.3,1022.3,39.2,12.3,301.0,26.0,10,100,2022-05-22T06:29:32,2022-05-22T20:06:14,0.74,Partially cloudy,Partly cloudy throughout the day.,partly-cloudy-day,"72203012844,72218992815,KSUA,72210312895,KVRB,0202W,KFPR,74793012843",1069
13,"Stuart, FL, United States",2022-05-23,30.1,23.9,27.2,33.4,23.9,28.5,21.5,71.7,0.0,0.0,0.0,rain,0,0,37.1,27.7,128.5,1019.8,38.2,15.0,316.7,27.4,9,60,2022-05-23T06:29:09,2022-05-23T20:06:47,0.79,Partially cloudy,Partly cloudy throughout the day.,partly-cloudy-day,"72203012844,72218992815,KSUA,F3002,72210312895,KVRB,0202W,KFPR,74793012843",1069
14,"Stuart, FL, United States",2022-05-24,30.1,24.8,27.2,32.0,24.8,28.1,20.4,67.1,0.0,0.0,0.0,rain,0,0,38.9,27.8,127.2,1018.0,26.0,14.5,306.6,26.5,10,30,2022-05-24T06:28:47,2022-05-24T20:07:19,0.85,Partially cloudy,Partly cloudy throughout the day.,partly-cloudy-day,"72203012844,72218992815,KSUA,72210312895,KVRB,0202W,KFPR,74793012843",1069
15,"Stuart, FL, United States",2022-05-25,30.1,24.0,27.0,33.4,24.0,28.3,20.8,69.5,0.0,0.0,0.0,rain,0,0,51.8,27.7,112.0,1018.9,46.9,15.2,201.9,17.4,10,60,2022-05-25T06:28:27,2022-05-25T20:07:51,0.89,Partially cloudy,Becoming cloudy in the afternoon.,partly-cloudy-day,"72203012844,72218992815,KSUA,72210312895,KVRB,0202W,KFPR,74793012843",1069
16,"Stuart, FL, United States",2022-05-26,30.1,24.9,27.3,32.6,24.9,28.1,20.4,66.8,0.01,100.0,4.17,rain,0,0,48.1,29.5,129.9,1019.2,25.8,14.1,316.2,27.3,9,60,2022-05-26T06:28:08,2022-05-26T20:08:23,0.93,"Rain, Partially cloudy",Partly cloudy throughout the day with early morning rain.,rain,"72203012844,72218992815,KSUA,F3002,72210312895,KVRB,0202W,KFPR,74793012843",1069
17,"Stuart, FL, United States",2022-05-27,31.1,23.9,27.2,34.7,23.9,28.7,21.3,70.9,0.02,100.0,4.17,rain,0,0,51.3,32.7,148.7,1016.1,51.0,13.1,231.3,19.9,10,75,2022-05-27T06:27:50,2022-05-27T20:08:54,0.96,"Rain, Partially cloudy",Partly cloudy throughout the day with afternoon rain.,rain,"72203012844,72218992815,KSUA,F3002,72210312895,KVRB,0202W,KFPR,74793012843,KPBI",1069
18,"Stuart, FL, United States",2022-05-28,32.3,23.9,27.4,35.8,23.9,28.6,20.9,69.0,0.43,100.0,16.67,rain,0,0,30.2,25.6,180.6,1014.1,58.0,13.1,259.0,22.5,10,75,2022-05-28T06:27:33,2022-05-28T20:09:25,0.99,"Rain, Partially cloudy",Partly cloudy throughout the day with a chance of rain throughout the day.,rain,"72203012844,72218992815,KSUA,F3002,72210312895,KVRB,0202W,KFPR,74793012843,KPBI",1069
19,"Stuart, FL, United States",2022-05-29,31.0,22.4,25.9,34.3,22.4,26.8,20.4,72.7,0.22,100.0,8.33,rain,0,0,59.0,23.2,183.0,1015.0,18.0,15.8,193.0,16.6,8,100,2022-05-29T06:27:18,2022-05-29T20:09:56,1.0,Rain,Clear conditions throughout the day with late afternoon rain.,rain,"72203012844,KOBE,72218992815,KSUA,72210312895,KVRB,0202W,72226100360,KFPR,74793012843,KPBI",1069
20,"Stuart, FL, United States",2022-05-30,28.0,22.9,25.3,30.7,22.9,25.8,20.0,72.7,0.19,100.0,8.33,rain,0,0,42.5,22.3,159.2,1017.3,31.5,16.0,227.5,19.6,10,30,2022-05-30T06:27:04,2022-05-30T20:10:26,0.0,"Rain, Partially cloudy",Partly cloudy throughout the day with rain in the morning and afternoon.,rain,"72203012844,72218992815,KSUA,72210312895,KVRB,0202W,KFPR,74793012843,KPBI",1069
21,"Stuart, FL, United States",2022-05-31,29.1,21.9,26.2,31.6,21.9,27.2,20.6,72.0,0.0,0.0,0.0,,0,0,33.5,19.8,75.6,1016.7,40.9,16.0,300.1,25.8,10,60,2022-05-31T06:26:51,2022-05-31T20:10:55,0.0,Partially cloudy,Partly cloudy throughout the day.,partly-cloudy-day,"72203012844,72218992815,KSUA,72210312895,KVRB,0202W,KFPR,74793012843,KPBI",1069
22,"Stuart, FL, United States",2022-06-01,28.0,24.9,25.9,30.1,24.9,26.2,21.0,74.4,1.57,100.0,54.17,rain,0,0,37.1,27.1,88.6,1014.1,66.9,13.5,91.4,7.8,4,60,2022-06-01T06:26:40,2022-06-01T20:11:25,0.02,"Rain, Partially cloudy",Partly cloudy throughout the day with rain.,rain,"72203012844,72218992815,KSUA,F3002,72210312895,KVRB,0202W,KFPR,74793012843,KPBI",1069
23,"Stuart, FL, United States",2022-06-02,30.0,22.9,26.2,32.6,22.9,27.4,21.3,75.0,1.2,100.0,16.67,rain,0,0,57.2,24.1,113.6,1012.8,59.7,13.6,266.4,23.0,10,60,2022-06-02T06:26:30,2022-06-02T20:11:53,0.04,"Rain, Partially cloudy",Partly cloudy throughout the day with rain.,rain,"72203012844,72218992815,KSUA,72210312895,KVRB,0202W,KFPR,74793012843,KPBI",1069
24,"Stuart, FL, United States",2022-06-03,25.0,22.0,23.3,25.0,22.0,23.3,21.1,87.2,1.48,100.0,50.0,rain,0,0,39.6,25.7,173.2,1011.9,68.4,11.2,78.8,6.9,4,30,2022-06-03T06:26:21,2022-06-03T20:12:21,0.07,"Rain, Partially cloudy",Partly cloudy throughout the day with rain.,rain,"72203012844,72218992815,KSUA,F3002,72210312895,KVRB,0202W,KFPR,74793012843",1069
25,"Stuart, FL, United States",2022-06-04,28.9,22.9,24.9,32.0,22.9,25.4,21.8,83.2,31.56,100.0,62.5,rain,0,0,62.1,24.3,192.0,1005.3,87.9,9.2,134.4,11.5,8,60,2022-06-04T06:26:13,2022-06-04T20:12:49,0.11,"Rain, Partially cloudy",Partly cloudy throughout the day with a chance of rain throughout the day.,rain,"72203012844,72218992815,KSUA,72210312895,KVRB,0202W,KFPR,74793012843,KPBI",1069
26,"Stuart, FL, United States",2022-06-05,29.0,21.9,25.6,31.4,21.9,26.6,21.6,79.2,0.0,0.0,0.0,rain,0,0,34.6,18.4,209.9,1008.0,49.4,14.3,224.8,19.4,10,60,2022-06-05T06:26:07,2022-06-05T20:13:15,0.14,Partially cloudy,Partly cloudy throughout the day.,partly-cloudy-day,"72203012844,72218992815,KSUA,F3002,72210312895,KVRB,0202W,KFPR,74793012843,KPBI",1069
27,"Stuart, FL, United States",2022-06-06,31.9,22.5,26.5,35.3,22.5,28.1,22.5,79.8,13.26,100.0,37.5,rain,0,0,46.3,26.7,98.1,1012.0,28.4,15.4,302.6,26.3,10,75,2022-06-06T06:26:02,2022-06-06T20:13:42,0.19,"Rain, Partially cloudy",Becoming cloudy in the afternoon with rain.,rain,"72203012844,72218992815,KSUA,72210312895,KVRB,0202W,KFPR,74793012843,KPBI",1069
28,"Stuart, FL, United States",2022-06-07,30.0,21.9,25.5,34.9,21.9,27.2,22.9,86.3,5.44,100.0,4.17,rain,0,0,29.2,22.7,154.3,1014.2,34.3,15.6,177.4,15.4,10,100,2022-06-07T06:25:59,2022-06-07T20:14:07,0.24,"Rain, Partially cloudy",Partly cloudy throughout the day with morning rain.,rain,"72203012844,F3002,72210312895,KVRB,0202W,KFPR,74793012843,KPBI",1069
29,"Stuart, FL, United States",2022-06-08,31.0,21.7,25.4,35.3,21.7,26.8,22.2,83.8,4.27,100.0,20.83,rain,0,0,68.4,25.2,240.4,1015.5,32.0,15.8,168.0,14.3,9,100,2022-06-08T06:25:56,2022-06-08T20:14:32,0.29,"Rain, Partially cloudy",Becoming cloudy in the afternoon with rain.,rain,"72203012844,KOBE,F3002,72210312895,KVRB,0202W,KFPR,74793012843,KPBI",1069
30,"Stuart, FL, United States",2022-06-09,31.3,22.5,25.4,35.4,22.5,26.5,22.5,85.2,18.83,100.0,25.0,rain,0,0,39.6,24.8,241.7,1015.7,32.9,15.5,191.0,16.6,9,75,2022-06-09T06:25:55,2022-06-09T20:14:56,0.35,"Rain, Partially cloudy",Partly cloudy throughout the day with rain.,rain,"72203012844,F3002,72210312895,KVRB,0202W,KFPR,74793012843,KPBI",1069
31,"Stuart, FL, United States",2022-06-10,31.6,22.1,24.8,36.1,22.1,25.9,22.7,89.1,28.88,100.0,33.33,rain,0,0,56.5,18.9,212.3,1014.5,38.1,14.8,118.5,10.3,6,75,2022-06-10T06:25:55,2022-06-10T20:15:19,0.39,"Rain, Partially cloudy",Partly cloudy throughout the day with rain.,rain,"72203012844,F3002,72210312895,KVRB,0202W,KFPR,74793012843,KPBI",1069
32,"Stuart, FL, United States",2022-06-11,31.1,21.4,25.0,34.7,21.4,25.8,22.4,86.9,8.01,100.0,8.33,rain,0,0,56.0,24.5,211.6,1014.4,35.7,16.0,244.0,21.2,10,75,2022-06-11T06:25:56,2022-06-11T20:15:42,0.44,"Rain, Partially cloudy",Partly cloudy throughout the day with afternoon rain.,rain,"72203012844,F3002,72210312895,KVRB,0202W,KFPR,74793012843,KPBI",1069
33,"Stuart, FL, United States",2022-06-12,32.6,23.2,27.2,36.2,23.2,29.0,22.8,78.8,0.81,100.0,12.5,rain,0,0,31.7,19.2,184.9,1016.5,26.7,15.9,248.1,21.6,10,100,2022-06-12T06:25:59,2022-06-12T20:16:03,0.47,"Rain, Partially cloudy",Partly cloudy throughout the day with late afternoon rain.,rain,"72203012844,F3002,72210312895,KVRB,0202W,KFPR,74793012843,KPBI",1069
34,"Stuart, FL, United States",2022-06-13,31.1,24.2,28.1,37.6,24.2,31.3,24.0,79.3,0.0,0.0,0.0,rain,0,0,33.1,24.6,159.0,1018.7,19.3,15.9,307.7,26.5,9,100,2022-06-13T06:26:03,2022-06-13T20:16:24,0.49,Clear,Clear conditions throughout the day.,clear-day,"72203012844,F3002,72210312895,KVRB,0202W,KFPR,74793012843,KPBI",1069
35,"Stuart, FL, United States",2022-06-14,31.8,23.9,28.4,38.1,23.9,32.2,24.2,78.7,0.0,0.0,0.0,rain,0,0,31.7,25.5,121.5,1018.0,16.9,15.1,262.4,22.7,8,100,2022-06-14T06:26:07,2022-06-14T20:16:44,0.5,Clear,Clear conditions throughout the day.,clear-day,"72203012844,F3002,72210312895,KVRB,0202W,KFPR,74793012843,KPBI",1069
36,"Stuart, FL, United States",2022-06-15,32.1,23.7,28.2,37.2,23.7,30.9,23.2,75.7,0.0,0.0,0.0,,0,0,24.5,23.5,141.1,1017.0,8.7,15.2,276.3,23.6,10,100,2022-06-15T06:26:13,2022-06-15T20:17:03,0.51,Clear,Clear conditions throughout the day.,clear-day,"72203012844,F3002,72210312895,KVRB,0202W,KFPR,74793012843,KPBI",1069
37,"Stuart, FL, United States",2022-06-16,31.8,23.7,28.2,36.4,23.7,31.0,23.2,75.7,0.0,0.0,0.0,,0,0,31.7,16.2,62.1,1018.1,15.1,15.6,280.7,24.1,8,100,2022-06-16T06:26:21,2022-06-16T20:17:21,0.53,Clear,Clear conditions throughout the day.,clear-day,"72203012844,F3002,72210312895,KVRB,0202W,KFPR,74793012843,KPBI",1069
38,"Stuart, FL, United States",2022-06-17,30.4,25.1,28.0,34.8,25.1,30.9,23.0,74.6,0.45,100.0,4.17,rain,0,0,31.7,19.5,69.2,1016.2,36.7,16.0,261.1,22.5,8,75,2022-06-17T06:26:29,2022-06-17T20:17:38,0.57,"Rain, Partially cloudy",Partly cloudy throughout the day with early morning rain.,rain,"72203012844,F3002,72210312895,KVRB,0202W,KFPR,74793012843,KPBI",1069
39,"Stuart, FL, United States",2022-06-18,32.5,22.9,26.7,37.7,22.9,28.2,21.9,76.7,1.42,100.0,12.5,rain,0,0,56.1,25.7,169.7,1013.8,19.6,15.8,287.9,24.9,10,100,2022-06-18T06:26:38,2022-06-18T20:17:54,0.62,Rain,Clear conditions throughout the day with late afternoon rain.,rain,"72203012844,F3002,72210312895,KVRB,0202W,KFPR,74793012843,KPBI",1069
40,"Stuart, FL, United States",2022-06-19,32.5,22.1,27.3,36.2,22.1,29.3,22.0,74.4,0.0,0.0,0.0,,0,0,22.7,20.7,191.4,1015.2,23.1,16.0,247.3,21.3,8,100,2022-06-19T06:26:49,2022-06-19T20:18:09,0.67,Partially cloudy,Partly cloudy throughout the day.,partly-cloudy-day,"72203012844,F3002,72210312895,KVRB,0202W,KFPR,74793012843,KPBI",1069
41,"Stuart, FL, United States",2022-06-20,31.7,24.8,27.8,37.8,24.8,30.4,23.4,77.6,0.57,100.0,8.33,rain,0,0,37.5,28.3,95.8,1019.4,35.6,16.0,264.2,22.7,8,100,2022-06-20T06:27:00,2022-06-20T20:18:23,0.72,"Rain, Partially cloudy",Becoming cloudy in the afternoon with rain.,rain,"72203012844,F3002,72210312895,KVRB,0202W,KFPR,74793012843,KPBI",1069
42,"Stuart, FL, United States",2022-06-21,30.1,25.1,27.3,31.6,25.1,28.0,20.5,67.6,0.0,0.0,0.0,rain,0,0,40.7,21.6,48.5,1020.2,35.9,16.0,257.7,22.3,9,60,2022-06-21T06:27:13,2022-06-21T20:18:36,0.77,Partially cloudy,Partly cloudy throughout the day.,partly-cloudy-day,"72203012844,F3002,72210312895,KVRB,0202W,KFPR,74793012843,KPBI",1069
43,"Stuart, FL, United States",2022-06-22,29.2,23.2,26.8,30.2,23.2,27.4,18.7,61.5,0.0,0.0,0.0,,0,0,35.3,18.9,75.8,1016.9,34.0,16.0,269.0,23.4,8,10,2022-06-22T06:27:27,2022-06-22T20:18:48,0.82,Partially cloudy,Clearing in the afternoon.,partly-cloudy-day,"72203012844,F3002,72210312895,KVRB,0202W,KFPR,74793012843,KPBI",1069
44,"Stuart, FL, United States",2022-06-23,32.9,19.2,26.5,35.4,19.2,28.0,19.9,69.3,0.0,0.0,0.0,,0,0,33.1,24.2,182.3,1012.9,6.6,16.0,279.8,24.1,9,75,2022-06-23T06:27:41,2022-06-23T20:18:59,0.87,Clear,Clear conditions throughout the day.,clear-day,"72203012844,F3002,72210312895,KVRB,0202W,KFPR,74793012843,KPBI",1069
45,"Stuart, FL, United States",2022-06-24,34.6,24.6,28.6,40.2,24.6,31.2,22.9,72.8,0.1,100.0,4.17,rain,0,0,38.9,24.4,234.8,1013.2,17.9,16.0,244.8,21.2,9,100,2022-06-24T06:27:57,2022-06-24T20:19:08,0.91,Rain,Clear conditions throughout the day with afternoon rain.,rain,"72203012844,KOBE,F3002,72210312895,KVRB,0202W,72226100360,KFPR,74793012843,KPBI",1069
46,"Stuart, FL, United States",2022-06-25,32.0,23.9,27.4,38.6,23.9,30.3,23.7,80.9,1.34,100.0,12.5,rain,0,0,35.3,16.4,186.1,1015.4,55.1,15.1,218.5,18.6,9,100,2022-06-25T06:28:13,2022-06-25T20:19:17,0.95,"Rain, Partially cloudy",Partly cloudy throughout the day with rain.,rain,"72203012844,F3002,72210312895,KVRB,0202W,KFPR,74793012843,KPBI",1069
47,"Stuart, FL, United States",2022-06-26,31.0,24.2,27.2,36.6,24.2,29.5,23.6,81.2,8.31,100.0,12.5,rain,0,0,35.3,22.0,97.7,1016.3,48.8,15.3,212.9,18.4,8,100,2022-06-26T06:28:31,2022-06-26T20:19:24,0.97,"Rain, Partially cloudy",Partly cloudy throughout the day with late afternoon rain.,rain,"72203012844,F3002,72210312895,KVRB,0202W,KFPR,74793012843,KPBI",1069
48,"Stuart, FL, United States",2022-06-27,31.4,23.7,27.8,36.5,23.7,30.7,23.4,77.9,5.63,100.0,12.5,rain,0,0,37.1,28.1,119.4,1016.5,25.3,15.2,254.0,22.0,8,100,2022-06-27T06:28:49,2022-06-27T20:19:30,0.99,"Rain, Partially cloudy",Partly cloudy throughout the day with rain clearing later.,rain,"72203012844,F3002,72210312895,KVRB,0202W,KFPR,74793012843,KPBI",1069
49,"Stuart, FL, United States",2022-06-28,31.1,23.8,27.6,35.8,23.8,29.9,23.0,76.9,0.73,100.0,16.67,rain,0,0,34.5,26.9,107.7,1018.3,28.2,15.9,281.5,24.3,8,100,2022-06-28T06:29:08,2022-06-28T20:19:35,1.0,"Rain, Partially cloudy",Partly cloudy throughout the day with morning rain.,rain,"72203012844,F3002,72210312895,KVRB,0202W,KFPR,74793012843,KPBI",1069
50,"Stuart, FL, United States",2022-06-29,29.6,23.9,27.0,34.0,23.9,29.1,23.1,79.8,0.18,100.0,4.17,rain,0,0,30.6,13.9,120.7,1020.0,34.0,16.0,134.6,11.6,9,100,2022-06-29T06:29:28,2022-06-29T20:19:38,0.0,"Rain, Partially cloudy",Partly cloudy throughout the day with morning rain.,rain,"72203012844,KOBE,F3002,72210312895,KVRB,KFPR,74793012843,KPBI",1069
51,"Stuart, FL, United States",2022-06-30,31.1,24.7,27.2,36.3,24.7,29.3,23.7,81.9,30.09,100.0,20.83,rain,0,0,55.4,23.9,122.5,1019.9,30.8,15.5,171.9,15.0,6,100,2022-06-30T06:29:49,2022-06-30T20:19:41,0.01,"Rain, Partially cloudy",Partly cloudy throughout the day with rain.,rain,"72203012844,F3002,72210312895,KVRB,0202W,KFPR,74793012843,KPBI",1069
52,"Stuart, FL, United States",2022-07-01,30.9,23.7,27.7,36.5,23.7,30.6,23.3,78.0,0.0,0.0,0.0,rain,0,0,37.1,24.9,113.0,1018.7,25.4,15.9,233.9,20.2,7,100,2022-07-01T06:30:10,2022-07-01T20:19:42,0.03,Partially cloudy,Partly cloudy throughout the day.,partly-cloudy-day,"72203012844,F3002,72210312895,KVRB,0202W,KFPR,74793012843,KPBI",1069
53,"Stuart, FL, United States",2022-07-02,31.2,23.8,27.7,36.5,23.8,30.8,23.5,78.3,1.27,100.0,16.67,rain,0,0,35.3,22.2,119.5,1017.9,23.2,15.8,196.7,17.1,7,100,2022-07-02T06:30:33,2022-07-02T20:19:42,0.05,"Rain, Partially cloudy",Partly cloudy throughout the day with rain in the morning and afternoon.,rain,"72203012844,KOBE,F3002,72210312895,KVRB,0202W,72226100360,KFPR,74793012843,KPBI",1069
54,"Stuart, FL, United States",2022-07-03,32.5,24.5,28.3,38.3,24.5,31.5,23.7,76.9,0.0,0.0,0.0,rain,0,0,28.1,21.8,134.5,1019.0,26.0,15.9,228.5,19.8,9,75,2022-07-03T06:30:56,2022-07-03T20:19:40,0.08,Partially cloudy,Partly cloudy throughout the day.,partly-cloudy-day,"72203012844,KOBE,F3002,72210312895,KVRB,0202W,72226100360,KFPR,74793012843,KPBI",1069
55,"Stuart, FL, United States",2022-07-04,31.8,23.6,28.4,37.4,23.6,31.9,23.9,77.6,0.09,100.0,4.17,rain,0,0,33.5,20.0,93.0,1019.2,30.9,15.5,292.2,25.3,10,100,2022-07-04T06:31:19,2022-07-04T20:19:37,0.12,"Rain, Partially cloudy",Partly cloudy throughout the day with late afternoon rain.,rain,"72203012844,KOBE,F3002,KVRB,0202W,72226100360,74793012843,KFPR,KPBI",1069
56,"Stuart, FL, United States",2022-07-05,31.6,25.1,28.6,38.8,25.1,32.8,24.5,79.2,0.16,100.0,4.17,rain,0,0,31.7,25.9,90.8,1017.9,35.7,15.5,270.5,23.5,9,100,2022-07-05T06:31:44,2022-07-05T20:19:33,0.17,"Rain, Partially cloudy",Partly cloudy throughout the day with afternoon rain.,rain,"72203012844,KOBE,F3002,KVRB,0202W,72210312895,72226100360,74793012843,KFPR,KPBI",1069
57,"Stuart, FL, United States",2022-07-06,31.5,26.3,28.7,37.9,26.3,32.5,24.0,76.3,2.32,100.0,12.5,rain,0,0,38.9,27.0,155.8,1017.1,32.2,15.8,215.4,18.4,10,100,2022-07-06T06:32:09,2022-07-06T20:19:28,0.22,"Rain, Partially cloudy",Becoming cloudy in the afternoon with rain in the morning and afternoon.,rain,"72203012844,F3002,72210312895,KVRB,0202W,KFPR,74793012843,KPBI",1069
58,"Stuart, FL, United States",2022-07-07,32.0,24.0,28.4,38.1,24.0,31.5,23.5,75.9,0.1,100.0,4.17,rain,0,0,33.5,24.5,134.8,1017.4,25.7,16.0,272.8,23.8,9,75,2022-07-07T06:32:34,2022-07-07T20:19:21,0.27,"Rain, Partially cloudy",Partly cloudy throughout the day with morning rain.,rain,"72203012844,F3002,72210312895,KVRB,0202W,KFPR,74793012843,KPBI",1069
59,"Stuart, FL, United States",2022-07-08,31.7,23.5,28.5,37.9,23.5,32.0,23.7,75.8,0.0,0.0,0.0,rain,0,0,40.7,25.4,162.5,1018.6,23.2,15.8,295.9,25.7,9,100,2022-07-08T06:33:00,2022-07-08T20:19:13,0.33,Partially cloudy,Partly cloudy throughout the day.,partly-cloudy-day,"72203012844,F3002,72210312895,KVRB,0202W,KFPR,74793012843,KPBI",1069
60,"Stuart, FL, United States",2022-07-09,32.6,24.8,28.8,40.1,24.8,32.5,23.8,75.1,0.23,100.0,12.5,rain,0,0,40.7,28.7,150.4,1018.7,28.1,15.8,140.0,12.0,8,100,2022-07-09T06:33:27,2022-07-09T20:19:04,0.38,"Rain, Partially cloudy",Becoming cloudy in the afternoon with rain in the morning and afternoon.,rain,"72203012844,F3002,72210312895,KVRB,0202W,KFPR,74793012843,KPBI",1069
61,"Stuart, FL, United States",2022-07-10,34.2,24.5,28.7,39.6,24.5,31.4,23.3,74.4,2.66,100.0,4.17,rain,0,0,60.8,25.3,204.8,1016.3,27.5,15.9,275.3,23.9,9,100,2022-07-10T06:33:54,2022-07-10T20:18:53,0.42,"Rain, Partially cloudy",Partly cloudy throughout the day with late afternoon rain.,rain,"72203012844,KOBE,F3002,72210312895,KVRB,0202W,72226100360,KFPR,74793012843,KPBI",1069
62,"Stuart, FL, United States",2022-07-11,33.4,24.2,28.3,38.4,24.2,31.3,23.5,76.6,1.13,100.0,12.5,rain,0,0,35.3,21.6,191.8,1014.5,25.9,15.9,242.0,21.0,10,100,2022-07-11T06:34:22,2022-07-11T20:18:41,0.46,"Rain, Partially cloudy",Becoming cloudy in the afternoon with rain.,rain,"72203012844,F3002,72210312895,KVRB,0202W,KFPR,74793012843,KPBI",1069
63,"Stuart, FL, United States",2022-07-12,33.9,24.3,28.5,39.3,24.3,31.8,23.9,77.2,0.0,0.0,0.0,rain,0,0,38.8,22.4,196.5,1015.9,28.5,15.9,177.4,15.3,7,100,2022-07-12T06:34:50,2022-07-12T20:18:28,0.49,Partially cloudy,Partly cloudy throughout the day.,partly-cloudy-day,"72203012844,F3002,72210312895,KVRB,0202W,KFPR,74793012843,KPBI",1069
64,"Stuart, FL, United States",2022-07-13,33.3,24.6,28.9,40.7,24.6,32.3,23.9,75.4,0.0,0.0,0.0,rain,0,0,47.9,25.0,173.3,1018.3,20.7,16.0,207.8,18.0,8,100,2022-07-13T06:35:18,2022-07-13T20:18:13,0.5,Partially cloudy,Partly cloudy throughout the day.,partly-cloudy-day,"72203012844,F3002,72210312895,KVRB,0202W,KFPR,74793012843,KPBI",1069
65,"Stuart, FL, United States",2022-07-14,33.1,23.6,27.9,39.8,23.6,30.5,23.0,75.8,0.0,0.0,0.0,rain,0,0,50.0,27.7,173.6,1019.4,22.2,16.0,270.6,23.4,9,100,2022-07-14T06:35:47,2022-07-14T20:17:57,0.51,Partially cloudy,Partly cloudy throughout the day.,partly-cloudy-day,"72203012844,KOBE,F3002,72210312895,KVRB,0202W,72226100360,KFPR,74793012843,KPBI",1069
66,"Stuart, FL, United States",2022-07-15,31.1,22.7,27.3,35.5,22.7,29.4,22.4,76.1,0.16,100.0,8.33,rain,0,0,43.8,27.4,120.0,1019.4,24.9,16.0,266.0,22.9,9,75,2022-07-15T06:36:16,2022-07-15T20:17:40,0.53,"Rain, Partially cloudy",Partly cloudy throughout the day with morning rain.,rain,"72203012844,F3002,72210312895,KVRB,0202W,KFPR,74793012843,KPBI",1069
67,"Stuart, FL, United States",2022-07-16,31.5,23.7,26.8,36.5,23.7,28.6,23.0,80.8,13.35,100.0,25.0,rain,0,0,38.9,23.3,122.6,1017.2,44.9,15.3,176.3,15.2,9,100,2022-07-16T06:36:46,2022-07-16T20:17:21,0.55,"Rain, Partially cloudy",Becoming cloudy in the afternoon with late afternoon rain.,rain,"72203012844,KOBE,F3002,72210312895,KVRB,0202W,KFPR,74793012843,KPBI",1069
68,"Stuart, FL, United States",2022-07-17,31.4,24.2,26.1,38.4,24.2,27.3,23.9,88.0,5.38,100.0,29.17,rain,0,0,44.6,25.0,93.7,1016.9,33.3,15.2,150.0,12.9,8,100,2022-07-17T06:37:16,2022-07-17T20:17:01,0.6,"Rain, Partially cloudy",Partly cloudy throughout the day with a chance of rain throughout the day.,rain,"72203012844,F3002,72210312895,KVRB,0202W,KFPR,74793012843,KPBI",1069
69,"Stuart, FL, United States",2022-07-18,32.9,24.7,28.6,41.2,24.7,32.3,24.5,79.6,0.82,100.0,8.33,rain,0,0,42.5,29.2,150.7,1018.8,33.3,15.6,243.2,21.1,10,100,2022-07-18T06:37:46,2022-07-18T20:16:40,0.65,"Rain, Partially cloudy",Partly cloudy throughout the day with afternoon rain.,rain,"72203012844,KOBE,F3002,72210312895,KVRB,0202W,KFPR,74793012843,KPBI",1069
70,"Stuart, FL, United States",2022-07-19,32.7,25.6,29.0,39.6,25.6,32.4,23.8,74.3,0.0,0.0,0.0,,0,0,33.5,28.0,149.7,1019.3,19.4,16.0,266.9,23.1,8,100,2022-07-19T06:38:16,2022-07-19T20:16:17,0.7,Clear,Clear conditions throughout the day.,clear-day,"72203012844,F3002,72210312895,KVRB,0202W,KFPR,74793012843,KPBI",1069
71,"Stuart, FL, United States",2022-07-20,32.3,23.5,28.5,38.0,23.5,31.6,23.5,75.7,0.0,0.0,0.0,,0,0,37.1,23.4,129.4,1018.0,20.4,15.8,267.2,23.0,8,100,2022-07-20T06:38:47,2022-07-20T20:15:53,0.75,Partially cloudy,Partly cloudy throughout the day.,partly-cloudy-day,"72203012844,KOBE,F3002,72210312895,KVRB,0202W,KFPR,74793012843,KPBI",1069
72,"Stuart, FL, United States",2022-07-21,32.5,24.0,28.5,38.0,24.0,31.6,23.3,74.7,0.33,100.0,8.33,rain,0,0,31.7,24.4,108.7,1017.5,14.3,15.8,302.5,26.1,9,100,2022-07-21T06:39:17,2022-07-21T20:15:28,0.8,Rain,Clear conditions throughout the day with morning rain.,rain,"72203012844,F3002,KSUA,72210312895,KVRB,0202W,KFPR,74793012843,KPBI",1069
73,"Stuart, FL, United States",2022-07-22,32.0,25.9,28.9,38.0,25.9,32.2,23.0,70.9,0.01,100.0,4.17,rain,0,0,35.3,22.0,153.1,1018.9,47.6,12.9,240.0,20.6,9,100,2022-07-22T06:39:48,2022-07-22T20:15:01,0.85,"Rain, Partially cloudy",Partly cloudy throughout the day with morning rain.,rain,"72203012844,72218992815,KSUA,F3002,72210312895,KVRB,0202W,KFPR,74793012843,KPBI",1069
74,"Stuart, FL, United States",2022-07-23,32.1,25.9,29.3,37.0,25.9,32.8,23.0,69.7,0.0,0.0,0.0,,0,0,38.9,22.2,130.8,1020.1,28.6,14.8,290.3,25.1,9,100,2022-07-23T06:40:19,2022-07-23T20:14:33,0.89,Partially cloudy,Partly cloudy throughout the day.,partly-cloudy-day,"72203012844,72218992815,KSUA,F3002,72210312895,KVRB,0202W,KFPR,74793012843",1069
75,"Stuart, FL, United States",2022-07-24,32.0,25.9,29.0,36.9,25.9,32.3,22.8,69.8,0.02,100.0,4.17,rain,0,0,35.3,22.2,100.4,1019.9,36.3,14.2,300.8,25.8,10,100,2022-07-24T06:40:51,2022-07-24T20:14:04,0.93,"Rain, Partially cloudy",Partly cloudy throughout the day with early morning rain.,rain,"72203012844,72218992815,KSUA,F3002,72210312895,KVRB,0202W,KFPR,74793012843,KPBI",1069
76,"Stuart, FL, United States",2022-07-25,32.0,27.0,29.3,36.5,29.2,32.9,22.8,68.4,0.01,100.0,4.17,rain,0,0,33.4,22.4,107.9,1019.3,38.2,16.0,230.0,20.0,9,75,2022-07-25T06:41:22,2022-07-25T20:13:33,0.96,"Rain, Partially cloudy",Partly cloudy throughout the day with morning rain.,rain,"72203012844,72218992815,KSUA,F3002,72210312895,KVRB,0202W,KFPR,74793012843,KPBI",1069
77,"Stuart, FL, United States",2022-07-26,31.1,24.2,28.0,36.8,24.2,30.8,23.2,75.8,3.57,100.0,20.83,rain,0,0,58.3,21.9,108.3,1020.0,45.3,13.5,160.5,13.9,7,100,2022-07-26T06:41:53,2022-07-26T20:13:01,0.98,"Rain, Partially cloudy",Partly cloudy throughout the day with rain.,rain,"72203012844,72218992815,KSUA,F3002,72210312895,KVRB,0202W,KFPR,74793012843,KPBI",1069
78,"Stuart, FL, United States",2022-07-27,32.0,23.0,28.5,38.1,23.0,31.9,23.1,73.6,0.15,100.0,12.5,rain,0,0,55.4,22.4,109.5,1020.1,37.5,11.9,237.7,20.5,8,75,2022-07-27T06:42:25,2022-07-27T20:12:28,1.0,"Rain, Partially cloudy",Partly cloudy throughout the day with rain clearing later.,rain,"72203012844,72218992815,KSUA,F3002,72210312895,KVRB,0202W,KFPR,74793012843,KPBI",1069
79,"Stuart, FL, United States",2022-07-28,32.0,23.9,28.5,36.9,23.9,31.0,22.7,71.9,0.0,0.0,0.0,,0,0,33.5,20.4,121.3,1020.0,20.7,12.6,263.7,22.7,8,75,2022-07-28T06:42:56,2022-07-28T20:11:54,1.0,Partially cloudy,Becoming cloudy in the afternoon.,partly-cloudy-day,"72203012844,72218992815,KSUA,F3002,72210312895,KVRB,0202W,KFPR,74793012843,KPBI",1069
80,"Stuart, FL, United States",2022-07-29,32.0,25.9,28.9,36.9,25.9,32.1,22.9,70.8,0.0,0.0,0.0,rain,0,0,31.7,20.4,106.5,1020.0,23.5,12.7,264.3,22.9,8,100,2022-07-29T06:43:28,2022-07-29T20:11:19,0.0,Partially cloudy,Partly cloudy throughout the day.,partly-cloudy-day,"72203012844,72218992815,KSUA,F3002,72210312895,KVRB,0202W,KFPR,74793012843",1069
81,"Stuart, FL, United States",2022-07-30,32.0,25.8,28.9,36.9,25.8,31.8,22.6,69.7,0.0,0.0,0.0,rain,0,0,28.8,18.6,99.4,1021.6,24.6,12.9,266.9,23.0,9,100,2022-07-30T06:43:59,2022-07-30T20:10:42,0.01,Partially cloudy,Partly cloudy throughout the day.,partly-cloudy-day,"72203012844,72218992815,KSUA,F3002,72210312895,KVRB,0202W,KFPR,74793012843",1069
82,"Stuart, FL, United States",2022-07-31,32.2,26.2,29.1,38.2,26.2,33.0,23.5,72.1,0.0,0.0,0.0,rain,0,0,36.7,24.3,93.4,1022.4,29.6,14.0,240.8,20.8,8,100,2022-07-31T06:44:31,2022-07-31T20:10:04,0.04,Partially cloudy,Partly cloudy throughout the day.,partly-cloudy-day,"72203012844,72218992815,KSUA,F3002,72210312895,KVRB,0202W,KFPR,74793012843,KPBI",1069
83,"Stuart, FL, United States",2022-08-01,32.1,25.9,29.1,38.1,25.9,33.2,24.0,74.4,0.0,0.0,0.0,rain,0,0,35.3,25.0,124.1,1021.5,28.3,13.5,256.5,22.1,8,100,2022-08-01T06:45:02,2022-08-01T20:09:25,0.07,Partially cloudy,Partly cloudy throughout the day.,partly-cloudy-day,"72203012844,72218992815,KSUA,F3002,72210312895,KVRB,0202W,KFPR,74793012843,KPBI",1069
84,"Stuart, FL, United States",2022-08-02,32.8,23.9,28.8,38.0,23.9,31.9,22.9,71.6,0.2,100.0,4.17,rain,0,0,51.8,22.4,168.0,1019.3,31.4,14.4,247.1,21.4,8,100,2022-08-02T06:45:34,2022-08-02T20:08:45,0.1,"Rain, Partially cloudy",Becoming cloudy in the afternoon with afternoon rain.,rain,"72203012844,72218992815,KSUA,F3002,72210312895,KVRB,0202W,KFPR,74793012843,KPBI",1069
85,"Stuart, FL, United States",2022-08-03,32.1,22.9,27.7,36.9,22.9,29.8,21.3,69.1,0.0,0.0,0.0,rain,0,0,25.2,22.4,143.8,1017.6,24.0,14.2,261.3,22.6,8,100,2022-08-03T06:46:05,2022-08-03T20:08:04,0.14,Partially cloudy,Partly cloudy throughout the day.,partly-cloudy-day,"72203012844,72218992815,KSUA,F3002,72210312895,KVRB,0202W,KFPR,74793012843",1069
86,"Stuart, FL, United States",2022-08-04,32.1,24.9,28.9,37.0,24.9,31.9,22.7,69.9,0.01,100.0,4.17,rain,0,0,34.3,23.0,125.0,1018.4,44.0,14.0,261.1,22.6,9,100,2022-08-04T06:46:36,2022-08-04T20:07:21,0.2,"Rain, Partially cloudy",Partly cloudy throughout the day with afternoon rain.,rain,"72203012844,72218992815,KSUA,F3002,72210312895,KVRB,0202W,KFPR,74793012843,KPBI",1069
87,"Stuart, FL, United States",2022-08-05,32.0,24.9,29.0,36.9,24.9,32.3,23.0,71.1,0.29,100.0,4.17,rain,0,0,37.1,22.4,96.7,1019.5,37.7,12.8,242.8,21.0,9,100,2022-08-05T06:47:08,2022-08-05T20:06:38,0.25,"Rain, Partially cloudy",Partly cloudy throughout the day with early morning rain.,rain,"72203012844,72218992815,KSUA,F3002,72210312895,KVRB,0202W,KFPR,74793012843",1069
88,"Stuart, FL, United States",2022-08-06,32.1,26.9,29.6,36.9,29.5,33.2,22.6,66.6,0.01,100.0,4.17,rain,0,0,47.9,18.5,103.1,1020.6,33.7,14.2,242.6,20.9,9,100,2022-08-06T06:47:39,2022-08-06T20:05:53,0.31,"Rain, Partially cloudy",Partly cloudy throughout the day with late afternoon rain.,rain,"72203012844,72218992815,KSUA,F3002,72210312895,KVRB,KFPR,74793012843",1069
89,"Stuart, FL, United States",2022-08-07,32.0,25.1,28.6,38.0,25.1,31.7,22.8,71.4,0.04,100.0,4.17,rain,0,0,50.0,22.6,100.4,1020.4,39.8,14.3,196.2,17.0,8,100,2022-08-07T06:48:10,2022-08-07T20:05:07,0.36,"Rain, Partially cloudy",Partly cloudy throughout the day with morning rain.,rain,"72203012844,72218992815,KSUA,F3002,72210312895,KVRB,0202W,KFPR,74793012843,KPBI",1069
90,"Stuart, FL, United States",2022-08-08,32.1,26.8,29.0,36.9,29.0,32.5,23.0,70.6,0.0,0.0,0.0,,0,0,37.1,22.2,90.7,1019.3,35.6,16.0,256.1,22.2,8,100,2022-08-08T06:48:41,2022-08-08T20:04:20,0.41,Partially cloudy,Partly cloudy throughout the day.,partly-cloudy-day,"72203012844,72218992815,KSUA,F3002,72210312895,KVRB,0202W,KFPR,74793012843,KPBI",1069
91,"Stuart, FL, United States",2022-08-09,33.0,24.8,29.4,40.4,24.8,33.7,23.6,71.9,0.03,100.0,8.33,rain,0,0,41.4,26.0,114.9,1019.8,42.8,12.6,244.3,21.2,8,100,2022-08-09T06:49:11,2022-08-09T20:03:33,0.45,"Rain, Partially cloudy",Partly cloudy throughout the day with morning rain.,rain,"72203012844,KOBE,72218992815,KSUA,F3002,72210312895,KVRB,0202W,72226100360,KFPR,74793012843,KPBI",1069
92,"Stuart, FL, United States",2022-08-10,33.0,26.9,29.7,39.4,30.0,33.9,23.3,69.3,0.02,100.0,4.17,rain,0,0,40.7,26.0,98.7,1021.1,40.0,12.6,254.3,22.1,8,100,2022-08-10T06:49:42,2022-08-10T20:02:44,0.48,"Rain, Partially cloudy",Clearing in the afternoon with early morning rain.,rain,"72203012844,72218992815,KSUA,F3002,72210312895,KVRB,0202W,KFPR,74793012843,KPBI",1069
93,"Stuart, FL, United States",2022-08-11,32.1,26.0,29.4,36.9,26.0,32.7,22.6,67.7,0.48,100.0,4.17,rain,0,0,26.3,22.1,100.3,1019.5,35.2,12.7,240.9,20.8,8,100,2022-08-11T06:50:12,2022-08-11T20:01:54,0.5,"Rain, Partially cloudy",Partly cloudy throughout the day with early morning rain.,rain,"72203012844,72218992815,KSUA,F3002,72210312895,KVRB,0202W,KFPR,74793012843,KPBI",1069
94,"Stuart, FL, United States",2022-08-12,32.1,25.9,29.3,36.9,25.9,32.1,22.0,65.8,0.0,0.0,0.0,rain,0,0,33.5,18.5,111.5,1017.7,28.2,12.9,273.4,23.8,9,75,2022-08-12T06:50:43,2022-08-12T20:01:03,0.5,Partially cloudy,Partly cloudy throughout the day.,partly-cloudy-day,"72203012844,72218992815,KSUA,F3002,72210312895,KVRB,0202W,KFPR,74793012843",1069
95,"Stuart, FL, United States",2022-08-13,33.1,24.9,27.4,36.9,24.9,28.9,22.2,74.7,0.7,100.0,16.67,rain,0,0,33.5,11.4,197.2,1016.8,30.5,14.6,105.7,9.0,5,100,2022-08-13T06:51:13,2022-08-13T20:00:12,0.52,"Rain, Partially cloudy",Partly cloudy throughout the day with rain.,rain,"72203012844,72218992815,KSUA,F3002,72210312895,KVRB,0202W,KFPR,74793012843",1069
96,"Stuart, FL, United States",2022-08-14,32.0,23.0,26.5,34.7,23.0,27.6,21.8,76.8,1.49,100.0,8.33,rain,0,0,16.2,17.5,202.0,1015.3,20.7,15.9,227.5,19.5,9,75,2022-08-14T06:51:43,2022-08-14T19:59:19,0.54,"Rain, Partially cloudy",Partly cloudy throughout the day with afternoon rain.,rain,"72203012844,72218992815,KSUA,F3002,72210312895,KVRB,0202W,KFPR,74793012843,KPBI",1069
97,"Stuart, FL, United States",2022-08-15,32.0,22.9,27.4,36.8,22.9,28.7,22.0,73.7,12.79,100.0,8.33,rain,0,0,47.9,15.1,238.4,1013.7,23.2,15.8,236.3,20.5,9,75,2022-08-15T06:52:13,2022-08-15T19:58:26,0.58,"Rain, Partially cloudy",Partly cloudy throughout the day with late afternoon rain.,rain,"72203012844,72218992815,KSUA,F3002,72210312895,KVRB,0202W,72226100360,KFPR,74793012843,KPBI",1069
98,"Stuart, FL, United States",2022-08-16,34.6,24.9,28.6,39.5,24.9,30.7,22.6,71.9,0.0,0.0,0.0,rain,0,0,46.0,25.5,253.5,1013.5,26.4,14.6,223.9,19.2,9,75,2022-08-16T06:52:42,2022-08-16T19:57:31,0.62,Partially cloudy,Becoming cloudy in the afternoon.,partly-cloudy-day,"72203012844,72218992815,KSUA,F3002,72210312895,KVRB,0202W,KFPR,74793012843,KPBI",1069
99,"Stuart, FL, United States",2022-08-17,35.1,24.9,30.0,38.7,24.9,32.4,22.1,65.2,0.1,100.0,8.33,rain,0,0,66.6,22.2,252.7,1014.2,35.2,14.2,238.0,20.6,9,75,2022-08-17T06:53:12,2022-08-17T19:56:36,0.67,"Rain, Partially cloudy",Becoming cloudy in the afternoon with late afternoon rain.,rain,"72203012844,72218992815,KSUA,F3002,72210312895,KVRB,0202W,KFPR,74793012843,KPBI",1069
100,"Stuart, FL, United States",2022-08-18,34.0,23.0,28.2,39.3,23.0,30.9,22.9,74.3,0.34,100.0,20.83,rain,0,0,49.6,18.6,219.0,1014.9,33.6,13.3,200.5,17.2,9,100,2022-08-18T06:53:41,2022-08-18T19:55:40,0.72,"Rain, Partially cloudy",Partly cloudy throughout the day with rain.,rain,"72203012844,72218992815,KSUA,F3002,72210312895,KVRB,0202W,KFPR,74793012843,KPBI",1069
101,"Stuart, FL, United States",2022-08-19,33.1,23.9,28.5,39.4,23.9,31.2,22.8,72.8,0.0,0.0,0.0,rain,0,0,40.7,18.7,116.1,1016.8,17.2,14.8,242.6,20.9,9,100,2022-08-19T06:54:10,2022-08-19T19:54:43,0.77,Clear,Clear conditions throughout the day.,clear-day,"72203012844,72218992815,KSUA,F3002,72210312895,KVRB,0202W,KFPR,74793012843",1069
102,"Stuart, FL, United States",2022-08-20,33.0,24.9,29.1,39.4,24.9,33.0,23.6,72.8,0.0,0.0,0.0,,0,0,29.5,15.1,129.5,1019.5,42.4,14.6,238.8,20.4,9,100,2022-08-20T06:54:39,2022-08-20T19:53:46,0.82,Partially cloudy,Partly cloudy throughout the day.,partly-cloudy-day,"72203012844,72218992815,KSUA,F3002,72210312895,KVRB,0202W,KFPR,74793012843",1069
103,"Stuart, FL, United States",2022-08-21,32.1,25.9,29.4,38.1,25.9,33.6,24.0,73.9,0.76,100.0,4.17,rain,0,0,24.8,19.5,105.3,1018.7,36.8,15.4,252.5,21.9,8,100,2022-08-21T06:55:08,2022-08-21T19:52:47,0.86,"Rain, Partially cloudy",Partly cloudy throughout the day with early morning rain.,rain,"72203012844,72218992815,KSUA,F3002,72210312895,KVRB,0202W,KFPR,74793012843,KPBI",1069
104,"Stuart, FL, United States",2022-08-22,32.7,26.0,29.5,38.5,26.0,34.1,24.0,73.1,0.0,0.0,0.0,,0,0,31.7,24.8,106.9,1016.2,24.4,15.8,253.3,21.9,9,100,2022-08-22T06:55:37,2022-08-22T19:51:48,0.9,Partially cloudy,Partly cloudy throughout the day.,partly-cloudy-day,"72203012844,72218992815,KSUA,F3002,72210312895,KVRB,0202W,KFPR,74793012843,KPBI",1069
105,"Stuart, FL, United States",2022-08-23,33.0,24.3,29.2,38.7,24.3,32.8,23.6,73.0,0.0,0.0,0.0,,0,0,18.7,22.0,194.8,1014.3,26.7,15.0,214.7,18.6,10,100,2022-08-23T06:56:05,2022-08-23T19:50:48,0.94,Partially cloudy,Partly cloudy throughout the day.,partly-cloudy-day,"72203012844,72218992815,KSUA,F3002,72210312895,KVRB,0202W,KFPR,74793012843,KPBI",1069
106,"Stuart, FL, United States",2022-08-24,33.0,26.8,29.5,39.4,29.7,34.2,24.0,72.7,0.01,100.0,4.17,rain,0,0,38.9,22.2,157.8,1015.4,46.1,14.6,251.5,21.8,8,100,2022-08-24T06:56:33,2022-08-24T19:49:48,0.97,"Rain, Partially cloudy",Partly cloudy throughout the day with late afternoon rain.,rain,"72203012844,72218992815,KSUA,F3002,72210312895,KVRB,0202W,KFPR,74793012843,KPBI",1069
107,"Stuart, FL, United States",2022-08-25,32.1,25.9,28.9,38.1,25.9,32.5,23.6,73.6,0.0,0.0,0.0,rain,0,0,37.1,15.0,98.6,1016.8,34.2,13.9,176.3,15.0,10,100,2022-08-25T06:57:01,2022-08-25T19:48:47,0.99,Partially cloudy,Partly cloudy throughout the day.,partly-cloudy-day,"72203012844,72218992815,KSUA,F3002,72210312895,KVRB,0202W,KFPR,74793012843,KPBI",1069
108,"Stuart, FL, United States",2022-08-26,31.0,24.9,27.9,36.7,24.9,30.8,23.6,78.0,0.57,100.0,12.5,rain,0,0,20.2,21.6,180.7,1016.3,32.6,13.3,111.9,9.5,6,100,2022-08-26T06:57:29,2022-08-26T19:47:45,1.0,"Rain, Partially cloudy",Partly cloudy throughout the day with rain in the morning and afternoon.,rain,"72203012844,72218992815,KSUA,F3002,72210312895,KVRB,0202W,KFPR,74793012843",1069
109,"Stuart, FL, United States",2022-08-27,32.9,24.9,28.4,38.1,24.9,31.1,23.0,73.4,0.09,100.0,4.17,rain,0,0,47.9,16.2,137.6,1014.8,27.6,12.9,207.4,18.1,8,75,2022-08-27T06:57:57,2022-08-27T19:46:43,0.0,"Rain, Partially cloudy",Partly cloudy throughout the day with afternoon rain.,rain,"72203012844,72218992815,KSUA,F3002,72210312895,KVRB,0202W,KFPR,74793012843",1069
110,"Stuart, FL, United States",2022-08-28,31.1,25.8,27.2,35.6,25.8,28.9,23.2,79.7,0.24,100.0,20.83,rain,0,0,17.3,13.0,87.2,1014.6,39.9,13.4,168.3,14.4,8,75,2022-08-28T06:58:25,2022-08-28T19:45:40,0.01,"Rain, Partially cloudy",Partly cloudy throughout the day with rain.,rain,"72203012844,KOBE,72218992815,KSUA,72210312895,KVRB,0202W,72226100360,KFPR,74793012843,KPBI",1069
111,"Stuart, FL, United States",2022-08-29,31.0,24.1,27.3,36.7,24.1,29.5,23.2,79.2,6.69,100.0,33.33,rain,0,0,60.8,26.7,145.8,1015.4,48.2,14.6,218.0,18.8,10,75,2022-08-29T06:58:52,2022-08-29T19:44:36,0.02,"Rain, Partially cloudy",Clearing in the afternoon with rain clearing later.,rain,"72203012844,72218992815,KSUA,72210312895,KVRB,0202W,KFPR,74793012843,KPBI",1069
112,"Stuart, FL, United States",2022-08-30,33.0,24.9,28.9,38.2,24.9,32.4,23.4,73.1,2.23,100.0,16.67,rain,0,0,46.3,21.7,155.9,1015.7,30.5,14.8,185.1,16.0,9,100,2022-08-30T06:59:20,2022-08-30T19:43:32,0.05,"Rain, Partially cloudy",Partly cloudy throughout the day with a chance of rain throughout the day.,rain,"72203012844,72218992815,KSUA,72210312895,KVRB,0202W,KFPR,74793012843,KPBI",1069
113,"Stuart, FL, United States",2022-08-31,32.5,24.9,28.6,38.4,24.9,31.5,22.9,72.1,0.0,0.0,0.0,rain,0,0,24.1,22.3,169.9,1015.7,25.1,14.3,220.0,19.0,9,75,2022-08-31T06:59:47,2022-08-31T19:42:28,0.09,Partially cloudy,Partly cloudy throughout the day.,partly-cloudy-day,"72203012844,72218992815,KSUA,F3002,72210312895,KVRB,0202W,KFPR,74793012843,KPBI",1069
114,"Stuart, FL, United States",2022-09-01,32.0,24.9,27.6,36.7,24.9,29.4,22.0,72.1,0.02,100.0,4.17,rain,0,0,18.4,25.3,121.9,1015.6,23.5,13.6,153.6,13.4,9,75,2022-09-01T07:00:14,2022-09-01T19:41:23,0.13,"Rain, Partially cloudy",Partly cloudy throughout the day with afternoon rain.,rain,"72203012844,72218992815,KSUA,F3002,72210312895,KVRB,0202W,KFPR,74793012843,KPBI",1069
115,"Stuart, FL, United States",2022-09-02,32.1,23.9,27.8,38.0,23.9,30.3,22.3,73.0,0.0,0.0,0.0,rain,0,0,37.1,18.0,113.1,1016.9,24.1,14.3,249.4,21.4,8,100,2022-09-02T07:00:41,2022-09-02T19:40:17,0.18,Partially cloudy,Becoming cloudy in the afternoon.,partly-cloudy-day,"72203012844,72218992815,KSUA,F3002,72210312895,0202W,KFPR,74793012843,KPBI",1069
116,"Stuart, FL, United States",2022-09-03,32.1,24.9,28.6,38.1,24.9,31.4,23.0,72.4,0.01,100.0,4.17,rain,0,0,31.7,18.6,119.8,1017.5,26.9,15.2,209.5,18.1,9,100,2022-09-03T07:01:08,2022-09-03T19:39:11,0.24,"Rain, Partially cloudy",Partly cloudy throughout the day with morning rain.,rain,"72203012844,72218992815,KSUA,F3002,72210312895,0202W,KFPR,74793012843,KPBI",1069
117,"Stuart, FL, United States",2022-09-04,32.1,25.0,28.9,37.0,25.0,31.9,22.9,70.7,0.0,0.0,0.0,,0,0,26.0,16.2,96.4,1015.8,27.8,15.6,244.5,21.0,9,100,2022-09-04T07:01:34,2022-09-04T19:38:05,0.29,Partially cloudy,Partly cloudy throughout the day.,partly-cloudy-day,"72203012844,KOBE,72218992815,KSUA,F3002,72210312895,0202W,KFPR,74793012843,KPBI",1069
118,"Stuart, FL, United States",2022-09-05,32.6,25.9,28.6,38.8,25.9,32.0,23.7,75.3,0.0,0.0,0.0,rain,0,0,18.0,18.3,83.2,1015.8,19.8,16.0,194.2,16.7,9,100,2022-09-05T07:02:01,2022-09-05T19:36:58,0.35,Clear,Clear conditions throughout the day.,clear-day,"72203012844,KOBE,72218992815,KSUA,F3002,72210312895,0202W,KFPR,74793012843,KPBI",1069
119,"Stuart, FL, United States",2022-09-06,33.0,25.0,28.9,38.2,25.0,32.0,23.3,72.7,0.0,0.0,0.0,,0,0,17.3,22.1,155.6,1016.6,23.3,15.2,244.8,21.1,9,100,2022-09-06T07:02:28,2022-09-06T19:35:51,0.4,Partially cloudy,Partly cloudy throughout the day.,partly-cloudy-day,"72203012844,KOBE,72218992815,KSUA,F3002,72210312895,0202W,KFPR,74793012843,KPBI",1069
120,"Stuart, FL, United States",2022-09-07,33.1,25.8,29.3,37.2,25.8,32.3,22.9,69.9,0.0,0.0,0.0,,0,0,19.4,18.2,166.0,1013.7,33.2,13.1,243.1,20.8,9,100,2022-09-07T07:02:54,2022-09-07T19:34:44,0.44,Partially cloudy,Partly cloudy throughout the day.,partly-cloudy-day,"72203012844,72218992815,KSUA,F3002,72210312895,0202W,KVRB,KFPR,74793012843,KPBI",1069
121,"Stuart, FL, United States",2022-09-08,32.0,24.0,27.2,36.0,24.0,28.9,22.5,76.8,0.67,100.0,37.5,rain,0,0,51.8,18.3,187.0,1009.0,32.5,12.9,176.9,15.4,9,100,2022-09-08T07:03:21,2022-09-08T19:33:36,0.47,"Rain, Partially cloudy",Partly cloudy throughout the day with rain.,rain,"72203012844,72218992815,KSUA,72210312895,KVRB,0202W,KFPR,74793012843,KPBI",1069
122,"Stuart, FL, United States",2022-09-09,33.0,23.9,27.3,37.2,23.9,28.8,22.2,75.4,0.5,100.0,25.0,rain,0,0,37.1,18.4,188.0,1010.1,34.4,12.2,180.5,15.6,8,100,2022-09-09T07:03:47,2022-09-09T19:32:28,0.49,"Rain, Partially cloudy",Becoming cloudy in the afternoon with rain.,rain,"72203012844,KOBE,72218992815,KSUA,F3002,72210312895,KVRB,0202W,72226100360,KFPR,74793012843",1069
123,"Stuart, FL, United States",2022-09-10,34.0,24.1,27.9,40.4,24.1,30.3,23.3,77.5,0.19,100.0,20.83,rain,0,0,25.6,18.5,126.0,1016.2,35.4,12.9,133.8,11.5,6,100,2022-09-10T07:04:13,2022-09-10T19:31:20,0.5,"Rain, Partially cloudy",Partly cloudy throughout the day with rain.,rain,"72203012844,72218992815,KSUA,72210312895,KVRB,0202W,KFPR,74793012843",1069
124,"Stuart, FL, United States",2022-09-11,33.0,24.9,27.7,39.8,24.9,30.2,23.5,78.9,0.0,0.0,0.0,rain,0,0,31.7,23.3,144.9,1018.4,22.0,15.5,199.6,17.3,9,100,2022-09-11T07:04:40,2022-09-11T19:30:12,0.51,Partially cloudy,Partly cloudy throughout the day.,partly-cloudy-day,"72203012844,72218992815,KSUA,F3002,72210312895,KVRB,0202W,KFPR,74793012843,KPBI",1069
125,"Stuart, FL, United States",2022-09-12,32.1,23.9,27.1,35.8,23.9,28.4,21.9,74.5,0.47,100.0,12.5,rain,0,0,59.2,17.4,174.0,1015.4,20.5,15.8,216.3,18.7,8,75,2022-09-12T07:05:06,2022-09-12T19:29:03,0.53,"Rain, Partially cloudy",Partly cloudy throughout the day with late afternoon rain.,rain,"72203012844,KOBE,72218992815,KSUA,72210312895,KVRB,0202W,72226100360,KFPR,74793012843,KPBI",1069
126,"Stuart, FL, United States",2022-09-13,32.0,22.7,26.7,36.7,22.7,28.4,22.5,79.1,10.4,100.0,12.5,rain,0,0,47.7,14.9,155.6,1013.5,42.2,14.5,128.0,11.2,8,75,2022-09-13T07:05:32,2022-09-13T19:27:54,0.56,"Rain, Partially cloudy",Becoming cloudy in the afternoon with late afternoon rain.,rain,"72203012844,KOBE,72218992815,KSUA,F3002,KVRB,0202W,72210312895,72226100360,74793012843,KFPR,KPBI",1069
127,"Stuart, FL, United States",2022-09-14,31.0,23.9,25.8,35.6,23.9,26.8,22.2,81.3,0.05,100.0,4.17,rain,0,0,42.5,38.2,154.2,1014.4,42.8,13.6,121.2,10.4,6,75,2022-09-14T07:05:59,2022-09-14T19:26:46,0.6,"Rain, Partially cloudy",Partly cloudy throughout the day with early morning rain.,rain,"72203012844,72218992815,KSUA,F3002,72210312895,KVRB,0202W,KFPR,74793012843",1069
128,"Stuart, FL, United States",2022-09-15,29.1,23.9,25.4,33.7,23.9,26.0,22.9,86.3,1.29,100.0,45.83,rain,0,0,60.8,21.8,154.5,1016.8,53.4,12.1,51.8,4.5,2,100,2022-09-15T07:06:25,2022-09-15T19:25:36,0.64,"Rain, Partially cloudy",Partly cloudy throughout the day with rain.,rain,"72203012844,72218992815,KSUA,72210312895,KVRB,0202W,KFPR,74793012843,KPBI",1069
129,"Stuart, FL, United States",2022-09-16,29.9,23.0,26.6,34.0,23.0,28.5,22.8,80.3,1.29,100.0,16.67,rain,0,0,23.8,14.9,151.3,1017.7,55.7,12.5,162.6,14.0,7,75,2022-09-16T07:06:51,2022-09-16T19:24:27,0.69,"Rain, Partially cloudy",Partly cloudy throughout the day with rain.,rain,"72203012844,72218992815,KSUA,72210312895,KVRB,0202W,KFPR,74793012843",1069
130,"Stuart, FL, United States",2022-09-17,29.0,23.0,26.6,33.5,23.0,28.1,22.5,78.7,2.14,100.0,37.5,rain,0,0,40.7,18.0,138.0,1017.1,57.1,12.6,192.2,16.5,10,60,2022-09-17T07:07:18,2022-09-17T19:23:18,0.74,"Rain, Partially cloudy",Partly cloudy throughout the day with rain.,rain,"72203012844,72218992815,KSUA,72210312895,KVRB,0202W,KFPR,74793012843",1069
131,"Stuart, FL, United States",2022-09-18,31.0,22.9,26.7,34.6,22.9,28.0,21.5,74.5,8.11,100.0,33.33,rain,0,0,18.7,22.9,179.0,1014.7,48.1,15.0,226.9,19.6,9,60,2022-09-18T07:07:44,2022-09-18T19:22:09,0.78,"Rain, Partially cloudy",Becoming cloudy in the afternoon with rain.,rain,"72203012844,72218992815,KSUA,F3002,72210312895,KVRB,0202W,KFPR,74793012843,KPBI",1069
132,"Stuart, FL, United States",2022-09-19,31.1,23.9,26.9,36.7,23.9,28.5,23.1,80.9,0.82,100.0,8.33,rain,0,0,25.9,14.5,134.6,1013.4,27.9,14.9,200.6,17.2,10,75,2022-09-19T07:08:11,2022-09-19T19:21:00,0.83,"Rain, Partially cloudy",Partly cloudy throughout the day with late afternoon rain.,rain,"72203012844,72218992815,KSUA,72210312895,KVRB,0202W,KFPR,74793012843,KPBI",1069
133,"Stuart, FL, United States",2022-09-20,31.0,24.9,27.6,36.7,24.9,30.1,23.3,78.1,0.01,100.0,4.17,rain,0,0,18.4,14.7,125.7,1013.5,47.6,14.7,152.3,12.9,8,100,2022-09-20T07:08:37,2022-09-20T19:19:50,0.87,"Rain, Partially cloudy",Partly cloudy throughout the day with early morning rain.,rain,"72203012844,72218992815,KSUA,72210312895,KVRB,0202W,KFPR,74793012843,KPBI",1069
134,"Stuart, FL, United States",2022-09-21,30.8,24.3,27.3,36.6,24.3,29.5,23.0,77.5,1.2,100.0,25.0,rain,0,0,27.4,18.1,166.8,1011.6,59.7,13.2,188.5,16.1,10,100,2022-09-21T07:09:04,2022-09-21T19:18:41,0.91,"Rain, Partially cloudy",Partly cloudy throughout the day with rain.,rain,"72203012844,72218992815,KSUA,72210312895,KVRB,0202W,72226100360,KFPR,74793012843,KPBI",1069
135,"Stuart, FL, United States",2022-09-22,31.1,24.9,27.4,35.6,24.9,29.1,22.6,76.2,10.74,100.0,29.17,rain,0,0,31.7,18.3,203.4,1010.7,53.6,13.0,190.4,16.6,8,60,2022-09-22T07:09:31,2022-09-22T19:17:32,0.95,"Rain, Partially cloudy",Partly cloudy throughout the day with rain clearing later.,rain,"72203012844,72218992815,KSUA,72210312895,KVRB,0202W,KFPR,74793012843",1069
136,"Stuart, FL, United States",2022-09-23,33.0,22.9,27.2,37.9,22.9,28.9,21.9,74.6,0.03,100.0,4.17,rain,0,0,32.0,13.0,217.2,1012.9,45.7,11.3,233.3,20.1,8,100,2022-09-23T07:09:58,2022-09-23T19:16:23,0.97,"Rain, Partially cloudy",Clearing in the afternoon with late afternoon rain.,rain,"72203012844,KOBE,72218992815,KSUA,F3002,72210312895,KVRB,0202W,KFPR,74793012843,KPBI",1069
137,"Stuart, FL, United States",2022-09-24,28.1,25.0,26.9,32.0,25.0,28.7,23.0,79.3,0.57,100.0,33.33,rain,0,0,36.0,19.6,84.0,1014.8,81.1,11.9,59.0,5.0,4,75,2022-09-24T07:10:25,2022-09-24T19:15:14,0.99,"Rain, Partially cloudy",Partly cloudy throughout the day with a chance of rain throughout the day.,rain,"72203012844,72218992815,KSUA,F3002,72210312895,KVRB,0202W,KFPR,74793012843,KPBI",1069
138,"Stuart, FL, United States",2022-09-25,31.0,26.0,28.1,35.6,26.0,31.1,23.2,75.4,2.37,100.0,12.5,rain,0,0,51.8,19.6,85.6,1012.5,63.3,14.2,123.0,10.6,7,100,2022-09-25T07:10:52,2022-09-25T19:14:05,1.0,"Rain, Partially cloudy",Partly cloudy throughout the day with rain.,rain,"72203012844,72218992815,KSUA,72210312895,KVRB,0202W,KFPR,74793012843,KPBI",1069
139,"Stuart, FL, United States",2022-09-26,30.1,24.9,26.5,35.3,24.9,27.8,23.4,83.6,2.15,100.0,20.83,rain,0,0,22.7,13.0,123.1,1012.1,45.7,13.7,117.0,10.2,7,100,2022-09-26T07:11:20,2022-09-26T19:12:56,0.0,"Rain, Partially cloudy",Becoming cloudy in the afternoon with rain.,rain,"72203012844,72218992815,KSUA,72210312895,KVRB,0202W,KFPR,74793012843,KPBI",1069
140,"Stuart, FL, United States",2022-09-27,26.0,24.0,25.2,26.0,24.0,25.2,23.0,87.7,2.14,100.0,70.83,rain,0,0,53.6,21.9,99.4,1012.1,73.2,12.1,38.9,3.4,2,60,2022-09-27T07:11:47,2022-09-27T19:11:48,0.01,"Rain, Partially cloudy",Partly cloudy throughout the day with a chance of rain throughout the day.,rain,"72203012844,KOBE,72218992815,KSUA,F3002,72210312895,KVRB,0202W,72226100360,KFPR,74793012843,KPBI",1069
141,"Stuart, FL, United States",2022-09-28,30.0,25.9,27.5,36.0,25.9,30.2,23.5,79.1,23.17,100.0,62.5,rain,0,0,88.2,62.3,115.8,1005.4,88.0,10.2,102.1,8.9,5,100,2022-09-28T07:12:15,2022-09-28T19:10:40,0.04,"Rain, Partially cloudy",Partly cloudy throughout the day with a chance of rain throughout the day.,rain,"72203012844,KOBE,72218992815,KSUA,72210312895,KVRB,0202W,72226100360,KFPR,74793012843,KPBI",1069
142,"Stuart, FL, United States",2022-09-29,26.4,20.0,24.0,26.4,20.0,24.0,20.1,78.9,0.0,0.0,0.0,rain,0,0,91.8,54.9,233.9,1002.0,89.4,13.3,54.4,4.8,3,10,2022-09-29T07:12:43,2022-09-29T19:09:32,0.07,Partially cloudy,Partly cloudy throughout the day.,wind,"72203012844,KOBE,KSUA,F3002,72210312895,KVRB,0202W,KFPR,74793012843,KPBI",1069
143,"Stuart, FL, United States",2022-09-30,27.3,17.9,21.9,28.7,17.9,22.0,17.8,77.8,0.0,23.8,0.0,rain,0,0,42.1,24.0,309.5,1008.8,8.6,17.0,239.6,20.7,8,10,2022-09-30T07:13:11,2022-09-30T19:08:24,0.12,Clear,Clear conditions throughout the day.,clear-day,"KOBE,KSUA,KVRB,0202W,KFPR,KPBI",1069
