,name,datetime,tempmax,tempmin,temp,feelslikemax,feelslikemin,feelslike,dew,humidity,precip,precipprob,precipcover,preciptype,snow,snowdepth,windgust,windspeed,winddir,sealevelpressure,cloudcover,visibility,solarradiation,solarenergy,uvindex,severerisk,sunrise,sunset,moonphase,conditions,description,icon,stations,skey
0,"Horsham, PA, United States",2022-05-10,23.1,10.0,16.3,23.1,10.0,16.3,-3.5,26.3,0.0,0.0,0.0,,0,0,44.6,27.9,53.7,1026.3,22.0,16.0,224.9,19.3,10,10,2022-05-10T05:49:47,2022-05-10T20:04:45,0.32,Partially cloudy,Partly cloudy throughout the day.,partly-cloudy-day,"72408594732,72511354786,72030464752,KLOM,E1527,KPNE,KDYL",1132
1,"Horsham, PA, United States",2022-05-11,22.5,9.2,16.1,22.5,8.9,16.1,6.0,52.4,0.0,0.0,0.0,,0,0,46.3,25.6,44.3,1024.9,40.3,16.0,159.0,13.8,7,10,2022-05-11T05:48:45,2022-05-11T20:05:43,0.37,Partially cloudy,Partly cloudy throughout the day.,partly-cloudy-day,"72408594732,72511354786,72030464752,KLOM,E1527,KPNE,KDYL",1132
2,"Horsham, PA, United States",2022-05-12,24.4,11.1,17.9,24.4,11.1,17.9,13.8,78.1,0.0,0.0,0.0,rain,0,0,32.4,16.5,63.6,1025.0,51.4,16.0,173.9,14.9,10,10,2022-05-12T05:47:44,2022-05-12T20:06:42,0.41,Partially cloudy,Partly cloudy throughout the day.,partly-cloudy-day,"72408594732,72511354786,72030464752,KLOM,E1527,KPNE,KDYL",1132
3,"Horsham, PA, United States",2022-05-13,22.6,15.2,18.2,22.6,15.2,18.2,17.2,93.9,5.88,100.0,41.67,rain,0,0,27.0,14.6,65.4,1023.7,99.4,11.7,80.2,7.0,3,30,2022-05-13T05:46:44,2022-05-13T20:07:40,0.45,"Rain, Overcast",Cloudy skies throughout the day with rain.,rain,"72408594732,72511354786,72030464752,KLOM,E1527,KPNE,KDYL",1132
4,"Horsham, PA, United States",2022-05-14,20.6,17.6,18.9,20.6,17.6,18.9,18.3,96.5,6.49,100.0,45.83,rain,0,0,20.2,8.4,81.1,1018.0,92.1,9.2,51.7,4.6,2,10,2022-05-14T05:45:46,2022-05-14T20:08:37,0.48,"Rain, Overcast",Cloudy skies throughout the day with rain.,rain,"72408594732,72511354786,72030464752,KLOM,D5182,E1527,KPNE,KDYL",1132
5,"Horsham, PA, United States",2022-05-15,25.1,17.0,21.0,25.1,17.0,21.0,17.6,82.3,0.09,100.0,4.17,rain,0,0,23.4,13.1,224.3,1011.9,71.8,12.6,122.4,10.5,6,30,2022-05-15T05:44:50,2022-05-15T20:09:34,0.5,"Rain, Partially cloudy",Partly cloudy throughout the day with morning rain.,rain,"72408594732,72511354786,72030464752,KLOM,E1527,KPNE,KDYL",1132
6,"Horsham, PA, United States",2022-05-16,24.9,16.3,20.2,24.9,16.3,20.2,17.2,83.9,8.46,100.0,25.0,rain,0,0,52.8,20.9,193.7,1005.7,52.4,14.7,111.2,9.6,7,60,2022-05-16T05:43:56,2022-05-16T20:10:31,0.5,"Rain, Partially cloudy",Partly cloudy throughout the day with rain.,rain,"72408594732,C1708,72511354786,72030464752,KLOM,E1527,KPNE,KDYL",1132
7,"Horsham, PA, United States",2022-05-17,25.6,10.7,18.8,25.6,10.7,18.8,8.1,55.5,0.0,0.0,0.0,,0,0,54.0,29.9,259.4,1009.1,10.7,16.0,316.2,27.3,10,10,2022-05-17T05:43:03,2022-05-17T20:11:26,0.52,Clear,Clear conditions throughout the day.,clear-day,"72408594732,72511354786,72030464752,KLOM,E1527,KPNE,KDYL",1132
8,"Horsham, PA, United States",2022-05-18,22.0,9.8,16.6,22.0,9.6,16.6,6.6,53.3,0.0,0.0,0.0,,0,0,37.1,15.9,284.6,1014.6,13.6,16.0,199.6,17.2,9,10,2022-05-18T05:42:11,2022-05-18T20:12:22,0.54,Clear,Clear conditions throughout the day.,clear-day,"72408594732,72511354786,72030464752,KLOM,E1527,KPNE,KDYL",1132
9,"Horsham, PA, United States",2022-05-19,24.9,12.8,17.2,24.9,12.8,17.2,14.0,83.1,14.65,100.0,33.33,rain,0,0,35.6,14.3,180.5,1008.2,75.1,14.2,96.5,8.5,4,30,2022-05-19T05:41:21,2022-05-19T20:13:17,0.58,"Rain, Partially cloudy",Partly cloudy throughout the day with rain clearing later.,rain,"72408594732,72511354786,72030464752,KLOM,E1527,KPNE,KDYL",1132
10,"Horsham, PA, United States",2022-05-20,28.8,13.3,19.7,29.5,13.3,19.8,17.1,86.4,8.17,100.0,20.83,rain,0,0,70.2,16.6,70.0,1012.2,34.1,13.5,145.9,12.6,9,10,2022-05-20T05:40:33,2022-05-20T20:14:11,0.63,"Rain, Partially cloudy",Partly cloudy throughout the day with rain.,rain,"72408594732,72511354786,72030464752,KLOM,E1527,KPNE,KDYL",1132
11,"Horsham, PA, United States",2022-05-21,33.8,18.4,25.9,35.6,18.4,26.9,19.5,72.0,0.0,0.0,0.0,,0,0,28.8,16.2,185.7,1015.7,31.6,10.8,214.5,18.4,9,100,2022-05-21T05:39:47,2022-05-21T20:15:04,0.68,Partially cloudy,Partly cloudy throughout the day.,partly-cloudy-day,"72408594732,72511354786,72030464752,KLOM,E1527,KPNE,KDYL",1132
12,"Horsham, PA, United States",2022-05-22,31.7,22.4,25.9,34.1,22.4,26.7,20.2,71.7,2.61,100.0,12.5,rain,0,0,50.8,21.2,232.1,1016.3,19.0,16.0,179.0,15.4,9,75,2022-05-22T05:39:03,2022-05-22T20:15:57,0.74,Rain,Clear conditions throughout the day with rain.,rain,"72408594732,72511354786,72030464752,KLOM,E1527,KPNE,KDYL",1132
13,"Horsham, PA, United States",2022-05-23,23.7,14.4,19.8,23.7,14.4,19.8,10.1,54.9,0.0,0.0,0.0,rain,0,0,44.9,22.7,246.5,1021.6,37.0,16.0,229.5,19.9,9,10,2022-05-23T05:38:20,2022-05-23T20:16:49,0.79,Partially cloudy,Partly cloudy throughout the day.,partly-cloudy-day,"72408594732,72511354786,72030464752,KLOM,E1527,KPNE,KDYL",1132
14,"Horsham, PA, United States",2022-05-24,19.9,14.2,17.4,19.9,14.2,17.4,10.0,63.0,0.46,100.0,12.5,rain,0,0,33.5,19.3,78.8,1024.7,93.8,16.0,153.8,13.4,10,10,2022-05-24T05:37:39,2022-05-24T20:17:40,0.85,"Rain, Overcast",Cloudy skies throughout the day with rain clearing later.,rain,"72408594732,72511354786,72030464752,KLOM,E1527,KPNE,KDYL",1132
15,"Horsham, PA, United States",2022-05-25,22.7,10.5,16.3,22.7,10.5,16.3,9.1,64.9,0.0,0.0,0.0,,0,0,33.5,16.5,76.9,1027.7,44.6,16.0,192.1,16.7,8,10,2022-05-25T05:37:00,2022-05-25T20:18:31,0.89,Partially cloudy,Partly cloudy throughout the day.,partly-cloudy-day,"72408594732,72511354786,72030464752,KLOM,E1527,KPNE,KDYL",1132
16,"Horsham, PA, United States",2022-05-26,22.1,11.1,17.1,22.1,11.1,17.1,12.4,74.2,0.0,0.0,0.0,rain,0,0,29.9,13.8,117.0,1024.1,89.3,15.6,149.5,12.9,10,10,2022-05-26T05:36:22,2022-05-26T20:19:20,0.93,Partially cloudy,Partly cloudy throughout the day.,partly-cloudy-day,"72408594732,72511354786,72030464752,KLOM,E1527,KPNE,KDYL",1132
17,"Horsham, PA, United States",2022-05-27,24.4,18.4,20.2,24.4,18.4,20.2,18.9,92.6,4.1,100.0,20.83,rain,0,0,36.4,15.0,162.1,1013.1,89.2,11.9,78.3,6.7,8,30,2022-05-27T05:35:47,2022-05-27T20:20:09,0.96,"Rain, Partially cloudy",Partly cloudy throughout the day with rain.,rain,"72408594732,72511354786,72030464752,KLOM,D5182,E1527,KPNE,KDYL",1132
18,"Horsham, PA, United States",2022-05-28,24.3,18.4,21.1,24.3,18.4,21.1,17.2,79.9,6.11,100.0,50.0,rain,0,0,40.3,16.9,263.5,1008.2,75.1,15.5,164.1,14.1,10,30,2022-05-28T05:35:13,2022-05-28T20:20:56,0.99,"Rain, Partially cloudy",Partly cloudy throughout the day with a chance of rain throughout the day.,rain,"72408594732,72511354786,72030464752,KLOM,E1527,KPNE,KDYL",1132
19,"Horsham, PA, United States",2022-05-29,26.8,14.1,21.2,26.8,14.1,21.2,13.9,66.1,0.0,0.0,0.0,rain,0,0,20.5,10.2,214.6,1017.2,30.0,16.0,189.5,16.3,10,10,2022-05-29T05:34:42,2022-05-29T20:21:43,1.0,Partially cloudy,Partly cloudy throughout the day.,partly-cloudy-day,"72408594732,72511354786,72030464752,KLOM,E1527,KPNE,KDYL",1132
20,"Horsham, PA, United States",2022-05-30,31.2,14.9,24.0,32.3,14.9,24.5,17.4,69.5,0.0,0.0,0.0,rain,0,0,23.0,12.6,154.0,1019.0,7.5,15.7,251.3,21.6,10,60,2022-05-30T05:34:12,2022-05-30T20:22:28,0.0,Clear,Clear conditions throughout the day.,clear-day,"72408594732,72511354786,72030464752,KLOM,E1527,KPNE,KDYL",1132
21,"Horsham, PA, United States",2022-05-31,34.3,20.8,28.1,34.5,20.8,28.5,18.4,59.1,0.0,0.0,0.0,,0,0,31.9,17.1,282.8,1015.5,4.0,16.0,264.1,22.7,9,30,2022-05-31T05:33:44,2022-05-31T20:23:13,0.0,Clear,Clear conditions throughout the day.,clear-day,"72408594732,72511354786,72030464752,KLOM,E1527,KPNE,KDYL",1132
22,"Horsham, PA, United States",2022-06-01,27.4,16.8,22.3,28.7,16.8,22.4,17.4,74.7,0.17,100.0,4.17,rain,0,0,29.5,16.2,112.6,1012.9,28.9,15.8,222.8,19.2,8,10,2022-06-01T05:33:18,2022-06-01T20:23:56,0.02,"Rain, Partially cloudy",Partly cloudy throughout the day with late afternoon rain.,rain,"72408594732,72511354786,72030464752,KLOM,E1527,KPNE,KDYL",1132
23,"Horsham, PA, United States",2022-06-02,28.2,16.4,21.4,29.6,16.4,21.5,18.2,83.2,10.39,100.0,33.33,rain,0,0,60.8,12.9,182.9,1007.9,70.3,14.7,152.8,13.2,8,30,2022-06-02T05:32:54,2022-06-02T20:24:38,0.04,"Rain, Partially cloudy",Partly cloudy throughout the day with rain.,rain,"72408594732,72511354786,72030464752,KLOM,E1527,KPNE,KDYL",1132
24,"Horsham, PA, United States",2022-06-03,25.9,16.7,21.5,25.9,16.7,21.5,15.1,70.7,1.15,100.0,8.33,rain,0,0,27.7,14.4,205.3,1008.2,39.4,13.0,160.3,13.9,7,10,2022-06-03T05:32:32,2022-06-03T20:25:19,0.07,"Rain, Partially cloudy",Partly cloudy throughout the day with morning rain.,rain,"72408594732,72511354786,72030464752,KLOM,E1527,KPNE,KDYL",1132
25,"Horsham, PA, United States",2022-06-04,28.3,12.8,21.2,27.1,12.8,20.9,9.2,52.0,0.0,0.0,0.0,,0,0,40.7,16.0,206.8,1011.8,1.9,16.0,268.7,23.2,10,10,2022-06-04T05:32:11,2022-06-04T20:25:59,0.11,Clear,Clear conditions throughout the day.,clear-day,"72408594732,72511354786,72030464752,KLOM,E1527,KPNE,KDYL",1132
26,"Horsham, PA, United States",2022-06-05,25.2,11.4,19.3,25.2,11.4,19.3,5.7,43.0,0.0,0.0,0.0,,0,0,25.2,13.1,86.1,1015.4,0.0,16.0,271.8,23.6,10,10,2022-06-05T05:31:53,2022-06-05T20:26:38,0.14,Clear,Clear conditions throughout the day.,clear-day,"72408594732,72511354786,72030464752,KLOM,E1527,KPNE,KDYL",1132
27,"Horsham, PA, United States",2022-06-06,26.8,10.9,20.0,26.6,10.9,20.0,7.4,47.9,0.0,0.0,0.0,,0,0,32.0,14.8,139.3,1017.3,0.0,16.0,269.9,23.3,9,10,2022-06-06T05:31:37,2022-06-06T20:27:15,0.19,Clear,Clear conditions throughout the day.,clear-day,"72408594732,72511354786,72030464752,KLOM,E1527,KPNE,KDYL",1132
28,"Horsham, PA, United States",2022-06-07,25.1,13.8,20.7,25.1,13.8,20.7,14.0,66.8,2.47,100.0,16.67,rain,0,0,43.9,20.2,159.7,1016.0,48.9,15.9,168.0,14.3,9,10,2022-06-07T05:31:22,2022-06-07T20:27:51,0.24,"Rain, Partially cloudy",Becoming cloudy in the afternoon with late afternoon rain.,rain,"72408594732,72511354786,72030464752,KLOM,E1527,KPNE,KDYL",1132
29,"Horsham, PA, United States",2022-06-08,29.1,19.4,24.1,28.6,19.4,24.0,16.6,66.2,0.19,100.0,8.33,rain,0,0,41.0,15.8,242.8,1011.6,58.0,16.0,184.6,16.1,10,30,2022-06-08T05:31:10,2022-06-08T20:28:25,0.29,"Rain, Partially cloudy",Partly cloudy throughout the day with rain.,rain,"72408594732,C1708,72511354786,72030464752,KLOM,E1527,KPNE,KDYL",1132
30,"Horsham, PA, United States",2022-06-09,26.5,19.1,23.1,26.5,19.1,23.1,16.1,67.5,12.75,100.0,79.17,rain,0,0,51.8,28.6,234.4,1005.4,62.7,15.0,220.1,19.0,10,30,2022-06-09T05:30:59,2022-06-09T20:28:58,0.35,"Rain, Partially cloudy",Partly cloudy throughout the day with a chance of rain throughout the day.,rain,"72408594732,72511354786,72030464752,KLOM,E1527,KPNE,KDYL",1132
31,"Horsham, PA, United States",2022-06-10,25.9,14.4,20.5,25.9,14.4,20.5,11.0,56.6,0.43,100.0,29.17,rain,0,0,32.4,15.8,277.5,1011.3,4.6,16.0,237.3,20.4,10,10,2022-06-10T05:30:51,2022-06-10T20:29:29,0.39,Rain,Clear conditions throughout the day with a chance of rain throughout the day.,rain,"72408594732,72511354786,72030464752,KLOM,E1527,KPNE,KDYL",1132
32,"Horsham, PA, United States",2022-06-11,21.8,15.6,19.3,21.8,15.6,19.3,13.3,68.9,1.88,100.0,29.17,rain,0,0,18.7,10.2,142.6,1013.5,43.8,16.0,86.2,7.2,4,10,2022-06-11T05:30:44,2022-06-11T20:29:59,0.44,"Rain, Partially cloudy",Partly cloudy throughout the day with rain.,rain,"72408594732,72511354786,72030464752,KLOM,E1527,KPNE,KDYL",1132
33,"Horsham, PA, United States",2022-06-12,24.5,14.5,19.3,24.5,14.5,19.3,16.8,86.0,4.29,100.0,33.33,rain,0,0,21.2,14.0,106.3,1014.2,80.6,13.9,72.9,6.2,3,60,2022-06-12T05:30:40,2022-06-12T20:30:27,0.47,"Rain, Partially cloudy",Partly cloudy throughout the day with rain.,rain,"72408594732,72511354786,72030464752,KLOM,E1527,KPNE,KDYL",1132
34,"Horsham, PA, United States",2022-06-13,31.1,19.6,25.0,32.5,19.6,25.6,19.4,73.6,0.35,100.0,12.5,rain,0,0,31.7,15.9,209.4,1012.8,30.3,14.2,182.1,15.8,10,60,2022-06-13T05:30:37,2022-06-13T20:30:54,0.49,"Rain, Partially cloudy",Partly cloudy throughout the day with rain clearing later.,rain,"72408594732,72511354786,72030464752,KLOM,E1527,KPNE,KDYL",1132
35,"Horsham, PA, United States",2022-06-14,28.3,18.7,22.9,28.0,18.7,22.9,14.1,59.1,1.19,100.0,16.67,rain,0,0,22.0,11.0,100.4,1013.1,10.3,15.9,171.1,14.7,9,10,2022-06-14T05:30:36,2022-06-14T20:31:19,0.5,Rain,Clear conditions throughout the day with morning rain.,rain,"72408594732,72511354786,72030464752,KLOM,E1527,KPNE,KDYL",1132
36,"Horsham, PA, United States",2022-06-15,29.1,16.5,23.1,29.0,16.5,23.1,15.2,63.4,0.12,100.0,8.33,rain,0,0,30.9,15.9,93.6,1018.1,11.4,16.0,253.1,21.9,10,10,2022-06-15T05:30:37,2022-06-15T20:31:42,0.51,Rain,Clear conditions throughout the day with morning rain.,rain,"72408594732,72511354786,72030464752,KLOM,E1527,KPNE,KDYL",1132
37,"Horsham, PA, United States",2022-06-16,24.6,17.3,21.0,24.6,17.3,21.0,16.9,78.0,13.65,100.0,33.33,rain,0,0,33.5,18.0,157.9,1019.3,91.5,15.5,126.1,10.8,7,10,2022-06-16T05:30:40,2022-06-16T20:32:04,0.53,"Rain, Overcast",Cloudy skies throughout the day with rain.,rain,"72408594732,72511354786,72030464752,KLOM,E1527,D5182,KPNE,KDYL",1132
38,"Horsham, PA, United States",2022-06-17,32.8,20.8,26.5,33.7,20.8,26.7,17.1,60.9,0.0,0.0,0.0,,0,0,45.9,27.3,241.1,1007.6,47.1,15.6,237.8,20.3,10,75,2022-06-17T05:30:45,2022-06-17T20:32:24,0.57,Partially cloudy,Clearing in the afternoon.,partly-cloudy-day,"72408594732,72511354786,72030464752,KLOM,E1527,KPNE,KDYL",1132
39,"Horsham, PA, United States",2022-06-18,23.8,15.4,19.7,23.8,15.4,19.7,9.0,50.1,0.0,0.0,0.0,rain,0,0,51.2,26.5,304.3,1008.2,46.7,16.0,149.9,12.9,10,10,2022-06-18T05:30:52,2022-06-18T20:32:42,0.62,Partially cloudy,Partly cloudy throughout the day.,partly-cloudy-day,"72408594732,72511354786,72030464752,KLOM,E1527,KPNE,KDYL",1132
40,"Horsham, PA, United States",2022-06-19,23.3,12.7,17.9,23.3,12.7,17.9,3.7,40.2,0.0,0.0,0.0,,0,0,46.8,26.2,306.7,1015.8,2.3,16.0,291.0,25.1,10,10,2022-06-19T05:31:00,2022-06-19T20:32:59,0.67,Clear,Clear conditions throughout the day.,clear-day,"72408594732,72511354786,72030464752,KLOM,E1527,KPNE,KDYL",1132
41,"Horsham, PA, United States",2022-06-20,26.3,10.7,19.0,26.3,10.7,19.0,5.9,45.1,0.0,0.0,0.0,,0,0,28.4,14.5,297.0,1020.6,0.0,16.0,233.8,20.1,10,10,2022-06-20T05:31:10,2022-06-20T20:33:13,0.72,Clear,Clear conditions throughout the day.,clear-day,"72408594732,72511354786,72030464752,KLOM,E1527,KPNE,KDYL",1132
42,"Horsham, PA, United States",2022-06-21,26.2,13.3,20.5,26.2,13.3,20.5,12.0,59.5,0.0,0.0,0.0,rain,0,0,17.3,12.2,184.5,1019.8,22.6,16.0,153.6,13.3,7,10,2022-06-21T05:31:23,2022-06-21T20:33:26,0.77,Partially cloudy,Becoming cloudy in the afternoon.,partly-cloudy-day,"72408594732,72511354786,72030464752,KLOM,E1527,KPNE,KDYL",1132
43,"Horsham, PA, United States",2022-06-22,23.3,16.2,19.4,23.3,16.2,19.4,16.1,82.0,0.12,100.0,8.33,rain,0,0,29.5,18.9,85.6,1015.6,64.9,15.3,79.6,6.8,3,10,2022-06-22T05:31:37,2022-06-22T20:33:37,0.82,"Rain, Partially cloudy",Partly cloudy throughout the day with afternoon rain.,rain,"72408594732,72511354786,72030464752,KLOM,E1527,KPNE,KDYL",1132
44,"Horsham, PA, United States",2022-06-23,21.7,16.6,18.5,21.7,16.6,18.5,16.3,87.4,5.45,100.0,45.83,rain,0,0,34.9,11.8,85.1,1014.7,91.4,14.6,75.0,6.5,4,10,2022-06-23T05:31:52,2022-06-23T20:33:46,0.87,"Rain, Overcast",Cloudy skies throughout the day with a chance of rain throughout the day.,rain,"72408594732,72511354786,72030464752,KLOM,E1527,KPNE,KDYL",1132
45,"Horsham, PA, United States",2022-06-24,28.0,15.3,21.3,28.8,15.3,21.5,16.5,76.2,0.12,100.0,8.33,rain,0,0,17.3,10.1,140.9,1017.0,53.7,12.5,214.0,18.5,10,30,2022-06-24T05:32:10,2022-06-24T20:33:53,0.91,"Rain, Partially cloudy",Partly cloudy throughout the day with afternoon rain.,rain,"72408594732,72511354786,72030464752,KLOM,E1527,KPNE,KDYL",1132
46,"Horsham, PA, United States",2022-06-25,31.5,18.2,25.6,31.5,18.2,25.8,17.5,64.3,0.0,0.0,0.0,,0,0,19.4,12.4,263.8,1019.3,11.8,15.7,215.5,18.5,10,60,2022-06-25T05:32:29,2022-06-25T20:33:59,0.95,Clear,Clear conditions throughout the day.,clear-day,"72408594732,72511354786,72030464752,KLOM,E1527,KPNE,KDYL",1132
47,"Horsham, PA, United States",2022-06-26,31.0,20.9,26.3,31.2,20.9,26.5,17.5,60.2,0.0,0.0,0.0,,0,0,35.6,20.5,214.9,1018.5,11.8,16.0,227.4,19.6,9,10,2022-06-26T05:32:50,2022-06-26T20:34:02,0.97,Clear,Clear conditions throughout the day.,clear-day,"72408594732,72511354786,72030464752,KLOM,E1527,KPNE,KDYL",1132
48,"Horsham, PA, United States",2022-06-27,25.5,19.7,23.5,25.5,19.7,23.5,19.7,80.0,3.58,100.0,20.83,rain,0,0,47.5,14.5,180.2,1014.9,79.7,15.2,62.5,5.6,2,30,2022-06-27T05:33:12,2022-06-27T20:34:03,0.99,"Rain, Partially cloudy",Partly cloudy throughout the day with rain.,rain,"72408594732,72511354786,72030464752,KLOM,E1527,KPNE,KDYL",1132
49,"Horsham, PA, United States",2022-06-28,26.1,16.9,21.6,26.1,16.9,21.6,12.4,57.9,0.0,0.0,0.0,,0,0,35.3,14.9,248.5,1020.7,24.3,15.8,265.7,22.9,10,10,2022-06-28T05:33:36,2022-06-28T20:34:03,1.0,Partially cloudy,Partly cloudy throughout the day.,partly-cloudy-day,"72408594732,72511354786,72030464752,KLOM,E1527,KPNE,KDYL",1132
50,"Horsham, PA, United States",2022-06-29,29.5,14.3,22.8,28.9,14.3,22.7,14.0,61.1,0.0,0.0,0.0,rain,0,0,27.7,14.0,159.5,1022.9,15.4,16.0,245.6,21.2,9,30,2022-06-29T05:34:02,2022-06-29T20:34:00,0.0,Clear,Clear conditions throughout the day.,clear-day,"72408594732,72511354786,72030464752,KLOM,E1527,KPNE,KDYL",1132
51,"Horsham, PA, United States",2022-06-30,31.4,17.3,25.1,30.6,17.3,24.9,15.1,57.3,0.0,0.0,0.0,,0,0,25.9,13.3,262.8,1022.0,7.5,16.0,253.2,21.8,10,10,2022-06-30T05:34:29,2022-06-30T20:33:56,0.01,Clear,Clear conditions throughout the day.,clear-day,"72408594732,72511354786,72030464752,KLOM,E1527,KPNE,KDYL",1132
52,"Horsham, PA, United States",2022-07-01,32.9,20.2,26.6,35.0,20.2,28.0,19.9,68.2,0.0,0.0,0.0,rain,0,0,33.8,16.7,225.9,1017.4,15.8,15.8,169.7,14.9,9,100,2022-07-01T05:34:57,2022-07-01T20:33:49,0.03,Clear,Clear conditions throughout the day.,clear-day,"72408594732,72511354786,72030464752,KLOM,E1527,KPNE,KDYL",1132
53,"Horsham, PA, United States",2022-07-02,32.4,24.8,27.7,34.6,24.8,28.7,20.6,66.6,0.0,0.0,0.0,,0,0,48.6,16.1,237.5,1013.4,37.5,16.0,219.8,19.0,10,75,2022-07-02T05:35:27,2022-07-02T20:33:41,0.05,Partially cloudy,Partly cloudy throughout the day.,partly-cloudy-day,"72408594732,72511354786,72030464752,KLOM,E1527,KPNE,KDYL",1132
54,"Horsham, PA, United States",2022-07-03,31.0,20.8,25.8,29.9,20.8,25.5,15.8,58.3,0.9,100.0,25.0,rain,0,0,33.8,13.5,241.6,1016.2,33.5,15.9,215.7,18.7,10,30,2022-07-03T05:35:59,2022-07-03T20:33:31,0.08,"Rain, Partially cloudy",Partly cloudy throughout the day with rain clearing later.,rain,"72408594732,72511354786,72030464752,KLOM,E1527,KPNE,KDYL",1132
55,"Horsham, PA, United States",2022-07-04,29.8,15.1,23.4,28.6,15.1,23.1,11.0,48.4,0.0,0.0,0.0,,0,0,18.7,10.2,209.5,1020.8,1.8,16.0,252.0,21.8,9,10,2022-07-04T05:36:32,2022-07-04T20:33:18,0.12,Clear,Clear conditions throughout the day.,clear-day,"72408594732,72511354786,72030464752,KLOM,E1527,KPNE,KDYL",1132
56,"Horsham, PA, United States",2022-07-05,29.3,19.9,24.4,30.3,19.9,24.9,17.8,67.2,1.33,100.0,4.17,rain,0,0,45.4,24.4,208.6,1016.2,45.1,15.9,139.5,12.1,9,10,2022-07-05T05:37:06,2022-07-05T20:33:04,0.17,"Rain, Partially cloudy",Becoming cloudy in the afternoon with late afternoon rain.,rain,"72408594732,72511354786,72030464752,KLOM,E1527,KPNE,KDYL",1132
57,"Horsham, PA, United States",2022-07-06,30.2,23.4,26.7,32.2,23.4,27.4,20.0,68.7,0.0,0.0,0.0,,0,0,32.8,14.6,178.4,1011.3,54.7,15.8,136.5,11.7,8,30,2022-07-06T05:37:42,2022-07-06T20:32:47,0.22,Partially cloudy,Partly cloudy throughout the day.,partly-cloudy-day,"72408594732,72511354786,72030464752,KLOM,E1527,KPNE,KDYL",1132
58,"Horsham, PA, United States",2022-07-07,26.5,20.8,23.8,26.5,20.8,23.8,19.2,75.9,1.34,100.0,20.83,rain,0,0,23.4,12.3,68.0,1014.9,86.8,15.9,134.0,11.6,6,10,2022-07-07T05:38:19,2022-07-07T20:32:29,0.27,"Rain, Partially cloudy",Partly cloudy throughout the day with rain clearing later.,rain,"72408594732,72511354786,72030464752,KLOM,E1527,KPNE,KDYL",1132
59,"Horsham, PA, United States",2022-07-08,30.1,17.2,24.0,32.3,17.2,24.8,19.0,75.3,8.18,100.0,8.33,rain,0,0,33.5,14.8,164.2,1015.9,34.9,14.9,188.7,16.2,9,30,2022-07-08T05:38:57,2022-07-08T20:32:08,0.33,"Rain, Partially cloudy",Partly cloudy throughout the day with late afternoon rain.,rain,"72408594732,72511354786,72030464752,KLOM,E1527,KPNE,KDYL",1132
60,"Horsham, PA, United States",2022-07-09,25.2,19.1,22.5,25.2,19.1,22.5,18.7,80.0,3.28,100.0,29.17,rain,0,0,24.1,11.0,115.8,1016.7,53.0,15.1,102.7,8.9,5,10,2022-07-09T05:39:36,2022-07-09T20:31:46,0.38,"Rain, Partially cloudy",Partly cloudy throughout the day with rain clearing later.,rain,"72408594732,72511354786,72030464752,KLOM,D5182,E1527,KPNE,KDYL",1132
61,"Horsham, PA, United States",2022-07-10,28.2,17.1,22.5,28.0,17.1,22.5,15.4,66.7,0.0,0.0,0.0,,0,0,23.8,12.3,79.3,1017.5,22.2,14.9,264.4,22.9,10,10,2022-07-10T05:40:16,2022-07-10T20:31:22,0.42,Partially cloudy,Partly cloudy throughout the day.,partly-cloudy-day,"72408594732,72511354786,72030464752,KLOM,E1527,KPNE,KDYL",1132
62,"Horsham, PA, United States",2022-07-11,28.9,15.1,23.0,28.4,15.1,22.9,13.9,60.3,0.0,0.0,0.0,,0,0,29.5,13.9,178.9,1014.4,5.6,15.8,254.9,22.1,9,10,2022-07-11T05:40:58,2022-07-11T20:30:55,0.46,Clear,Clear conditions throughout the day.,clear-day,"72408594732,72511354786,72030464752,KLOM,E1527,KPNE,KDYL",1132
63,"Horsham, PA, United States",2022-07-12,32.5,20.3,26.0,35.0,20.3,26.9,18.8,66.5,0.0,0.0,0.0,rain,0,0,37.0,22.2,215.5,1008.8,21.2,16.0,224.3,19.3,9,60,2022-07-12T05:41:40,2022-07-12T20:30:27,0.49,Partially cloudy,Partly cloudy throughout the day.,partly-cloudy-day,"72408594732,72511354786,72030464752,KLOM,E1527,KPNE,KDYL",1132
64,"Horsham, PA, United States",2022-07-13,31.9,21.2,26.8,31.8,21.2,26.9,17.4,59.0,0.0,0.0,0.0,,0,0,34.6,15.0,218.4,1011.7,13.2,16.0,229.7,19.7,10,10,2022-07-13T05:42:24,2022-07-13T20:29:57,0.5,Clear,Clear conditions throughout the day.,clear-day,"72408594732,72511354786,72030464752,KLOM,E1527,KPNE,KDYL",1132
65,"Horsham, PA, United States",2022-07-14,31.2,21.2,26.1,31.2,21.2,26.2,16.9,59.0,0.0,0.0,0.0,rain,0,0,24.8,13.4,261.3,1014.6,25.8,15.9,247.6,21.4,9,30,2022-07-14T05:43:09,2022-07-14T20:29:25,0.51,Partially cloudy,Partly cloudy throughout the day.,partly-cloudy-day,"72408594732,72511354786,72030464752,KLOM,E1527,KPNE,KDYL",1132
66,"Horsham, PA, United States",2022-07-15,29.8,18.5,24.0,29.4,18.5,24.0,15.5,61.3,1.23,100.0,8.33,rain,0,0,27.7,14.3,63.5,1019.8,42.6,16.0,127.5,10.9,9,30,2022-07-15T05:43:54,2022-07-15T20:28:51,0.53,"Rain, Partially cloudy",Partly cloudy throughout the day with late afternoon rain.,rain,"72408594732,72511354786,72030464752,KLOM,E1527,KPNE,KDYL",1132
67,"Horsham, PA, United States",2022-07-16,29.9,20.7,24.8,30.4,20.7,25.0,19.1,73.3,0.23,100.0,12.5,rain,0,0,27.0,11.8,103.7,1018.7,70.8,14.9,144.8,12.4,8,60,2022-07-16T05:44:40,2022-07-16T20:28:15,0.55,"Rain, Partially cloudy",Partly cloudy throughout the day with late afternoon rain.,rain,"72408594732,72511354786,72030464752,KLOM,E1527,KPNE,KDYL",1132
68,"Horsham, PA, United States",2022-07-17,29.3,21.1,25.2,31.0,21.1,25.8,20.1,75.1,5.13,100.0,20.83,rain,0,0,27.4,13.9,150.6,1016.6,66.4,14.1,165.3,14.3,9,60,2022-07-17T05:45:28,2022-07-17T20:27:37,0.6,"Rain, Partially cloudy",Partly cloudy throughout the day with early morning rain.,rain,"72408594732,72511354786,72030464752,KLOM,E1527,KPNE,KDYL",1132
69,"Horsham, PA, United States",2022-07-18,32.4,23.8,27.3,35.8,23.8,28.9,22.2,75.0,1.72,100.0,20.83,rain,0,0,45.8,24.6,172.1,1012.1,61.6,16.0,184.1,15.7,8,75,2022-07-18T05:46:16,2022-07-18T20:26:57,0.65,"Rain, Partially cloudy",Partly cloudy throughout the day with late afternoon rain.,rain,"72408594732,72511354786,72030464752,KLOM,E1527,KPNE,KDYL",1132
70,"Horsham, PA, United States",2022-07-19,33.1,23.1,27.8,34.0,23.1,28.3,19.0,61.2,0.0,0.0,0.0,,0,0,35.3,18.1,267.6,1009.5,12.9,16.0,216.2,18.6,9,10,2022-07-19T05:47:05,2022-07-19T20:26:16,0.7,Clear,Clear conditions throughout the day.,clear-day,"72408594732,72511354786,72030464752,KLOM,D5182,E1527,KPNE,KDYL",1132
71,"Horsham, PA, United States",2022-07-20,34.8,22.6,29.1,36.6,22.6,30.1,18.9,55.9,0.0,0.0,0.0,,0,0,29.5,15.6,243.4,1008.5,10.7,16.0,241.6,20.8,9,30,2022-07-20T05:47:54,2022-07-20T20:25:33,0.75,Clear,Clear conditions throughout the day.,clear-day,"72408594732,72511354786,72030464752,KLOM,E1527,KPNE,KDYL",1132
72,"Horsham, PA, United States",2022-07-21,34.8,25.1,30.1,37.9,25.1,31.9,20.7,59.4,0.75,100.0,8.33,rain,0,0,37.4,19.5,221.9,1005.5,14.9,16.0,221.9,19.3,10,75,2022-07-21T05:48:44,2022-07-21T20:24:48,0.8,Rain,Clear conditions throughout the day with afternoon rain.,rain,"72408594732,72511354786,72030464752,KLOM,E1527,KPNE,KDYL",1132
73,"Horsham, PA, United States",2022-07-22,35.5,22.7,29.9,35.1,22.7,30.2,17.7,51.5,0.0,0.0,0.0,,0,0,33.5,18.1,266.9,1011.6,6.1,16.0,244.7,21.1,9,30,2022-07-22T05:49:35,2022-07-22T20:24:01,0.85,Clear,Clear conditions throughout the day.,clear-day,"72408594732,72511354786,72030464752,KLOM,E1527,KPNE,KDYL",1132
74,"Horsham, PA, United States",2022-07-23,35.6,23.4,30.3,36.2,23.4,31.0,18.5,52.6,0.0,0.0,0.0,,0,0,29.5,13.8,272.5,1016.0,1.2,16.0,237.4,20.4,9,60,2022-07-23T05:50:27,2022-07-23T20:23:12,0.89,Clear,Clear conditions throughout the day.,clear-day,"72408594732,72511354786,72030464752,KLOM,E1527,KPNE,KDYL",1132
75,"Horsham, PA, United States",2022-07-24,36.0,22.0,29.9,37.0,22.0,30.7,18.5,54.0,0.0,0.0,0.0,,0,0,37.1,23.0,247.6,1015.9,0.6,16.0,218.4,18.7,8,75,2022-07-24T05:51:19,2022-07-24T20:22:22,0.93,Clear,Clear conditions throughout the day.,clear-day,"72408594732,72511354786,72030464752,KLOM,E1527,KPNE,KDYL",1132
76,"Horsham, PA, United States",2022-07-25,31.3,27.1,29.2,34.7,29.5,32.4,22.4,67.3,3.45,100.0,12.5,rain,0,0,50.0,21.1,225.1,1012.3,21.6,15.9,102.0,8.7,5,75,2022-07-25T05:52:12,2022-07-25T20:21:30,0.96,"Rain, Partially cloudy",Partly cloudy throughout the day with afternoon rain.,rain,"72408594732,72511354786,72030464752,KLOM,D5182,E1527,KPNE,KDYL",1132
77,"Horsham, PA, United States",2022-07-26,26.8,21.1,24.2,29.0,21.1,24.3,16.1,61.4,0.0,0.0,0.0,,0,0,40.7,11.4,213.7,1015.8,11.8,16.0,89.3,7.5,3,60,2022-07-26T05:53:05,2022-07-26T20:20:36,0.98,Clear,Clear conditions throughout the day.,clear-day,"72408594732,72511354786,72030464752,KLOM,E1527,KPNE,KDYL",1132
78,"Horsham, PA, United States",2022-07-27,30.0,20.9,25.6,30.9,20.9,26.1,18.0,64.3,0.1,100.0,8.33,rain,0,0,22.0,14.1,169.2,1013.9,67.0,16.0,161.1,13.9,9,30,2022-07-27T05:53:59,2022-07-27T20:19:40,1.0,"Rain, Partially cloudy",Partly cloudy throughout the day with early morning rain.,rain,"72408594732,72511354786,72030464752,KLOM,D5182,E1527,KPNE,KDYL",1132
79,"Horsham, PA, United States",2022-07-28,32.4,22.3,26.7,35.6,22.3,27.9,21.8,76.6,17.62,100.0,45.83,rain,0,0,37.1,15.4,201.2,1010.9,61.2,13.9,180.5,15.6,10,60,2022-07-28T05:54:53,2022-07-28T20:18:43,1.0,"Rain, Partially cloudy",Partly cloudy throughout the day with rain.,rain,"72408594732,72511354786,72030464752,KLOM,E1527,KPNE,KDYL",1132
80,"Horsham, PA, United States",2022-07-29,29.0,21.9,24.8,30.7,21.9,25.3,20.5,77.8,0.47,100.0,8.33,rain,0,0,26.6,12.2,277.0,1013.1,43.8,16.0,74.3,6.5,3,30,2022-07-29T05:55:47,2022-07-29T20:17:45,0.0,"Rain, Partially cloudy",Becoming cloudy in the afternoon with rain.,rain,"72408594732,72511354786,72030464752,KLOM,D5182,E1527,KPNE,KDYL",1132
81,"Horsham, PA, United States",2022-07-30,30.8,20.7,25.7,29.9,20.7,25.5,16.2,58.8,0.0,0.0,0.0,,0,0,33.5,18.2,309.7,1017.3,29.8,16.0,228.3,19.6,10,10,2022-07-30T05:56:42,2022-07-30T20:16:45,0.01,Partially cloudy,Partly cloudy throughout the day.,partly-cloudy-day,"72408594732,72511354786,72030464752,KLOM,D5182,E1527,KPNE,KDYL",1132
82,"Horsham, PA, United States",2022-07-31,30.5,18.0,24.5,30.2,18.0,24.5,16.1,62.4,1.07,100.0,8.33,rain,0,0,29.5,10.8,150.4,1020.8,32.3,16.0,108.3,9.4,7,10,2022-07-31T05:57:37,2022-07-31T20:15:43,0.04,"Rain, Partially cloudy",Partly cloudy throughout the day with late afternoon rain.,rain,"72408594732,72511354786,72030464752,KLOM,E1527,KPNE,KDYL",1132
83,"Horsham, PA, United States",2022-08-01,25.4,19.1,21.5,25.4,19.1,21.5,18.9,85.9,9.02,100.0,50.0,rain,0,0,16.9,8.3,154.8,1014.8,81.3,13.9,74.5,6.5,4,10,2022-08-01T05:58:33,2022-08-01T20:14:40,0.07,"Rain, Partially cloudy",Partly cloudy throughout the day with a chance of rain throughout the day.,rain,"72408594732,72511354786,72030464752,KLOM,E1527,KPNE,KDYL",1132
84,"Horsham, PA, United States",2022-08-02,32.6,19.5,26.2,33.8,19.5,27.0,19.3,68.8,0.44,100.0,12.5,rain,0,0,33.5,17.9,248.2,1010.6,17.0,15.0,207.9,17.9,9,60,2022-08-02T05:59:29,2022-08-02T20:13:35,0.1,Rain,Clear conditions throughout the day with rain clearing later.,rain,"72408594732,72511354786,72030464752,KLOM,E1527,KPNE,KDYL",1132
85,"Horsham, PA, United States",2022-08-03,31.9,19.5,26.2,31.9,19.5,26.2,16.6,57.6,0.0,0.0,0.0,,0,0,25.9,13.2,249.9,1015.4,0.9,16.0,197.8,17.0,9,10,2022-08-03T06:00:25,2022-08-03T20:12:29,0.14,Clear,Clear conditions throughout the day.,clear-day,"72408594732,72511354786,72030464752,KLOM,D5182,E1527,KPNE,KDYL",1132
86,"Horsham, PA, United States",2022-08-04,34.9,20.5,27.8,38.3,20.5,29.4,20.3,66.3,2.7,100.0,4.17,rain,0,0,33.5,20.0,180.3,1017.5,22.5,15.8,129.5,11.4,9,75,2022-08-04T06:01:21,2022-08-04T20:11:21,0.2,"Rain, Partially cloudy",Partly cloudy throughout the day with late afternoon rain.,rain,"72408594732,72511354786,72030464752,KLOM,E1527,KPNE,KDYL",1132
87,"Horsham, PA, United States",2022-08-05,31.7,22.0,26.6,34.2,22.0,27.8,21.0,73.2,2.23,100.0,20.83,rain,0,0,55.4,13.4,233.2,1020.6,21.1,15.8,132.6,11.5,7,60,2022-08-05T06:02:18,2022-08-05T20:10:12,0.25,"Rain, Partially cloudy",Partly cloudy throughout the day with rain.,rain,"72408594732,72511354786,72030464752,KLOM,E1527,KPNE,KDYL",1132
88,"Horsham, PA, United States",2022-08-06,31.4,21.5,26.7,34.6,21.5,28.2,21.4,74.5,0.48,100.0,4.17,rain,0,0,33.5,18.0,194.5,1022.8,34.5,15.9,207.6,17.9,9,75,2022-08-06T06:03:14,2022-08-06T20:09:02,0.31,"Rain, Partially cloudy",Partly cloudy throughout the day with early morning rain.,rain,"72408594732,72511354786,72030464752,KLOM,E1527,KPNE,KDYL",1132
89,"Horsham, PA, United States",2022-08-07,33.3,25.0,29.1,36.4,25.0,31.0,21.8,66.8,0.0,0.0,0.0,rain,0,0,38.9,24.7,217.9,1021.1,38.2,16.0,167.9,14.5,9,60,2022-08-07T06:04:11,2022-08-07T20:07:50,0.36,Partially cloudy,Partly cloudy throughout the day.,partly-cloudy-day,"72408594732,72511354786,72030464752,KLOM,E1527,KPNE,KDYL",1132
90,"Horsham, PA, United States",2022-08-08,34.0,25.7,29.6,38.0,25.7,32.6,22.7,67.9,0.0,0.0,0.0,rain,0,0,38.4,20.1,222.4,1016.4,38.1,16.0,227.0,19.7,10,60,2022-08-08T06:05:08,2022-08-08T20:06:37,0.41,Partially cloudy,Partly cloudy throughout the day.,partly-cloudy-day,"72408594732,72511354786,72030464752,KLOM,D5182,E1527,KPNE,KDYL",1132
91,"Horsham, PA, United States",2022-08-09,35.5,26.0,29.6,40.2,26.0,33.0,23.1,69.6,4.94,100.0,20.83,rain,0,0,38.5,17.7,251.9,1013.9,29.8,15.9,160.9,14.0,9,75,2022-08-09T06:06:05,2022-08-09T20:05:22,0.45,"Rain, Partially cloudy",Partly cloudy throughout the day with late afternoon rain.,rain,"72408594732,72511354786,72030464752,KLOM,E1527,KPNE,KDYL",1132
92,"Horsham, PA, United States",2022-08-10,30.8,23.3,27.4,32.6,23.3,28.2,20.5,67.6,0.24,100.0,8.33,rain,0,0,27.7,13.3,226.2,1016.4,50.8,15.9,135.8,11.6,10,60,2022-08-10T06:07:03,2022-08-10T20:04:07,0.48,"Rain, Partially cloudy",Becoming cloudy in the afternoon with early morning rain.,rain,"72408594732,72511354786,72030464752,KLOM,E1527,KPNE,KDYL",1132
93,"Horsham, PA, United States",2022-08-11,31.3,22.0,26.5,31.0,22.0,26.5,18.3,64.3,6.16,100.0,29.17,rain,0,0,38.9,13.0,269.0,1012.9,47.1,15.6,177.9,15.3,10,10,2022-08-11T06:08:00,2022-08-11T20:02:50,0.5,"Rain, Partially cloudy",Clearing in the afternoon with a chance of rain throughout the day.,rain,"72408594732,72511354786,72030464752,KLOM,E1527,KPNE,KDYL",1132
94,"Horsham, PA, United States",2022-08-12,29.5,20.5,24.7,28.1,20.5,24.4,10.9,43.6,0.08,100.0,4.17,rain,0,0,46.8,16.3,236.1,1015.6,33.8,16.0,189.5,16.3,10,10,2022-08-12T06:08:58,2022-08-12T20:01:32,0.5,"Rain, Partially cloudy",Partly cloudy throughout the day with early morning rain.,rain,"72408594732,72511354786,72030464752,KLOM,E1527,KPNE,KDYL",1132
95,"Horsham, PA, United States",2022-08-13,28.1,15.6,21.6,27.1,15.6,21.5,8.8,46.1,0.0,0.0,0.0,,0,0,37.3,17.8,180.2,1018.9,0.9,16.0,186.7,16.2,9,10,2022-08-13T06:09:55,2022-08-13T20:00:13,0.52,Clear,Clear conditions throughout the day.,clear-day,"72408594732,72511354786,72030464752,KLOM,E1527,KPNE,KDYL",1132
96,"Horsham, PA, United States",2022-08-14,28.5,16.1,22.4,27.6,16.1,22.2,12.3,56.6,0.0,0.0,0.0,,0,0,27.7,12.4,137.4,1017.4,8.2,16.0,219.1,18.9,9,10,2022-08-14T06:10:53,2022-08-14T19:58:53,0.54,Clear,Clear conditions throughout the day.,clear-day,"72408594732,72511354786,72030464752,KLOM,E1527,KPNE,KDYL",1132
97,"Horsham, PA, United States",2022-08-15,28.5,16.2,22.1,27.9,16.2,21.9,12.8,59.0,0.0,0.0,0.0,,0,0,31.7,16.7,94.9,1015.5,9.7,16.0,210.0,18.1,10,10,2022-08-15T06:11:50,2022-08-15T19:57:32,0.58,Clear,Clear conditions throughout the day.,clear-day,"72408594732,72511354786,72030464752,KLOM,E1527,KPNE,KDYL",1132
98,"Horsham, PA, United States",2022-08-16,28.9,14.4,21.5,27.9,14.4,21.3,12.3,60.0,0.0,0.0,0.0,,0,0,38.9,18.8,51.5,1015.9,9.0,16.0,190.3,16.6,10,10,2022-08-16T06:12:48,2022-08-16T19:56:09,0.62,Clear,Clear conditions throughout the day.,clear-day,"72408594732,72511354786,72030464752,KLOM,E1527,KPNE,KDYL",1132
99,"Horsham, PA, United States",2022-08-17,27.7,16.5,22.4,27.2,16.5,22.3,13.3,59.7,0.0,0.0,0.0,rain,0,0,22.3,11.6,65.1,1015.7,56.6,16.0,88.1,7.5,7,10,2022-08-17T06:13:45,2022-08-17T19:54:46,0.67,Partially cloudy,Partly cloudy throughout the day.,partly-cloudy-day,"72408594732,72511354786,72030464752,KLOM,E1527,KPNE,KDYL",1132
100,"Horsham, PA, United States",2022-08-18,29.8,15.1,22.7,28.9,15.1,22.4,12.8,57.5,0.0,0.0,0.0,,0,0,27.7,16.1,264.5,1013.8,8.4,16.0,152.2,13.2,9,10,2022-08-18T06:14:43,2022-08-18T19:53:22,0.72,Clear,Clear conditions throughout the day.,clear-day,"72408594732,72511354786,72030464752,KLOM,E1527,KPNE,KDYL",1132
101,"Horsham, PA, United States",2022-08-19,32.1,16.0,24.9,31.2,16.0,24.6,14.4,56.5,0.0,0.0,0.0,rain,0,0,25.9,14.7,175.0,1017.7,9.5,16.0,176.1,15.1,9,10,2022-08-19T06:15:41,2022-08-19T19:51:56,0.77,Clear,Clear conditions throughout the day.,clear-day,"72408594732,72511354786,72030464752,KLOM,E1527,KDYL,KPNE",1132
102,"Horsham, PA, United States",2022-08-20,32.8,21.3,26.8,32.1,21.3,26.9,17.0,58.1,0.0,0.0,0.0,,0,0,25.9,14.9,173.7,1020.5,24.3,16.0,168.2,14.5,9,30,2022-08-20T06:16:38,2022-08-20T19:50:30,0.82,Partially cloudy,Partly cloudy throughout the day.,partly-cloudy-day,"72408594732,72511354786,72030464752,KLOM,E1527,KPNE,KDYL",1132
103,"Horsham, PA, United States",2022-08-21,29.5,19.1,24.2,30.3,19.1,24.4,18.8,72.9,0.75,100.0,4.17,rain,0,0,22.0,12.3,111.2,1019.0,45.0,16.0,101.7,8.7,8,30,2022-08-21T06:17:36,2022-08-21T19:49:03,0.86,"Rain, Partially cloudy",Partly cloudy throughout the day with late afternoon rain.,rain,"72408594732,72511354786,72030464752,KLOM,E1527,KPNE,KDYL",1132
104,"Horsham, PA, United States",2022-08-22,28.5,20.9,24.1,30.9,20.9,24.5,21.2,84.6,15.42,100.0,66.67,rain,0,0,37.8,14.3,116.4,1012.6,85.1,15.1,159.5,13.7,9,75,2022-08-22T06:18:33,2022-08-22T19:47:35,0.9,"Rain, Partially cloudy",Partly cloudy throughout the day with a chance of rain throughout the day.,rain,"72408594732,72511354786,72030464752,KLOM,E1527,KPNE,KDYL",1132
105,"Horsham, PA, United States",2022-08-23,29.1,18.9,23.8,29.6,18.9,24.0,18.5,74.5,0.0,0.0,0.0,rain,0,0,25.9,16.2,234.2,1010.6,44.6,13.8,123.8,10.6,6,30,2022-08-23T06:19:31,2022-08-23T19:46:06,0.94,Partially cloudy,Partly cloudy throughout the day.,partly-cloudy-day,"72408594732,72511354786,72030464752,KLOM,E1527,KPNE,KDYL",1132
106,"Horsham, PA, United States",2022-08-24,31.1,18.3,24.6,30.4,18.3,24.5,16.3,63.8,0.0,0.0,0.0,,0,0,19.4,14.5,270.0,1014.9,13.7,15.8,151.3,13.2,9,30,2022-08-24T06:20:28,2022-08-24T19:44:37,0.97,Clear,Clear conditions throughout the day.,clear-day,"72408594732,72511354786,72030464752,KLOM,E1527,KPNE,KDYL",1132
107,"Horsham, PA, United States",2022-08-25,32.2,16.7,24.9,31.4,16.7,24.7,15.1,58.4,0.0,0.0,0.0,,0,0,21.6,8.6,181.1,1017.1,5.4,15.8,101.8,8.8,9,10,2022-08-25T06:21:26,2022-08-25T19:43:06,0.99,Clear,Clear conditions throughout the day.,clear-day,"72408594732,72511354786,72030464752,KLOM,E1527,KPNE,KDYL",1132
108,"Horsham, PA, United States",2022-08-26,32.6,21.9,27.2,33.0,21.9,27.7,18.9,63.4,0.0,0.0,0.0,rain,0,0,32.5,17.5,244.3,1013.9,29.8,16.0,142.9,12.3,9,60,2022-08-26T06:22:23,2022-08-26T19:41:35,1.0,Partially cloudy,Partly cloudy throughout the day.,partly-cloudy-day,"72408594732,72511354786,72030464752,KLOM,E1527,KPNE,KDYL",1132
109,"Horsham, PA, United States",2022-08-27,31.9,21.3,26.5,32.0,21.3,26.7,18.1,62.6,0.0,0.0,0.0,rain,0,0,20.9,14.9,131.2,1015.5,33.3,15.7,128.2,11.0,8,60,2022-08-27T06:23:20,2022-08-27T19:40:03,0.0,Partially cloudy,Becoming cloudy in the afternoon.,partly-cloudy-day,"72408594732,72511354786,72030464752,KLOM,E1527,KPNE,KDYL",1132
110,"Horsham, PA, United States",2022-08-28,30.0,21.9,25.3,32.3,21.9,26.0,20.8,77.3,0.0,0.0,0.0,rain,0,0,37.1,16.9,82.1,1019.8,76.0,15.5,183.3,15.9,8,60,2022-08-28T06:24:17,2022-08-28T19:38:31,0.01,Partially cloudy,Partly cloudy throughout the day.,partly-cloudy-day,"72408594732,72511354786,72030464752,KLOM,E1527,KPNE,KDYL",1132
111,"Horsham, PA, United States",2022-08-29,32.4,21.4,26.5,33.3,21.4,27.0,20.0,71.0,0.0,0.0,0.0,rain,0,0,33.8,15.0,149.8,1019.2,48.8,14.0,119.4,10.4,7,30,2022-08-29T06:25:15,2022-08-29T19:36:58,0.02,Partially cloudy,Partly cloudy throughout the day.,partly-cloudy-day,"72408594732,72511354786,72030464752,KLOM,E1527,KPNE,KDYL",1132
112,"Horsham, PA, United States",2022-08-30,33.2,22.8,27.0,35.2,22.8,28.0,21.4,74.1,9.08,100.0,16.67,rain,0,0,50.0,20.3,207.5,1012.1,64.4,15.7,94.2,8.0,7,60,2022-08-30T06:26:12,2022-08-30T19:35:24,0.05,"Rain, Partially cloudy",Partly cloudy throughout the day with late afternoon rain.,rain,"72408594732,72511354786,72030464752,KLOM,E1527,KPNE,KDYL",1132
113,"Horsham, PA, United States",2022-08-31,28.0,19.5,23.7,27.6,19.5,23.6,15.9,65.8,0.0,0.0,0.0,,0,0,32.9,18.6,288.3,1010.3,17.7,15.5,140.0,12.1,9,10,2022-08-31T06:27:09,2022-08-31T19:33:49,0.09,Clear,Clear conditions throughout the day.,clear-day,"72408594732,72511354786,72030464752,KLOM,E1527,KPNE,KDYL",1132
114,"Horsham, PA, United States",2022-09-01,30.1,17.0,23.6,28.8,17.0,23.3,11.9,50.6,0.0,0.0,0.0,,0,0,32.4,18.6,261.9,1014.4,0.9,16.0,152.4,13.1,8,10,2022-09-01T06:28:06,2022-09-01T19:32:14,0.13,Clear,Clear conditions throughout the day.,clear-day,"72408594732,72511354786,72030464752,KLOM,E1527,KPNE,KDYL",1132
115,"Horsham, PA, United States",2022-09-02,27.9,13.7,20.8,27.1,13.7,20.7,10.7,55.4,0.0,0.0,0.0,,0,0,28.1,11.6,66.9,1023.0,0.0,16.0,135.8,11.8,8,10,2022-09-02T06:29:03,2022-09-02T19:30:39,0.18,Clear,Clear conditions throughout the day.,clear-day,"72408594732,72511354786,72030464752,KLOM,E1527,KPNE,KDYL",1132
116,"Horsham, PA, United States",2022-09-03,28.9,16.1,22.4,29.3,16.1,22.6,16.5,71.7,0.0,0.0,0.0,,0,0,31.0,11.1,82.4,1024.1,30.7,15.7,145.6,12.8,9,10,2022-09-03T06:30:00,2022-09-03T19:29:03,0.24,Partially cloudy,Partly cloudy throughout the day.,partly-cloudy-day,"72408594732,72511354786,72030464752,KLOM,E1527,KPNE,KDYL",1132
117,"Horsham, PA, United States",2022-09-04,31.3,19.1,25.5,32.4,19.1,26.0,18.5,68.0,0.0,0.0,0.0,rain,0,0,23.8,14.5,189.2,1019.9,25.9,16.0,124.9,10.8,8,30,2022-09-04T06:30:57,2022-09-04T19:27:26,0.29,Partially cloudy,Partly cloudy throughout the day.,partly-cloudy-day,"72408594732,72511354786,72030464752,KLOM,E1527,KPNE,KDYL",1132
118,"Horsham, PA, United States",2022-09-05,30.1,20.8,25.2,30.4,20.8,25.4,18.5,68.4,0.67,100.0,12.5,rain,0,0,27.0,15.1,144.5,1018.2,48.9,16.0,82.5,7.3,3,10,2022-09-05T06:31:54,2022-09-05T19:25:50,0.35,"Rain, Partially cloudy",Partly cloudy throughout the day with late afternoon rain.,rain,"72408594732,72511354786,72030464752,KLOM,E1527,KPNE,KDYL",1132
119,"Horsham, PA, United States",2022-09-06,23.0,20.6,21.8,23.0,20.6,21.8,20.2,90.9,63.18,100.0,95.83,rain,0,0,45.0,16.9,83.8,1015.2,100.0,12.2,29.7,2.8,2,10,2022-09-06T06:32:51,2022-09-06T19:24:12,0.4,"Rain, Overcast",Cloudy skies throughout the day with a chance of rain throughout the day.,rain,"72408594732,72511354786,72030464752,KLOM,E1527,KPNE,KDYL",1132
120,"Horsham, PA, United States",2022-09-07,21.4,19.2,20.2,21.4,19.2,20.2,17.7,85.6,1.58,100.0,41.67,rain,0,0,36.4,14.2,37.4,1015.2,100.0,15.3,42.9,3.5,2,10,2022-09-07T06:33:48,2022-09-07T19:22:35,0.44,"Rain, Overcast",Cloudy skies throughout the day with a chance of rain throughout the day.,rain,"72408594732,72511354786,72030464752,KLOM,E1527,KPNE,KDYL",1132
121,"Horsham, PA, United States",2022-09-08,26.4,16.3,21.0,26.4,16.3,21.0,14.9,70.7,0.0,0.0,0.0,,0,0,30.5,16.1,19.3,1013.4,44.2,16.0,146.5,12.7,10,10,2022-09-08T06:34:45,2022-09-08T19:20:57,0.47,Partially cloudy,Partly cloudy throughout the day.,partly-cloudy-day,"72408594732,72511354786,72030464752,KLOM,E1527,KPNE,KDYL",1132
122,"Horsham, PA, United States",2022-09-09,28.0,14.5,20.5,27.2,14.5,20.4,13.1,67.2,0.0,0.0,0.0,rain,0,0,18.7,13.3,58.3,1017.8,2.0,14.9,141.1,12.2,8,10,2022-09-09T06:35:42,2022-09-09T19:19:18,0.49,Clear,Clear conditions throughout the day.,clear-day,"72408594732,72511354786,72030464752,KLOM,E1527,KPNE,KDYL",1132
123,"Horsham, PA, United States",2022-09-10,27.5,12.6,20.3,27.3,12.6,20.3,14.0,70.2,0.0,0.0,0.0,rain,0,0,14.4,9.5,89.8,1023.4,3.3,15.1,128.6,11.1,8,10,2022-09-10T06:36:39,2022-09-10T19:17:39,0.5,Clear,Clear conditions throughout the day.,clear-day,"72408594732,72511354786,72030464752,KLOM,E1527,KPNE,KDYL",1132
124,"Horsham, PA, United States",2022-09-11,21.9,20.0,21.1,21.9,20.0,21.1,19.0,88.2,9.16,100.0,58.33,rain,0,0,29.9,10.3,48.8,1019.6,87.3,12.5,36.0,3.0,2,10,2022-09-11T06:37:36,2022-09-11T19:16:01,0.51,"Rain, Partially cloudy",Partly cloudy throughout the day with rain.,rain,"72408594732,72511354786,72030464752,KLOM,E1527,KPNE,KDYL",1132
125,"Horsham, PA, United States",2022-09-12,28.3,20.9,23.9,30.2,20.9,24.2,21.1,85.4,2.57,100.0,45.83,rain,0,0,19.1,7.7,132.3,1010.7,89.8,13.1,74.0,6.4,3,60,2022-09-12T06:38:33,2022-09-12T19:14:21,0.53,"Rain, Partially cloudy",Partly cloudy throughout the day with rain.,rain,"72408594732,72511354786,72030464752,KLOM,E1527,KPNE,KDYL",1132
126,"Horsham, PA, United States",2022-09-13,27.6,18.2,23.3,28.3,18.2,23.5,17.9,74.3,1.16,100.0,20.83,rain,0,0,35.3,19.9,252.3,1008.1,62.4,14.2,160.8,14.0,9,30,2022-09-13T06:39:30,2022-09-13T19:12:42,0.56,"Rain, Partially cloudy",Partly cloudy throughout the day with early morning rain.,rain,"72408594732,72511354786,72030464752,KLOM,E1527,KPNE,KDYL",1132
127,"Horsham, PA, United States",2022-09-14,26.1,14.9,20.3,26.1,14.9,20.3,13.3,65.7,0.0,0.0,0.0,,0,0,31.7,17.3,283.2,1015.1,4.4,16.0,133.1,11.3,7,10,2022-09-14T06:40:27,2022-09-14T19:11:02,0.6,Clear,Clear conditions throughout the day.,clear-day,"72408594732,72511354786,72030464752,KLOM,E1527,KPNE,KDYL",1132
128,"Horsham, PA, United States",2022-09-15,23.5,13.4,19.2,23.5,13.4,19.2,10.5,60.5,0.0,0.0,0.0,,0,0,36.7,18.0,327.3,1021.0,0.0,16.0,140.7,12.1,8,10,2022-09-15T06:41:24,2022-09-15T19:09:23,0.64,Clear,Clear conditions throughout the day.,clear-day,"72408594732,72511354786,72030464752,KLOM,E1527,KPNE,KDYL",1132
129,"Horsham, PA, United States",2022-09-16,24.7,10.5,17.2,24.7,10.5,17.2,10.2,66.4,0.0,0.0,0.0,,0,0,15.5,8.4,150.0,1022.5,0.0,16.0,129.9,11.2,7,10,2022-09-16T06:42:21,2022-09-16T19:07:43,0.69,Clear,Clear conditions throughout the day.,clear-day,"72408594732,72511354786,72030464752,KLOM,E1527,KPNE,KDYL",1132
130,"Horsham, PA, United States",2022-09-17,26.3,14.0,20.4,26.3,14.0,20.4,14.2,69.1,0.0,0.0,0.0,,0,0,24.1,10.3,95.5,1023.4,21.1,15.8,104.3,8.8,6,10,2022-09-17T06:43:18,2022-09-17T19:06:03,0.74,Partially cloudy,Partly cloudy throughout the day.,partly-cloudy-day,"72408594732,72511354786,72030464752,KLOM,E1527,KPNE,KDYL",1132
131,"Horsham, PA, United States",2022-09-18,28.3,16.4,22.3,28.4,16.4,22.3,15.7,68.8,0.0,0.0,0.0,,0,0,29.5,15.1,229.7,1018.8,10.8,15.7,137.0,11.8,7,10,2022-09-18T06:44:15,2022-09-18T19:04:23,0.78,Clear,Clear conditions throughout the day.,clear-day,"72408594732,72511354786,72030464752,KLOM,E1527,KPNE,KDYL",1132
132,"Horsham, PA, United States",2022-09-19,29.1,18.0,22.5,29.1,18.0,22.6,17.1,73.9,0.46,100.0,4.17,rain,0,0,59.0,19.5,231.9,1013.8,29.0,15.5,95.8,8.4,9,30,2022-09-19T06:45:13,2022-09-19T19:02:43,0.83,"Rain, Partially cloudy",Becoming cloudy in the afternoon with afternoon rain.,rain,"72408594732,72511354786,72030464752,KLOM,E1527,KPNE,KDYL",1132
133,"Horsham, PA, United States",2022-09-20,26.2,17.0,21.2,26.2,17.0,21.2,14.9,70.0,0.0,0.0,0.0,,0,0,40.3,16.5,244.8,1012.9,20.9,15.0,78.1,6.7,8,10,2022-09-20T06:46:10,2022-09-20T19:01:03,0.87,Partially cloudy,Partly cloudy throughout the day.,partly-cloudy-day,"72408594732,72511354786,72030464752,KLOM,E1527,KPNE,KDYL",1132
134,"Horsham, PA, United States",2022-09-21,27.6,13.9,21.0,27.6,13.9,21.0,14.3,68.0,0.0,0.0,0.0,,0,0,25.9,14.0,236.8,1013.6,3.5,15.4,125.6,10.9,7,10,2022-09-21T06:47:08,2022-09-21T18:59:23,0.91,Clear,Clear conditions throughout the day.,clear-day,"72408594732,72511354786,72030464752,KLOM,E1527,KPNE,KDYL",1132
135,"Horsham, PA, United States",2022-09-22,25.5,14.0,20.0,25.5,14.0,20.0,14.6,72.0,1.72,100.0,12.5,rain,0,0,50.0,19.9,273.2,1005.6,43.3,15.8,63.4,5.4,4,10,2022-09-22T06:48:05,2022-09-22T18:57:43,0.95,"Rain, Partially cloudy",Partly cloudy throughout the day with afternoon rain.,rain,"72408594732,72511354786,72030464752,KLOM,E1527,KPNE,KDYL",1132
136,"Horsham, PA, United States",2022-09-23,18.1,10.4,13.7,18.1,10.4,13.7,3.1,50.7,0.0,0.0,0.0,,0,0,47.5,23.3,311.5,1014.6,22.8,16.0,128.8,11.3,7,10,2022-09-23T06:49:03,2022-09-23T18:56:03,0.97,Partially cloudy,Clearing in the afternoon.,partly-cloudy-day,"72408594732,72511354786,72030464752,KLOM,E1527,KPNE,KDYL",1132
137,"Horsham, PA, United States",2022-09-24,20.4,7.2,12.9,20.4,6.0,12.5,4.9,60.1,0.0,0.0,0.0,,0,0,28.1,16.8,277.3,1016.8,5.0,16.0,134.8,11.7,8,10,2022-09-24T06:50:01,2022-09-24T18:54:23,0.99,Clear,Clear conditions throughout the day.,clear-day,"72408594732,72511354786,72030464752,KLOM,E1527,KPNE,KDYL",1132
138,"Horsham, PA, United States",2022-09-25,22.5,14.1,16.8,22.5,14.1,16.8,12.8,77.8,5.49,100.0,33.33,rain,0,0,59.0,17.1,186.1,1007.5,68.5,15.7,82.1,7.0,7,10,2022-09-25T06:50:59,2022-09-25T18:52:43,1.0,"Rain, Partially cloudy",Partly cloudy throughout the day with rain.,rain,"72408594732,72511354786,72030464752,KLOM,E1527,KPNE,KDYL",1132
139,"Horsham, PA, United States",2022-09-26,24.1,13.1,18.5,24.1,13.1,18.5,10.6,63.9,0.2,100.0,12.5,rain,0,0,44.6,24.3,245.6,1006.4,36.7,16.0,107.3,9.3,7,10,2022-09-26T06:51:58,2022-09-26T18:51:04,0.0,"Rain, Partially cloudy",Becoming cloudy in the afternoon with early morning rain.,rain,"72408594732,72511354786,72030464752,KLOM,E1527,KPNE,KDYL",1132
140,"Horsham, PA, United States",2022-09-27,21.2,11.5,16.3,21.2,11.5,16.3,7.1,56.1,0.0,0.0,0.0,,0,0,33.5,18.0,264.9,1011.9,25.0,16.0,86.0,7.5,8,10,2022-09-27T06:52:56,2022-09-27T18:49:25,0.01,Partially cloudy,Partly cloudy throughout the day.,partly-cloudy-day,"72408594732,72511354786,72030464752,KLOM,D5182,E1527,KPNE,KDYL",1132
141,"Horsham, PA, United States",2022-09-28,20.5,8.9,14.8,20.5,8.2,14.7,7.9,64.5,0.0,0.0,0.0,rain,0,0,37.1,15.8,296.6,1020.3,28.7,16.0,93.2,8.1,8,10,2022-09-28T06:53:55,2022-09-28T18:47:46,0.04,Partially cloudy,Becoming cloudy in the afternoon.,partly-cloudy-day,"72408594732,72511354786,72030464752,KLOM,D5182,E1527,KPNE,KDYL",1132
142,"Horsham, PA, United States",2022-09-29,19.9,9.5,14.6,19.9,8.7,14.6,7.4,63.7,0.0,0.0,0.0,,0,0,40.0,18.5,84.0,1027.2,4.3,16.0,119.5,10.3,7,10,2022-09-29T06:54:54,2022-09-29T18:46:07,0.07,Clear,Clear conditions throughout the day.,clear-day,"72408594732,72511354786,72030464752,KLOM,E1527,KPNE,KDYL",1132
143,"Horsham, PA, United States",2022-09-30,17.4,9.7,13.2,17.4,8.2,13.0,7.4,68.9,0.0,71.4,0.0,rain,0,0,35.3,16.1,42.6,1024.6,30.1,19.1,77.9,6.9,3,10,2022-09-30T06:55:53,2022-09-30T18:44:28,0.12,"Rain, Partially cloudy",Becoming cloudy in the afternoon with a chance of rain.,rain,"KLOM,E1527,KPNE,KDYL",1132
