,name,datetime,tempmax,tempmin,temp,feelslikemax,feelslikemin,feelslike,dew,humidity,precip,precipprob,precipcover,preciptype,snow,snowdepth,windgust,windspeed,winddir,sealevelpressure,cloudcover,visibility,solarradiation,solarenergy,uvindex,severerisk,sunrise,sunset,moonphase,conditions,description,icon,stations,skey
0,"Tampa, FL, United States",2022-05-10,30.0,17.3,23.9,29.0,17.3,23.7,13.3,54.5,0.0,0,0.0,,0,0,39.6,18.9,47.5,1018.4,6.7,16.0,292.0,25.1,10,10,2022-05-10T06:43:19,2022-05-10T20:09:35,0.32,Clear,Clear conditions throughout the day.,clear-day,"74788012810,KMCF,0371W,D8345,KTPA,72211012842,72202192816,KVDF",122
1,"Tampa, FL, United States",2022-05-11,29.2,16.6,23.8,28.8,16.6,23.7,12.9,52.3,0.0,0,0.0,,0,0,35.9,23.6,135.3,1017.1,9.4,16.0,266.0,22.7,10,10,2022-05-11T06:42:40,2022-05-11T20:10:10,0.37,Clear,Clear conditions throughout the day.,clear-day,"74788012810,KMCF,0371W,D8345,KTPA,72211012842,72202192816,KVDF",122
2,"Tampa, FL, United States",2022-05-12,29.1,17.7,24.0,28.3,17.7,23.9,14.3,57.1,0.0,0,0.0,,0,0,38.2,17.3,116.4,1014.6,34.2,16.0,232.3,19.5,10,30,2022-05-12T06:42:02,2022-05-12T20:10:46,0.41,Partially cloudy,Becoming cloudy in the afternoon.,partly-cloudy-day,"74788012810,KMCF,0371W,D8345,KTPA,72211012842,72202192816,KVDF",122
3,"Tampa, FL, United States",2022-05-13,29.1,21.0,24.8,29.5,21.0,25.0,17.1,63.2,0.0,0,0.0,,0,0,20.2,12.7,172.4,1014.4,58.2,16.0,178.1,15.0,10,60,2022-05-13T06:41:26,2022-05-13T20:11:21,0.45,Partially cloudy,Partly cloudy throughout the day.,partly-cloudy-day,"74788012810,KMCF,0371W,D8345,KTPA,72211012842,72202192816,KVDF",122
4,"Tampa, FL, United States",2022-05-14,30.7,20.2,25.4,31.6,20.2,25.8,17.9,64.7,0.0,0,0.0,,0,0,32.9,19.9,193.3,1014.5,25.5,15.8,213.5,18.1,10,30,2022-05-14T06:40:50,2022-05-14T20:11:56,0.48,Partially cloudy,Partly cloudy throughout the day.,partly-cloudy-day,"74788012810,KMCF,0371W,D8345,KTPA,72211012842,72202192816,KVDF",122
5,"Tampa, FL, United States",2022-05-15,30.7,21.4,26.1,33.2,21.4,27.0,20.0,70.4,0.0,0,0.0,,0,0,33.5,17.7,254.0,1013.6,31.2,16.0,246.9,21.4,10,75,2022-05-15T06:40:16,2022-05-15T20:12:31,0.5,Partially cloudy,Partly cloudy throughout the day.,partly-cloudy-day,"74788012810,KMCF,0371W,D8345,KTPA,72211012842,72202192816,KVDF",122
6,"Tampa, FL, United States",2022-05-16,30.3,21.2,26.2,31.7,21.2,26.9,19.4,67.6,0.0,0,0.0,,0,0,20.9,21.2,213.2,1013.5,26.3,15.8,245.3,20.9,10,60,2022-05-16T06:39:43,2022-05-16T20:13:06,0.5,Partially cloudy,Partly cloudy throughout the day.,partly-cloudy-day,"74788012810,KMCF,0371W,D8345,KTPA,72211012842,72202192816,KVDF",122
7,"Tampa, FL, United States",2022-05-17,31.5,22.4,27.2,33.6,22.4,28.4,20.8,69.1,0.0,0,0.0,,0,0,22.0,16.6,271.0,1015.1,32.8,15.5,237.5,20.2,10,60,2022-05-17T06:39:12,2022-05-17T20:13:41,0.52,Partially cloudy,Partly cloudy throughout the day.,partly-cloudy-day,"74788012810,KMCF,0371W,D8345,KTPA,72211012842,72202192816,1037W,KVDF",122
8,"Tampa, FL, United States",2022-05-18,32.2,23.1,27.8,36.6,23.1,29.8,22.4,73.4,0.0,0,0.0,,0,0,19.8,18.5,218.4,1016.2,32.5,15.2,234.4,20.1,10,100,2022-05-18T06:38:41,2022-05-18T20:14:16,0.54,Partially cloudy,Partly cloudy throughout the day.,partly-cloudy-day,"74788012810,KMCF,0371W,D8345,KTPA,72211012842,72202192816,KVDF",122
9,"Tampa, FL, United States",2022-05-19,31.6,24.3,27.7,34.3,24.3,29.2,21.4,69.9,0.0,0,0.0,,0,0,14.4,12.3,159.9,1015.1,39.0,15.4,199.3,17.0,8,75,2022-05-19T06:38:12,2022-05-19T20:14:50,0.58,Partially cloudy,Partly cloudy throughout the day.,partly-cloudy-day,"74788012810,KMCF,0371W,D8345,KTPA,72211012842,72202192816,KVDF",122
10,"Tampa, FL, United States",2022-05-20,30.4,23.5,26.6,35.4,23.5,28.0,21.9,76.0,3.43,100,12.5,rain,0,0,48.2,23.6,148.7,1016.2,63.3,15.7,200.2,17.0,9,75,2022-05-20T06:37:44,2022-05-20T20:15:24,0.63,"Rain, Partially cloudy",Partly cloudy throughout the day with rain in the morning and afternoon.,rain,"74788012810,KMCF,0371W,D8345,KTPA,72211012842,72202192816,KVDF",122
11,"Tampa, FL, United States",2022-05-21,32.0,23.4,27.0,37.2,23.4,28.9,21.8,74.0,0.34,100,8.33,rain,0,0,50.0,24.7,133.6,1020.3,72.2,15.3,151.3,12.9,7,100,2022-05-21T06:37:18,2022-05-21T20:15:58,0.68,"Rain, Partially cloudy",Partly cloudy throughout the day with late afternoon rain.,rain,"74788012810,KMCF,0371W,D8345,KTPA,72211012842,72202192816,KVDF",122
12,"Tampa, FL, United States",2022-05-22,34.5,22.9,28.7,39.2,22.9,31.3,22.3,69.8,0.0,0,0.0,rain,0,0,36.1,21.2,131.3,1020.8,67.0,15.5,228.5,19.3,10,100,2022-05-22T06:36:52,2022-05-22T20:16:32,0.74,Partially cloudy,Partly cloudy throughout the day.,partly-cloudy-day,"74788012810,KMCF,0371W,D8345,KTPA,72211012842,72202192816,KVDF",122
13,"Tampa, FL, United States",2022-05-23,33.3,25.5,29.1,36.7,25.5,31.5,22.0,66.7,0.0,0,0.0,rain,0,0,38.9,18.2,206.8,1018.6,62.4,16.0,254.8,21.8,10,75,2022-05-23T06:36:28,2022-05-23T20:17:06,0.79,Partially cloudy,Partly cloudy throughout the day.,partly-cloudy-day,"74788012810,KMCF,0371W,D8345,KTPA,72211012842,72202192816,KVDF",122
14,"Tampa, FL, United States",2022-05-24,33.1,25.7,29.0,34.9,25.7,30.8,21.4,64.9,0.0,0,0.0,,0,0,33.5,17.5,174.5,1016.6,60.4,16.0,164.2,13.8,10,60,2022-05-24T06:36:06,2022-05-24T20:17:39,0.85,Partially cloudy,Partly cloudy throughout the day.,partly-cloudy-day,"74788012810,KMCF,0371W,D8345,KTPA,72211012842,72202192816,KVDF",122
15,"Tampa, FL, United States",2022-05-25,34.1,23.8,28.8,34.7,23.8,29.9,19.8,60.0,0.17,100,4.17,rain,0,0,35.3,19.3,124.0,1017.4,54.8,16.0,210.9,18.0,10,60,2022-05-25T06:35:44,2022-05-25T20:18:12,0.89,"Rain, Partially cloudy",Partly cloudy throughout the day with early morning rain.,rain,"74788012810,KMCF,0371W,D8345,KTPA,72211012842,72202192816,KVDF",122
16,"Tampa, FL, United States",2022-05-26,32.9,25.5,28.6,36.2,25.5,30.3,21.3,65.8,0.0,0,0.0,rain,0,0,37.4,23.9,174.8,1018.1,57.1,16.0,232.9,20.0,10,60,2022-05-26T06:35:24,2022-05-26T20:18:44,0.93,Partially cloudy,Partly cloudy throughout the day.,partly-cloudy-day,"74788012810,KMCF,0371W,D8345,KTPA,72211012842,72202192816,KVDF",122
17,"Tampa, FL, United States",2022-05-27,31.2,25.4,28.0,35.0,25.4,30.0,22.0,70.4,0.0,0,0.0,rain,0,0,38.9,26.0,197.5,1015.3,63.5,16.0,184.4,15.6,7,75,2022-05-27T06:35:06,2022-05-27T20:19:17,0.96,Partially cloudy,Partly cloudy throughout the day.,partly-cloudy-day,"74788012810,KMCF,0371W,D8345,KTPA,72211012842,72202192816,KVDF",122
18,"Tampa, FL, United States",2022-05-28,32.6,24.6,28.1,32.3,24.6,28.8,19.6,62.5,0.0,0,0.0,,0,0,29.5,16.8,267.6,1013.3,31.3,15.7,261.3,22.3,10,100,2022-05-28T06:34:48,2022-05-28T20:19:48,0.99,Partially cloudy,Partly cloudy throughout the day.,partly-cloudy-day,"74788012810,KMCF,0371W,D8345,KTPA,72211012842,72202192816,KVDF",122
19,"Tampa, FL, United States",2022-05-29,32.8,20.9,27.4,33.6,20.9,28.0,18.6,61.0,0.0,0,0.0,,0,0,40.7,28.7,153.4,1014.5,23.4,15.8,253.7,21.7,10,60,2022-05-29T06:34:32,2022-05-29T20:20:20,1.0,Partially cloudy,Partly cloudy throughout the day.,partly-cloudy-day,"74788012810,KMCF,0371W,D8345,KTPA,72211012842,72202192816,KVDF",122
20,"Tampa, FL, United States",2022-05-30,33.6,22.6,27.5,35.0,22.6,28.3,19.8,65.2,31.3,100,16.67,rain,0,0,45.7,21.7,170.0,1016.2,39.7,15.2,246.8,21.0,10,60,2022-05-30T06:34:17,2022-05-30T20:20:51,0.0,"Rain, Partially cloudy",Partly cloudy throughout the day with late afternoon rain.,rain,"74788012810,KMCF,0371W,D8345,KTPA,72211012842,72202192816,KVDF",122
21,"Tampa, FL, United States",2022-05-31,32.9,22.6,26.8,35.3,22.6,27.8,20.7,71.2,1.78,100,16.67,rain,0,0,38.9,24.6,108.5,1016.4,42.9,15.9,195.2,16.5,10,60,2022-05-31T06:34:04,2022-05-31T20:21:21,0.0,"Rain, Partially cloudy",Partly cloudy throughout the day with rain.,rain,"74788012810,KMCF,0371W,D8345,KTPA,72211012842,72202192816,KVDF",122
22,"Tampa, FL, United States",2022-06-01,31.2,23.3,26.5,33.4,23.3,27.5,20.4,69.6,0.0,0,0.0,rain,0,0,42.5,19.0,56.1,1014.4,47.3,15.9,182.0,15.5,10,30,2022-06-01T06:33:52,2022-06-01T20:21:51,0.02,Partially cloudy,Partly cloudy throughout the day.,partly-cloudy-day,"74788012810,KMCF,0371W,D8345,KTPA,72211012842,72202192816,KVDF",122
23,"Tampa, FL, United States",2022-06-02,32.2,23.1,26.9,34.9,23.1,28.1,20.9,71.2,28.99,100,12.5,rain,0,0,64.8,17.7,124.9,1012.2,56.0,15.2,234.6,20.2,10,60,2022-06-02T06:33:41,2022-06-02T20:22:20,0.04,"Rain, Partially cloudy",Partly cloudy throughout the day with late afternoon rain.,rain,"74788012810,KMCF,0371W,D8345,KTPA,72211012842,72202192816,KVDF",122
24,"Tampa, FL, United States",2022-06-03,29.0,23.6,25.9,31.9,23.6,26.7,21.6,77.8,0.0,0,0.0,rain,0,0,35.3,20.0,94.8,1010.4,69.3,15.9,138.8,11.8,6,30,2022-06-03T06:33:32,2022-06-03T20:22:49,0.07,Partially cloudy,Partly cloudy throughout the day.,partly-cloudy-day,"74788012810,KMCF,0371W,D8345,KTPA,72211012842,72202192816,KVDF",122
25,"Tampa, FL, United States",2022-06-04,30.6,23.5,26.5,34.0,23.5,27.8,21.6,75.6,7.94,100,20.83,rain,0,0,43.8,20.6,59.3,1006.0,79.3,13.8,141.5,11.9,7,30,2022-06-04T06:33:24,2022-06-04T20:23:17,0.11,"Rain, Partially cloudy",Partly cloudy throughout the day with rain clearing later.,rain,"74788012810,KMCF,0371W,D8345,KTPA,72211012842,72202192816,KVDF",122
26,"Tampa, FL, United States",2022-06-05,32.0,22.9,27.4,35.5,22.9,29.1,21.5,71.4,0.0,0,0.0,,0,0,31.7,16.8,178.5,1008.2,32.4,15.8,246.9,20.9,10,60,2022-06-05T06:33:17,2022-06-05T20:23:44,0.14,Partially cloudy,Partly cloudy throughout the day.,partly-cloudy-day,"74788012810,KMCF,0371W,D8345,KTPA,72211012842,72202192816,KVDF",122
27,"Tampa, FL, United States",2022-06-06,31.8,24.5,27.9,36.8,24.5,30.0,22.4,72.7,0.1,100,4.17,rain,0,0,25.9,16.4,140.5,1011.6,38.3,15.9,221.6,18.8,10,100,2022-06-06T06:33:11,2022-06-06T20:24:11,0.19,"Rain, Partially cloudy",Partly cloudy throughout the day with late afternoon rain.,rain,"74788012810,KMCF,0371W,D8345,KTPA,72211012842,72202192816,KVDF",122
28,"Tampa, FL, United States",2022-06-07,32.6,23.5,28.1,37.6,23.5,30.4,22.3,71.6,2.31,100,12.5,rain,0,0,16.6,13.1,190.5,1013.9,37.2,15.5,208.3,17.7,10,100,2022-06-07T06:33:07,2022-06-07T20:24:37,0.24,"Rain, Partially cloudy",Becoming cloudy in the afternoon with rain.,rain,"74788012810,KMCF,0371W,D8345,KTPA,72211012842,72202192816,KVDF",122
29,"Tampa, FL, United States",2022-06-08,32.9,26.5,29.6,37.1,26.5,33.0,22.7,67.4,0.0,0,0.0,rain,0,0,19.8,18.9,265.4,1015.2,42.3,15.7,232.6,19.8,10,100,2022-06-08T06:33:04,2022-06-08T20:25:02,0.29,Partially cloudy,Becoming cloudy in the afternoon.,partly-cloudy-day,"74788012810,KMCF,0371W,D8345,KTPA,72211012842,72202192816,KVDF",122
30,"Tampa, FL, United States",2022-06-09,30.8,26.7,28.8,35.7,29.1,32.8,23.5,73.2,3.13,100,16.67,rain,0,0,57.2,23.6,254.4,1015.4,58.4,15.8,102.7,8.6,4,100,2022-06-09T06:33:03,2022-06-09T20:25:26,0.35,"Rain, Partially cloudy",Partly cloudy throughout the day with rain in the morning and afternoon.,rain,"74788012810,KMCF,0371W,D8345,KTPA,72211012842,72202192816,KVDF",122
31,"Tampa, FL, United States",2022-06-10,32.0,26.3,28.6,37.9,26.3,32.4,23.5,74.5,0.86,100,16.67,rain,0,0,53.1,22.3,249.3,1013.8,64.6,15.6,171.8,14.5,10,100,2022-06-10T06:33:02,2022-06-10T20:25:50,0.39,"Rain, Partially cloudy",Partly cloudy throughout the day with rain.,rain,"74788012810,KMCF,0371W,D8345,KTPA,72211012842,72202192816,KVDF",122
32,"Tampa, FL, United States",2022-06-11,30.9,24.7,26.9,36.0,24.7,28.6,23.1,80.0,56.43,100,45.83,rain,0,0,66.6,25.0,177.8,1013.5,78.4,15.2,114.6,9.7,10,100,2022-06-11T06:33:03,2022-06-11T20:26:13,0.44,"Rain, Partially cloudy",Partly cloudy throughout the day with a chance of rain throughout the day.,rain,"74788012810,KMCF,0371W,D8345,KTPA,72211012842,72202192816,KVDF",122
33,"Tampa, FL, United States",2022-06-12,31.8,24.8,28.2,37.4,24.8,30.8,23.0,74.4,0.0,0,0.0,rain,0,0,31.7,22.1,193.3,1015.7,49.9,16.0,244.0,20.9,10,75,2022-06-12T06:33:06,2022-06-12T20:26:35,0.47,Partially cloudy,Partly cloudy throughout the day.,partly-cloudy-day,"74788012810,KMCF,0371W,D8345,KTPA,72211012842,72202192816,KVDF",122
34,"Tampa, FL, United States",2022-06-13,32.7,26.9,29.4,38.3,29.4,33.7,23.5,70.8,0.0,0,0.0,,0,0,17.6,14.5,249.0,1018.2,43.0,16.0,193.9,16.5,10,100,2022-06-13T06:33:09,2022-06-13T20:26:56,0.49,Partially cloudy,Partly cloudy throughout the day.,partly-cloudy-day,"74788012810,KMCF,0371W,D8345,KTPA,72211012842,72202192816,KVDF",122
35,"Tampa, FL, United States",2022-06-14,33.4,25.7,29.7,39.8,25.7,33.5,23.3,69.8,0.0,0,0.0,rain,0,0,79.6,18.2,202.4,1017.9,46.3,15.9,237.0,20.3,9,75,2022-06-14T06:33:14,2022-06-14T20:27:16,0.5,Partially cloudy,Becoming cloudy in the afternoon.,partly-cloudy-day,"74788012810,KMCF,0371W,D8345,KTPA,72211012842,72202192816,KVDF",122
36,"Tampa, FL, United States",2022-06-15,34.2,25.8,29.8,40.3,25.8,33.9,23.6,70.3,2.88,100,8.33,rain,0,0,35.9,21.7,121.6,1016.6,52.1,15.8,231.5,19.8,9,100,2022-06-15T06:33:19,2022-06-15T20:27:35,0.51,"Rain, Partially cloudy",Partly cloudy throughout the day with late afternoon rain.,rain,"74788012810,KMCF,0371W,D8345,KTPA,72211012842,72202192816,KVDF",122
37,"Tampa, FL, United States",2022-06-16,34.5,26.0,29.5,40.9,26.0,33.1,23.7,72.2,0.09,100,4.17,rain,0,0,18.0,10.7,116.4,1017.6,55.3,16.0,217.1,18.4,10,100,2022-06-16T06:33:26,2022-06-16T20:27:53,0.53,"Rain, Partially cloudy",Partly cloudy throughout the day with late afternoon rain.,rain,"74788012810,KMCF,0371W,D8345,KTPA,72211012842,72202192816,KVDF",122
38,"Tampa, FL, United States",2022-06-17,34.9,26.5,30.2,39.4,26.5,34.6,23.7,69.5,0.0,0,0.0,,0,0,33.5,15.0,139.7,1016.1,56.4,15.8,268.0,22.8,10,100,2022-06-17T06:33:34,2022-06-17T20:28:10,0.57,Partially cloudy,Partly cloudy throughout the day.,partly-cloudy-day,"74788012810,KMCF,0371W,D8345,KTPA,72211012842,72202192816,KVDF",122
39,"Tampa, FL, United States",2022-06-18,35.9,27.1,30.0,42.3,29.5,33.9,22.6,64.9,0.0,0,0.0,rain,0,0,35.3,19.2,177.6,1013.6,46.6,16.0,222.8,18.9,10,100,2022-06-18T06:33:44,2022-06-18T20:28:27,0.62,Partially cloudy,Partly cloudy throughout the day.,partly-cloudy-day,"74788012810,KMCF,0371W,D8345,KTPA,72211012842,72202192816,KVDF",122
40,"Tampa, FL, United States",2022-06-19,33.6,26.3,29.4,40.8,26.3,33.7,23.3,70.1,1.31,100,8.33,rain,0,0,53.6,17.1,171.8,1014.7,61.7,15.9,212.5,17.8,10,100,2022-06-19T06:33:54,2022-06-19T20:28:42,0.67,"Rain, Partially cloudy",Partly cloudy throughout the day with late afternoon rain.,rain,"74788012810,KMCF,0371W,D8345,KTPA,72211012842,72202192816,KVDF",122
41,"Tampa, FL, United States",2022-06-20,33.2,25.0,28.2,38.9,25.0,30.4,22.8,73.3,1.43,100,12.5,rain,0,0,57.6,16.4,126.8,1019.1,51.5,15.5,222.3,18.8,10,100,2022-06-20T06:34:06,2022-06-20T20:28:56,0.72,"Rain, Partially cloudy",Becoming cloudy in the afternoon with late afternoon rain.,rain,"74788012810,KMCF,0371W,D8345,KTPA,72211012842,72202192816,KVDF",122
42,"Tampa, FL, United States",2022-06-21,33.4,24.4,28.9,34.5,24.4,29.8,19.8,61.9,0.0,0,0.0,,0,0,29.5,16.6,63.5,1020.3,35.7,16.0,257.7,21.8,10,75,2022-06-21T06:34:18,2022-06-21T20:29:09,0.77,Partially cloudy,Partly cloudy throughout the day.,partly-cloudy-day,"74788012810,KMCF,0371W,D8345,KTPA,72211012842,72202192816,KVDF",122
43,"Tampa, FL, United States",2022-06-22,32.3,24.9,28.3,33.6,24.9,29.1,18.8,57.4,0.0,0,0.0,,0,0,23.8,10.4,183.5,1016.9,52.7,16.0,236.5,20.0,10,30,2022-06-22T06:34:32,2022-06-22T20:29:20,0.82,Partially cloudy,Partly cloudy throughout the day.,partly-cloudy-day,"74788012810,KMCF,0371W,D8345,KTPA,72211012842,72202192816,KVDF",122
44,"Tampa, FL, United States",2022-06-23,33.6,25.9,29.9,41.5,25.9,34.4,22.9,66.3,0.0,0,0.0,,0,0,29.5,15.7,211.3,1012.7,39.0,16.0,246.0,20.7,10,100,2022-06-23T06:34:47,2022-06-23T20:29:31,0.87,Partially cloudy,Partly cloudy throughout the day.,partly-cloudy-day,"74788012810,KMCF,0371W,D8345,KTPA,72211012842,72202192816,KVDF",122
45,"Tampa, FL, United States",2022-06-24,34.6,25.6,30.3,42.5,25.6,35.9,24.8,73.3,3.11,100,8.33,rain,0,0,70.2,17.7,211.6,1013.1,52.3,15.6,234.9,20.4,9,100,2022-06-24T06:35:02,2022-06-24T20:29:40,0.91,"Rain, Partially cloudy",Partly cloudy throughout the day with late afternoon rain.,rain,"74788012810,KMCF,0371W,D8345,KTPA,72211012842,72202192816,KVDF",122
46,"Tampa, FL, United States",2022-06-25,32.5,25.3,28.1,37.7,25.3,30.3,22.5,72.2,0.0,0,0.0,,0,0,37.4,18.7,114.9,1015.8,62.9,16.0,224.5,18.9,10,60,2022-06-25T06:35:19,2022-06-25T20:29:49,0.95,Partially cloudy,Partly cloudy throughout the day.,partly-cloudy-day,"74788012810,KMCF,0371W,D8345,KTPA,72211012842,72202192816,KVDF",122
47,"Tampa, FL, United States",2022-06-26,33.4,25.1,28.9,37.6,25.1,31.1,22.2,68.9,0.0,0,0.0,rain,0,0,51.5,20.7,62.5,1016.4,61.3,16.0,196.1,16.7,10,75,2022-06-26T06:35:36,2022-06-26T20:29:56,0.97,Partially cloudy,Partly cloudy throughout the day.,partly-cloudy-day,"74788012810,KMCF,0371W,D8345,KTPA,72211012842",122
48,"Tampa, FL, United States",2022-06-27,33.3,25.3,29.0,37.8,25.3,31.5,22.5,68.9,23.19,100,8.33,rain,0,0,70.2,13.7,153.9,1015.9,64.1,15.8,214.6,18.2,9,75,2022-06-27T06:35:55,2022-06-27T20:30:02,0.99,"Rain, Partially cloudy",Partly cloudy throughout the day with late afternoon rain.,rain,"74788012810,KMCF,0371W,D8345,KTPA,72211012842",122
49,"Tampa, FL, United States",2022-06-28,33.9,25.7,29.0,38.2,25.7,31.1,22.2,68.2,0.38,100,8.33,rain,0,0,50.0,23.7,125.2,1017.5,54.6,15.7,257.2,21.8,10,100,2022-06-28T06:36:14,2022-06-28T20:30:06,1.0,"Rain, Partially cloudy",Partly cloudy throughout the day with late afternoon rain.,rain,"74788012810,KMCF,D8345,KTPA,72211012842",122
50,"Tampa, FL, United States",2022-06-29,34.0,25.0,29.1,37.8,25.0,31.5,22.2,67.3,9.53,100,8.33,rain,0,0,68.4,21.4,152.1,1019.8,57.0,16.0,266.3,22.8,10,60,2022-06-29T06:36:34,2022-06-29T20:30:10,0.0,"Rain, Partially cloudy",Partly cloudy throughout the day with late afternoon rain.,rain,"74788012810,KMCF,D8345,KTPA,72211012842",122
51,"Tampa, FL, United States",2022-06-30,32.9,25.4,28.9,39.3,25.4,31.6,22.9,70.9,20.15,100,8.33,rain,0,0,38.3,22.2,129.5,1019.4,61.5,15.5,230.3,19.5,10,100,2022-06-30T06:36:56,2022-06-30T20:30:12,0.01,"Rain, Partially cloudy",Partly cloudy throughout the day with late afternoon rain.,rain,"74788012810,KMCF,0371W,D8345,KTPA,72211012842",122
52,"Tampa, FL, United States",2022-07-01,31.9,25.6,28.6,37.7,25.6,31.4,22.7,70.7,0.14,100,4.17,rain,0,0,16.6,17.8,153.3,1018.2,62.9,16.0,261.7,22.0,10,100,2022-07-01T06:37:17,2022-07-01T20:30:12,0.03,"Rain, Partially cloudy",Partly cloudy throughout the day with early morning rain.,rain,"74788012810,KMCF,0371W,D8345,KTPA,72211012842",122
53,"Tampa, FL, United States",2022-07-02,32.0,26.6,28.2,37.9,26.6,31.3,22.8,72.6,0.0,0,0.0,rain,0,0,51.8,20.9,105.9,1017.7,71.9,16.0,128.9,10.8,9,100,2022-07-02T06:37:40,2022-07-02T20:30:12,0.05,Partially cloudy,Partly cloudy throughout the day.,partly-cloudy-day,"74788012810,KMCF,0371W,D8345,KTPA,72211012842",122
54,"Tampa, FL, United States",2022-07-03,32.2,25.5,28.0,37.4,25.5,30.5,23.0,74.7,0.0,0,0.0,,0,0,50.0,15.9,117.0,1018.7,64.9,16.0,174.1,14.7,10,75,2022-07-03T06:38:03,2022-07-03T20:30:10,0.08,Partially cloudy,Partly cloudy throughout the day.,partly-cloudy-day,"74788012810,KMCF,0371W,D8345,KTPA,72211012842",122
55,"Tampa, FL, United States",2022-07-04,33.6,25.0,28.8,38.5,25.0,31.7,22.8,71.1,0.0,0,0.0,rain,0,0,27.7,16.3,145.9,1018.8,48.0,15.8,229.0,19.3,9,75,2022-07-04T06:38:28,2022-07-04T20:30:07,0.12,Partially cloudy,Partly cloudy throughout the day.,partly-cloudy-day,"74788012810,KMCF,0371W,D8345,KTPA,72211012842",122
56,"Tampa, FL, United States",2022-07-05,33.8,27.1,29.9,39.3,30.0,34.4,23.5,69.3,0.21,100,4.17,rain,0,0,25.6,14.2,147.2,1017.6,50.8,15.6,277.9,23.5,10,100,2022-07-05T06:38:52,2022-07-05T20:30:02,0.17,"Rain, Partially cloudy",Becoming cloudy in the afternoon with early morning rain.,rain,"74788012810,KMCF,0371W,D8345,KTPA,72211012842",122
57,"Tampa, FL, United States",2022-07-06,34.4,26.6,29.9,40.8,26.6,34.5,23.8,70.8,1.02,100,8.33,rain,0,0,68.4,19.5,146.8,1016.3,51.8,15.7,243.9,20.7,10,100,2022-07-06T06:39:18,2022-07-06T20:29:56,0.22,"Rain, Partially cloudy",Partly cloudy throughout the day with late afternoon rain.,rain,"74788012810,KMCF,0371W,D8345,KTPA,72211012842",122
58,"Tampa, FL, United States",2022-07-07,33.1,26.9,29.2,39.8,29.8,33.8,24.1,74.6,0.95,100,12.5,rain,0,0,40.7,21.2,131.8,1016.6,65.4,15.9,251.9,21.4,10,100,2022-07-07T06:39:44,2022-07-07T20:29:49,0.27,"Rain, Partially cloudy",Partly cloudy throughout the day with late afternoon rain.,rain,"74788012810,KMCF,0371W,D8345,KTPA,72211012842",122
59,"Tampa, FL, United States",2022-07-08,33.9,26.5,29.7,39.5,26.5,33.9,23.6,70.8,3.56,100,8.33,rain,0,0,14.4,20.4,164.1,1017.9,47.0,16.0,241.5,20.3,10,100,2022-07-08T06:40:11,2022-07-08T20:29:40,0.33,"Rain, Partially cloudy",Partly cloudy throughout the day with late afternoon rain.,rain,"74788012810,KMCF,0371W,D8345,KTPA,72211012842",122
60,"Tampa, FL, United States",2022-07-09,32.8,26.8,29.8,39.4,29.4,34.4,23.8,70.9,0.0,0,0.0,rain,0,0,50.0,21.3,196.5,1018.1,56.2,16.0,227.6,19.3,9,75,2022-07-09T06:40:38,2022-07-09T20:29:30,0.38,Partially cloudy,Partly cloudy throughout the day.,partly-cloudy-day,"74788012810,KMCF,0371W,D8345,KTPA,72211012842",122
61,"Tampa, FL, United States",2022-07-10,33.1,27.5,29.8,40.4,30.6,34.8,24.0,71.5,16.22,100,25.0,rain,0,0,68.4,22.8,187.8,1015.3,75.2,14.4,204.8,17.3,10,100,2022-07-10T06:41:06,2022-07-10T20:29:19,0.42,"Rain, Partially cloudy",Partly cloudy throughout the day with rain.,rain,"74788012810,KMCF,0371W,D8345,KTPA,72211012842",122
62,"Tampa, FL, United States",2022-07-11,31.2,26.7,29.2,37.0,29.5,33.7,23.9,73.5,17.48,100,20.83,rain,0,0,68.4,21.0,215.3,1013.5,56.9,15.6,132.8,11.0,7,75,2022-07-11T06:41:34,2022-07-11T20:29:06,0.46,"Rain, Partially cloudy",Partly cloudy throughout the day with a chance of rain throughout the day.,rain,"74788012810,KMCF,0371W,D8345,KTPA,72211012842",122
63,"Tampa, FL, United States",2022-07-12,33.4,27.5,30.2,40.3,30.6,35.3,24.0,70.0,0.0,0,0.0,rain,0,0,29.5,23.1,209.5,1015.2,39.6,16.0,210.4,17.7,9,100,2022-07-12T06:42:03,2022-07-12T20:28:52,0.49,Partially cloudy,Partly cloudy throughout the day.,partly-cloudy-day,"74788012810,KMCF,0371W,D8345,KTPA,72211012842,1037W",122
64,"Tampa, FL, United States",2022-07-13,33.8,27.6,30.1,40.5,30.2,34.3,23.2,67.8,0.1,100,8.33,rain,0,0,31.0,21.3,160.3,1017.9,48.5,15.9,246.7,20.9,9,100,2022-07-13T06:42:32,2022-07-13T20:28:37,0.5,"Rain, Partially cloudy",Partly cloudy throughout the day with late afternoon rain.,rain,"74788012810,KMCF,0371W,D8345,KTPA,72211012842",122
65,"Tampa, FL, United States",2022-07-14,32.9,23.1,28.2,38.4,23.1,30.9,22.4,71.5,43.92,100,20.83,rain,0,0,68.4,23.3,133.4,1019.1,68.1,15.4,167.6,14.1,7,100,2022-07-14T06:43:01,2022-07-14T20:28:20,0.51,"Rain, Partially cloudy",Partly cloudy throughout the day with rain.,rain,"74788012810,0371W,KMCF,D8345,KTPA,72211012842",122
66,"Tampa, FL, United States",2022-07-15,33.1,22.9,27.9,38.2,22.9,29.8,21.2,68.6,1.51,100,8.33,rain,0,0,38.9,16.4,103.1,1018.9,71.6,16.0,245.2,20.6,10,100,2022-07-15T06:43:31,2022-07-15T20:28:02,0.53,"Rain, Partially cloudy",Partly cloudy throughout the day with early morning rain.,rain,"74788012810,KMCF,0371W,D8345,KTPA,72211012842",122
67,"Tampa, FL, United States",2022-07-16,33.1,24.2,27.6,37.4,24.2,29.0,22.2,73.6,56.82,100,25.0,rain,0,0,37.1,19.0,111.3,1016.9,63.0,14.7,196.6,16.6,10,100,2022-07-16T06:44:02,2022-07-16T20:27:42,0.55,"Rain, Partially cloudy",Partly cloudy throughout the day with late afternoon rain.,rain,"74788012810,KMCF,0371W,D8345,72211012842,KTPA",122
68,"Tampa, FL, United States",2022-07-17,31.8,24.5,27.7,38.0,24.5,30.2,23.2,77.4,20.65,100,12.5,rain,0,0,70.2,20.5,124.6,1016.1,51.5,16.0,168.8,14.1,10,75,2022-07-17T06:44:32,2022-07-17T20:27:21,0.6,"Rain, Partially cloudy",Partly cloudy throughout the day with rain in the morning and afternoon.,rain,"74788012810,KMCF,0371W,D8345,KTPA,72211012842",122
69,"Tampa, FL, United States",2022-07-18,33.4,26.8,29.7,39.8,29.6,34.6,24.2,73.2,0.0,0,0.0,rain,0,0,35.3,23.1,182.2,1018.1,45.6,16.0,253.2,21.5,10,100,2022-07-18T06:45:03,2022-07-18T20:26:59,0.65,Partially cloudy,Partly cloudy throughout the day.,partly-cloudy-day,"74788012810,KMCF,0371W,D8345,KTPA,72211012842",122
70,"Tampa, FL, United States",2022-07-19,33.2,28.5,30.3,42.1,33.5,36.6,24.9,73.1,0.36,100,4.17,rain,0,0,42.5,22.3,186.9,1018.9,62.0,15.9,214.1,18.2,10,100,2022-07-19T06:45:35,2022-07-19T20:26:35,0.7,"Rain, Partially cloudy",Partly cloudy throughout the day with afternoon rain.,rain,"74788012810,KMCF,0371W,D8345,KTPA,72211012842",122
71,"Tampa, FL, United States",2022-07-20,33.7,28.0,30.3,39.5,32.4,35.5,24.1,69.9,0.0,0,0.0,,0,0,35.3,17.0,209.3,1017.7,51.2,16.0,218.0,18.5,9,100,2022-07-20T06:46:06,2022-07-20T20:26:11,0.75,Partially cloudy,Partly cloudy throughout the day.,partly-cloudy-day,"74788012810,KMCF,0371W,D8345,KTPA,72211012842",122
72,"Tampa, FL, United States",2022-07-21,33.5,26.7,29.8,38.6,28.8,33.8,22.9,66.8,0.0,0,0.0,rain,0,0,18.4,18.6,156.4,1016.8,47.9,16.0,244.8,20.8,10,100,2022-07-21T06:46:38,2022-07-21T20:25:44,0.8,Partially cloudy,Partly cloudy throughout the day.,partly-cloudy-day,"74788012810,0371W,KMCF,D8345,KTPA,72211012842",122
73,"Tampa, FL, United States",2022-07-22,34.1,25.4,29.6,41.1,25.4,33.5,23.5,70.7,33.53,100,12.5,rain,0,0,61.9,27.2,153.4,1017.9,40.5,15.2,290.5,24.7,10,100,2022-07-22T06:47:10,2022-07-22T20:25:17,0.85,"Rain, Partially cloudy",Partly cloudy throughout the day with late afternoon rain.,rain,"74788012810,KMCF,0371W,D8345,KTPA,72211012842",122
74,"Tampa, FL, United States",2022-07-23,33.2,25.2,27.9,39.3,25.2,29.9,23.3,76.9,29.45,100,20.83,rain,0,0,75.5,20.2,138.8,1019.6,36.6,15.5,210.0,17.7,10,100,2022-07-23T06:47:42,2022-07-23T20:24:48,0.89,"Rain, Partially cloudy",Becoming cloudy in the afternoon with rain.,rain,"74788012810,KMCF,0371W,D8345,KTPA,72211012842",122
75,"Tampa, FL, United States",2022-07-24,33.7,25.7,29.3,38.0,25.7,32.2,23.0,70.1,0.0,0,0.0,rain,0,0,23.0,13.7,133.5,1019.2,49.5,16.0,207.7,17.6,10,75,2022-07-24T06:48:14,2022-07-24T20:24:17,0.93,Partially cloudy,Partly cloudy throughout the day.,partly-cloudy-day,"74788012810,KMCF,0371W,D8345,KTPA,72211012842",122
76,"Tampa, FL, United States",2022-07-25,33.0,26.6,28.9,37.4,26.6,32.0,22.8,70.5,1.31,100,12.5,rain,0,0,27.7,14.5,149.9,1018.8,52.2,15.9,153.0,12.9,9,100,2022-07-25T06:48:46,2022-07-25T20:23:46,0.96,"Rain, Partially cloudy",Partly cloudy throughout the day with rain.,rain,"74788012810,KMCF,0371W,D8345,KTPA,72211012842",122
77,"Tampa, FL, United States",2022-07-26,33.7,24.5,27.7,39.3,24.5,29.9,23.1,77.3,29.03,100,25.0,rain,0,0,96.1,22.7,110.4,1019.4,49.6,15.4,115.8,9.9,10,75,2022-07-26T06:49:19,2022-07-26T20:23:13,0.98,"Rain, Partially cloudy",Becoming cloudy in the afternoon with rain.,rain,"74788012810,KMCF,0371W,D8345,KTPA,72211012842",122
78,"Tampa, FL, United States",2022-07-27,33.0,24.5,28.4,39.8,24.5,31.5,23.3,75.0,0.0,0,0.0,rain,0,0,31.7,20.5,131.4,1019.2,40.0,16.0,201.4,17.2,9,60,2022-07-27T06:49:51,2022-07-27T20:22:39,1.0,Partially cloudy,Partly cloudy throughout the day.,partly-cloudy-day,"74788012810,KMCF,0371W,D8345,KTPA,72211012842",122
79,"Tampa, FL, United States",2022-07-28,33.9,26.7,30.1,40.0,29.4,34.7,23.7,69.4,0.0,0,0.0,,0,0,23.0,14.0,189.6,1018.9,24.7,16.0,228.3,19.4,10,100,2022-07-28T06:50:24,2022-07-28T20:22:04,1.0,Partially cloudy,Partly cloudy throughout the day.,partly-cloudy-day,"74788012810,KMCF,0371W,F7686,D8345,KTPA,72211012842",122
80,"Tampa, FL, United States",2022-07-29,35.6,27.0,30.9,40.1,29.8,35.0,22.8,63.6,0.0,0,0.0,rain,0,0,32.0,15.5,119.8,1019.2,32.4,16.0,196.4,16.6,10,100,2022-07-29T06:50:57,2022-07-29T20:21:27,0.0,Partially cloudy,Partly cloudy throughout the day.,partly-cloudy-day,"74788012810,KMCF,0371W,D8345,KTPA,72211012842",122
81,"Tampa, FL, United States",2022-07-30,35.2,26.8,30.9,38.5,29.3,34.3,22.1,61.4,0.0,0,0.0,,0,0,29.5,14.0,110.0,1020.5,51.3,15.9,136.0,11.3,7,75,2022-07-30T06:51:29,2022-07-30T20:20:49,0.01,Partially cloudy,Partly cloudy throughout the day.,partly-cloudy-day,"74788012810,KMCF,0371W,D8345,KTPA,72211012842",122
82,"Tampa, FL, United States",2022-07-31,35.3,26.5,30.8,39.5,26.5,34.6,22.7,63.3,0.0,0,0.0,rain,0,0,27.7,15.5,165.4,1021.4,48.1,16.0,220.8,18.7,10,100,2022-07-31T06:52:02,2022-07-31T20:20:10,0.04,Partially cloudy,Partly cloudy throughout the day.,partly-cloudy-day,"74788012810,KMCF,0371W,D8345,KTPA,72211012842",122
83,"Tampa, FL, United States",2022-08-01,33.8,27.8,30.8,38.4,31.4,35.3,23.3,65.1,0.0,0,0.0,,0,0,35.3,15.5,220.4,1020.8,28.1,16.0,250.5,21.2,10,75,2022-08-01T06:52:35,2022-08-01T20:19:30,0.07,Partially cloudy,Partly cloudy throughout the day.,partly-cloudy-day,"74788012810,KMCF,0371W,D8345,KTPA,72211012842",122
84,"Tampa, FL, United States",2022-08-02,34.1,27.6,30.5,40.6,31.0,35.5,23.9,68.6,0.0,0,0.0,rain,0,0,38.9,21.4,190.0,1018.5,57.6,15.9,139.5,11.7,10,100,2022-08-02T06:53:07,2022-08-02T20:18:49,0.1,Partially cloudy,Partly cloudy throughout the day.,partly-cloudy-day,"74788012810,KMCF,0371W,D8345,KTPA,72211012842",122
85,"Tampa, FL, United States",2022-08-03,32.6,25.7,28.6,38.1,25.7,31.6,23.1,72.6,14.09,100,12.5,rain,0,0,27.7,21.6,157.6,1017.1,62.0,15.5,163.9,13.7,9,100,2022-08-03T06:53:40,2022-08-03T20:18:06,0.14,"Rain, Partially cloudy",Partly cloudy throughout the day with rain.,rain,"74788012810,KMCF,0371W,D8345,KTPA,72211012842",122
86,"Tampa, FL, United States",2022-08-04,33.6,25.3,28.5,37.7,25.3,30.4,22.7,72.5,27.76,100,8.33,rain,0,0,66.6,16.0,107.9,1017.6,41.2,16.0,222.1,18.9,10,75,2022-08-04T06:54:12,2022-08-04T20:17:22,0.2,"Rain, Partially cloudy",Partly cloudy throughout the day with rain.,rain,"74788012810,KMCF,0371W,D8345,KTPA,72211012842",122
87,"Tampa, FL, United States",2022-08-05,34.4,24.8,28.9,38.7,24.8,31.7,23.2,72.7,9.05,100,8.33,rain,0,0,27.7,15.3,89.3,1018.7,48.2,15.9,223.5,19.0,10,75,2022-08-05T06:54:45,2022-08-05T20:16:37,0.25,"Rain, Partially cloudy",Partly cloudy throughout the day with early morning rain.,rain,"74788012810,KMCF,0371W,D8345,KTPA,72211012842,72202192816,KVDF",122
88,"Tampa, FL, United States",2022-08-06,34.4,26.3,29.5,38.8,26.3,33.1,23.3,70.3,0.52,100,4.17,rain,0,0,33.1,13.9,83.2,1019.9,40.5,15.8,176.4,15.0,10,75,2022-08-06T06:55:17,2022-08-06T20:15:52,0.31,"Rain, Partially cloudy",Partly cloudy throughout the day with late afternoon rain.,rain,"74788012810,KMCF,0371W,D8345,KTPA,72211012842,72202192816,KVDF",122
89,"Tampa, FL, United States",2022-08-07,34.7,25.7,29.1,39.1,25.7,31.6,22.8,70.4,3.82,100,12.5,rain,0,0,58.6,24.4,73.0,1020.1,34.8,15.7,258.8,22.0,10,75,2022-08-07T06:55:49,2022-08-07T20:15:05,0.36,"Rain, Partially cloudy",Partly cloudy throughout the day with late afternoon rain.,rain,"74788012810,KMCF,0371W,D8345,KTPA,72211012842,72202192816,KVDF",122
90,"Tampa, FL, United States",2022-08-08,33.5,24.9,27.2,39.3,24.9,28.8,23.1,79.0,3.1,100,25.0,rain,0,0,33.5,14.6,90.9,1019.1,51.0,15.7,152.4,12.8,10,100,2022-08-08T06:56:21,2022-08-08T20:14:17,0.41,"Rain, Partially cloudy",Partly cloudy throughout the day with rain.,rain,"74788012810,KMCF,0371W,D8345,KTPA,72211012842,72202192816,KVDF",122
91,"Tampa, FL, United States",2022-08-09,33.5,24.6,26.8,38.7,24.6,27.8,23.0,80.8,19.15,100,16.67,rain,0,0,52.4,15.2,61.2,1019.6,54.1,15.6,134.8,11.4,10,100,2022-08-09T06:56:53,2022-08-09T20:13:27,0.45,"Rain, Partially cloudy",Partly cloudy throughout the day with rain.,rain,"74788012810,KMCF,0371W,D8345,KTPA,72211012842,72202192816,KVDF",122
92,"Tampa, FL, United States",2022-08-10,33.8,24.6,29.1,39.5,24.6,32.5,23.6,73.5,0.0,0,0.0,,0,0,25.6,15.2,115.3,1020.2,57.1,15.5,203.5,17.3,9,100,2022-08-10T06:57:25,2022-08-10T20:12:37,0.48,Partially cloudy,Partly cloudy throughout the day.,partly-cloudy-day,"74788012810,KMCF,0371W,D8345,KTPA,72211012842,72202192816,KVDF",122
93,"Tampa, FL, United States",2022-08-11,31.4,26.0,28.8,35.9,26.0,32.3,22.8,70.3,0.41,100,4.17,rain,0,0,25.9,12.6,117.4,1019.1,62.0,16.0,139.2,11.7,6,100,2022-08-11T06:57:57,2022-08-11T20:11:46,0.5,"Rain, Partially cloudy",Partly cloudy throughout the day with early morning rain.,rain,"74788012810,KMCF,0371W,D8345,KTPA,72211012842,72202192816,KVDF",122
94,"Tampa, FL, United States",2022-08-12,33.1,25.9,29.0,37.1,25.9,31.6,22.3,68.4,0.0,0,0.0,,0,0,29.5,13.7,156.1,1017.4,60.8,16.0,177.1,14.9,9,75,2022-08-12T06:58:29,2022-08-12T20:10:54,0.5,Partially cloudy,Partly cloudy throughout the day.,partly-cloudy-day,"74788012810,KMCF,0371W,D8345,KTPA,72211012842,72202192816,KVDF",122
95,"Tampa, FL, United States",2022-08-13,33.0,25.9,29.1,37.1,25.9,31.8,22.5,68.4,0.0,0,0.0,,0,0,29.5,15.1,184.8,1016.3,61.3,15.9,204.0,17.7,10,75,2022-08-13T06:59:00,2022-08-13T20:10:01,0.52,Partially cloudy,Partly cloudy throughout the day.,partly-cloudy-day,"74788012810,KMCF,0371W,D8345,KTPA,72211012842,72202192816,1037W,KVDF",122
96,"Tampa, FL, United States",2022-08-14,29.5,26.5,27.6,33.8,26.5,30.5,23.0,76.3,1.18,100,4.17,rain,0,0,38.9,16.6,207.5,1015.0,67.5,15.8,92.3,7.6,3,100,2022-08-14T06:59:32,2022-08-14T20:09:07,0.54,"Rain, Partially cloudy",Partly cloudy throughout the day with morning rain.,rain,"74788012810,KMCF,0371W,D8345,KTPA,72211012842,72202192816,KVDF",122
97,"Tampa, FL, United States",2022-08-15,29.8,25.6,27.5,34.8,25.6,29.9,23.1,77.3,1.27,100,12.5,rain,0,0,23.8,16.1,152.6,1013.5,70.3,15.9,163.2,13.8,8,75,2022-08-15T07:00:03,2022-08-15T20:08:12,0.58,"Rain, Partially cloudy",Partly cloudy throughout the day with rain clearing later.,rain,"74788012810,KMCF,0371W,D8345,KTPA,72211012842,72202192816,KVDF",122
98,"Tampa, FL, United States",2022-08-16,32.8,26.2,29.3,39.4,26.2,33.1,23.5,71.7,0.0,0,0.0,rain,0,0,29.5,18.0,175.9,1013.2,55.5,16.0,114.2,9.5,6,100,2022-08-16T07:00:34,2022-08-16T20:07:17,0.62,Partially cloudy,Partly cloudy throughout the day.,partly-cloudy-day,"74788012810,KMCF,0371W,D8345,KTPA,72211012842,72202192816,KVDF",122
99,"Tampa, FL, United States",2022-08-17,32.8,28.1,29.8,40.5,31.4,35.3,24.5,73.8,7.28,100,12.5,rain,0,0,22.0,15.4,246.3,1013.9,50.5,15.6,195.2,16.6,7,100,2022-08-17T07:01:05,2022-08-17T20:06:20,0.67,"Rain, Partially cloudy",Partly cloudy throughout the day with rain in the morning and afternoon.,rain,"KMCF,0371W,D8345,KTPA,72211012842,72202192816,KVDF",122
100,"Tampa, FL, United States",2022-08-18,33.6,25.7,29.3,41.8,25.7,34.1,24.3,74.9,0.11,100,4.17,rain,0,0,40.9,22.0,184.5,1014.3,53.1,16.0,183.2,15.7,9,100,2022-08-18T07:01:35,2022-08-18T20:05:23,0.72,"Rain, Partially cloudy",Partly cloudy throughout the day with morning rain.,rain,"KMCF,0371W,F7686,D8345,KTPA,72211012842,72202192816,KVDF",122
101,"Tampa, FL, United States",2022-08-19,33.1,24.6,28.6,39.8,24.6,31.9,23.5,75.2,0.0,0,0.0,,0,0,20.9,13.3,168.3,1016.2,53.2,16.0,215.4,18.2,10,100,2022-08-19T07:02:06,2022-08-19T20:04:24,0.77,Partially cloudy,Partly cloudy throughout the day.,partly-cloudy-day,"74788012810,KMCF,0371W,D8345,KTPA,72211012842,72202192816,KVDF",122
102,"Tampa, FL, United States",2022-08-20,34.7,26.3,29.1,40.9,26.3,32.3,23.2,71.7,8.34,100,20.83,rain,0,0,45.4,18.2,111.3,1018.9,53.7,15.5,202.2,17.2,10,100,2022-08-20T07:02:36,2022-08-20T20:03:25,0.82,"Rain, Partially cloudy",Partly cloudy throughout the day with late afternoon rain.,rain,"KMCF,0371W,F7686,D8345,KTPA,72211012842,72202192816,KVDF",122
103,"Tampa, FL, United States",2022-08-21,34.2,25.0,29.1,40.4,25.0,32.2,23.8,74.2,5.31,100,8.33,rain,0,0,70.2,12.0,141.5,1018.4,70.7,15.6,217.5,18.7,10,100,2022-08-21T07:03:06,2022-08-21T20:02:26,0.86,"Rain, Partially cloudy",Partly cloudy throughout the day with late afternoon rain.,rain,"74788012810,KMCF,0371W,D8345,KTPA,72211012842,72202192816,1037W,KVDF",122
104,"Tampa, FL, United States",2022-08-22,33.4,26.6,29.6,38.7,26.6,33.7,23.6,71.1,4.2,100,4.17,rain,0,0,23.4,12.2,144.5,1016.0,68.7,16.0,168.7,14.5,10,100,2022-08-22T07:03:36,2022-08-22T20:01:25,0.9,"Rain, Partially cloudy",Partly cloudy throughout the day with morning rain.,rain,"KMCF,0371W,F7686,D8345,KTPA,72211012842,72202192816,KVDF",122
105,"Tampa, FL, United States",2022-08-23,33.3,23.4,29.1,39.3,23.4,33.1,23.5,72.7,0.0,0,0.0,rain,0,0,35.3,13.9,143.7,1014.0,61.0,16.0,223.9,19.2,10,100,2022-08-23T07:04:06,2022-08-23T20:00:24,0.94,Partially cloudy,Partly cloudy throughout the day.,partly-cloudy-day,"74788012810,KMCF,0371W,F7686,D8345,KTPA,72211012842,72202192816,KVDF",122
106,"Tampa, FL, United States",2022-08-24,34.0,24.6,28.2,40.7,24.6,30.8,23.5,76.3,7.02,100,16.67,rain,0,0,51.8,24.2,145.2,1015.1,63.5,15.6,213.8,18.2,10,75,2022-08-24T07:04:36,2022-08-24T19:59:22,0.97,"Rain, Partially cloudy",Partly cloudy throughout the day with late afternoon rain.,rain,"KMCF,0371W,D8345,KTPA,72211012842,72202192816,KVDF",122
107,"Tampa, FL, United States",2022-08-25,33.3,25.1,28.1,41.1,25.1,31.0,23.9,78.4,5.78,100,25.0,rain,0,0,37.1,20.0,120.9,1016.4,69.4,15.4,237.4,20.3,10,100,2022-08-25T07:05:06,2022-08-25T19:58:19,0.99,"Rain, Partially cloudy",Partly cloudy throughout the day with rain.,rain,"KMCF,0371W,D8345,KTPA,72211012842,72202192816,KVDF",122
108,"Tampa, FL, United States",2022-08-26,32.2,25.4,27.6,39.2,25.4,30.6,24.0,80.9,0.0,0,0.0,rain,0,0,43.0,20.1,103.5,1015.9,61.5,15.9,143.0,11.9,10,100,2022-08-26T07:05:35,2022-08-26T19:57:16,1.0,Partially cloudy,Partly cloudy throughout the day.,partly-cloudy-day,"74788012810,KMCF,0371W,D8345,KTPA,72211012842,72202192816,KVDF",122
109,"Tampa, FL, United States",2022-08-27,32.3,26.1,28.4,38.5,26.1,31.6,23.9,77.5,0.44,100,8.33,rain,0,0,34.4,11.5,152.8,1014.4,71.2,15.6,189.3,15.9,8,100,2022-08-27T07:06:04,2022-08-27T19:56:12,0.0,"Rain, Partially cloudy",Partly cloudy throughout the day with rain.,rain,"0417W,74788012810,KMCF,0371W,D8345,KTPA,72211012842,72202192816,1037W,KVDF",122
110,"Tampa, FL, United States",2022-08-28,32.3,25.4,28.0,39.2,25.4,30.7,23.9,78.9,2.98,100,20.83,rain,0,0,35.3,12.4,121.7,1014.0,68.9,15.6,191.4,16.1,7,100,2022-08-28T07:06:33,2022-08-28T19:55:08,0.01,"Rain, Partially cloudy",Partly cloudy throughout the day with rain.,rain,"0417W,KMCF,0371W,D8345,KTPA,72211012842,72202192816,1037W,KVDF",122
111,"Tampa, FL, United States",2022-08-29,31.3,25.4,28.2,36.9,25.4,31.1,23.5,76.2,0.0,0,0.0,rain,0,0,24.5,12.0,139.0,1014.6,63.6,16.0,150.8,12.7,6,75,2022-08-29T07:07:02,2022-08-29T19:54:03,0.02,Partially cloudy,Partly cloudy throughout the day.,partly-cloudy-day,"74788012810,KMCF,0371W,D8345,KTPA,72211012842,72202192816,KVDF",122
112,"Tampa, FL, United States",2022-08-30,32.4,26.4,28.9,39.9,26.4,33.3,24.4,77.3,0.0,0,0.0,,0,0,33.5,21.9,156.7,1014.8,66.2,16.0,160.1,13.7,7,100,2022-08-30T07:07:31,2022-08-30T19:52:57,0.05,Partially cloudy,Partly cloudy throughout the day.,partly-cloudy-day,"KMCF,0371W,D8345,KTPA,72211012842,72202192816,KVDF",122
113,"Tampa, FL, United States",2022-08-31,33.8,27.0,29.8,40.1,30.3,34.6,24.0,71.6,1.5,100,8.33,rain,0,0,27.7,16.6,152.6,1015.0,70.4,16.0,188.8,16.2,10,100,2022-08-31T07:08:00,2022-08-31T19:51:51,0.09,"Rain, Partially cloudy",Partly cloudy throughout the day with rain.,rain,"74788012810,KMCF,0371W,D8345,KTPA,72211012842,72202192816,KVDF",122
114,"Tampa, FL, United States",2022-09-01,33.6,24.7,28.7,39.5,24.7,31.8,23.0,72.2,39.09,100,20.83,rain,0,0,37.1,24.3,125.4,1015.2,69.4,15.5,221.1,18.8,10,100,2022-09-01T07:08:28,2022-09-01T19:50:45,0.13,"Rain, Partially cloudy",Partly cloudy throughout the day with rain.,rain,"74788012810,KMCF,0371W,D8345,KTPA,72211012842,72202192816,KVDF",122
115,"Tampa, FL, United States",2022-09-02,31.7,23.2,27.1,37.1,23.2,29.2,23.1,79.8,34.63,100,29.17,rain,0,0,45.9,25.3,112.8,1016.5,68.0,15.0,148.7,12.5,9,75,2022-09-02T07:08:57,2022-09-02T19:49:38,0.18,"Rain, Partially cloudy",Partly cloudy throughout the day with rain.,rain,"74788012810,KMCF,0371W,D8345,KTPA,72211012842,72202192816,KVDF",122
116,"Tampa, FL, United States",2022-09-03,32.8,24.0,27.4,38.9,24.0,30.0,23.4,79.6,6.75,100,8.33,rain,0,0,43.6,15.8,125.3,1017.1,64.0,16.0,167.7,14.2,10,100,2022-09-03T07:09:25,2022-09-03T19:48:31,0.24,"Rain, Partially cloudy",Partly cloudy throughout the day with rain.,rain,"74788012810,KMCF,0371W,D8345,KTPA,72211012842,72202192816,KVDF",122
117,"Tampa, FL, United States",2022-09-04,33.6,26.7,29.6,37.9,29.2,33.3,23.1,69.3,0.0,0,0.0,,0,0,22.3,11.6,152.2,1015.4,56.0,16.0,197.9,16.8,10,100,2022-09-04T07:09:53,2022-09-04T19:47:23,0.29,Partially cloudy,Partly cloudy throughout the day.,partly-cloudy-day,"74788012810,KMCF,0371W,F7686,D8345,KTPA,72211012842,72202192816,KVDF",122
118,"Tampa, FL, United States",2022-09-05,33.3,26.0,29.2,40.1,26.0,33.2,23.7,72.8,0.0,0,0.0,rain,0,0,24.8,13.9,173.3,1015.6,57.3,16.0,156.4,13.4,9,100,2022-09-05T07:10:22,2022-09-05T19:46:15,0.35,Partially cloudy,Partly cloudy throughout the day.,partly-cloudy-day,"74788012810,KMCF,0371W,D8345,KTPA,72211012842,72202192816,1037W,KVDF",122
119,"Tampa, FL, United States",2022-09-06,34.0,26.5,30.0,41.6,26.5,34.6,24.2,72.0,0.0,0,0.0,rain,0,0,37.1,19.4,169.9,1016.4,48.2,16.0,198.4,16.7,9,100,2022-09-06T07:10:50,2022-09-06T19:45:06,0.4,Partially cloudy,Partly cloudy throughout the day.,partly-cloudy-day,"74788012810,KMCF,0371W,D8345,KTPA,72211012842,72202192816,KVDF",122
120,"Tampa, FL, United States",2022-09-07,32.5,26.3,29.1,39.5,26.3,33.4,23.7,73.1,1.64,100,8.33,rain,0,0,37.8,27.8,140.1,1013.8,58.4,15.8,194.4,16.4,9,100,2022-09-07T07:11:18,2022-09-07T19:43:57,0.44,"Rain, Partially cloudy",Partly cloudy throughout the day with afternoon rain.,rain,"74788012810,KMCF,0371W,D8345,KTPA,72211012842,72202192816,KVDF",122
121,"Tampa, FL, United States",2022-09-08,29.3,23.3,25.8,33.5,23.3,27.0,22.8,83.9,37.2,100,33.33,rain,0,0,59.4,13.1,104.3,1008.6,78.6,14.5,39.5,3.3,2,100,2022-09-08T07:11:46,2022-09-08T19:42:48,0.47,"Rain, Partially cloudy",Partly cloudy throughout the day with rain.,rain,"74788012810,KMCF,0371W,D8345,KTPA,72211012842,72202192816,KVDF",122
122,"Tampa, FL, United States",2022-09-09,29.1,23.6,26.2,34.4,23.6,27.9,23.3,84.4,3.37,100,29.17,rain,0,0,25.6,16.0,164.6,1008.8,64.2,15.8,100.7,8.5,5,75,2022-09-09T07:12:14,2022-09-09T19:41:39,0.49,"Rain, Partially cloudy",Partly cloudy throughout the day with rain.,rain,"74788012810,KMCF,0371W,D8345,KTPA,72211012842,72202192816,KVDF",122
123,"Tampa, FL, United States",2022-09-10,29.7,24.5,26.3,35.8,24.5,27.5,23.5,84.6,21.86,100,16.67,rain,0,0,39.0,18.1,102.0,1015.6,73.6,15.0,89.2,7.3,5,100,2022-09-10T07:12:42,2022-09-10T19:40:29,0.5,"Rain, Partially cloudy",Partly cloudy throughout the day with afternoon rain.,rain,"74788012810,KMCF,0371W,D8345,KTPA,72211012842,72202192816,KVDF",122
124,"Tampa, FL, United States",2022-09-11,31.6,24.7,28.0,38.9,24.7,31.0,23.9,79.2,0.21,100,8.33,rain,0,0,55.9,25.6,154.5,1017.9,75.8,15.9,155.3,13.2,9,100,2022-09-11T07:13:09,2022-09-11T19:39:19,0.51,"Rain, Partially cloudy",Partly cloudy throughout the day with rain.,rain,"74788012810,KMCF,0371W,D8345,KTPA,72211012842,72202192816,KVDF",122
125,"Tampa, FL, United States",2022-09-12,31.3,25.3,27.4,37.4,25.3,29.7,23.5,79.8,1.55,100,16.67,rain,0,0,52.5,24.3,125.8,1015.0,63.1,15.9,98.0,8.2,8,100,2022-09-12T07:13:37,2022-09-12T19:38:09,0.53,"Rain, Partially cloudy",Partly cloudy throughout the day with rain.,rain,"74788012810,KMCF,0371W,D8345,KTPA,72211012842,72202192816,KVDF",122
126,"Tampa, FL, United States",2022-09-13,31.4,25.3,27.8,36.4,25.3,30.3,23.2,76.0,3.17,100,12.5,rain,0,0,35.3,17.0,166.1,1013.2,55.3,15.5,216.6,18.4,10,100,2022-09-13T07:14:05,2022-09-13T19:36:58,0.56,"Rain, Partially cloudy",Partly cloudy throughout the day with afternoon rain.,rain,"KMCF,0371W,D8345,KTPA,72211012842,72202192816,KVDF",122
127,"Tampa, FL, United States",2022-09-14,29.8,24.6,26.9,34.6,24.6,28.8,23.2,80.0,2.12,100,20.83,rain,0,0,53.6,17.0,133.0,1014.2,71.7,15.9,86.8,7.5,5,75,2022-09-14T07:14:33,2022-09-14T19:35:48,0.6,"Rain, Partially cloudy",Partly cloudy throughout the day with rain.,rain,"74788012810,KMCF,0371W,D8345,KTPA,72211012842,72202192816,KVDF",122
128,"Tampa, FL, United States",2022-09-15,32.3,23.6,26.8,37.1,23.6,28.3,22.6,79.0,0.0,0,0.0,rain,0,0,23.4,11.5,88.0,1016.3,68.4,15.2,189.8,16.3,10,75,2022-09-15T07:15:01,2022-09-15T19:34:37,0.64,Partially cloudy,Partly cloudy throughout the day.,partly-cloudy-day,"74788012810,KMCF,0371W,D8345,KTPA,72211012842,72202192816,KVDF",122
129,"Tampa, FL, United States",2022-09-16,30.7,23.2,26.5,35.1,23.2,28.1,22.6,80.1,14.51,100,20.83,rain,0,0,38.9,17.7,122.1,1017.3,69.4,14.9,120.4,10.1,9,75,2022-09-16T07:15:29,2022-09-16T19:33:27,0.69,"Rain, Partially cloudy",Partly cloudy throughout the day with late afternoon rain.,rain,"KMCF,0371W,D8345,KTPA,72211012842,72202192816,KVDF",122
130,"Tampa, FL, United States",2022-09-17,31.9,23.6,26.1,36.4,23.6,27.3,22.4,81.1,7.64,100,33.33,rain,0,0,46.1,14.8,86.3,1017.0,78.3,15.7,223.3,19.2,10,75,2022-09-17T07:15:57,2022-09-17T19:32:16,0.74,"Rain, Partially cloudy",Partly cloudy throughout the day with rain.,rain,"74788012810,KMCF,0371W,D8345,KTPA,72211012842,72202192816,KVDF",122
131,"Tampa, FL, United States",2022-09-18,30.1,23.1,26.4,34.1,23.1,28.1,22.2,78.4,0.0,0,0.0,rain,0,0,35.3,14.5,155.8,1014.7,63.9,16.0,90.4,7.6,3,60,2022-09-18T07:16:25,2022-09-18T19:31:05,0.78,Partially cloudy,Partly cloudy throughout the day.,partly-cloudy-day,"KMCF,0371W,D8345,KTPA,72211012842,72202192816,KVDF",122
132,"Tampa, FL, United States",2022-09-19,31.1,24.6,27.7,35.7,24.6,30.2,23.1,76.6,0.35,100,8.33,rain,0,0,25.6,11.3,147.6,1012.9,59.2,16.0,169.7,14.5,10,75,2022-09-19T07:16:53,2022-09-19T19:29:54,0.83,"Rain, Partially cloudy",Partly cloudy throughout the day with late afternoon rain.,rain,"KMCF,0371W,D8345,KTPA,72211012842,72202192816,KVDF",122
133,"Tampa, FL, United States",2022-09-20,32.4,24.3,27.8,38.3,24.3,29.9,22.8,75.1,1.16,100,8.33,rain,0,0,49.1,13.8,105.1,1013.4,44.8,16.0,153.7,13.1,10,100,2022-09-20T07:17:21,2022-09-20T19:28:43,0.87,"Rain, Partially cloudy",Partly cloudy throughout the day with late afternoon rain.,rain,"KMCF,0371W,D8345,KTPA,72211012842,72202192816,KVDF",122
134,"Tampa, FL, United States",2022-09-21,32.7,25.2,28.0,38.1,25.2,30.1,22.5,73.1,0.38,100,8.33,rain,0,0,33.5,18.4,64.7,1012.3,45.9,15.9,124.0,10.3,10,100,2022-09-21T07:17:49,2022-09-21T19:27:33,0.91,"Rain, Partially cloudy",Partly cloudy throughout the day with afternoon rain.,rain,"74788012810,KMCF,0371W,D8345,KTPA,72211012842,72202192816,KVDF",122
135,"Tampa, FL, United States",2022-09-22,33.5,24.8,28.4,36.3,24.8,30.3,22.2,70.6,0.0,0,0.0,,0,0,24.8,17.1,183.3,1011.3,21.7,16.0,202.9,17.4,10,60,2022-09-22T07:18:17,2022-09-22T19:26:22,0.95,Partially cloudy,Partly cloudy throughout the day.,partly-cloudy-day,"KMCF,0371W,D8345,KTPA,72211012842,72202192816,KVDF",122
136,"Tampa, FL, United States",2022-09-23,33.2,25.5,28.1,42.0,25.5,31.2,23.3,75.7,18.56,100,8.33,rain,0,0,88.6,38.1,235.8,1013.0,38.3,15.4,122.3,10.4,10,100,2022-09-23T07:18:46,2022-09-23T19:25:11,0.97,"Rain, Partially cloudy",Partly cloudy throughout the day with afternoon rain.,rain,"KMCF,0371W,D8345,KTPA,72211012842,72202192816,KVDF",122
137,"Tampa, FL, United States",2022-09-24,32.1,24.4,28.0,34.7,24.4,29.2,21.0,67.2,0.0,0,0.0,,0,0,33.1,15.1,50.1,1015.3,39.5,16.0,171.1,14.5,10,60,2022-09-24T07:19:15,2022-09-24T19:24:01,0.99,Partially cloudy,Partly cloudy throughout the day.,partly-cloudy-day,"74788012810,KMCF,0371W,D8345,KTPA,72211012842,72202192816,KVDF",122
138,"Tampa, FL, United States",2022-09-25,32.7,21.8,27.2,36.5,21.8,28.9,21.4,71.8,0.0,0,0.0,rain,0,0,23.8,11.0,70.5,1012.9,68.7,15.9,137.5,11.7,9,75,2022-09-25T07:19:43,2022-09-25T19:22:51,1.0,Partially cloudy,Partly cloudy throughout the day.,partly-cloudy-day,"74788012810,KMCF,0371W,D8345,KTPA,72211012842,72202192816,KVDF",122
139,"Tampa, FL, United States",2022-09-26,33.1,24.9,27.9,39.2,24.9,30.1,23.1,75.7,0.97,100,12.5,rain,0,0,27.0,13.3,97.8,1011.6,58.6,15.9,170.2,14.4,10,100,2022-09-26T07:20:12,2022-09-26T19:21:40,0.0,"Rain, Partially cloudy",Partly cloudy throughout the day with late afternoon rain.,rain,"KMCF,0371W,D8345,KTPA,72211012842,72202192816,KVDF",122
140,"Tampa, FL, United States",2022-09-27,28.7,24.2,25.9,31.6,24.2,26.8,22.4,81.8,0.29,100,12.5,rain,0,0,48.2,17.7,69.3,1011.7,61.2,16.0,100.3,8.3,4,30,2022-09-27T07:20:41,2022-09-27T19:20:30,0.01,"Rain, Partially cloudy",Partly cloudy throughout the day with late afternoon rain.,rain,"74788012810,KMCF,0371W,D8345,KTPA,72211012842,72202192816,KVDF",122
141,"Tampa, FL, United States",2022-09-28,24.3,21.8,23.4,24.3,21.8,23.4,21.8,90.8,49.38,100,95.83,rain,0,0,100.3,49.3,33.2,1005.0,85.8,10.2,38.5,2.9,2,10,2022-09-28T07:21:11,2022-09-28T19:19:21,0.04,"Rain, Partially cloudy",Partly cloudy throughout the day with a chance of rain throughout the day.,rain,"74788012810,KMCF,0371W,D8345,KTPA,72211012842,72202192816,KVDF",122
142,"Tampa, FL, United States",2022-09-29,23.9,18.9,21.5,23.9,18.9,21.5,17.4,77.7,2.19,100,12.5,rain,0,0,68.1,35.5,305.7,1005.2,75.2,15.4,136.4,11.5,10,10,2022-09-29T07:21:40,2022-09-29T19:18:11,0.07,"Rain, Partially cloudy",Partly cloudy throughout the day with early morning rain.,rain,"74788012810,KMCF,0371W,D8345,72202192816,KVDF",122
143,"Tampa, FL, United States",2022-09-30,24.9,17.9,20.9,24.9,17.9,20.9,16.2,75.0,0.0,0,0.0,,0,0,48.6,19.5,314.4,1009.5,7.2,16.6,245.6,20.9,9,10,2022-09-30T07:22:10,2022-09-30T19:17:02,0.12,Clear,Clear conditions throughout the day.,clear-day,"KMCF,0371W,D8345,KTPA,KVDF",122
