,name,datetime,tempmax,tempmin,temp,feelslikemax,feelslikemin,feelslike,dew,humidity,precip,precipprob,precipcover,preciptype,snow,snowdepth,windgust,windspeed,winddir,sealevelpressure,cloudcover,visibility,solarradiation,solarenergy,uvindex,severerisk,sunrise,sunset,moonphase,conditions,description,icon,stations,skey
0,"Naples, FL, United States",2022-05-10,30.6,20.0,25.6,30.0,20.0,25.5,15.9,58.1,0.0,0,0.0,,0,0,41.8,25.7,50.2,1016.6,5.8,15.9,267.2,23.0,8,10,2022-05-10T06:43:41,2022-05-10T20:03:53,0.32,Clear,Clear conditions throughout the day.,clear-day,"72203812897,KMKY,72210812894,0707W,KRSW,0574W,72104199999,KAPF",134
1,"Naples, FL, United States",2022-05-11,30.0,19.3,24.5,29.7,19.3,24.6,15.2,57.4,0.0,0,0.0,,0,0,46.3,31.6,129.9,1015.6,26.1,15.9,259.6,22.7,10,10,2022-05-11T06:43:05,2022-05-11T20:04:25,0.37,Partially cloudy,Becoming cloudy in the afternoon.,partly-cloudy-day,"72203812897,KMKY,72210812894,0707W,KRSW,0574W,72104199999,KAPF",134
2,"Naples, FL, United States",2022-05-12,29.3,18.4,23.6,29.3,18.4,23.8,16.6,66.0,0.03,100,8.33,rain,0,0,40.6,31.5,118.2,1013.5,23.8,16.0,233.2,20.2,9,60,2022-05-12T06:42:30,2022-05-12T20:04:58,0.41,"Rain, Partially cloudy",Becoming cloudy in the afternoon with late afternoon rain.,rain,"72203812897,KMKY,72210812894,0707W,KRSW,0574W,72104199999,KAPF",134
3,"Naples, FL, United States",2022-05-13,28.9,21.1,24.8,30.3,21.1,25.2,18.7,70.1,0.04,100,4.17,rain,0,0,33.5,22.1,122.5,1013.5,43.7,16.0,262.0,22.5,9,60,2022-05-13T06:41:56,2022-05-13T20:05:30,0.45,"Rain, Partially cloudy",Partly cloudy throughout the day with afternoon rain.,rain,"72203812897,KMKY,72210812894,0707W,KRSW,0574W,72104199999,KAPF",134
4,"Naples, FL, United States",2022-05-14,29.4,20.0,25.1,30.4,20.0,25.3,18.2,67.8,0.0,0,0.0,,0,0,27.7,20.5,157.2,1013.9,2.4,16.0,257.3,22.3,9,30,2022-05-14T06:41:23,2022-05-14T20:06:03,0.48,Clear,Clear conditions throughout the day.,clear-day,"72203812897,KMKY,72210812894,0707W,KRSW,0574W,72104199999,KAPF",134
5,"Naples, FL, United States",2022-05-15,30.7,22.2,26.1,31.1,22.2,26.6,19.3,67.8,0.0,0,0.0,,0,0,23.0,18.2,180.4,1013.5,18.4,16.0,246.1,21.3,8,60,2022-05-15T06:40:52,2022-05-15T20:06:35,0.5,Clear,Clear conditions throughout the day.,clear-day,"72203812897,KMKY,72210812894,0707W,KRSW,0574W,72104199999,KAPF",134
6,"Naples, FL, United States",2022-05-16,28.4,22.2,25.8,30.1,22.2,26.4,19.8,70.7,0.0,0,0.0,,0,0,29.5,20.4,196.6,1013.8,3.2,16.0,271.2,23.4,8,60,2022-05-16T06:40:21,2022-05-16T20:07:08,0.5,Clear,Clear conditions throughout the day.,clear-day,"72203812897,KMKY,KFMY,72210612835,72210812894,0707W,KRSW,0574W,72104199999,KAPF",134
7,"Naples, FL, United States",2022-05-17,29.4,21.7,26.2,31.9,21.7,27.1,20.3,70.8,0.0,0,0.0,,0,0,44.6,22.2,194.3,1015.3,3.3,16.0,263.8,22.7,8,60,2022-05-17T06:39:52,2022-05-17T20:07:40,0.52,Clear,Clear conditions throughout the day.,clear-day,"72203812897,KMKY,72210812894,0707W,KRSW,0574W,72104199999,KAPF",134
8,"Naples, FL, United States",2022-05-18,30.7,22.2,26.8,33.1,22.2,28.2,20.8,70.8,0.0,0,0.0,,0,0,20.5,20.3,193.8,1016.3,7.3,16.0,279.3,24.2,8,60,2022-05-18T06:39:25,2022-05-18T20:08:12,0.54,Clear,Clear conditions throughout the day.,clear-day,"72203812897,KMKY,72210812894,0707W,KRSW,0574W,72104199999,KAPF",134
9,"Naples, FL, United States",2022-05-19,31.2,23.3,27.7,34.9,23.3,29.7,21.8,71.2,0.0,0,0.0,,0,0,19.4,18.2,200.1,1015.1,8.1,16.0,279.3,24.4,9,75,2022-05-19T06:38:58,2022-05-19T20:08:44,0.58,Clear,Clear conditions throughout the day.,clear-day,"72203812897,KMKY,72210812894,0707W,KRSW,0574W,72104199999,KAPF",134
10,"Naples, FL, United States",2022-05-20,31.1,23.3,26.8,36.6,23.3,28.9,23.4,82.4,11.23,100,20.83,rain,0,0,53.6,25.8,125.1,1016.3,52.2,15.5,115.8,10.1,6,100,2022-05-20T06:38:32,2022-05-20T20:09:16,0.63,"Rain, Partially cloudy",Partly cloudy throughout the day with a chance of rain throughout the day.,rain,"72203812897,KMKY,KFMY,72210812894,0707W,KRSW,0574W,72104199999,KAPF",134
11,"Naples, FL, United States",2022-05-21,32.8,22.8,28.1,39.5,22.8,31.5,23.2,75.5,0.0,0,0.0,rain,0,0,36.4,27.6,131.1,1019.3,22.4,14.8,207.8,17.9,6,100,2022-05-21T06:38:08,2022-05-21T20:09:48,0.68,Partially cloudy,Partly cloudy throughout the day.,partly-cloudy-day,"72203812897,KMKY,72210812894,0707W,KRSW,0574W,72104199999,KAPF",134
12,"Naples, FL, United States",2022-05-22,33.8,25.6,29.4,38.9,25.6,32.1,22.9,69.5,0.0,0,0.0,,0,0,35.3,25.9,111.3,1020.3,53.9,15.3,220.3,18.9,9,100,2022-05-22T06:37:45,2022-05-22T20:10:19,0.74,Partially cloudy,Partly cloudy throughout the day.,partly-cloudy-day,"72203812897,KMKY,72210812894,0707W,KRSW,0574W,72104199999,KAPF",134
13,"Naples, FL, United States",2022-05-23,32.2,24.2,27.5,36.6,24.2,29.3,22.6,76.1,20.86,100,12.5,rain,0,0,51.8,25.8,127.2,1018.0,38.1,16.0,222.7,19.1,7,100,2022-05-23T06:37:23,2022-05-23T20:10:51,0.79,"Rain, Partially cloudy",Partly cloudy throughout the day with rain.,rain,"72203812897,KMKY,KFMY,72210812894,0707W,KRSW,0574W,72104199999,KAPF",134
14,"Naples, FL, United States",2022-05-24,32.2,23.3,27.7,35.5,23.3,29.2,21.1,69.1,0.0,0,0.0,rain,0,0,61.2,27.5,119.5,1016.0,23.6,16.0,228.5,19.8,10,75,2022-05-24T06:37:03,2022-05-24T20:11:22,0.85,Partially cloudy,Becoming cloudy in the afternoon.,partly-cloudy-day,"72203812897,KMKY,72210812894,0707W,KRSW,0574W,72104199999,KAPF",134
15,"Naples, FL, United States",2022-05-25,33.3,23.3,28.1,34.9,23.3,28.7,19.1,60.6,0.0,0,0.0,,0,0,33.5,24.0,109.3,1016.8,14.9,16.0,190.6,16.4,7,60,2022-05-25T06:36:44,2022-05-25T20:11:53,0.89,Clear,Clear conditions throughout the day.,clear-day,"72203812897,KMKY,72210812894,0707W,KRSW,0574W,72104199999,KAPF",134
16,"Naples, FL, United States",2022-05-26,32.2,23.8,27.7,34.9,23.8,29.4,21.2,68.8,0.0,0,0.0,rain,0,0,44.2,29.3,137.9,1017.8,18.9,16.0,226.9,19.6,9,60,2022-05-26T06:36:26,2022-05-26T20:12:23,0.93,Clear,Clear conditions throughout the day.,clear-day,"72203812897,KMKY,72210812894,0707W,KRSW,0574W,72104199999,KAPF",134
17,"Naples, FL, United States",2022-05-27,31.1,23.3,27.3,34.9,23.3,29.2,21.8,72.6,0.0,0,0.0,rain,0,0,38.9,22.3,170.8,1015.8,10.7,16.0,271.4,23.6,10,75,2022-05-27T06:36:09,2022-05-27T20:12:53,0.96,Clear,Clear conditions throughout the day.,clear-day,"72203812897,KMKY,PHWF1,72210812894,0707W,KRSW,0574W,72104199999,KAPF",134
18,"Naples, FL, United States",2022-05-28,30.7,23.8,27.7,34.9,23.8,29.6,22.3,73.1,0.0,0,0.0,rain,0,0,35.3,20.3,195.1,1013.7,16.9,16.0,243.7,21.1,9,100,2022-05-28T06:35:54,2022-05-28T20:13:23,0.99,Clear,Clear conditions throughout the day.,clear-day,"72203812897,KMKY,PHWF1,72210812894,0707W,KRSW,0574W,72104199999,KAPF",134
19,"Naples, FL, United States",2022-05-29,31.1,22.0,26.6,34.9,22.0,27.7,21.0,73.1,40.94,100,16.67,rain,0,0,50.0,32.8,129.2,1014.6,25.0,15.3,262.7,22.6,10,75,2022-05-29T06:35:39,2022-05-29T20:13:53,1.0,"Rain, Partially cloudy",Partly cloudy throughout the day with late afternoon rain.,rain,"72203812897,KMKY,99999992826,72210612835,72210812894,0707W,KRSW,0574W,72104199999,99735199999,KAPF",134
20,"Naples, FL, United States",2022-05-30,30.7,21.7,25.0,35.4,21.7,25.9,21.3,80.5,0.47,100,20.83,rain,0,0,52.0,22.2,128.3,1015.8,26.9,15.8,167.3,14.6,9,75,2022-05-30T06:35:26,2022-05-30T20:14:22,0.0,"Rain, Partially cloudy",Becoming cloudy in the afternoon with rain.,rain,"72203812897,KMKY,72210812894,0707W,KRSW,0574W,72104199999,KAPF",134
21,"Naples, FL, United States",2022-05-31,31.7,22.8,26.0,34.1,22.8,27.0,21.1,75.8,0.01,100,4.17,rain,0,0,81.7,22.2,104.5,1015.5,17.1,16.0,223.0,19.4,8,100,2022-05-31T06:35:15,2022-05-31T20:14:51,0.0,Rain,Clear conditions throughout the day with afternoon rain.,rain,"72203812897,KMKY,72210812894,0707W,KRSW,0574W,72104199999,KAPF",134
22,"Naples, FL, United States",2022-06-01,31.7,22.2,26.4,35.6,22.2,27.7,21.2,74.4,0.0,0,0.0,rain,0,0,31.7,22.2,131.3,1013.1,15.1,16.0,256.8,22.0,10,60,2022-06-01T06:35:04,2022-06-01T20:15:19,0.02,Clear,Clear conditions throughout the day.,clear-day,"72203812897,KMKY,72210812894,0707W,KRSW,0574W,72104199999,F7616,KAPF",134
23,"Naples, FL, United States",2022-06-02,32.2,22.2,26.6,34.6,22.2,27.7,20.7,72.1,0.0,0,0.0,rain,0,0,50.0,29.6,111.6,1011.6,30.7,16.0,253.3,21.8,9,60,2022-06-02T06:34:55,2022-06-02T20:15:46,0.04,Partially cloudy,Partly cloudy throughout the day.,partly-cloudy-day,"72203812897,KMKY,PHWF1,72210812894,0707W,KRSW,0574W,72104199999,KAPF",134
24,"Naples, FL, United States",2022-06-03,25.6,22.1,23.6,25.6,22.1,23.6,22.1,92.0,65.81,100,66.67,rain,0,0,48.2,25.8,97.8,1009.6,89.1,10.2,53.1,4.6,3,30,2022-06-03T06:34:47,2022-06-03T20:16:14,0.07,"Rain, Partially cloudy",Partly cloudy throughout the day with a chance of rain throughout the day.,rain,"72203812897,KMKY,PHWF1,KFMY,72210812894,0707W,KRSW,0574W,72104199999,F8551,KAPF",134
25,"Naples, FL, United States",2022-06-04,31.1,22.1,26.1,36.0,22.1,27.8,22.8,83.6,35.86,100,41.67,rain,0,0,41.4,24.0,147.3,1003.9,71.8,13.3,120.0,10.2,7,60,2022-06-04T06:34:41,2022-06-04T20:16:40,0.11,"Rain, Partially cloudy",Partly cloudy throughout the day with rain clearing later.,rain,"72203812897,KMKY,PHWF1,KFMY,72210612835,72210812894,0707W,KRSW,0574W,72104199999,F8551,KAPF",134
26,"Naples, FL, United States",2022-06-05,30.0,23.3,26.8,34.0,23.3,28.7,22.1,76.1,0.0,0,0.0,,0,0,23.0,18.3,195.3,1008.2,5.9,16.0,254.3,22.1,8,75,2022-06-05T06:34:35,2022-06-05T20:17:06,0.14,Clear,Clear conditions throughout the day.,clear-day,"72203812897,KMKY,PHWF1,KFMY,72210612835,72210812894,0707W,KRSW,0574W,72104199999,KAPF",134
27,"Naples, FL, United States",2022-06-06,31.2,25.0,28.4,35.5,25.0,31.4,23.2,73.8,0.0,0,0.0,,0,0,33.5,18.4,199.4,1011.6,17.8,16.0,260.5,22.5,9,100,2022-06-06T06:34:31,2022-06-06T20:17:32,0.19,Clear,Clear conditions throughout the day.,clear-day,"72203812897,KMKY,KFMY,72210612835,72210812894,0707W,KRSW,0574W,72104199999,F7616,KAPF",134
28,"Naples, FL, United States",2022-06-07,30.6,25.6,27.6,35.3,25.6,30.1,23.5,79.0,9.04,100,8.33,rain,0,0,39.6,27.7,167.0,1014.2,53.5,15.4,186.8,16.2,9,100,2022-06-07T06:34:28,2022-06-07T20:17:57,0.24,"Rain, Partially cloudy",Partly cloudy throughout the day with morning rain.,rain,"72203812897,KMKY,KFMY,72210612835,72210812894,0707W,KRSW,0574W,72104199999,KAPF",134
29,"Naples, FL, United States",2022-06-08,30.7,25.0,28.1,35.0,25.0,30.9,23.1,74.9,0.0,0,0.0,rain,0,0,40.7,22.3,207.8,1015.6,16.5,16.0,280.3,24.3,10,100,2022-06-08T06:34:26,2022-06-08T20:18:21,0.29,Clear,Clear conditions throughout the day.,clear-day,"72203812897,KMKY,PHWF1,72210812894,0707W,KRSW,0574W,72104199999,KAPF",134
30,"Naples, FL, United States",2022-06-09,30.7,26.7,28.6,36.4,26.7,32.4,23.5,74.3,0.0,0,0.0,,0,0,33.5,18.6,250.9,1016.0,23.4,16.0,214.0,18.4,10,100,2022-06-09T06:34:26,2022-06-09T20:18:44,0.35,Partially cloudy,Clearing in the afternoon.,partly-cloudy-day,"72203812897,KMKY,PHWF1,72210812894,0707W,KRSW,0574W,72104199999,KAPF",134
31,"Naples, FL, United States",2022-06-10,31.2,23.3,28.2,36.6,23.3,31.5,23.2,74.7,5.76,100,16.67,rain,0,0,33.5,22.3,206.7,1014.8,42.3,15.6,216.5,18.8,7,100,2022-06-10T06:34:26,2022-06-10T20:19:07,0.39,"Rain, Partially cloudy",Clearing in the afternoon with late afternoon rain.,rain,"72203812897,KMKY,72210812894,0707W,KRSW,0574W,72104199999,KAPF",134
32,"Naples, FL, United States",2022-06-11,29.3,22.2,26.7,33.5,22.2,29.2,23.5,83.3,1.05,100,12.5,rain,0,0,60.8,20.3,203.2,1014.5,45.6,16.0,113.5,9.7,7,75,2022-06-11T06:34:28,2022-06-11T20:19:29,0.44,"Rain, Partially cloudy",Partly cloudy throughout the day with rain.,rain,"72203812897,KMKY,PHWF1,72210812894,0707W,KRSW,0574W,72104199999,KAPF",134
33,"Naples, FL, United States",2022-06-12,31.2,25.0,27.9,34.9,25.0,30.3,23.0,75.7,0.0,0,0.0,,0,0,35.3,18.2,188.1,1016.6,15.6,15.8,251.9,21.7,9,75,2022-06-12T06:34:31,2022-06-12T20:19:50,0.47,Clear,Clear conditions throughout the day.,clear-day,"72203812897,KMKY,PHWF1,72210812894,0707W,KRSW,0574W,72104199999,KAPF",134
34,"Naples, FL, United States",2022-06-13,32.2,25.0,29.0,37.4,25.0,31.8,23.0,70.9,0.0,0,0.0,,0,0,22.7,18.3,147.5,1018.3,4.6,15.8,256.1,22.2,9,100,2022-06-13T06:34:35,2022-06-13T20:20:11,0.49,Clear,Clear conditions throughout the day.,clear-day,"72203812897,KMKY,72210812894,0707W,KRSW,0574W,72104199999,KAPF",134
35,"Naples, FL, United States",2022-06-14,32.9,25.6,29.0,38.3,25.6,32.2,23.3,72.1,0.29,100,4.17,rain,0,0,19.1,19.5,117.3,1017.5,27.2,15.9,254.1,22.0,10,100,2022-06-14T06:34:40,2022-06-14T20:20:30,0.5,"Rain, Partially cloudy",Becoming cloudy in the afternoon with late afternoon rain.,rain,"72203812897,KMKY,72210812894,0707W,KRSW,0574W,72104199999,KAPF",134
36,"Naples, FL, United States",2022-06-15,33.9,25.0,28.8,39.5,25.0,31.8,23.1,72.4,0.0,0,0.0,,0,0,50.0,33.0,107.3,1016.4,22.0,15.7,222.3,19.0,7,75,2022-06-15T06:34:47,2022-06-15T20:20:49,0.51,Partially cloudy,Becoming cloudy in the afternoon.,partly-cloudy-day,"72203812897,KMKY,PHWF1,99999992826,72210612835,72210812894,0707W,KRSW,0574W,72104199999,99735199999,KAPF",134
37,"Naples, FL, United States",2022-06-16,32.8,25.0,28.9,38.8,25.0,32.7,23.7,74.5,2.25,100,4.17,rain,0,0,29.5,16.4,119.5,1017.1,19.7,16.0,247.2,21.3,7,100,2022-06-16T06:34:54,2022-06-16T20:21:07,0.53,Rain,Clear conditions throughout the day with late afternoon rain.,rain,"99999992826,KFMY,72210812894,KRSW,0574W,72104199999,KAPF,72203812897,KMKY,72210612835,0707W,99735199999,F7616",134
38,"Naples, FL, United States",2022-06-17,35.0,26.1,30.0,37.9,26.1,33.4,22.9,68.2,0.0,0,0.0,,0,0,35.3,25.5,68.8,1015.4,22.4,16.0,263.1,22.8,9,100,2022-06-17T06:35:03,2022-06-17T20:21:23,0.57,Partially cloudy,Partly cloudy throughout the day.,partly-cloudy-day,"72203812897,KMKY,PHWF1,72210812894,0707W,KRSW,0574W,72104199999,KAPF",134
39,"Naples, FL, United States",2022-06-18,31.7,23.9,27.9,38.0,23.9,30.8,23.3,77.1,0.5,100,4.17,rain,0,0,59.0,31.5,161.5,1013.6,13.1,16.0,222.2,19.1,9,100,2022-06-18T06:35:12,2022-06-18T20:21:39,0.62,Rain,Clear conditions throughout the day with late afternoon rain.,rain,"72203812897,KMKY,KFMY,99999992826,72210612835,72210812894,0707W,KRSW,0574W,72104199999,99735199999,KAPF",134
40,"Naples, FL, United States",2022-06-19,32.2,23.8,27.1,37.4,23.8,29.3,22.8,77.9,0.01,100,4.17,rain,0,0,50.0,16.5,150.0,1015.0,13.1,16.0,147.0,12.6,7,100,2022-06-19T06:35:23,2022-06-19T20:21:54,0.67,Rain,Clear conditions throughout the day with afternoon rain.,rain,"72203812897,KMKY,KFMY,72210612835,72210812894,0707W,KRSW,0574W,72104199999,KAPF",134
41,"Naples, FL, United States",2022-06-20,32.2,22.9,27.2,41.1,22.9,29.5,23.3,80.6,26.95,100,25.0,rain,0,0,48.1,33.3,106.5,1018.7,32.1,14.9,171.2,15.3,6,75,2022-06-20T06:35:35,2022-06-20T20:22:08,0.72,"Rain, Partially cloudy",Partly cloudy throughout the day with rain.,rain,"72203812897,KMKY,72210812894,0707W,KRSW,0574W,72104199999,KAPF",134
42,"Naples, FL, United States",2022-06-21,32.8,22.9,27.4,36.0,22.9,28.6,20.6,69.6,0.0,0,0.0,,0,0,35.3,24.0,55.5,1019.1,7.8,16.0,271.1,23.7,9,75,2022-06-21T06:35:47,2022-06-21T20:22:21,0.77,Clear,Clear conditions throughout the day.,clear-day,"72203812897,KMKY,PHWF1,72210812894,0707W,KRSW,0574W,72104199999,KAPF",134
43,"Naples, FL, United States",2022-06-22,31.7,22.9,27.4,33.4,22.9,28.2,19.5,63.7,0.0,0,0.0,,0,0,35.6,20.4,58.7,1016.1,19.6,16.0,242.5,21.1,9,30,2022-06-22T06:36:01,2022-06-22T20:22:33,0.82,Clear,Clear conditions throughout the day.,clear-day,"72203812897,KMKY,PHWF1,72210812894,0707W,KRSW,0574W,72104199999,KAPF",134
44,"Naples, FL, United States",2022-06-23,31.2,23.3,27.7,35.5,23.3,29.6,21.2,68.5,0.0,0,0.0,,0,0,35.1,22.1,188.4,1013.2,5.9,16.0,234.1,20.2,7,60,2022-06-23T06:36:15,2022-06-23T20:22:44,0.87,Clear,Clear conditions throughout the day.,clear-day,"72203812897,KMKY,PHWF1,72210812894,0707W,KRSW,0574W,72104199999,KAPF",134
45,"Naples, FL, United States",2022-06-24,31.7,27.8,29.6,36.8,30.3,33.3,22.6,66.6,0.0,0,0.0,rain,0,0,37.1,22.2,263.2,1013.8,9.4,16.0,263.3,22.7,9,75,2022-06-24T06:36:31,2022-06-24T20:22:54,0.91,Clear,Clear conditions throughout the day.,clear-day,"72203812897,KMKY,PHWF1,72210812894,0707W,KRSW,0574W,72104199999,KAPF",134
46,"Naples, FL, United States",2022-06-25,31.7,23.9,28.3,38.7,23.9,31.8,23.7,76.7,1.61,100,12.5,rain,0,0,42.5,23.9,152.9,1015.4,39.0,15.7,130.0,11.1,6,100,2022-06-25T06:36:47,2022-06-25T20:23:02,0.95,"Rain, Partially cloudy",Partly cloudy throughout the day with late afternoon rain.,rain,"72203812897,KMKY,KFMY,72210812894,0707W,KRSW,0574W,72104199999,KAPF",134
47,"Naples, FL, United States",2022-06-26,30.7,23.9,26.0,35.4,23.9,27.5,23.4,86.5,2.49,100,16.67,rain,0,0,51.8,22.1,120.8,1015.7,48.8,15.8,165.3,14.3,7,75,2022-06-26T06:37:04,2022-06-26T20:23:10,0.97,"Rain, Partially cloudy",Partly cloudy throughout the day with rain.,rain,"72203812897,KMKY,PHWF1,72210812894,0707W,KRSW,0574W,72104199999,KAPF",134
48,"Naples, FL, United States",2022-06-27,31.7,23.2,26.8,37.8,23.2,29.1,23.3,82.7,9.72,100,20.83,rain,0,0,55.4,22.1,133.1,1015.7,22.3,15.1,209.2,18.1,8,100,2022-06-27T06:37:22,2022-06-27T20:23:16,0.99,"Rain, Partially cloudy",Becoming cloudy in the afternoon with rain.,rain,"72203812897,KMKY,PHWF1,72210812894,0707W,KRSW,0574W,72104199999,KAPF",134
49,"Naples, FL, United States",2022-06-28,32.9,23.8,26.5,38.2,23.8,27.8,23.2,83.7,10.75,100,12.5,rain,0,0,37.1,23.9,120.1,1017.3,27.3,15.4,167.0,14.4,9,100,2022-06-28T06:37:41,2022-06-28T20:23:21,1.0,"Rain, Partially cloudy",Becoming cloudy in the afternoon with rain.,rain,"72203812897,KMKY,72210812894,0707W,KRSW,0574W,72104199999,F7616,KAPF",134
50,"Naples, FL, United States",2022-06-29,31.7,23.3,27.7,36.3,23.3,29.9,22.6,76.0,0.0,0,0.0,,0,0,16.2,18.2,112.7,1019.5,10.0,16.0,177.1,15.4,9,75,2022-06-29T06:38:01,2022-06-29T20:23:25,0.0,Clear,Clear conditions throughout the day.,clear-day,"72203812897,KMKY,72210812894,KRSW,72104199999,F7616,KAPF",134
51,"Naples, FL, United States",2022-06-30,32.8,25.0,27.8,38.0,25.0,30.0,23.2,76.6,2.33,100,8.33,rain,0,0,72.0,18.2,125.4,1019.2,16.1,16.0,153.7,13.3,8,75,2022-06-30T06:38:21,2022-06-30T20:23:28,0.01,Rain,Clear conditions throughout the day with rain.,rain,"72203812897,KMKY,72210812894,0707W,KRSW,0574W,72104199999,F7616,KAPF",134
52,"Naples, FL, United States",2022-07-01,32.2,24.3,26.8,41.2,24.3,28.6,23.6,83.8,53.27,100,29.17,rain,0,0,53.6,22.2,146.8,1017.9,38.1,14.5,194.1,16.8,8,100,2022-07-01T06:38:42,2022-07-01T20:23:30,0.03,"Rain, Partially cloudy",Becoming cloudy in the afternoon with rain.,rain,"72203812897,KMKY,72210812894,0707W,KRSW,0574W,72104199999,KAPF",134
53,"Naples, FL, United States",2022-07-02,32.2,24.3,27.0,38.0,24.3,29.1,24.4,87.1,22.05,100,16.67,rain,0,0,53.6,20.5,111.1,1017.1,25.6,14.6,222.3,19.2,9,100,2022-07-02T06:39:04,2022-07-02T20:23:30,0.05,"Rain, Partially cloudy",Becoming cloudy in the afternoon with rain.,rain,"72203812897,KMKY,PHWF1,72210812894,0707W,KRSW,0574W,72104199999,KAPF",134
54,"Naples, FL, United States",2022-07-03,32.2,24.4,28.1,37.4,24.4,30.3,23.4,77.1,0.11,100,8.33,rain,0,0,53.6,18.1,123.9,1018.2,20.8,16.0,223.7,19.1,9,100,2022-07-03T06:39:26,2022-07-03T20:23:29,0.08,"Rain, Partially cloudy",Becoming cloudy in the afternoon with late afternoon rain.,rain,"72203812897,KMKY,KFMY,72210612835,72210812894,0529W,0707W,KRSW,0574W,72104199999,KAPF",134
55,"Naples, FL, United States",2022-07-04,32.1,25.0,28.4,36.8,25.0,31.2,23.6,76.0,0.0,0,0.0,rain,0,0,40.7,18.2,117.7,1018.3,27.5,15.9,190.3,16.3,8,75,2022-07-04T06:39:49,2022-07-04T20:23:27,0.12,Partially cloudy,Partly cloudy throughout the day.,partly-cloudy-day,"72203812897,KMKY,PHWF1,72210812894,0707W,KRSW,0574W,72104199999,KAPF",134
56,"Naples, FL, United States",2022-07-05,32.2,25.0,28.0,39.5,25.0,31.5,24.4,81.3,10.19,100,4.17,rain,0,0,28.1,22.1,111.6,1017.0,22.0,15.5,190.2,16.7,9,100,2022-07-05T06:40:13,2022-07-05T20:23:24,0.17,"Rain, Partially cloudy",Partly cloudy throughout the day with late afternoon rain.,rain,"72203812897,KMKY,PHWF1,72210812894,0707W,KRSW,0574W,72104199999,KAPF",134
57,"Naples, FL, United States",2022-07-06,30.7,25.5,27.1,37.2,25.5,30.0,25.3,90.4,35.13,100,16.67,rain,0,0,29.1,20.3,110.1,1016.4,36.8,14.2,185.7,16.2,7,100,2022-07-06T06:40:37,2022-07-06T20:23:19,0.22,"Rain, Partially cloudy",Partly cloudy throughout the day with afternoon rain.,rain,"72203812897,KMKY,72210812894,0707W,KRSW,0574W,72104199999,F8551,KAPF",134
58,"Naples, FL, United States",2022-07-07,32.2,25.0,27.3,38.6,25.0,29.0,24.0,83.8,5.53,100,20.83,rain,0,0,66.6,24.2,124.0,1016.7,33.1,16.0,205.0,17.7,9,75,2022-07-07T06:41:02,2022-07-07T20:23:13,0.27,"Rain, Partially cloudy",Becoming cloudy in the afternoon with rain.,rain,"72203812897,KMKY,72210812894,0707W,KRSW,0574W,72104199999,F8551,KAPF",134
59,"Naples, FL, United States",2022-07-08,32.2,23.4,26.7,36.2,23.4,28.7,23.8,84.8,1.27,100,8.33,rain,0,0,27.7,14.7,95.9,1017.9,37.9,15.6,181.4,15.7,9,60,2022-07-08T06:41:27,2022-07-08T20:23:06,0.33,"Rain, Partially cloudy",Becoming cloudy in the afternoon with afternoon rain.,rain,"72203812897,KMKY,PHWF1,72210812894,0707W,KRSW,0574W,72104199999,KAPF",134
60,"Naples, FL, United States",2022-07-09,32.2,25.0,28.4,37.9,25.0,31.7,24.3,79.4,0.0,0,0.0,rain,0,0,37.7,31.6,155.0,1018.1,16.6,16.0,256.9,22.2,8,100,2022-07-09T06:41:53,2022-07-09T20:22:57,0.38,Clear,Clear conditions throughout the day.,clear-day,"72203812897,KMKY,PHWF1,72210812894,0707W,KRSW,0574W,72104199999,KAPF",134
61,"Naples, FL, United States",2022-07-10,31.2,25.0,28.7,38.8,25.0,32.9,24.6,78.9,16.17,100,29.17,rain,0,0,51.8,24.1,196.8,1016.2,21.0,15.7,245.8,21.3,9,75,2022-07-10T06:42:20,2022-07-10T20:22:48,0.42,"Rain, Partially cloudy",Clearing in the afternoon with rain.,rain,"72203812897,KMKY,KFMY,72210612835,72210812894,0707W,KRSW,0574W,72104199999,KAPF",134
62,"Naples, FL, United States",2022-07-11,31.7,26.2,29.2,38.0,26.2,33.8,24.5,76.9,0.49,100,4.17,rain,0,0,44.6,20.4,182.1,1014.3,24.8,15.7,230.2,19.8,9,100,2022-07-11T06:42:46,2022-07-11T20:22:37,0.46,"Rain, Partially cloudy",Partly cloudy throughout the day with early morning rain.,rain,"72203812897,KMKY,PHWF1,KFMY,72210612835,72210812894,0707W,KRSW,0574W,72104199999,KAPF",134
63,"Naples, FL, United States",2022-07-12,31.7,26.2,28.8,38.9,26.2,33.2,24.4,77.4,0.07,100,12.5,rain,0,0,27.7,20.4,129.5,1015.6,21.8,16.0,208.7,18.2,9,100,2022-07-12T06:43:13,2022-07-12T20:22:24,0.49,"Rain, Partially cloudy",Clearing in the afternoon with afternoon rain.,rain,"72203812897,KMKY,72210812894,0707W,KRSW,0574W,72104199999,KAPF",134
64,"Naples, FL, United States",2022-07-13,32.2,25.7,28.4,40.4,25.7,31.8,24.5,80.5,1.04,100,12.5,rain,0,0,35.7,24.0,119.3,1017.8,26.6,15.8,227.9,19.8,9,100,2022-07-13T06:43:41,2022-07-13T20:22:10,0.5,"Rain, Partially cloudy",Becoming cloudy in the afternoon with rain.,rain,"72203812897,KMKY,99999992826,72210612835,72210812894,0707W,KRSW,0574W,72104199999,99735199999,KAPF",134
65,"Naples, FL, United States",2022-07-14,31.2,22.9,25.5,36.6,22.9,26.4,23.4,89.2,13.01,100,20.83,rain,0,0,59.4,31.3,82.3,1019.0,30.2,14.7,165.8,14.5,10,100,2022-07-14T06:44:09,2022-07-14T20:21:55,0.51,"Rain, Partially cloudy",Becoming cloudy in the afternoon with rain.,rain,"72203812897,KMKY,72210812894,0707W,KRSW,0574W,72104199999,KAPF",134
66,"Naples, FL, United States",2022-07-15,31.7,22.9,26.9,36.0,22.9,28.5,22.3,77.6,0.0,0,0.0,rain,0,0,64.6,29.1,68.7,1018.2,7.3,16.0,204.8,17.7,8,75,2022-07-15T06:44:37,2022-07-15T20:21:39,0.53,Clear,Clear conditions throughout the day.,clear-day,"72203812897,KMKY,PHWF1,72210812894,0707W,KRSW,0574W,72104199999,KAPF",134
67,"Naples, FL, United States",2022-07-16,30.7,23.9,26.9,35.8,23.9,28.9,22.8,79.1,9.49,100,8.33,rain,0,0,51.8,18.2,105.2,1016.2,16.1,16.0,193.4,16.9,8,75,2022-07-16T06:45:05,2022-07-16T20:21:22,0.55,Rain,Clear conditions throughout the day with rain.,rain,"72203812897,KMKY,PHWF1,99999992826,72210612835,72210812894,0707W,0574W,KRSW,72104199999,KAPF",134
68,"Naples, FL, United States",2022-07-17,30.0,23.8,26.8,36.2,23.8,29.4,23.8,84.3,3.52,100,12.5,rain,0,0,42.5,18.2,126.7,1016.0,16.8,15.6,160.5,14.0,5,100,2022-07-17T06:45:34,2022-07-17T20:21:03,0.6,Rain,Clear conditions throughout the day with rain in the morning and afternoon.,rain,"72203812897,KMKY,72210812894,0707W,KRSW,0574W,72104199999,F8551,KAPF",134
69,"Naples, FL, United States",2022-07-18,32.8,25.6,29.2,40.4,25.6,33.7,25.0,79.0,0.04,100,12.5,rain,0,0,42.5,24.1,157.4,1018.2,16.7,15.8,228.4,19.8,8,100,2022-07-18T06:46:03,2022-07-18T20:20:43,0.65,Rain,Clear conditions throughout the day with afternoon rain.,rain,"72203812897,KMKY,KFMY,72210612835,72210812894,0707W,KRSW,0574W,72104199999,KAPF",134
70,"Naples, FL, United States",2022-07-19,32.9,26.1,29.5,39.5,26.1,34.0,24.3,75.2,0.0,0,0.0,rain,0,0,29.5,22.3,153.4,1018.7,14.8,15.9,239.9,20.9,8,100,2022-07-19T06:46:32,2022-07-19T20:20:21,0.7,Clear,Clear conditions throughout the day.,clear-day,"72203812897,PHWF1,KFMY,72210612835,72210812894,0707W,KRSW,0574W,KAPF",134
71,"Naples, FL, United States",2022-07-20,32.8,25.7,28.6,37.7,25.7,32.1,23.8,75.8,9.7,100,8.33,rain,0,0,68.4,31.1,89.1,1017.3,18.2,15.4,175.1,15.2,8,100,2022-07-20T06:47:01,2022-07-20T20:19:58,0.75,Rain,Clear conditions throughout the day with afternoon rain.,rain,"72203812897,KMKY,KFMY,72210612835,72210812894,0707W,KRSW,0574W,72104199999,KAPF",134
72,"Naples, FL, United States",2022-07-21,32.2,25.1,28.3,38.0,25.1,31.1,23.9,78.3,2.99,100,8.33,rain,0,0,51.8,22.2,152.6,1016.5,26.3,15.6,261.0,22.5,8,100,2022-07-21T06:47:31,2022-07-21T20:19:34,0.8,"Rain, Partially cloudy",Becoming cloudy in the afternoon with late afternoon rain.,rain,"72203812897,KMKY,72210812894,0707W,KRSW,0574W,72104199999,KAPF",134
73,"Naples, FL, United States",2022-07-22,31.1,23.9,27.7,37.0,23.9,30.2,23.7,79.7,0.48,100,8.33,rain,0,0,46.4,25.6,103.5,1017.9,23.0,15.8,172.6,14.7,7,100,2022-07-22T06:48:00,2022-07-22T20:19:09,0.85,"Rain, Partially cloudy",Becoming cloudy in the afternoon with late afternoon rain.,rain,"72203812897,KMKY,72210812894,0707W,KRSW,0574W,72104199999,KAPF",134
74,"Naples, FL, United States",2022-07-23,32.2,23.9,26.0,38.0,23.9,27.1,23.7,87.9,0.54,100,12.5,rain,0,0,60.0,16.5,118.7,1019.0,24.4,15.6,157.8,13.6,7,100,2022-07-23T06:48:30,2022-07-23T20:18:42,0.89,"Rain, Partially cloudy",Becoming cloudy in the afternoon with rain.,rain,"72203812897,KMKY,PHWF1,KFMY,72210612835,72210812894,0707W,KRSW,0574W,72104199999,KAPF",134
75,"Naples, FL, United States",2022-07-24,31.7,23.9,26.8,36.3,23.9,28.8,23.8,84.8,5.06,100,12.5,rain,0,0,49.5,20.2,103.4,1018.6,30.5,15.4,181.4,15.5,7,100,2022-07-24T06:49:00,2022-07-24T20:18:15,0.93,"Rain, Partially cloudy",Becoming cloudy in the afternoon with afternoon rain.,rain,"72203812897,KMKY,PHWF1,KFMY,72210612835,72210812894,0707W,KRSW,0574W,72104199999,KAPF",134
76,"Naples, FL, United States",2022-07-25,32.2,24.4,27.0,36.9,24.4,28.7,24.0,85.1,6.07,100,20.83,rain,0,0,48.1,20.5,73.3,1018.0,27.4,15.3,190.9,16.5,8,100,2022-07-25T06:49:30,2022-07-25T20:17:46,0.96,"Rain, Partially cloudy",Partly cloudy throughout the day with rain.,rain,"72203812897,KMKY,KFMY,72210612835,72210812894,0707W,KRSW,0574W,72104199999,KAPF",134
77,"Naples, FL, United States",2022-07-26,31.2,24.4,26.7,37.1,24.4,28.2,23.6,84.0,0.6,100,12.5,rain,0,0,50.0,27.5,87.7,1018.5,13.9,15.8,149.5,12.8,8,100,2022-07-26T06:50:00,2022-07-26T20:17:15,0.98,Rain,Clear conditions throughout the day with rain in the morning and afternoon.,rain,"72203812897,KMKY,PHWF1,KFMY,72210612835,72210812894,0707W,KRSW,0574W,72104199999,KAPF",134
78,"Naples, FL, United States",2022-07-27,32.9,23.4,28.0,39.4,23.4,31.2,23.6,78.4,0.0,0,0.0,rain,0,0,32.8,24.0,125.2,1018.8,22.5,16.0,204.1,17.5,7,100,2022-07-27T06:50:30,2022-07-27T20:16:44,1.0,Partially cloudy,Becoming cloudy in the afternoon.,partly-cloudy-day,"PHWF1,KFMY,99999992826,72210812894,KRSW,0574W,72104199999,KAPF,72203812897,KMKY,72210612835,0707W,99735199999",134
79,"Naples, FL, United States",2022-07-28,33.4,25.0,28.9,38.6,25.0,32.6,23.9,75.3,0.0,0,0.0,rain,0,0,26.6,18.2,158.8,1018.7,18.0,15.8,258.7,22.4,9,100,2022-07-28T06:51:00,2022-07-28T20:16:11,1.0,Clear,Clear conditions throughout the day.,clear-day,"72203812897,KMKY,PHWF1,72210812894,0707W,KRSW,0574W,72104199999,KAPF",134
80,"Naples, FL, United States",2022-07-29,33.9,23.9,27.8,38.4,23.9,30.0,23.3,78.1,9.5,100,16.67,rain,0,0,64.7,18.4,122.3,1018.7,25.6,15.5,212.5,18.3,9,100,2022-07-29T06:51:30,2022-07-29T20:15:37,0.0,"Rain, Partially cloudy",Becoming cloudy in the afternoon with rain.,rain,"72203812897,KMKY,72210812894,0707W,KRSW,0574W,72104199999,KAPF",134
81,"Naples, FL, United States",2022-07-30,34.4,24.4,28.3,37.2,24.4,30.7,22.9,74.8,0.0,0,0.0,rain,0,0,33.5,20.4,96.5,1019.7,28.0,16.0,234.5,20.2,9,100,2022-07-30T06:52:00,2022-07-30T20:15:02,0.01,Partially cloudy,Becoming cloudy in the afternoon.,partly-cloudy-day,"72203812897,KMKY,72210812894,0707W,KRSW,0574W,72104199999,KAPF",134
82,"Naples, FL, United States",2022-07-31,33.4,25.0,29.0,38.9,25.0,32.5,23.7,74.4,0.0,0,0.0,rain,0,0,40.7,20.4,109.0,1020.8,31.9,16.0,204.5,17.5,8,100,2022-07-31T06:52:30,2022-07-31T20:14:26,0.04,Partially cloudy,Becoming cloudy in the afternoon.,partly-cloudy-day,"72203812897,KMKY,PHWF1,72210812894,0707W,KRSW,0574W,72104199999,KAPF",134
83,"Naples, FL, United States",2022-08-01,33.4,26.1,29.0,40.5,26.1,33.6,24.7,78.7,0.78,100,4.17,rain,0,0,30.2,16.5,150.1,1020.4,37.3,16.0,177.0,15.2,8,100,2022-08-01T06:52:59,2022-08-01T20:13:48,0.07,"Rain, Partially cloudy",Becoming cloudy in the afternoon with late afternoon rain.,rain,"72203812897,KMKY,KFMY,72210812894,0707W,KRSW,0574W,72104199999,KAPF",134
84,"Naples, FL, United States",2022-08-02,32.2,24.3,28.2,37.9,24.3,30.9,23.6,77.3,0.29,100,8.33,rain,0,0,42.5,18.2,143.9,1018.6,24.1,16.0,229.5,19.7,8,100,2022-08-02T06:53:29,2022-08-02T20:13:10,0.1,"Rain, Partially cloudy",Becoming cloudy in the afternoon with late afternoon rain.,rain,"72203812897,KMKY,72210812894,0707W,KRSW,0574W,72104199999,F7616,KAPF",134
85,"Naples, FL, United States",2022-08-03,32.2,23.4,26.5,37.3,23.4,28.1,22.9,82.0,6.94,100,4.17,rain,0,0,48.2,22.2,138.5,1016.9,27.4,15.8,151.9,12.9,7,75,2022-08-03T06:53:59,2022-08-03T20:12:30,0.14,"Rain, Partially cloudy",Becoming cloudy in the afternoon with late afternoon rain.,rain,"72203812897,KMKY,KFMY,72210612835,72210812894,0707W,KRSW,0574W,72104199999,KAPF",134
86,"Naples, FL, United States",2022-08-04,32.8,23.4,26.6,38.2,23.4,28.2,23.4,84.0,6.94,100,4.17,rain,0,0,50.0,20.3,111.5,1017.1,17.1,15.9,141.1,12.3,8,100,2022-08-04T06:54:29,2022-08-04T20:11:49,0.2,Rain,Clear conditions throughout the day with afternoon rain.,rain,"72203812897,KMKY,72210812894,0707W,KRSW,0574W,72104199999,KAPF",134
87,"Naples, FL, United States",2022-08-05,33.3,24.4,27.2,39.5,24.4,29.6,23.9,83.2,8.22,100,4.17,rain,0,0,50.0,20.4,81.6,1018.1,24.8,15.6,165.3,14.3,7,100,2022-08-05T06:54:58,2022-08-05T20:11:07,0.25,"Rain, Partially cloudy",Becoming cloudy in the afternoon with afternoon rain.,rain,"72203812897,KMKY,72210812894,0707W,KRSW,0574W,72104199999,KAPF",134
88,"Naples, FL, United States",2022-08-06,31.6,24.4,27.4,36.1,24.4,29.6,23.3,79.5,0.3,100,12.5,rain,0,0,38.6,23.8,69.7,1019.0,14.0,16.0,209.8,18.1,8,100,2022-08-06T06:55:27,2022-08-06T20:10:25,0.31,Rain,Clear conditions throughout the day with afternoon rain.,rain,"72203812897,KMKY,72210812894,0707W,KRSW,0574W,72104199999,KAPF",134
89,"Naples, FL, United States",2022-08-07,32.2,24.4,27.1,37.4,24.4,29.1,23.5,81.7,0.0,0,0.0,rain,0,0,40.7,25.7,83.6,1018.9,22.1,16.0,133.0,11.6,9,100,2022-08-07T06:55:57,2022-08-07T20:09:41,0.36,Partially cloudy,Becoming cloudy in the afternoon.,partly-cloudy-day,"72203812897,KMKY,72210812894,0707W,KRSW,0574W,72104199999,KAPF",134
90,"Naples, FL, United States",2022-08-08,31.7,23.3,26.4,36.8,23.3,27.9,23.7,86.2,22.1,100,8.33,rain,0,0,50.0,18.3,108.3,1018.0,24.2,15.7,192.8,16.6,9,100,2022-08-08T06:56:26,2022-08-08T20:08:56,0.41,"Rain, Partially cloudy",Partly cloudy throughout the day with rain.,rain,"72203812897,KMKY,KFMY,72210612835,72210812894,0707W,KRSW,0574W,72104199999,KAPF",134
91,"Naples, FL, United States",2022-08-09,30.0,23.0,26.1,35.9,23.0,27.8,24.0,88.8,19.83,100,16.67,rain,0,0,63.0,25.4,61.2,1018.6,22.5,15.4,144.9,12.3,8,100,2022-08-09T06:56:55,2022-08-09T20:08:10,0.45,"Rain, Partially cloudy",Partly cloudy throughout the day with afternoon rain.,rain,"72203812897,KMKY,KFMY,72210612835,72210812894,0707W,KRSW,0574W,72104199999,KAPF",134
92,"Naples, FL, United States",2022-08-10,33.4,24.4,28.5,41.3,24.4,32.6,24.9,82.2,0.0,0,0.0,rain,0,0,33.5,16.6,119.3,1019.7,21.5,15.2,219.8,18.8,8,100,2022-08-10T06:57:23,2022-08-10T20:07:23,0.48,Partially cloudy,Partly cloudy throughout the day.,partly-cloudy-day,"72203812897,KMKY,KFMY,72210812894,0707W,KRSW,0574W,72104199999,KAPF",134
93,"Naples, FL, United States",2022-08-11,32.2,24.4,27.6,38.6,24.4,30.1,24.2,83.4,2.03,100,8.33,rain,0,0,23.8,18.3,125.9,1018.4,14.7,15.5,213.3,18.3,8,100,2022-08-11T06:57:52,2022-08-11T20:06:35,0.5,Rain,Clear conditions throughout the day with rain.,rain,"72203812897,KMKY,72210812894,0707W,KRSW,0574W,72104199999,KAPF",134
94,"Naples, FL, United States",2022-08-12,32.9,23.9,27.5,37.1,23.9,30.0,23.6,81.2,0.31,100,12.5,rain,0,0,50.0,20.4,110.6,1016.9,17.2,16.0,199.0,17.2,9,75,2022-08-12T06:58:21,2022-08-12T20:05:46,0.5,Rain,Clear conditions throughout the day with rain.,rain,"72203812897,KMKY,72210812894,0707W,KRSW,0574W,72104199999,KAPF",134
95,"Naples, FL, United States",2022-08-13,31.2,23.9,27.1,37.2,23.9,29.4,23.7,82.9,7.96,100,8.33,rain,0,0,33.5,25.5,131.3,1016.3,19.8,15.5,222.8,19.1,8,100,2022-08-13T06:58:49,2022-08-13T20:04:56,0.52,Rain,Clear conditions throughout the day with early morning rain.,rain,"72203812897,KMKY,72210812894,0707W,KRSW,0574W,72104199999,KAPF",134
96,"Naples, FL, United States",2022-08-14,31.2,24.3,27.4,37.2,24.3,30.0,23.8,81.5,0.1,100,12.5,rain,0,0,29.5,18.3,128.1,1015.0,8.3,16.0,196.5,17.0,10,75,2022-08-14T06:59:17,2022-08-14T20:04:05,0.54,Rain,Clear conditions throughout the day with afternoon rain.,rain,"72203812897,KMKY,72210812894,0707W,KRSW,0574W,72104199999,KAPF",134
97,"Naples, FL, United States",2022-08-15,30.6,25.0,27.9,36.4,25.0,31.3,24.6,82.6,0.03,100,4.17,rain,0,0,29.5,16.5,178.4,1013.5,12.0,16.0,194.0,16.7,8,100,2022-08-15T06:59:45,2022-08-15T20:03:14,0.58,Rain,Clear conditions throughout the day with morning rain.,rain,"72203812897,KMKY,99999992826,72210612835,72210812894,0707W,KRSW,0574W,72104199999,99735199999,KAPF",134
98,"Naples, FL, United States",2022-08-16,31.7,26.1,28.9,38.7,26.1,33.6,24.6,77.8,0.02,100,4.17,rain,0,0,38.9,24.0,210.4,1013.6,24.3,16.0,234.9,20.4,8,100,2022-08-16T07:00:13,2022-08-16T20:02:21,0.62,"Rain, Partially cloudy",Partly cloudy throughout the day with late afternoon rain.,rain,"72203812897,KMKY,KFMY,72210812894,0707W,KRSW,0574W,72104199999,F8551,KAPF",134
99,"Naples, FL, United States",2022-08-17,31.7,26.7,29.2,38.8,29.9,34.6,24.8,77.5,0.0,0,0.0,rain,0,0,27.7,22.1,215.1,1014.5,27.2,15.9,213.0,18.3,8,100,2022-08-17T07:00:40,2022-08-17T20:01:28,0.67,Partially cloudy,Partly cloudy throughout the day.,partly-cloudy-day,"72203812897,KMKY,72210812894,0707W,KRSW,0574W,72104199999,KAPF",134
100,"Naples, FL, United States",2022-08-18,31.7,26.2,29.3,39.6,26.2,34.8,25.4,79.9,0.0,0,0.0,rain,0,0,37.1,20.4,213.3,1014.6,15.3,15.9,238.1,20.7,9,100,2022-08-18T07:01:07,2022-08-18T20:00:34,0.72,Clear,Clear conditions throughout the day.,clear-day,"72203812897,KMKY,72210812894,0707W,KRSW,0574W,72104199999,KAPF",134
101,"Naples, FL, United States",2022-08-19,32.9,25.6,28.8,41.3,25.6,32.8,24.7,79.4,0.0,0,0.0,rain,0,0,31.7,20.4,136.2,1016.1,7.2,16.0,223.3,19.4,9,100,2022-08-19T07:01:35,2022-08-19T19:59:39,0.77,Clear,Clear conditions throughout the day.,clear-day,"72203812897,KMKY,72210812894,0707W,KRSW,0574W,72104199999,F8551,KAPF",134
102,"Naples, FL, United States",2022-08-20,33.9,25.0,28.5,41.1,25.0,32.6,25.0,82.5,12.87,100,8.33,rain,0,0,53.6,20.4,72.8,1018.2,21.4,15.4,185.8,16.0,10,100,2022-08-20T07:02:02,2022-08-20T19:58:43,0.82,"Rain, Partially cloudy",Becoming cloudy in the afternoon with afternoon rain.,rain,"72203812897,KMKY,72210812894,0707W,KRSW,0574W,72104199999,KAPF",134
103,"Naples, FL, United States",2022-08-21,33.4,25.7,29.1,43.0,25.7,34.2,25.9,84.1,0.0,0,0.0,rain,0,0,51.8,20.4,117.5,1017.4,23.3,16.0,231.1,19.8,7,100,2022-08-21T07:02:28,2022-08-21T19:57:47,0.86,Partially cloudy,Becoming cloudy in the afternoon.,partly-cloudy-day,"72203812897,KMKY,72210812894,0707W,KRSW,0574W,72104199999,KAPF",134
104,"Naples, FL, United States",2022-08-22,32.2,25.0,28.0,40.4,25.0,31.3,24.7,83.4,0.13,100,8.33,rain,0,0,62.1,22.3,120.3,1015.3,25.9,16.0,221.9,19.0,8,100,2022-08-22T07:02:55,2022-08-22T19:56:50,0.9,"Rain, Partially cloudy",Becoming cloudy in the afternoon with late afternoon rain.,rain,"72203812897,KMKY,KFMY,72210612835,72210812894,0707W,KRSW,0574W,72104199999,KAPF",134
105,"Naples, FL, United States",2022-08-23,32.2,24.3,27.8,41.1,24.3,32.0,25.2,86.8,0.02,100,4.17,rain,0,0,51.8,22.1,93.8,1013.6,21.8,16.0,129.0,11.2,6,100,2022-08-23T07:03:21,2022-08-23T19:55:52,0.94,"Rain, Partially cloudy",Becoming cloudy in the afternoon with late afternoon rain.,rain,"72203812897,KMKY,KFMY,99999992826,72210612835,72210812894,0707W,KRSW,0574W,72104199999,99735199999,KAPF",134
106,"Naples, FL, United States",2022-08-24,33.0,25.6,28.0,41.6,25.6,31.1,25.3,86.2,1.0,100,16.67,rain,0,0,42.9,16.5,100.1,1014.3,25.5,16.0,183.2,15.9,7,100,2022-08-24T07:03:48,2022-08-24T19:54:54,0.97,"Rain, Partially cloudy",Becoming cloudy in the afternoon with rain.,rain,"72203812897,99999992826,KFMY,72210612835,72210812894,0707W,0574W,KRSW,99735199999,F8551,KAPF",134
107,"Naples, FL, United States",2022-08-25,32.9,24.4,27.5,42.1,24.4,30.6,25.5,89.6,2.51,100,8.33,rain,0,0,37.1,24.1,103.0,1015.9,26.3,15.6,219.5,19.0,9,100,2022-08-25T07:04:14,2022-08-25T19:53:55,0.99,"Rain, Partially cloudy",Becoming cloudy in the afternoon with late afternoon rain.,rain,"72203812897,99999992826,KFMY,72210612835,72210812894,0707W,KRSW,0574W,99735199999,F8551,KAPF",134
108,"Naples, FL, United States",2022-08-26,32.2,25.0,28.2,42.0,25.0,32.6,25.6,86.9,0.18,100,16.67,rain,0,0,21.6,24.1,122.0,1015.5,18.3,16.0,235.3,20.1,10,100,2022-08-26T07:04:40,2022-08-26T19:52:55,1.0,Rain,Clear conditions throughout the day with rain.,rain,"72203812897,KFMY,99999992826,72210612835,72210812894,0707W,KRSW,0574W,F8551,KAPF",134
109,"Naples, FL, United States",2022-08-27,32.2,25.6,28.4,40.4,25.6,32.4,25.0,82.4,0.14,100,8.33,rain,0,0,20.5,18.3,146.7,1014.0,7.1,16.0,204.0,17.6,8,100,2022-08-27T07:05:05,2022-08-27T19:51:55,0.0,Rain,Clear conditions throughout the day with rain.,rain,"72203812897,KFMY,99999992826,72210612835,72210812894,0707W,0574W,KRSW,99735199999,KAPF",134
110,"Naples, FL, United States",2022-08-28,31.2,24.4,26.9,38.8,24.4,29.0,24.8,88.6,3.57,100,20.83,rain,0,0,27.0,18.4,119.3,1013.5,26.4,15.0,140.3,12.0,9,100,2022-08-28T07:05:31,2022-08-28T19:50:54,0.01,"Rain, Partially cloudy",Becoming cloudy in the afternoon with rain.,rain,"72203812897,KFMY,99999992826,72210612835,72210812894,99800899999,0707W,0574W,KRSW,99735199999,F8551,KAPF",134
111,"Naples, FL, United States",2022-08-29,30.0,23.9,26.9,36.2,23.9,29.5,24.9,89.3,8.53,100,12.5,rain,0,0,20.2,18.3,117.9,1014.1,45.9,14.6,143.7,12.3,6,100,2022-08-29T07:05:56,2022-08-29T19:49:52,0.02,"Rain, Partially cloudy",Partly cloudy throughout the day with late afternoon rain.,rain,"72203812897,99999992826,KFMY,72210612835,72210812894,0707W,KRSW,0574W,99735199999,F8551,KAPF",134
112,"Naples, FL, United States",2022-08-30,32.2,24.4,27.8,42.0,24.4,31.7,25.8,89.8,6.1,100,29.17,rain,0,0,51.8,25.8,120.2,1014.8,37.4,15.3,206.2,17.8,9,100,2022-08-30T07:06:22,2022-08-30T19:48:50,0.05,"Rain, Partially cloudy",Partly cloudy throughout the day with a chance of rain throughout the day.,rain,"72203812897,99999992826,KFMY,72210612835,72210812894,0707W,0574W,KRSW,99735199999,KAPF",134
113,"Naples, FL, United States",2022-08-31,32.2,24.4,28.2,40.4,24.4,32.7,25.6,86.7,0.03,100,4.17,rain,0,0,31.7,18.3,125.7,1015.0,22.8,15.9,242.3,21.0,9,100,2022-08-31T07:06:47,2022-08-31T19:47:48,0.09,"Rain, Partially cloudy",Becoming cloudy in the afternoon with late afternoon rain.,rain,"72203812897,KFMY,99999992826,72210612835,72210812894,0707W,KRSW,0574W,KAPF",134
114,"Naples, FL, United States",2022-09-01,31.2,25.0,27.9,38.8,25.0,31.7,24.9,84.5,3.8,100,12.5,rain,0,0,56.0,22.3,127.7,1015.0,18.8,15.7,173.2,14.8,6,100,2022-09-01T07:07:12,2022-09-01T19:46:45,0.13,Rain,Clear conditions throughout the day with afternoon rain.,rain,"72203812897,KFMY,72210612835,72210812894,0707W,KRSW,0574W,KAPF",134
115,"Naples, FL, United States",2022-09-02,32.8,24.4,27.8,39.7,24.4,30.9,24.4,83.4,22.77,100,4.17,rain,0,0,40.7,20.5,103.1,1016.1,21.0,16.0,180.6,15.7,7,100,2022-09-02T07:07:37,2022-09-02T19:45:42,0.18,"Rain, Partially cloudy",Becoming cloudy in the afternoon with late afternoon rain.,rain,"72203812897,KFMY,72210612835,72210812894,0707W,KRSW,0574W,F8551,KAPF",134
116,"Naples, FL, United States",2022-09-03,33.4,23.9,27.8,41.1,23.9,31.5,24.9,86.0,5.06,100,16.67,rain,0,0,60.8,24.0,111.5,1016.4,19.2,15.3,194.3,17.0,8,100,2022-09-03T07:08:01,2022-09-03T19:44:38,0.24,Rain,Clear conditions throughout the day with rain.,rain,"72203812897,KFMY,72210612835,72210812894,0707W,KRSW,0574W,F8551,KAPF",134
117,"Naples, FL, United States",2022-09-04,33.8,25.0,28.4,41.2,25.0,32.1,25.3,84.8,0.5,100,4.17,rain,0,0,17.6,14.8,142.6,1014.8,26.8,15.6,210.1,18.1,8,100,2022-09-04T07:08:26,2022-09-04T19:43:34,0.29,"Rain, Partially cloudy",Partly cloudy throughout the day with late afternoon rain.,rain,"72203812897,KFMY,72210612835,72210812894,0707W,KRSW,0574W,KAPF",134
118,"Naples, FL, United States",2022-09-05,32.9,24.4,27.9,40.4,24.4,31.5,25.3,86.5,0.02,100,8.33,rain,0,0,57.3,18.3,88.5,1015.1,27.7,15.8,153.2,13.4,7,100,2022-09-05T07:08:51,2022-09-05T19:42:29,0.35,"Rain, Partially cloudy",Becoming cloudy in the afternoon with late afternoon rain.,rain,"72203812897,KFMY,72210612835,72210812894,0707W,KRSW,0574W,KAPF",134
119,"Naples, FL, United States",2022-09-06,32.2,25.0,28.6,42.1,25.0,33.1,25.5,84.4,18.6,100,4.17,rain,0,0,33.5,18.3,141.8,1016.0,24.3,15.4,208.5,18.1,9,100,2022-09-06T07:09:15,2022-09-06T19:41:24,0.4,"Rain, Partially cloudy",Becoming cloudy in the afternoon with late afternoon rain.,rain,"72203812897,KFMY,72210612835,72210812894,0707W,KRSW,0574W,F8551,KAPF",134
120,"Naples, FL, United States",2022-09-07,32.9,25.6,28.6,40.4,25.6,32.7,25.6,85.3,0.22,100,12.5,rain,0,0,52.8,20.5,188.1,1013.2,16.7,15.9,203.1,17.5,9,100,2022-09-07T07:09:40,2022-09-07T19:40:19,0.44,Rain,Clear conditions throughout the day with rain.,rain,"72203812897,KFMY,72210612835,72210812894,0707W,KRSW,0574W,F8551,KAPF",134
121,"Naples, FL, United States",2022-09-08,31.7,22.9,26.0,39.6,22.9,28.4,24.5,92.2,34.47,100,33.33,rain,0,0,73.8,25.7,108.8,1008.6,29.8,14.5,131.7,11.3,6,100,2022-09-08T07:10:04,2022-09-08T19:39:13,0.47,"Rain, Partially cloudy",Becoming cloudy in the afternoon with rain.,rain,"72203812897,KMKY,PHWF1,KFMY,72210612835,72210812894,0707W,KRSW,0574W,72104199999,F8551,KAPF",134
122,"Naples, FL, United States",2022-09-09,32.1,23.4,27.5,41.8,23.4,31.5,25.0,87.6,1.69,100,20.83,rain,0,0,47.9,24.1,139.6,1009.2,38.6,15.8,203.0,17.4,8,100,2022-09-09T07:10:28,2022-09-09T19:38:08,0.49,"Rain, Partially cloudy",Clearing in the afternoon with rain.,rain,"72203812897,KMKY,KFMY,99999992826,72210612835,72210812894,0707W,KRSW,0574W,72104199999,99735199999,KAPF",134
123,"Naples, FL, United States",2022-09-10,32.2,24.4,28.3,42.1,24.4,33.3,26.0,88.0,0.99,100,8.33,rain,0,0,46.4,25.9,144.6,1015.1,11.4,15.6,191.3,16.5,8,100,2022-09-10T07:10:52,2022-09-10T19:37:02,0.5,Rain,Clear conditions throughout the day with afternoon rain.,rain,"72203812897,KMKY,72210812894,0707W,KRSW,0574W,72104199999,KAPF",134
124,"Naples, FL, United States",2022-09-11,32.9,25.0,28.0,42.9,25.0,32.0,25.7,88.0,1.47,100,4.17,rain,0,0,40.7,27.5,111.8,1017.5,15.0,15.9,157.0,13.5,7,100,2022-09-11T07:11:17,2022-09-11T19:35:55,0.51,Rain,Clear conditions throughout the day with late afternoon rain.,rain,"72203812897,KMKY,72210812894,0707W,KRSW,0574W,72104199999,KAPF",134
125,"Naples, FL, United States",2022-09-12,31.7,24.4,27.7,39.6,24.4,31.2,25.2,87.3,0.0,0,0.0,,0,0,64.8,20.1,151.9,1014.9,13.2,15.9,149.9,13.0,7,100,2022-09-12T07:11:41,2022-09-12T19:34:49,0.53,Clear,Clear conditions throughout the day.,clear-day,"72203812897,KMKY,72210812894,0707W,KRSW,0574W,72104199999,F8551,KAPF",134
126,"Naples, FL, United States",2022-09-13,31.7,25.0,27.8,38.7,25.0,30.7,24.7,84.0,3.53,100,4.17,rain,0,0,35.3,18.2,138.8,1012.9,13.3,15.8,196.2,16.9,8,100,2022-09-13T07:12:05,2022-09-13T19:33:42,0.56,Rain,Clear conditions throughout the day with afternoon rain.,rain,"72203812897,KMKY,72210812894,0707W,KRSW,0574W,72104199999,KAPF",134
127,"Naples, FL, United States",2022-09-14,29.3,23.4,24.8,35.1,23.4,25.7,24.0,96.0,16.38,100,16.67,rain,0,0,23.4,18.2,92.2,1013.7,22.2,14.9,95.5,8.2,4,100,2022-09-14T07:12:29,2022-09-14T19:32:35,0.6,"Rain, Partially cloudy",Becoming cloudy in the afternoon with afternoon rain.,rain,"72203812897,KMKY,72210812894,0707W,KRSW,0574W,72104199999,F8551,KAPF",134
128,"Naples, FL, United States",2022-09-15,30.7,23.9,26.3,37.5,23.9,28.6,24.5,90.7,0.49,100,4.17,rain,0,0,29.5,14.6,119.1,1015.8,19.4,15.8,112.1,9.6,6,100,2022-09-15T07:12:53,2022-09-15T19:31:28,0.64,Rain,Clear conditions throughout the day with afternoon rain.,rain,"72203812897,KMKY,72210812894,0707W,KRSW,0574W,72104199999,KAPF",134
129,"Naples, FL, United States",2022-09-16,30.6,22.9,25.7,36.4,22.9,27.6,24.2,92.6,14.13,100,25.0,rain,0,0,23.0,16.4,115.4,1016.6,31.9,14.8,141.3,12.3,8,75,2022-09-16T07:13:17,2022-09-16T19:30:21,0.69,"Rain, Partially cloudy",Partly cloudy throughout the day with rain.,rain,"72203812897,KMKY,72210812894,0707W,KRSW,0574W,72104199999,F8551,KAPF",134
130,"Naples, FL, United States",2022-09-17,31.6,23.4,26.0,38.8,23.4,28.0,24.5,92.1,2.15,100,25.0,rain,0,0,35.3,20.4,75.5,1015.9,34.8,16.0,149.0,12.8,6,100,2022-09-17T07:13:42,2022-09-17T19:29:14,0.74,"Rain, Partially cloudy",Becoming cloudy in the afternoon with rain.,rain,"72203812897,KMKY,72210812894,0707W,KRSW,0574W,72104199999,KAPF",134
131,"Naples, FL, United States",2022-09-18,31.2,22.2,26.3,38.8,22.2,28.7,23.7,86.5,0.03,100,8.33,rain,0,0,16.6,16.4,110.3,1014.1,15.3,16.0,189.5,16.4,7,75,2022-09-18T07:14:06,2022-09-18T19:28:07,0.78,Rain,Clear conditions throughout the day with early morning rain.,rain,"72203812897,KMKY,72210812894,0707W,KRSW,0574W,72104199999,KAPF",134
132,"Naples, FL, United States",2022-09-19,31.2,24.4,27.2,38.0,24.4,29.9,24.7,87.2,0.0,0,0.0,,0,0,47.9,18.3,101.5,1012.6,18.1,16.0,207.1,17.9,7,75,2022-09-19T07:14:30,2022-09-19T19:27:00,0.83,Clear,Clear conditions throughout the day.,clear-day,"72203812897,KMKY,72210812894,0707W,KRSW,0574W,72104199999,F8551,KAPF",134
133,"Naples, FL, United States",2022-09-20,31.2,23.9,25.9,39.2,23.9,27.8,24.5,92.5,14.64,100,16.67,rain,0,0,40.6,25.5,81.6,1012.6,19.2,15.4,146.8,12.7,7,100,2022-09-20T07:14:55,2022-09-20T19:25:53,0.87,Rain,Clear conditions throughout the day with rain.,rain,"72203812897,KMKY,KFMY,72210812894,0707W,KRSW,0574W,72104199999,F8551,KAPF",134
134,"Naples, FL, United States",2022-09-21,32.2,23.9,27.5,40.1,23.9,31.2,24.9,86.9,0.03,100,4.17,rain,0,0,31.7,23.9,144.1,1011.0,14.1,16.0,187.1,16.1,8,100,2022-09-21T07:15:19,2022-09-21T19:24:46,0.91,Rain,Clear conditions throughout the day with late afternoon rain.,rain,"72203812897,KMKY,99999992826,72210612835,72210812894,0707W,KRSW,0574W,72104199999,99735199999,KAPF",134
135,"Naples, FL, United States",2022-09-22,31.1,24.3,27.0,38.8,24.3,30.2,25.3,91.4,0.98,100,4.17,rain,0,0,18.7,23.9,132.7,1010.3,18.0,15.6,131.3,11.5,9,75,2022-09-22T07:15:44,2022-09-22T19:23:39,0.95,Rain,Clear conditions throughout the day with afternoon rain.,rain,"72203812897,KMKY,72210812894,0707W,KRSW,0574W,72104199999,F8551,KAPF",134
136,"Naples, FL, United States",2022-09-23,31.7,24.4,28.2,38.8,24.4,32.0,24.9,83.5,0.0,0,0.0,,0,0,35.6,20.4,167.6,1012.5,3.5,16.0,224.0,19.3,10,100,2022-09-23T07:16:09,2022-09-23T19:22:32,0.97,Clear,Clear conditions throughout the day.,clear-day,"72203812897,KMKY,72210812894,0707W,KRSW,0574W,72104199999,KAPF",134
137,"Naples, FL, United States",2022-09-24,31.7,24.4,27.7,39.6,24.4,30.8,24.8,85.5,0.0,0,0.0,,0,0,38.9,21.9,49.0,1013.6,43.3,15.9,143.5,12.3,7,75,2022-09-24T07:16:34,2022-09-24T19:21:25,0.99,Partially cloudy,Becoming cloudy in the afternoon.,partly-cloudy-day,"72203812897,KMKY,PHWF1,72210812894,0707W,KRSW,0574W,72104199999,KAPF",134
138,"Naples, FL, United States",2022-09-25,31.7,23.9,27.4,39.6,23.9,31.2,24.9,87.5,0.0,0,0.0,rain,0,0,28.8,14.7,156.6,1011.7,26.9,15.8,192.0,16.4,7,75,2022-09-25T07:16:59,2022-09-25T19:20:19,1.0,Partially cloudy,Partly cloudy throughout the day.,partly-cloudy-day,"72203812897,KMKY,PHWF1,72210812894,0707W,KRSW,0574W,72104199999,KAPF",134
139,"Naples, FL, United States",2022-09-26,31.7,22.9,26.9,39.5,22.9,29.7,25.0,90.3,0.28,100,8.33,rain,0,0,18.4,22.2,85.8,1010.9,17.4,16.0,121.5,10.5,6,100,2022-09-26T07:17:24,2022-09-26T19:19:12,0.0,Rain,Clear conditions throughout the day with late afternoon rain.,rain,"72203812897,KMKY,KFMY,72210612835,72210812894,0707W,KRSW,0574W,72104199999,KAPF",134
140,"Naples, FL, United States",2022-09-27,26.0,23.2,24.0,26.0,23.2,24.0,23.9,99.4,48.35,100,58.33,rain,0,0,47.9,31.7,74.1,1009.1,62.3,13.6,32.7,2.9,2,30,2022-09-27T07:17:49,2022-09-27T19:18:06,0.01,"Rain, Partially cloudy",Partly cloudy throughout the day with rain.,rain,"72203812897,KFMY,99999992826,72210612835,72210812894,0707W,KRSW,0574W,99735199999,KAPF",134
141,"Naples, FL, United States",2022-09-28,28.7,25.0,25.9,34.2,25.0,26.5,24.9,94.8,55.64,100,79.17,rain,0,0,157.6,101.7,177.3,995.8,34.6,9.3,38.4,3.3,2,60,2022-09-28T07:18:15,2022-09-28T19:17:00,0.04,"Rain, Partially cloudy",Clearing in the afternoon with a chance of rain throughout the day.,rain,"PHWF1,KFMY,99999992826,99400699999,72210812894,99734699999,KRSW,0574W,BGCF1,KAPF,72203812897,72210612835,99800899999,0707W,99735199999,F7616",134
142,"Naples, FL, United States",2022-09-29,29.3,20.2,24.6,33.5,20.2,24.8,21.2,82.3,0.1,100,4.17,rain,0,0,61.2,42.5,289.1,1006.9,49.9,20.0,138.5,11.9,7,10,2022-09-29T07:18:41,2022-09-29T19:15:54,0.07,"Rain, Partially cloudy",Partly cloudy throughout the day with early morning rain.,rain,"PHWF1,99999992826,0707W,0574W,BGCF1,remote,KAPF",134
143,"Naples, FL, United States",2022-09-30,25.0,18.1,21.5,25.0,18.1,21.5,18.3,82.4,0.0,0,0.0,,0,0,43.2,16.6,234.5,1009.5,9.1,19.9,264.0,22.9,9,10,2022-09-30T07:19:07,2022-09-30T19:14:49,0.12,Clear,Clear conditions throughout the day.,clear-day,remote,134
