,name,datetime,tempmax,tempmin,temp,feelslikemax,feelslikemin,feelslike,dew,humidity,precip,precipprob,precipcover,preciptype,snow,snowdepth,windgust,windspeed,winddir,sealevelpressure,cloudcover,visibility,solarradiation,solarenergy,uvindex,severerisk,sunrise,sunset,moonphase,conditions,description,icon,stations,skey
0,"St Petersburg, FL, United States",2022-05-10,28.4,20.0,24.3,28.3,20.0,24.3,15.7,60.7,0.0,0,0.0,,0,0,51.8,40.6,53.8,1017.9,1.1,16.0,314.8,27.2,10,10,2022-05-10T06:44:20,2022-05-10T20:10:00,0.32,Clear,Clear conditions throughout the day.,clear-day,"74788012810,KPIE,72210492806,KMCF,72211612873,0542W,KSPG,0511W",138
1,"St Petersburg, FL, United States",2022-05-11,27.2,21.7,24.6,27.3,21.7,24.7,15.0,55.9,0.0,0,0.0,,0,0,50.0,33.4,125.8,1016.6,0.0,16.0,311.0,26.9,10,10,2022-05-11T06:43:41,2022-05-11T20:10:35,0.37,Clear,Clear conditions throughout the day.,clear-day,"74788012810,KPIE,72210492806,KMCF,72211612873,0542W,KSPG,0511W",138
2,"St Petersburg, FL, United States",2022-05-12,28.3,21.1,24.4,27.9,21.1,24.4,15.8,59.8,0.0,0,0.0,,0,0,38.9,31.5,143.8,1014.1,15.3,16.0,278.1,24.0,10,10,2022-05-12T06:43:04,2022-05-12T20:11:10,0.41,Clear,Clear conditions throughout the day.,clear-day,"74788012810,KPIE,72210492806,KMCF,72211612873,0542W,KSPG,0511W",138
3,"St Petersburg, FL, United States",2022-05-13,27.9,21.7,24.7,28.5,21.7,24.9,17.4,64.4,0.0,0,0.0,rain,0,0,25.9,20.4,131.5,1013.8,65.2,16.0,234.6,20.1,10,30,2022-05-13T06:42:27,2022-05-13T20:11:45,0.45,Partially cloudy,Partly cloudy throughout the day.,partly-cloudy-day,"74788012810,KPIE,72210492806,KMCF,72211612873,0542W,KSPG,0511W",138
4,"St Petersburg, FL, United States",2022-05-14,28.4,22.8,25.4,29.4,22.8,25.7,18.6,66.9,0.0,0,0.0,rain,0,0,27.7,20.5,199.2,1013.9,1.1,16.0,252.1,21.6,10,30,2022-05-14T06:41:52,2022-05-14T20:12:20,0.48,Clear,Clear conditions throughout the day.,clear-day,"74788012810,KPIE,72210492806,KMCF,72211612873,0542W,KSPG,0511W",138
5,"St Petersburg, FL, United States",2022-05-15,28.4,22.8,25.7,30.4,22.8,26.3,20.3,72.6,0.0,0,0.0,,0,0,35.3,20.5,260.0,1013.1,10.6,16.0,295.8,25.6,10,75,2022-05-15T06:41:18,2022-05-15T20:12:55,0.5,Clear,Clear conditions throughout the day.,clear-day,"74788012810,KPIE,72210492806,KMCF,72211612873,0542W,KSPG,0511W",138
6,"St Petersburg, FL, United States",2022-05-16,27.9,23.8,25.9,29.2,23.8,26.3,19.5,68.2,0.0,0,0.0,,0,0,33.5,18.4,256.0,1013.1,21.4,16.0,296.2,25.4,10,60,2022-05-16T06:40:46,2022-05-16T20:13:29,0.5,Partially cloudy,Partly cloudy throughout the day.,partly-cloudy-day,"74788012810,KPIE,72210492806,KMCF,72211612873,0542W,KSPG,0511W",138
7,"St Petersburg, FL, United States",2022-05-17,28.9,24.9,26.7,31.0,24.9,27.6,20.8,70.5,0.5,100,4.17,rain,0,0,25.9,22.3,248.0,1014.7,15.3,16.0,185.2,15.9,9,60,2022-05-17T06:40:14,2022-05-17T20:14:04,0.52,Rain,Clear conditions throughout the day with afternoon rain.,rain,"74788012810,KPIE,72210492806,KMCF,72211612873,KSPG,0511W",138
8,"St Petersburg, FL, United States",2022-05-18,30.0,24.3,27.2,32.8,24.3,28.9,22.3,75.0,5.55,100,4.17,rain,0,0,23.0,18.4,275.5,1015.7,14.3,16.0,244.8,21.2,9,75,2022-05-18T06:39:44,2022-05-18T20:14:38,0.54,Rain,Clear conditions throughout the day with afternoon rain.,rain,"74788012810,KPIE,72210492806,KMCF,72211612873,0542W,KSPG,0545W,0511W",138
9,"St Petersburg, FL, United States",2022-05-19,30.6,25.0,27.5,32.6,25.0,28.7,21.0,69.0,0.0,0,0.0,rain,0,0,13.7,16.5,170.0,1014.7,9.7,16.0,266.3,23.1,10,100,2022-05-19T06:39:15,2022-05-19T20:15:13,0.58,Clear,Clear conditions throughout the day.,clear-day,"74788012810,KPIE,72210492806,KMCF,72211612873,0542W,KSPG,0511W",138
10,"St Petersburg, FL, United States",2022-05-20,30.0,23.3,26.8,34.0,23.3,28.2,22.1,75.9,5.01,100,12.5,rain,0,0,55.3,37.1,152.9,1015.6,39.7,15.5,175.8,15.2,10,100,2022-05-20T06:38:48,2022-05-20T20:15:47,0.63,"Rain, Partially cloudy",Partly cloudy throughout the day with rain in the morning and afternoon.,rain,"74788012810,KPIE,72210492806,KMCF,72211612873,0542W,KSPG,0511W",138
11,"St Petersburg, FL, United States",2022-05-21,29.4,24.3,26.5,34.5,24.3,28.2,22.3,77.8,0.0,0,0.0,rain,0,0,46.4,37.0,152.5,1019.8,47.8,15.8,109.8,9.3,6,100,2022-05-21T06:38:21,2022-05-21T20:16:21,0.68,Partially cloudy,Clearing in the afternoon.,partly-cloudy-day,"74788012810,KPIE,72210492806,KMCF,72211612873,0542W,KSPG,0511W",138
12,"St Petersburg, FL, United States",2022-05-22,32.9,23.8,28.2,38.3,23.8,31.0,23.1,74.8,0.0,0,0.0,rain,0,0,42.5,26.6,144.0,1020.3,48.5,15.6,262.8,22.7,9,100,2022-05-22T06:37:56,2022-05-22T20:16:54,0.74,Partially cloudy,Partly cloudy throughout the day.,partly-cloudy-day,"74788012810,KPIE,72210492806,KMCF,72211612873,KSPG,0511W",138
13,"St Petersburg, FL, United States",2022-05-23,31.7,25.0,28.2,35.2,25.0,30.4,22.1,70.6,0.0,0,0.0,,0,0,32.0,27.6,203.8,1018.1,29.6,16.0,297.8,25.8,10,75,2022-05-23T06:37:33,2022-05-23T20:17:28,0.79,Partially cloudy,Partly cloudy throughout the day.,partly-cloudy-day,"74788012810,KPIE,72210492806,KMCF,72211612873,0542W,KSPG,0511W",138
14,"St Petersburg, FL, United States",2022-05-24,31.2,24.3,27.8,34.5,24.3,29.5,22.1,72.4,2.3,100,4.17,rain,0,0,31.7,24.1,188.7,1016.0,26.0,16.0,307.6,26.8,10,75,2022-05-24T06:37:10,2022-05-24T20:18:01,0.85,"Rain, Partially cloudy",Partly cloudy throughout the day with early morning rain.,rain,"74788012810,KPIE,72210492806,KMCF,72211612873,0542W,KSPG,0511W",138
15,"St Petersburg, FL, United States",2022-05-25,32.9,25.0,28.2,33.8,25.0,29.4,20.7,65.4,0.0,0,0.0,rain,0,0,38.9,31.6,165.5,1016.8,19.3,16.0,250.1,21.6,9,30,2022-05-25T06:36:49,2022-05-25T20:18:33,0.89,Clear,Clear conditions throughout the day.,clear-day,"74788012810,KPIE,72210492806,KMCF,72211612873,0542W,KSPG,0511W",138
16,"St Petersburg, FL, United States",2022-05-26,31.7,25.0,27.9,33.9,25.0,29.6,21.7,69.9,0.0,0,0.0,rain,0,0,42.5,33.4,179.3,1017.5,16.0,16.0,254.0,21.9,10,75,2022-05-26T06:36:29,2022-05-26T20:19:06,0.93,Clear,Clear conditions throughout the day.,clear-day,"74788012810,KPIE,72210492806,KMCF,72211612873,KSPG,0511W",138
17,"St Petersburg, FL, United States",2022-05-27,28.9,25.6,27.2,32.1,25.6,29.0,22.1,74.1,0.0,0,0.0,rain,0,0,42.5,26.0,203.3,1014.8,36.0,16.0,195.3,16.9,7,75,2022-05-27T06:36:11,2022-05-27T20:19:38,0.96,Partially cloudy,Partly cloudy throughout the day.,partly-cloudy-day,"74788012810,KPIE,72210492806,KMCF,72211612873,KSPG,0511W",138
18,"St Petersburg, FL, United States",2022-05-28,30.7,25.0,27.6,31.9,25.0,28.7,20.5,66.9,2.48,100,4.17,rain,0,0,29.5,18.3,249.0,1012.9,28.1,15.6,270.9,23.3,9,75,2022-05-28T06:35:53,2022-05-28T20:20:09,0.99,"Rain, Partially cloudy",Partly cloudy throughout the day with morning rain.,rain,"74788012810,KPIE,72210492806,KMCF,72211612873,0542W,KSPG,0545W,0511W",138
19,"St Petersburg, FL, United States",2022-05-29,32.2,24.9,28.1,32.6,24.9,28.6,18.9,59.3,0.0,0,0.0,,0,0,53.6,40.5,169.5,1014.1,6.7,16.0,320.9,27.6,10,60,2022-05-29T06:35:37,2022-05-29T20:20:40,1.0,Clear,Clear conditions throughout the day.,clear-day,"74788012810,KPIE,72210492806,KMCF,72211612873,KSPG,0511W",138
20,"St Petersburg, FL, United States",2022-05-30,33.3,22.8,27.1,34.6,22.8,28.1,20.8,70.1,39.96,100,12.5,rain,0,0,50.1,30.6,172.0,1015.8,21.5,15.2,277.7,24.1,9,75,2022-05-30T06:35:23,2022-05-30T20:21:11,0.0,"Rain, Partially cloudy",Partly cloudy throughout the day with late afternoon rain.,rain,"74788012810,KPIE,72210492806,KMCF,72211612873,0542W,KSPG,0511W",138
21,"St Petersburg, FL, United States",2022-05-31,32.2,22.8,26.5,34.3,22.8,27.5,21.5,75.1,15.4,100,16.67,rain,0,0,64.8,22.2,133.8,1015.9,27.9,15.3,266.1,23.2,9,100,2022-05-31T06:35:10,2022-05-31T20:21:41,0.0,"Rain, Partially cloudy",Partly cloudy throughout the day with rain.,rain,"74788012810,KPIE,72210492806,KMCF,72211612873,0542W,KSPG,0511W",138
22,"St Petersburg, FL, United States",2022-06-01,30.0,24.3,26.7,32.4,24.3,27.9,21.4,73.3,0.01,100,4.17,rain,0,0,51.8,40.5,72.1,1013.9,19.0,15.9,302.0,26.1,10,30,2022-06-01T06:34:58,2022-06-01T20:22:11,0.02,Rain,Clear conditions throughout the day with afternoon rain.,rain,"74788012810,KPIE,72210492806,KMCF,72211612873,0542W,KSPG,0511W",138
23,"St Petersburg, FL, United States",2022-06-02,32.2,23.8,27.1,35.3,23.8,28.5,21.8,73.9,0.43,100,12.5,rain,0,0,39.5,24.0,132.1,1011.8,27.5,16.0,280.2,24.0,9,60,2022-06-02T06:34:47,2022-06-02T20:22:40,0.04,"Rain, Partially cloudy",Becoming cloudy in the afternoon with late afternoon rain.,rain,"74788012810,KPIE,72210492806,KMCF,72211612873,0542W,KSPG,0511W",138
24,"St Petersburg, FL, United States",2022-06-03,27.9,24.3,25.7,30.0,24.3,26.2,21.9,79.7,0.44,100,4.17,rain,0,0,37.8,31.6,124.1,1009.9,35.9,15.8,217.2,18.7,10,30,2022-06-03T06:34:38,2022-06-03T20:23:08,0.07,"Rain, Partially cloudy",Becoming cloudy in the afternoon with early morning rain.,rain,"74788012810,KPIE,72210492806,KMCF,72211612873,0542W,KSPG,0545W,0511W",138
25,"St Petersburg, FL, United States",2022-06-04,29.3,23.3,26.0,32.6,23.3,27.4,22.8,83.0,1.67,100,12.5,rain,0,0,41.8,33.4,67.8,1005.5,77.9,14.7,151.5,13.1,5,30,2022-06-04T06:34:30,2022-06-04T20:23:36,0.11,"Rain, Partially cloudy",Partly cloudy throughout the day with rain clearing later.,rain,"74788012810,KPIE,72210492806,KMCF,72211612873,0542W,KSPG,0511W",138
26,"St Petersburg, FL, United States",2022-06-05,29.4,24.3,27.0,32.6,24.3,28.8,22.5,77.1,0.0,0,0.0,rain,0,0,23.8,18.4,234.8,1007.8,15.4,16.0,306.0,26.3,10,60,2022-06-05T06:34:23,2022-06-05T20:24:04,0.14,Clear,Clear conditions throughout the day.,clear-day,"74788012810,KPIE,72210492806,KMCF,72211612873,0542W,KSPG,0511W",138
27,"St Petersburg, FL, United States",2022-06-06,30.0,25.6,27.7,34.9,25.6,30.3,23.2,77.0,0.01,100,4.17,rain,0,0,22.0,22.3,165.9,1011.1,30.1,16.0,323.3,27.7,10,75,2022-06-06T06:34:18,2022-06-06T20:24:30,0.19,"Rain, Partially cloudy",Partly cloudy throughout the day with afternoon rain.,rain,"74788012810,KPIE,72210492806,KMCF,72211612873,0542W,KSPG,0511W",138
28,"St Petersburg, FL, United States",2022-06-07,31.7,25.0,27.9,36.3,25.0,30.3,23.1,76.0,1.29,100,4.17,rain,0,0,20.9,18.3,184.1,1013.4,11.1,15.9,286.8,24.8,10,100,2022-06-07T06:34:14,2022-06-07T20:24:56,0.24,Rain,Clear conditions throughout the day with afternoon rain.,rain,"74788012810,KPIE,72210492806,KMCF,72211612873,KSPG,0511W",138
29,"St Petersburg, FL, United States",2022-06-08,31.2,26.7,28.8,34.3,29.5,32.3,23.0,71.9,0.0,0,0.0,,0,0,33.5,18.3,275.4,1014.7,1.3,16.0,307.2,26.5,9,75,2022-06-08T06:34:11,2022-06-08T20:25:21,0.29,Clear,Clear conditions throughout the day.,clear-day,"74788012810,KPIE,72210492806,KMCF,72211612873,0542W,KSPG,0511W",138
30,"St Petersburg, FL, United States",2022-06-09,29.4,26.1,28.2,34.0,26.1,32.1,24.1,78.7,3.41,100,20.83,rain,0,0,33.5,25.9,254.6,1015.0,34.4,15.4,181.2,15.8,10,100,2022-06-09T06:34:10,2022-06-09T20:25:45,0.35,"Rain, Partially cloudy",Partly cloudy throughout the day with rain in the morning and afternoon.,rain,"74788012810,KPIE,72210492806,KMCF,72211612873,0542W,KSPG,0545W,0511W",138
31,"St Petersburg, FL, United States",2022-06-10,30.0,25.0,27.7,34.5,25.0,31.3,23.9,80.1,0.51,100,8.33,rain,0,0,64.8,25.9,254.1,1013.5,36.5,15.8,224.0,19.4,10,100,2022-06-10T06:34:10,2022-06-10T20:26:09,0.39,"Rain, Partially cloudy",Partly cloudy throughout the day with rain in the morning and afternoon.,rain,"74788012810,KPIE,72210492806,KMCF,72211612873,KSPG,0511W",138
32,"St Petersburg, FL, United States",2022-06-11,29.3,25.0,27.1,34.4,25.0,29.5,23.7,81.9,4.89,100,20.83,rain,0,0,38.9,25.9,220.5,1013.0,45.8,15.9,161.7,13.9,7,75,2022-06-11T06:34:11,2022-06-11T20:26:32,0.44,"Rain, Partially cloudy",Partly cloudy throughout the day with rain.,rain,"74788012810,KPIE,72210492806,KMCF,72211612873,0542W,KSPG,0511W",138
33,"St Petersburg, FL, United States",2022-06-12,29.4,25.0,27.8,33.6,25.0,30.6,23.3,76.8,0.0,0,0.0,rain,0,0,35.3,22.3,220.0,1015.3,26.2,16.0,274.4,23.6,9,75,2022-06-12T06:34:13,2022-06-12T20:26:54,0.47,Partially cloudy,Partly cloudy throughout the day.,partly-cloudy-day,"74788012810,KPIE,72210492806,KMCF,72211612873,0542W,KSPG,0511W",138
34,"St Petersburg, FL, United States",2022-06-13,31.2,26.7,28.7,35.9,29.3,32.6,23.5,73.6,0.0,0,0.0,,0,0,27.7,22.2,239.8,1017.8,12.6,16.0,302.3,26.2,9,100,2022-06-13T06:34:16,2022-06-13T20:27:15,0.49,Clear,Clear conditions throughout the day.,clear-day,"74788012810,KPIE,72210492806,KMCF,72211612873,0542W,KSPG,0511W",138
35,"St Petersburg, FL, United States",2022-06-14,32.2,27.2,29.3,36.8,30.7,33.5,23.8,73.4,0.0,0,0.0,,0,0,24.5,20.5,228.3,1017.4,3.8,16.0,235.5,20.2,9,75,2022-06-14T06:34:21,2022-06-14T20:27:35,0.5,Clear,Clear conditions throughout the day.,clear-day,"74788012810,KPIE,72210492806,KMCF,72211612873,0542W,KSPG,0545W,0511W",138
36,"St Petersburg, FL, United States",2022-06-15,33.3,27.2,29.6,39.5,31.0,34.4,24.1,73.4,0.01,100,4.17,rain,0,0,41.0,27.7,191.8,1016.1,18.9,16.0,299.8,26.1,9,100,2022-06-15T06:34:27,2022-06-15T20:27:54,0.51,Rain,Clear conditions throughout the day with late afternoon rain.,rain,"74788012810,KPIE,72210492806,KMCF,72211612873,KSPG,0511W",138
37,"St Petersburg, FL, United States",2022-06-16,34.4,26.7,29.6,40.4,29.7,34.8,24.6,75.7,0.6,100,4.17,rain,0,0,21.2,16.0,147.0,1017.1,26.2,15.9,294.3,25.4,9,100,2022-06-16T06:34:34,2022-06-16T20:28:12,0.53,"Rain, Partially cloudy",Partly cloudy throughout the day with late afternoon rain.,rain,"74788012810,KPIE,72210492806,KMCF,72211612873,0542W,KSPG,0545W,0511W",138
38,"St Petersburg, FL, United States",2022-06-17,33.3,27.2,29.8,39.7,31.1,35.7,24.9,75.6,0.0,0,0.0,,0,0,31.7,29.4,154.2,1015.7,25.1,16.0,272.3,23.6,10,100,2022-06-17T06:34:42,2022-06-17T20:28:29,0.57,Partially cloudy,Partly cloudy throughout the day.,partly-cloudy-day,"74788012810,KPIE,72210492806,KMCF,72211612873,0542W,KSPG,0511W",138
39,"St Petersburg, FL, United States",2022-06-18,33.9,27.2,29.8,40.9,29.9,34.6,23.9,71.9,0.0,0,0.0,rain,0,0,33.5,25.8,184.2,1013.1,11.9,16.0,257.9,22.2,10,100,2022-06-18T06:34:51,2022-06-18T20:28:45,0.62,Clear,Clear conditions throughout the day.,clear-day,"74788012810,KPIE,72210492806,KMCF,72211612873,0542W,KSPG,0511W",138
40,"St Petersburg, FL, United States",2022-06-19,31.7,26.1,29.2,38.8,26.1,34.0,24.2,75.0,8.06,100,12.5,rain,0,0,59.0,25.8,240.8,1014.2,34.1,16.0,276.4,23.8,10,100,2022-06-19T06:35:02,2022-06-19T20:29:00,0.67,"Rain, Partially cloudy",Partly cloudy throughout the day with late afternoon rain.,rain,"74788012810,KPIE,72210492806,KMCF,72211612873,0542W,KSPG,0545W,0511W",138
41,"St Petersburg, FL, United States",2022-06-20,32.9,25.6,28.1,38.3,25.6,31.1,23.6,77.0,0.3,100,4.17,rain,0,0,56.5,36.8,121.9,1018.7,26.8,16.0,214.2,18.4,10,75,2022-06-20T06:35:13,2022-06-20T20:29:14,0.72,"Rain, Partially cloudy",Partly cloudy throughout the day with late afternoon rain.,rain,"74788012810,KPIE,72210492806,KMCF,72211612873,0542W,KSPG,0545W,0511W",138
42,"St Petersburg, FL, United States",2022-06-21,32.2,26.1,28.9,34.3,26.1,31.2,21.8,68.1,0.0,0,0.0,rain,0,0,32.4,29.4,83.3,1019.9,11.4,16.0,301.9,26.1,9,75,2022-06-21T06:35:26,2022-06-21T20:29:27,0.77,Clear,Clear conditions throughout the day.,clear-day,"74788012810,KPIE,72210492806,KMCF,72211612873,0542W,KSPG,0545W,0511W",138
43,"St Petersburg, FL, United States",2022-06-22,31.1,25.6,28.3,32.3,25.6,29.4,19.2,58.9,0.0,0,0.0,,0,0,23.4,24.0,157.9,1016.5,44.2,16.0,192.9,16.6,9,30,2022-06-22T06:35:39,2022-06-22T20:29:39,0.82,Partially cloudy,Partly cloudy throughout the day.,partly-cloudy-day,"74788012810,KPIE,72210492806,KMCF,72211612873,0542W,KSPG,0511W",138
44,"St Petersburg, FL, United States",2022-06-23,31.7,26.1,29.1,39.7,26.1,33.9,23.8,73.5,0.0,0,0.0,,0,0,33.5,24.1,231.5,1012.3,8.7,16.0,318.3,27.5,9,100,2022-06-23T06:35:54,2022-06-23T20:29:50,0.87,Clear,Clear conditions throughout the day.,clear-day,"74788012810,KPIE,72210492806,KMCF,72211612873,0542W,KSPG,0511W",138
45,"St Petersburg, FL, United States",2022-06-24,31.7,26.0,29.4,39.7,26.0,35.7,25.6,80.7,2.14,100,8.33,rain,0,0,66.6,54.1,213.1,1012.7,31.2,16.0,281.4,24.2,9,100,2022-06-24T06:36:10,2022-06-24T20:29:59,0.91,"Rain, Partially cloudy",Clearing in the afternoon with late afternoon rain.,rain,"74788012810,KPIE,72210492806,KMCF,72211612873,KSPG,0511W",138
46,"St Petersburg, FL, United States",2022-06-25,30.7,26.1,28.1,36.1,26.1,31.3,23.5,76.4,0.0,0,0.0,rain,0,0,33.5,27.6,123.2,1015.3,16.4,16.0,206.3,17.9,8,75,2022-06-25T06:36:26,2022-06-25T20:30:07,0.95,Clear,Clear conditions throughout the day.,clear-day,"74788012810,KPIE,72210492806,KMCF,72211612873,0542W,KSPG,0545W,0511W",138
47,"St Petersburg, FL, United States",2022-06-26,32.8,24.6,27.8,38.3,24.6,31.0,24.2,81.5,50.13,100,16.67,rain,0,0,46.4,38.7,93.8,1016.1,25.3,14.5,190.3,16.6,9,100,2022-06-26T06:36:44,2022-06-26T20:30:15,0.97,"Rain, Partially cloudy",Partly cloudy throughout the day with late afternoon rain.,rain,"74788012810,KPIE,72210492806,KMCF,72211612873,0542W,KSPG,0511W",138
48,"St Petersburg, FL, United States",2022-06-27,33.8,25.0,28.3,38.3,25.0,30.8,23.7,77.9,13.94,100,12.5,rain,0,0,42.5,27.6,151.3,1015.5,20.7,15.5,259.2,22.3,9,75,2022-06-27T06:37:02,2022-06-27T20:30:20,0.99,"Rain, Partially cloudy",Partly cloudy throughout the day with rain.,rain,"74788012810,KPIE,72210492806,KMCF,72211612873,0542W,KSPG,0511W",138
49,"St Petersburg, FL, United States",2022-06-28,32.2,26.1,28.5,37.4,26.1,31.6,23.7,76.2,7.83,100,4.17,rain,0,0,67.3,45.8,128.2,1017.0,11.9,16.0,292.3,25.2,9,75,2022-06-28T06:37:22,2022-06-28T20:30:25,1.0,Rain,Clear conditions throughout the day with late afternoon rain.,rain,"74788012810,KPIE,72210492806,KMCF,72211612873,0542W,KSPG,0511W",138
50,"St Petersburg, FL, United States",2022-06-29,34.3,23.9,28.7,37.9,23.9,31.8,23.1,73.2,25.49,100,8.33,rain,0,0,72.0,26.0,148.4,1019.4,12.7,15.4,337.9,29.4,10,75,2022-06-29T06:37:42,2022-06-29T20:30:28,0.0,Rain,Clear conditions throughout the day with late afternoon rain.,rain,"74788012810,KPIE,72210492806,KMCF,72211612873,KSPG",138
51,"St Petersburg, FL, United States",2022-06-30,31.7,26.1,28.3,37.9,26.1,31.4,23.5,75.9,3.3,100,12.5,rain,0,0,51.8,38.8,179.0,1019.0,25.8,15.9,303.4,26.2,10,75,2022-06-30T06:38:03,2022-06-30T20:30:31,0.01,"Rain, Partially cloudy",Partly cloudy throughout the day with late afternoon rain.,rain,"74788012810,KPIE,72210492806,KMCF,72211612873,KSPG,0545W,0511W",138
52,"St Petersburg, FL, United States",2022-07-01,31.1,25.6,28.0,37.2,25.6,31.0,23.5,77.0,2.8,100,12.5,rain,0,0,51.8,25.9,170.4,1017.7,21.6,16.0,247.4,21.4,10,75,2022-07-01T06:38:25,2022-07-01T20:30:31,0.03,"Rain, Partially cloudy",Becoming cloudy in the afternoon with rain.,rain,"74788012810,KPIE,72210492806,KMCF,72211612873,0542W,KSPG,0545W,0511W",138
53,"St Petersburg, FL, United States",2022-07-02,30.7,26.7,28.1,37.2,29.6,32.1,24.0,78.7,0.0,0,0.0,,0,0,19.8,22.3,132.7,1017.1,22.8,16.0,159.1,13.6,10,75,2022-07-02T06:38:47,2022-07-02T20:30:31,0.05,Partially cloudy,Becoming cloudy in the afternoon.,partly-cloudy-day,"74788012810,KPIE,72210492806,72211612873,KMCF,0542W,KSPG,0545W,0511W",138
54,"St Petersburg, FL, United States",2022-07-03,31.1,26.1,27.9,38.8,26.1,31.9,24.4,81.5,0.09,100,8.33,rain,0,0,59.3,20.4,147.3,1018.2,9.0,16.0,123.0,10.6,5,75,2022-07-03T06:39:10,2022-07-03T20:30:29,0.08,Rain,Clear conditions throughout the day with afternoon rain.,rain,"74788012810,KPIE,72210492806,KMCF,72211612873,KSPG,0545W,0511W",138
55,"St Petersburg, FL, United States",2022-07-04,32.9,25.6,28.5,38.0,25.6,31.7,23.8,76.8,0.01,100,4.17,rain,0,0,22.0,25.8,147.9,1018.4,12.2,15.9,283.2,24.6,10,60,2022-07-04T06:39:34,2022-07-04T20:30:26,0.12,Rain,Clear conditions throughout the day with late afternoon rain.,rain,"74788012810,KPIE,72210492806,KMCF,72211612873,KSPG,0511W",138
56,"St Petersburg, FL, United States",2022-07-05,34.3,26.2,29.7,39.5,26.2,35.0,24.6,75.0,25.88,100,8.33,rain,0,0,21.2,22.2,184.1,1017.1,21.6,15.5,289.0,25.0,9,100,2022-07-05T06:39:59,2022-07-05T20:30:22,0.17,"Rain, Partially cloudy",Partly cloudy throughout the day with rain.,rain,"74788012810,KPIE,72210492806,KMCF,72211612873,0542W,KSPG,0545W,0511W",138
57,"St Petersburg, FL, United States",2022-07-06,33.8,26.7,29.3,41.3,29.5,34.9,25.2,79.6,4.07,100,8.33,rain,0,0,58.5,36.9,152.2,1015.9,15.1,15.8,284.3,24.4,9,100,2022-07-06T06:40:24,2022-07-06T20:30:16,0.22,Rain,Clear conditions throughout the day with late afternoon rain.,rain,"74788012810,KPIE,72210492806,KMCF,72211612873,0542W,KSPG,0545W,0511W",138
58,"St Petersburg, FL, United States",2022-07-07,32.2,26.7,29.0,39.5,30.3,34.5,25.3,81.0,0.0,0,0.0,rain,0,0,55.4,25.8,198.2,1016.2,53.2,16.0,243.8,21.0,10,100,2022-07-07T06:40:50,2022-07-07T20:30:09,0.27,Partially cloudy,Partly cloudy throughout the day.,partly-cloudy-day,"74788012810,KPIE,72210492806,KMCF,72211612873,0542W,KSPG,0545W,0511W",138
59,"St Petersburg, FL, United States",2022-07-08,32.8,26.1,29.2,40.3,26.1,34.4,25.0,78.9,1.79,100,4.17,rain,0,0,53.6,16.4,184.5,1017.5,26.0,16.0,280.1,24.2,9,75,2022-07-08T06:41:17,2022-07-08T20:30:00,0.33,"Rain, Partially cloudy",Partly cloudy throughout the day with late afternoon rain.,rain,"74788012810,KPIE,72210492806,KMCF,72211612873,0542W,KSPG,0545W,0511W",138
60,"St Petersburg, FL, United States",2022-07-09,31.7,27.2,29.6,39.5,30.1,34.9,24.5,74.8,0.0,0,0.0,rain,0,0,42.7,20.5,166.3,1017.6,16.3,16.0,291.8,25.3,10,100,2022-07-09T06:41:44,2022-07-09T20:29:50,0.38,Clear,Clear conditions throughout the day.,clear-day,"74788012810,KPIE,72210492806,KMCF,72211612873,KSPG,0511W",138
61,"St Petersburg, FL, United States",2022-07-10,31.7,27.8,29.7,38.0,32.4,35.7,25.1,76.4,2.09,100,12.5,rain,0,0,47.9,24.1,227.6,1014.9,46.1,16.0,269.0,23.2,10,100,2022-07-10T06:42:12,2022-07-10T20:29:39,0.42,"Rain, Partially cloudy",Partly cloudy throughout the day with rain clearing later.,rain,"74788012810,KPIE,72210492806,KMCF,72211612873,0542W,KSPG,0545W,0511W",138
62,"St Petersburg, FL, United States",2022-07-11,30.0,28.3,28.9,35.4,33.2,34.0,24.6,77.3,0.1,100,12.5,rain,0,0,38.9,27.7,237.9,1013.1,32.4,16.0,212.4,18.2,10,75,2022-07-11T06:42:40,2022-07-11T20:29:27,0.46,"Rain, Partially cloudy",Partly cloudy throughout the day with rain in the morning and afternoon.,rain,"74788012810,KPIE,72210492806,KMCF,72211612873,KSPG,0545W,0511W",138
63,"St Petersburg, FL, United States",2022-07-12,32.2,27.8,29.6,38.0,31.9,34.7,24.4,74.1,0.0,0,0.0,rain,0,0,37.1,29.5,209.0,1014.8,30.8,16.0,212.8,18.2,9,100,2022-07-12T06:43:08,2022-07-12T20:29:13,0.49,Partially cloudy,Partly cloudy throughout the day.,partly-cloudy-day,"74788012810,KPIE,72210492806,KMCF,72211612873,0542W,KSPG,0545W,0511W",138
64,"St Petersburg, FL, United States",2022-07-13,32.2,24.9,28.9,38.8,24.9,32.8,24.3,77.0,0.3,100,4.17,rain,0,0,33.5,20.5,123.1,1017.5,8.7,16.0,280.5,24.3,9,100,2022-07-13T06:43:37,2022-07-13T20:28:58,0.5,Rain,Clear conditions throughout the day with afternoon rain.,rain,"74788012810,KPIE,72210492806,KMCF,72211612873,0542W,0545W,KSPG,0511W",138
65,"St Petersburg, FL, United States",2022-07-14,31.1,25.0,28.0,37.9,25.0,31.3,23.6,77.4,1.41,100,12.5,rain,0,0,66.6,35.1,165.0,1018.7,20.2,16.0,184.0,15.8,10,75,2022-07-14T06:44:07,2022-07-14T20:28:41,0.51,"Rain, Partially cloudy",Becoming cloudy in the afternoon with late afternoon rain.,rain,"74788012810,KPIE,72210492806,72211612873,KMCF,0542W,KSPG,0511W",138
66,"St Petersburg, FL, United States",2022-07-15,33.3,24.3,28.0,38.0,24.3,30.1,22.6,74.0,0.5,100,4.17,rain,0,0,33.5,24.0,140.7,1018.5,15.6,16.0,280.1,24.1,9,75,2022-07-15T06:44:37,2022-07-15T20:28:23,0.53,Rain,Clear conditions throughout the day with early morning rain.,rain,"74788012810,KPIE,72210492806,KMCF,72211612873,KSPG,0545W,0511W",138
67,"St Petersburg, FL, United States",2022-07-16,33.3,24.9,27.9,37.7,24.9,30.3,23.5,78.0,24.89,100,20.83,rain,0,0,48.1,25.9,115.7,1016.5,26.0,15.2,269.2,23.4,9,75,2022-07-16T06:45:07,2022-07-16T20:28:04,0.55,"Rain, Partially cloudy",Becoming cloudy in the afternoon with late afternoon rain.,rain,"74788012810,KPIE,72210492806,KMCF,72211612873,0542W,0545W,KSPG,0511W",138
68,"St Petersburg, FL, United States",2022-07-17,30.0,25.0,27.7,36.1,25.0,30.6,23.9,80.4,0.1,100,12.5,rain,0,0,50.0,24.0,158.3,1015.6,15.9,16.0,215.0,18.6,8,75,2022-07-17T06:45:37,2022-07-17T20:27:43,0.6,Rain,Clear conditions throughout the day with rain in the morning and afternoon.,rain,"74788012810,KPIE,72210492806,72211612873,KMCF,0542W,KSPG,0545W,0511W",138
69,"St Petersburg, FL, United States",2022-07-18,31.7,26.7,29.2,38.1,29.9,34.6,25.1,79.4,0.0,0,0.0,rain,0,0,37.1,25.8,197.5,1017.5,20.8,16.0,286.3,24.9,10,100,2022-07-18T06:46:08,2022-07-18T20:27:21,0.65,Partially cloudy,Becoming cloudy in the afternoon.,partly-cloudy-day,"74788012810,KPIE,72210492806,KMCF,72211612873,KSPG,0545W,0511W",138
70,"St Petersburg, FL, United States",2022-07-19,32.2,28.2,29.8,39.6,33.3,36.5,25.6,78.6,0.94,100,8.33,rain,0,0,42.8,28.2,205.5,1018.2,28.1,15.7,196.5,16.9,9,100,2022-07-19T06:46:39,2022-07-19T20:26:57,0.7,"Rain, Partially cloudy",Partly cloudy throughout the day with morning rain.,rain,"74788012810,KPIE,72210492806,KMCF,72211612873,0542W,KSPG,0545W,0511W",138
71,"St Petersburg, FL, United States",2022-07-20,32.8,27.8,30.0,39.7,33.3,36.1,25.0,75.3,0.03,100,4.17,rain,0,0,31.7,18.3,187.5,1017.0,5.6,16.0,263.8,23.1,10,100,2022-07-20T06:47:10,2022-07-20T20:26:33,0.75,Rain,Clear conditions throughout the day with morning rain.,rain,"74788012810,KPIE,72210492806,KMCF,72211612873,KSPG,0545W,0511W",138
72,"St Petersburg, FL, United States",2022-07-21,32.8,26.7,29.5,37.9,29.7,33.9,23.8,72.2,0.0,0,0.0,rain,0,0,35.3,18.3,182.6,1016.3,15.3,16.0,298.0,25.9,10,100,2022-07-21T06:47:42,2022-07-21T20:26:07,0.8,Clear,Clear conditions throughout the day.,clear-day,"74788012810,KPIE,72210492806,72211612873,KMCF,0542W,KSPG,0545W,0511W",138
73,"St Petersburg, FL, United States",2022-07-22,32.9,25.0,29.0,40.4,25.0,33.6,24.3,76.1,23.51,100,12.5,rain,0,0,95.7,64.4,169.7,1017.6,36.2,15.5,254.5,21.9,9,100,2022-07-22T06:48:14,2022-07-22T20:25:39,0.85,"Rain, Partially cloudy",Becoming cloudy in the afternoon with late afternoon rain.,rain,"74788012810,KPIE,72210492806,KMCF,72211612873,KSPG,0545W,0511W",138
74,"St Petersburg, FL, United States",2022-07-23,33.3,25.6,28.3,39.5,25.6,32.0,23.8,77.1,0.02,100,4.17,rain,0,0,40.7,20.5,157.5,1019.1,22.1,15.9,240.8,20.8,9,75,2022-07-23T06:48:45,2022-07-23T20:25:10,0.89,"Rain, Partially cloudy",Becoming cloudy in the afternoon with afternoon rain.,rain,"74788012810,KPIE,72210492806,KMCF,72211612873,KSPG,0545W,0511W",138
75,"St Petersburg, FL, United States",2022-07-24,33.8,27.2,29.6,38.9,30.4,34.5,24.3,74.5,0.0,0,0.0,rain,0,0,23.4,22.2,158.8,1018.8,4.3,16.0,264.4,22.8,9,75,2022-07-24T06:49:17,2022-07-24T20:24:40,0.93,Clear,Clear conditions throughout the day.,clear-day,"74788012810,KPIE,72210492806,KMCF,72211612873,0542W,KSPG,0545W,0511W",138
76,"St Petersburg, FL, United States",2022-07-25,33.3,26.7,29.2,38.9,29.7,33.8,24.0,74.4,0.01,100,4.17,rain,0,0,27.7,25.8,133.9,1018.3,17.5,16.0,269.7,23.5,10,75,2022-07-25T06:49:49,2022-07-25T20:24:09,0.96,Rain,Clear conditions throughout the day with late afternoon rain.,rain,"74788012810,KPIE,72210492806,KMCF,72211612873,0542W,KSPG,0545W,0511W",138
77,"St Petersburg, FL, United States",2022-07-26,32.2,23.9,27.5,39.5,23.9,30.6,23.9,81.0,30.5,100,20.83,rain,0,0,70.2,25.9,99.2,1019.0,22.7,14.5,208.0,17.8,9,75,2022-07-26T06:50:22,2022-07-26T20:23:37,0.98,"Rain, Partially cloudy",Becoming cloudy in the afternoon with rain.,rain,"74788012810,KPIE,72210492806,KMCF,72211612873,0542W,KSPG,0545W,0511W",138
78,"St Petersburg, FL, United States",2022-07-27,31.7,25.0,28.2,38.8,25.0,31.8,24.5,81.0,0.0,0,0.0,rain,0,0,38.9,24.1,156.2,1018.8,11.3,16.0,269.3,23.2,10,100,2022-07-27T06:50:54,2022-07-27T20:23:03,1.0,Clear,Clear conditions throughout the day.,clear-day,"74788012810,KPIE,72210492806,KMCF,72211612873,KSPG,0545W,0511W",138
79,"St Petersburg, FL, United States",2022-07-28,33.8,26.7,29.7,39.0,29.9,35.0,24.6,74.9,0.0,0,0.0,rain,0,0,18.4,22.2,169.0,1018.5,6.1,16.0,308.4,26.6,9,100,2022-07-28T06:51:26,2022-07-28T20:22:28,1.0,Clear,Clear conditions throughout the day.,clear-day,"74788012810,KPIE,72210492806,KMCF,72211612873,0542W,KSPG,0545W,0511W",138
80,"St Petersburg, FL, United States",2022-07-29,34.3,27.2,30.4,39.5,30.4,35.9,24.3,71.3,0.0,0,0.0,rain,0,0,23.0,20.5,134.6,1018.7,11.3,16.0,279.5,24.1,9,100,2022-07-29T06:51:59,2022-07-29T20:21:51,0.0,Clear,Clear conditions throughout the day.,clear-day,"74788012810,KPIE,72210492806,KMCF,72211612873,0542W,KSPG,0545W,0511W",138
81,"St Petersburg, FL, United States",2022-07-30,33.4,26.7,30.0,38.3,29.4,34.5,23.6,69.8,0.0,0,0.0,,0,0,29.2,16.6,137.2,1020.0,9.6,16.0,264.5,22.9,10,75,2022-07-30T06:52:31,2022-07-30T20:21:14,0.01,Clear,Clear conditions throughout the day.,clear-day,"74788012810,KPIE,72210492806,KMCF,72211612873,0542W,KSPG,0545W,0511W",138
82,"St Petersburg, FL, United States",2022-07-31,34.3,26.7,30.2,40.2,29.6,35.3,24.1,71.2,0.0,0,0.0,rain,0,0,33.1,27.6,149.4,1021.0,22.1,15.9,269.8,23.3,9,100,2022-07-31T06:53:03,2022-07-31T20:20:35,0.04,Partially cloudy,Partly cloudy throughout the day.,partly-cloudy-day,"74788012810,KPIE,72210492806,KMCF,72211612873,KSPG,0545W,0511W",138
83,"St Petersburg, FL, United States",2022-08-01,33.3,27.2,30.1,39.5,31.1,35.1,24.3,72.6,0.99,100,4.17,rain,0,0,29.9,27.6,199.6,1020.3,17.3,16.0,292.8,25.3,10,100,2022-08-01T06:53:36,2022-08-01T20:19:55,0.07,Rain,Clear conditions throughout the day with early morning rain.,rain,"74788012810,KPIE,72210492806,KMCF,72211612873,KSPG,0545W,0511W",138
84,"St Petersburg, FL, United States",2022-08-02,32.2,27.3,30.0,39.5,30.0,35.9,24.9,75.0,19.77,100,16.67,rain,0,0,47.9,18.3,217.7,1018.1,21.0,15.1,235.9,20.3,9,100,2022-08-02T06:54:08,2022-08-02T20:19:14,0.1,"Rain, Partially cloudy",Partly cloudy throughout the day with rain in the morning and afternoon.,rain,"74788012810,KPIE,72210492806,KMCF,72211612873,0542W,KSPG,0545W,0511W",138
85,"St Petersburg, FL, United States",2022-08-03,31.7,26.1,28.6,37.9,26.1,32.6,24.1,77.6,5.72,100,8.33,rain,0,0,47.9,27.6,195.1,1016.6,16.6,16.0,216.8,18.8,8,100,2022-08-03T06:54:40,2022-08-03T20:18:32,0.14,Rain,Clear conditions throughout the day with rain in the morning and afternoon.,rain,"74788012810,KPIE,72210492806,KMCF,72211612873,0542W,KSPG,0545W,0511W",138
86,"St Petersburg, FL, United States",2022-08-04,32.9,26.7,29.0,36.6,28.8,33.1,23.6,73.7,0.03,100,4.17,rain,0,0,33.5,18.3,128.7,1017.2,23.4,16.0,253.5,21.8,9,75,2022-08-04T06:55:13,2022-08-04T20:17:48,0.2,"Rain, Partially cloudy",Partly cloudy throughout the day with late afternoon rain.,rain,"74788012810,KPIE,72210492806,KMCF,72211612873,KSPG,0511W",138
87,"St Petersburg, FL, United States",2022-08-05,33.8,25.6,28.9,39.0,25.6,33.3,24.5,78.1,2.93,100,8.33,rain,0,0,55.5,24.1,109.7,1018.2,15.4,16.0,272.3,23.5,9,75,2022-08-05T06:55:45,2022-08-05T20:17:04,0.25,Rain,Clear conditions throughout the day with early morning rain.,rain,"74788012810,KPIE,72210492806,KMCF,72211612873,0542W,KSPG,0545W,0511W",138
88,"St Petersburg, FL, United States",2022-08-06,33.4,27.2,29.6,40.2,31.0,34.8,24.5,74.8,2.97,100,4.17,rain,0,0,47.9,24.0,99.9,1019.4,31.6,15.5,281.4,24.3,9,100,2022-08-06T06:56:17,2022-08-06T20:16:18,0.31,"Rain, Partially cloudy",Partly cloudy throughout the day with late afternoon rain.,rain,"74788012810,KPIE,72210492806,KMCF,72211612873,0542W,KSPG,0545W,0511W",138
89,"St Petersburg, FL, United States",2022-08-07,33.4,26.7,29.4,38.9,29.2,34.3,24.4,75.2,0.3,100,4.17,rain,0,0,57.1,29.5,87.5,1019.6,12.7,16.0,253.8,21.8,9,100,2022-08-07T06:56:49,2022-08-07T20:15:31,0.36,Rain,Clear conditions throughout the day with late afternoon rain.,rain,"74788012810,KPIE,72210492806,KMCF,72211612873,0542W,KSPG,0545W,0511W",138
90,"St Petersburg, FL, United States",2022-08-08,32.8,25.0,27.8,38.2,25.0,31.0,24.1,81.1,1.34,100,8.33,rain,0,0,68.4,35.1,117.0,1018.6,32.0,16.0,217.7,18.6,9,100,2022-08-08T06:57:21,2022-08-08T20:14:44,0.41,"Rain, Partially cloudy",Partly cloudy throughout the day with late afternoon rain.,rain,"74788012810,KPIE,72210492806,KMCF,72211612873,0542W,KSPG,0511W",138
91,"St Petersburg, FL, United States",2022-08-09,32.2,25.0,27.4,39.5,25.0,30.7,24.7,85.8,6.96,100,12.5,rain,0,0,47.9,24.0,100.0,1019.0,21.6,16.0,171.0,15.0,9,100,2022-08-09T06:57:52,2022-08-09T20:13:55,0.45,"Rain, Partially cloudy",Becoming cloudy in the afternoon with rain.,rain,"KPIE,74788012810,72210492806,KMCF,72211612873,0542W,KSPG,0545W,0511W",138
92,"St Petersburg, FL, United States",2022-08-10,33.3,26.7,29.5,40.2,29.6,35.0,24.9,77.3,0.0,0,0.0,rain,0,0,27.7,22.3,144.4,1019.7,24.4,15.9,253.8,21.8,9,100,2022-08-10T06:58:24,2022-08-10T20:13:05,0.48,Partially cloudy,Clearing in the afternoon.,partly-cloudy-day,"74788012810,KPIE,72210492806,KMCF,72211612873,0542W,KSPG,0545W,0511W",138
93,"St Petersburg, FL, United States",2022-08-11,30.6,25.6,28.7,36.4,25.6,33.1,23.9,75.8,3.92,100,16.67,rain,0,0,26.6,27.6,136.6,1018.5,16.1,15.8,201.3,17.2,9,100,2022-08-11T06:58:55,2022-08-11T20:12:14,0.5,Rain,Clear conditions throughout the day with rain clearing later.,rain,"74788012810,KPIE,72210492806,KMCF,72211612873,0542W,KSPG,0545W,0511W",138
94,"St Petersburg, FL, United States",2022-08-12,32.2,26.7,28.9,36.6,29.4,32.4,23.2,72.7,0.0,0,0.0,,0,0,26.3,24.1,175.8,1016.9,3.3,16.0,237.1,20.5,9,60,2022-08-12T06:59:27,2022-08-12T20:11:23,0.5,Clear,Clear conditions throughout the day.,clear-day,"74788012810,KPIE,72210492806,KMCF,72211612873,KSPG,0545W,0511W",138
95,"St Petersburg, FL, United States",2022-08-13,31.2,27.2,29.0,37.2,30.7,33.3,23.8,74.1,1.78,100,4.17,rain,0,0,29.5,22.2,206.6,1015.9,18.3,15.8,229.2,19.8,10,75,2022-08-13T06:59:58,2022-08-13T20:10:30,0.52,Rain,Clear conditions throughout the day with afternoon rain.,rain,"74788012810,KPIE,72210492806,KMCF,72211612873,0542W,KSPG,0545W,0511W",138
96,"St Petersburg, FL, United States",2022-08-14,28.8,26.2,27.8,34.2,26.2,31.5,23.9,79.6,1.56,100,12.5,rain,0,0,47.9,24.0,224.8,1014.6,29.9,16.0,92.7,7.8,4,100,2022-08-14T07:00:29,2022-08-14T20:09:36,0.54,"Rain, Partially cloudy",Partly cloudy throughout the day with rain in the morning and afternoon.,rain,"74788012810,KPIE,72210492806,KMCF,72211612873,0542W,KSPG,0545W,0511W",138
97,"St Petersburg, FL, United States",2022-08-15,28.8,24.4,26.7,32.8,24.4,28.9,24.2,86.5,29.29,100,16.67,rain,0,0,25.2,20.4,163.9,1013.1,53.4,14.3,140.3,12.0,6,75,2022-08-15T07:01:00,2022-08-15T20:08:42,0.58,"Rain, Partially cloudy",Partly cloudy throughout the day with rain in the morning and afternoon.,rain,"74788012810,KPIE,72210492806,KMCF,72211612873,0542W,KSPG,0545W,0511W",138
98,"St Petersburg, FL, United States",2022-08-16,31.2,26.1,28.7,38.0,26.1,32.8,24.4,78.7,0.0,0,0.0,rain,0,0,31.7,20.5,210.4,1012.8,26.3,16.0,250.0,21.6,9,100,2022-08-16T07:01:30,2022-08-16T20:07:46,0.62,Partially cloudy,Partly cloudy throughout the day.,partly-cloudy-day,"74788012810,KPIE,72210492806,KMCF,72211612873,0542W,KSPG,0545W,0511W",138
99,"St Petersburg, FL, United States",2022-08-17,31.2,25.5,28.8,38.8,25.5,33.8,24.9,79.8,7.74,100,16.67,rain,0,0,33.5,20.5,257.3,1013.5,25.4,15.1,208.0,17.9,9,100,2022-08-17T07:02:01,2022-08-17T20:06:50,0.67,"Rain, Partially cloudy",Partly cloudy throughout the day with morning rain.,rain,"KPIE,72210492806,KMCF,72211612873,KSPG,0545W,0511W",138
100,"St Petersburg, FL, United States",2022-08-18,31.7,26.7,29.2,38.8,29.5,34.8,25.1,79.1,0.0,0,0.0,rain,0,0,40.2,22.2,198.3,1013.7,21.9,16.0,251.9,21.7,10,100,2022-08-18T07:02:31,2022-08-18T20:05:53,0.72,Partially cloudy,Partly cloudy throughout the day.,partly-cloudy-day,"KPIE,72210492806,KMCF,72211612873,KSPG,0511W",138
101,"St Petersburg, FL, United States",2022-08-19,32.2,26.1,28.9,42.1,26.1,33.2,24.8,79.2,0.12,100,8.33,rain,0,0,33.5,22.3,196.9,1015.6,20.7,16.0,260.5,22.5,9,100,2022-08-19T07:03:02,2022-08-19T20:04:55,0.77,"Rain, Partially cloudy",Partly cloudy throughout the day with afternoon rain.,rain,"KPIE,74788012810,72210492806,KMCF,72211612873,0542W,KSPG,0545W,0511W",138
102,"St Petersburg, FL, United States",2022-08-20,35.6,25.7,29.3,43.4,25.7,34.1,24.4,76.1,1.27,100,8.33,rain,0,0,52.1,27.6,121.2,1018.4,19.7,15.7,259.5,22.6,9,100,2022-08-20T07:03:32,2022-08-20T20:03:56,0.82,Rain,Clear conditions throughout the day with late afternoon rain.,rain,"KPIE,72210492806,KMCF,72211612873,0542W,KSPG,0545W,0511W",138
103,"St Petersburg, FL, United States",2022-08-21,35.0,27.2,29.6,42.1,30.4,35.5,25.4,79.7,0.83,100,12.5,rain,0,0,64.8,18.3,135.8,1017.8,15.8,15.8,249.4,21.7,9,100,2022-08-21T07:04:01,2022-08-21T20:02:57,0.86,Rain,Clear conditions throughout the day with late afternoon rain.,rain,"KPIE,74788012810,72210492806,KMCF,72211612873,0542W,KSPG,0545W,0511W",138
104,"St Petersburg, FL, United States",2022-08-22,33.8,27.2,29.8,40.2,31.8,35.7,25.2,77.4,2.79,100,8.33,rain,0,0,22.0,20.5,161.9,1015.4,18.3,16.0,246.9,21.3,9,100,2022-08-22T07:04:31,2022-08-22T20:01:57,0.9,Rain,Clear conditions throughout the day with rain.,rain,"KPIE,72210492806,KMCF,72211612873,KSPG,0545W,0511W",138
105,"St Petersburg, FL, United States",2022-08-23,31.7,26.7,28.9,40.4,29.9,34.1,24.9,79.8,0.0,0,0.0,,0,0,35.3,20.5,170.9,1013.4,12.4,16.0,228.3,19.8,8,100,2022-08-23T07:05:01,2022-08-23T20:00:56,0.94,Clear,Clear conditions throughout the day.,clear-day,"KPIE,74788012810,72210492806,KMCF,72211612873,0542W,KSPG,0545W,0511W",138
106,"St Petersburg, FL, United States",2022-08-24,32.8,26.1,28.6,40.4,26.1,33.3,24.7,80.3,0.07,100,12.5,rain,0,0,53.6,40.6,131.8,1014.4,10.7,16.0,253.8,21.8,9,100,2022-08-24T07:05:30,2022-08-24T19:59:54,0.97,Rain,Clear conditions throughout the day with late afternoon rain.,rain,"KPIE,72210492806,KMCF,72211612873,0542W,KSPG,0545W,0511W",138
107,"St Petersburg, FL, United States",2022-08-25,32.8,26.1,28.6,40.4,26.1,33.8,25.3,82.8,0.05,100,12.5,rain,0,0,60.8,36.9,122.3,1015.9,29.2,16.0,262.2,22.6,9,75,2022-08-25T07:05:59,2022-08-25T19:58:52,0.99,"Rain, Partially cloudy",Partly cloudy throughout the day with late afternoon rain.,rain,"KPIE,72210492806,KMCF,72211612873,KSPG,0545W,0511W",138
108,"St Petersburg, FL, United States",2022-08-26,31.1,26.1,27.5,39.1,26.1,31.3,25.3,88.1,1.86,100,12.5,rain,0,0,41.7,20.5,133.2,1015.3,18.5,16.0,180.3,15.7,10,75,2022-08-26T07:06:28,2022-08-26T19:57:49,1.0,Rain,Clear conditions throughout the day with afternoon rain.,rain,"KPIE,74788012810,72210492806,KMCF,72211612873,KSPG,0545W,0511W",138
109,"St Petersburg, FL, United States",2022-08-27,31.2,26.7,28.2,38.8,29.7,33.1,25.1,83.4,0.08,100,8.33,rain,0,0,59.1,29.4,164.1,1013.8,22.5,16.0,201.9,17.5,6,100,2022-08-27T07:06:57,2022-08-27T19:56:46,0.0,"Rain, Partially cloudy",Partly cloudy throughout the day with rain in the morning and afternoon.,rain,"KPIE,74788012810,72210492806,KMCF,72211612873,KSPG,0545W,0511W",138
110,"St Petersburg, FL, United States",2022-08-28,30.7,26.1,27.6,38.7,26.1,31.2,25.1,86.7,3.09,100,12.5,rain,0,0,35.3,35.0,150.8,1013.4,31.0,15.5,154.0,13.3,9,75,2022-08-28T07:07:26,2022-08-28T19:55:42,0.01,"Rain, Partially cloudy",Partly cloudy throughout the day with rain.,rain,"KPIE,72210492806,KMCF,72211612873,0542W,KSPG,0545W,0511W",138
111,"St Petersburg, FL, United States",2022-08-29,30.6,25.6,27.9,37.2,25.6,31.2,24.6,83.0,0.11,100,12.5,rain,0,0,50.0,22.3,143.5,1013.9,14.5,16.0,186.3,16.0,6,75,2022-08-29T07:07:55,2022-08-29T19:54:37,0.02,Rain,Clear conditions throughout the day with late afternoon rain.,rain,"KPIE,74788012810,72210492806,KMCF,72211612873,0542W,KSPG,0545W,0511W",138
112,"St Petersburg, FL, United States",2022-08-30,31.7,26.7,28.7,41.3,30.3,34.5,25.7,84.4,0.02,100,8.33,rain,0,0,44.6,22.3,181.3,1014.2,43.4,16.0,169.6,14.8,6,100,2022-08-30T07:08:23,2022-08-30T19:53:32,0.05,"Rain, Partially cloudy",Partly cloudy throughout the day with rain in the morning and afternoon.,rain,"KPIE,72210492806,KMCF,72211612873,0542W,KSPG,0545W,0511W",138
113,"St Petersburg, FL, United States",2022-08-31,32.2,27.2,29.5,39.7,31.8,35.3,25.3,79.0,0.0,0,0.0,rain,0,0,40.7,29.4,182.8,1014.5,17.1,16.0,276.3,23.9,10,100,2022-08-31T07:08:51,2022-08-31T19:52:26,0.09,Clear,Clear conditions throughout the day.,clear-day,"KPIE,74788012810,72210492806,KMCF,72211612873,0542W,KSPG,0545W,0511W",138
114,"St Petersburg, FL, United States",2022-09-01,32.8,25.6,29.0,39.7,25.6,33.6,24.7,78.3,1.13,100,16.67,rain,0,0,50.0,22.2,134.3,1014.5,18.0,15.7,250.8,21.7,9,75,2022-09-01T07:09:20,2022-09-01T19:51:20,0.13,Rain,Clear conditions throughout the day with late afternoon rain.,rain,"KPIE,74788012810,72210492806,KMCF,72211612873,KSPG,0545W,0511W",138
115,"St Petersburg, FL, United States",2022-09-02,31.7,24.9,27.7,38.8,24.9,31.1,24.5,83.1,42.78,100,8.33,rain,0,0,53.6,31.6,137.3,1016.0,29.4,15.5,203.1,17.5,10,75,2022-09-02T07:09:48,2022-09-02T19:50:13,0.18,"Rain, Partially cloudy",Becoming cloudy in the afternoon with late afternoon rain.,rain,"74788012810,KPIE,72210492806,KMCF,72211612873,0542W,KSPG,0545W,0511W",138
116,"St Petersburg, FL, United States",2022-09-03,32.2,26.1,28.1,39.5,26.1,31.9,25.0,84.0,12.98,100,16.67,rain,0,0,23.8,16.5,123.8,1016.6,43.2,16.0,225.0,19.3,8,75,2022-09-03T07:10:16,2022-09-03T19:49:06,0.24,"Rain, Partially cloudy",Partly cloudy throughout the day with rain.,rain,"74788012810,KPIE,72210492806,KMCF,72211612873,KSPG,0545W,0511W",138
117,"St Petersburg, FL, United States",2022-09-04,33.3,27.2,29.6,39.4,31.0,34.8,24.6,75.6,0.0,0,0.0,rain,0,0,18.7,20.4,159.7,1014.9,20.5,16.0,253.9,21.9,9,75,2022-09-04T07:10:44,2022-09-04T19:47:59,0.29,Partially cloudy,Clearing in the afternoon.,partly-cloudy-day,"74788012810,KPIE,72210492806,KMCF,72211612873,0542W,KSPG,0545W,0511W",138
118,"St Petersburg, FL, United States",2022-09-05,33.3,26.7,29.4,42.1,29.7,35.6,25.4,79.4,0.0,0,0.0,rain,0,0,22.3,22.3,145.1,1015.1,16.2,16.0,236.8,20.2,9,100,2022-09-05T07:11:11,2022-09-05T19:46:51,0.35,Clear,Clear conditions throughout the day.,clear-day,"74788012810,KPIE,72210492806,KMCF,72211612873,KSPG,0511W",138
119,"St Petersburg, FL, United States",2022-09-06,32.8,27.8,30.0,41.3,32.9,37.2,26.0,79.7,0.75,100,4.17,rain,0,0,21.2,14.8,184.5,1016.0,15.8,15.9,253.6,22.0,10,100,2022-09-06T07:11:39,2022-09-06T19:45:43,0.4,Rain,Clear conditions throughout the day with late afternoon rain.,rain,"74788012810,KPIE,72210492806,KMCF,72211612873,0542W,KSPG,0545W,0511W",138
120,"St Petersburg, FL, United States",2022-09-07,31.2,25.7,28.9,41.2,25.7,35.3,25.9,83.7,0.72,100,12.5,rain,0,0,55.4,35.2,215.1,1013.3,28.2,15.7,156.8,13.6,6,100,2022-09-07T07:12:07,2022-09-07T19:44:34,0.44,"Rain, Partially cloudy",Partly cloudy throughout the day with rain.,rain,"74788012810,KPIE,72210492806,KMCF,72211612873,0542W,KSPG,0545W,0511W",138
121,"St Petersburg, FL, United States",2022-09-08,29.4,23.4,25.9,34.5,23.4,27.8,24.5,92.6,27.01,100,29.17,rain,0,0,69.9,20.5,158.4,1008.0,38.5,14.7,50.0,4.5,3,100,2022-09-08T07:12:34,2022-09-08T19:43:26,0.47,"Rain, Partially cloudy",Partly cloudy throughout the day with rain.,rain,"74788012810,KPIE,72210492806,KMCF,72211612873,0542W,KSPG,0545W,0511W",138
122,"St Petersburg, FL, United States",2022-09-09,28.3,23.8,26.2,34.4,23.8,27.9,25.2,94.2,4.14,100,33.33,rain,0,0,44.6,24.0,176.3,1008.3,33.6,15.8,66.8,5.9,4,75,2022-09-09T07:13:02,2022-09-09T19:42:16,0.49,"Rain, Partially cloudy",Partly cloudy throughout the day with rain.,rain,"74788012810,KPIE,72210492806,KMCF,72211612873,0542W,KSPG,0545W,0511W",138
123,"St Petersburg, FL, United States",2022-09-10,28.3,24.3,26.1,35.0,24.3,27.9,25.0,93.9,22.61,100,20.83,rain,0,0,42.8,25.8,131.4,1015.0,32.0,14.5,90.3,7.8,4,100,2022-09-10T07:13:30,2022-09-10T19:41:07,0.5,"Rain, Partially cloudy",Partly cloudy throughout the day with afternoon rain.,rain,"74788012810,KPIE,72210492806,KMCF,72211612873,0542W,KSPG,0545W,0511W",138
124,"St Petersburg, FL, United States",2022-09-11,30.6,25.6,27.6,39.6,25.6,31.6,25.8,90.2,12.35,100,20.83,rain,0,0,61.2,36.6,146.9,1017.4,20.7,15.1,220.2,19.0,8,100,2022-09-11T07:13:57,2022-09-11T19:39:58,0.51,"Rain, Partially cloudy",Becoming cloudy in the afternoon with rain.,rain,"KPIE,74788012810,72210492806,KMCF,72211612873,KSPG,0545W,0511W",138
125,"St Petersburg, FL, United States",2022-09-12,30.7,25.6,27.4,39.5,25.6,31.1,25.7,90.9,0.0,0,0.0,,0,0,43.5,24.1,122.9,1014.4,31.3,16.0,212.4,18.3,9,100,2022-09-12T07:14:25,2022-09-12T19:38:48,0.53,Partially cloudy,Partly cloudy throughout the day.,partly-cloudy-day,"KPIE,74788012810,72210492806,KMCF,72211612873,0542W,KSPG,0545W,0511W",138
126,"St Petersburg, FL, United States",2022-09-13,30.0,26.1,27.7,38.4,26.1,31.9,25.4,87.1,0.08,100,16.67,rain,0,0,15.1,20.5,103.9,1012.6,26.8,16.0,173.4,15.1,9,100,2022-09-13T07:14:52,2022-09-13T19:37:38,0.56,"Rain, Partially cloudy",Partly cloudy throughout the day with afternoon rain.,rain,"KPIE,72210492806,KMCF,72211612873,0542W,KSPG,0545W,0511W",138
127,"St Petersburg, FL, United States",2022-09-14,28.8,24.3,26.7,35.5,24.3,29.3,25.2,91.8,26.04,100,25.0,rain,0,0,50.0,32.8,141.7,1013.7,34.8,15.1,99.8,8.7,6,100,2022-09-14T07:15:20,2022-09-14T19:36:28,0.6,"Rain, Partially cloudy",Partly cloudy throughout the day with rain.,rain,"KPIE,74788012810,72210492806,KMCF,72211612873,0542W,KSPG,0545W,0511W",138
128,"St Petersburg, FL, United States",2022-09-15,31.1,24.3,26.8,37.1,24.3,29.0,24.6,88.6,0.0,0,0.0,rain,0,0,24.8,25.8,107.7,1015.7,35.8,16.0,242.7,21.1,9,60,2022-09-15T07:15:47,2022-09-15T19:35:17,0.64,Partially cloudy,Partly cloudy throughout the day.,partly-cloudy-day,"KPIE,74788012810,72210492806,KMCF,72211612873,KSPG,0511W",138
129,"St Petersburg, FL, United States",2022-09-16,28.4,23.3,25.9,32.4,23.3,27.2,23.8,88.5,11.09,100,20.83,rain,0,0,60.8,23.3,124.0,1016.7,34.7,15.5,88.5,7.6,5,60,2022-09-16T07:16:15,2022-09-16T19:34:07,0.69,"Rain, Partially cloudy",Partly cloudy throughout the day with late afternoon rain.,rain,"KPIE,72210492806,KMCF,72211612873,KSPG,0545W,0511W",138
130,"St Petersburg, FL, United States",2022-09-17,30.0,23.8,25.8,34.9,23.8,27.1,23.5,88.0,12.85,100,16.67,rain,0,0,48.1,33.4,90.1,1016.4,52.8,15.0,207.6,18.0,9,60,2022-09-17T07:16:42,2022-09-17T19:32:57,0.74,"Rain, Partially cloudy",Clearing in the afternoon with rain.,rain,"KPIE,74788012810,72210492806,KMCF,72211612873,KSPG,0545W,0511W",138
131,"St Petersburg, FL, United States",2022-09-18,28.9,23.3,26.2,32.8,23.3,27.9,22.9,83.0,0.0,0,0.0,rain,0,0,23.0,16.5,210.8,1014.0,46.7,16.0,174.1,15.0,10,60,2022-09-18T07:17:10,2022-09-18T19:31:46,0.78,Partially cloudy,Partly cloudy throughout the day.,partly-cloudy-day,"KPIE,72210492806,KMCF,72211612873,0542W,KSPG,0545W,0511W",138
132,"St Petersburg, FL, United States",2022-09-19,30.7,25.6,27.7,34.5,25.6,30.5,23.7,79.2,0.0,0,0.0,rain,0,0,28.1,16.5,153.7,1012.3,36.0,16.0,190.3,16.4,10,75,2022-09-19T07:17:37,2022-09-19T19:30:36,0.83,Partially cloudy,Becoming cloudy in the afternoon.,partly-cloudy-day,"KPIE,72210492806,KMCF,72211612873,KSPG,0545W,0511W",138
133,"St Petersburg, FL, United States",2022-09-20,31.7,25.6,27.7,37.2,25.6,30.0,23.4,78.4,14.61,100,4.17,rain,0,0,38.9,22.3,119.9,1012.7,15.5,16.0,204.7,17.8,9,75,2022-09-20T07:18:05,2022-09-20T19:29:25,0.87,Rain,Clear conditions throughout the day with late afternoon rain.,rain,"KPIE,72210492806,KMCF,72211612873,KSPG,0545W,0511W",138
134,"St Petersburg, FL, United States",2022-09-21,30.7,26.1,28.0,35.9,26.1,31.2,23.7,78.1,0.81,100,8.33,rain,0,0,32.0,25.9,64.5,1011.7,22.7,15.9,240.3,20.8,9,60,2022-09-21T07:18:33,2022-09-21T19:28:15,0.91,"Rain, Partially cloudy",Becoming cloudy in the afternoon with afternoon rain.,rain,"KPIE,74788012810,72210492806,KMCF,72211612873,0542W,KSPG,0545W,0511W",138
135,"St Petersburg, FL, United States",2022-09-22,31.7,25.6,28.4,36.8,25.6,31.4,23.4,75.3,0.0,0,0.0,rain,0,0,33.5,20.5,182.4,1010.7,5.5,16.0,257.5,22.1,10,60,2022-09-22T07:19:01,2022-09-22T19:27:05,0.95,Clear,Clear conditions throughout the day.,clear-day,"KPIE,72210492806,KMCF,72211612873,0542W,KSPG,0545W,0511W",138
136,"St Petersburg, FL, United States",2022-09-23,32.2,26.2,28.6,41.2,26.2,33.1,24.2,77.1,18.41,100,8.33,rain,0,0,92.4,24.1,249.5,1012.5,28.3,15.3,165.4,14.2,9,100,2022-09-23T07:19:29,2022-09-23T19:25:54,0.97,"Rain, Partially cloudy",Partly cloudy throughout the day with afternoon rain.,rain,"KPIE,72210492806,KMCF,72211612873,KSPG,0545W,0511W",138
137,"St Petersburg, FL, United States",2022-09-24,31.2,25.6,28.0,35.4,25.6,30.4,23.2,76.2,0.0,0,0.0,,0,0,33.5,29.4,61.0,1014.6,30.6,16.0,211.2,18.1,9,30,2022-09-24T07:19:58,2022-09-24T19:24:44,0.99,Partially cloudy,Clearing in the afternoon.,partly-cloudy-day,"KPIE,74788012810,72210492806,KMCF,72211612873,KSPG,0545W,0511W",138
138,"St Petersburg, FL, United States",2022-09-25,31.1,25.6,27.5,35.5,25.6,29.6,22.8,76.0,0.0,0,0.0,rain,0,0,29.5,29.4,82.9,1012.3,63.2,16.0,146.1,12.8,6,60,2022-09-25T07:20:26,2022-09-25T19:23:34,1.0,Partially cloudy,Partly cloudy throughout the day.,partly-cloudy-day,"KPIE,74788012810,72210492806,KMCF,72211612873,KSPG,0545W,0511W",138
139,"St Petersburg, FL, United States",2022-09-26,33.3,24.3,27.7,40.4,24.3,31.0,24.7,84.7,5.91,100,16.67,rain,0,0,60.8,21.3,125.2,1011.0,37.5,15.5,230.1,20.0,8,100,2022-09-26T07:20:55,2022-09-26T19:22:24,0.0,"Rain, Partially cloudy",Clearing in the afternoon with late afternoon rain.,rain,"KPIE,72210492806,KMCF,72211612873,0542W,KSPG,0545W,0511W",138
140,"St Petersburg, FL, United States",2022-09-27,26.7,24.3,25.7,29.3,24.3,26.3,23.4,87.7,1.2,100,16.67,rain,0,0,53.6,40.6,82.2,1011.1,27.8,16.0,87.3,7.3,4,30,2022-09-27T07:21:23,2022-09-27T19:21:15,0.01,"Rain, Partially cloudy",Partly cloudy throughout the day with late afternoon rain.,rain,"KPIE,74788012810,72210492806,KMCF,72211612873,KSPG,0545W,0511W",138
141,"St Petersburg, FL, United States",2022-09-28,25.0,22.2,23.5,25.0,22.2,23.5,23.2,98.7,73.27,100,100.0,rain,0,0,123.9,81.6,36.3,1003.8,96.9,6.4,7.9,0.6,0,10,2022-09-28T07:21:52,2022-09-28T19:20:05,0.04,"Rain, Overcast",Cloudy skies throughout the day with a chance of rain throughout the day.,rain,"KPIE,74788012810,72210492806,KMCF,72211612873,KSPG,0545W,0511W",138
142,"St Petersburg, FL, United States",2022-09-29,23.3,18.9,21.2,23.3,18.9,21.2,17.9,82.0,0.0,0,0.0,rain,0,0,74.1,46.4,338.8,1005.2,80.8,16.0,140.7,12.0,8,10,2022-09-29T07:22:21,2022-09-29T19:18:56,0.07,Partially cloudy,Partly cloudy throughout the day.,partly-cloudy-day,"KPIE,74788012810,72210492806,KMCF,72211612873,0542W,KSPG,0545W,0511W",138
143,"St Petersburg, FL, United States",2022-09-30,24.3,19.3,21.7,24.3,19.3,21.7,17.2,75.7,0.0,0,0.0,,0,0,40.7,25.9,333.8,1009.3,3.9,17.5,251.5,21.8,9,10,2022-09-30T07:22:51,2022-09-30T19:17:47,0.12,Clear,Clear conditions throughout the day.,clear-day,"KPIE,KMCF,KSPG,0511W",138
