,name,datetime,tempmax,tempmin,temp,feelslikemax,feelslikemin,feelslike,dew,humidity,precip,precipprob,precipcover,preciptype,snow,snowdepth,windgust,windspeed,winddir,sealevelpressure,cloudcover,visibility,solarradiation,solarenergy,uvindex,severerisk,sunrise,sunset,moonphase,conditions,description,icon,stations,skey
0,"Largo, FL, United States",2022-05-10,27.8,17.0,22.7,27.9,17.0,22.8,14.3,60.9,0.0,0,0.0,,0,0,46.4,22.0,134.3,1018.5,1.3,16.0,339.6,29.5,10,10,2022-05-10T06:44:41,2022-05-10T20:10:51,0.32,Clear,Clear conditions throughout the day.,clear-day,"KCLW,99999992828,KPIE,0503W,AR428,72211612873,KSPG",140
1,"Largo, FL, United States",2022-05-11,27.5,18.9,23.3,27.5,18.9,23.3,13.6,55.3,0.0,0,0.0,,0,0,43.2,30.8,151.3,1017.4,3.1,16.0,338.8,29.2,10,10,2022-05-11T06:44:03,2022-05-11T20:11:27,0.37,Clear,Clear conditions throughout the day.,clear-day,"KCLW,99999992828,KPIE,0503W,AR428,72211612873",140
2,"Largo, FL, United States",2022-05-12,26.8,18.9,23.2,27.1,18.9,23.2,15.0,61.5,0.0,0,0.0,,0,0,37.8,22.4,150.1,1014.8,24.4,16.0,323.2,27.9,10,10,2022-05-12T06:43:25,2022-05-12T20:12:02,0.41,Partially cloudy,Partly cloudy throughout the day.,partly-cloudy-day,"KCLW,99999992828,KPIE,0503W,72211612873",140
3,"Largo, FL, United States",2022-05-13,27.7,19.7,23.8,28.3,19.7,23.9,17.6,69.4,0.0,0,0.0,,0,0,18.7,15.9,193.6,1014.4,47.2,16.0,255.7,22.1,10,30,2022-05-13T06:42:48,2022-05-13T20:12:37,0.45,Partially cloudy,Partly cloudy throughout the day.,partly-cloudy-day,"KCLW,99999992828,KPIE,0503W,72210492806,72211612873,KSPG",140
4,"Largo, FL, United States",2022-05-14,28.7,20.4,24.6,30.0,20.4,24.9,18.5,70.0,0.0,0,0.0,,0,0,31.7,22.3,171.5,1014.5,2.5,16.0,326.0,28.2,10,30,2022-05-14T06:42:13,2022-05-14T20:13:12,0.48,Clear,Clear conditions throughout the day.,clear-day,"KCLW,99999992828,KPIE,0503W,AR428,72211612873",140
5,"Largo, FL, United States",2022-05-15,28.9,22.3,25.1,30.9,22.3,25.7,20.3,75.3,0.0,0,0.0,rain,0,0,29.8,19.8,209.3,1013.8,13.0,16.0,342.2,29.5,10,60,2022-05-15T06:41:39,2022-05-15T20:13:47,0.5,Clear,Clear conditions throughout the day.,clear-day,"KCLW,99999992828,KPIE,0503W,AR428,72211612873",140
6,"Largo, FL, United States",2022-05-16,27.8,21.1,25.0,29.1,21.1,25.4,19.7,73.3,0.0,0,0.0,,0,0,31.7,16.6,245.5,1013.7,33.0,16.0,311.0,26.8,10,60,2022-05-16T06:41:06,2022-05-16T20:14:22,0.5,Partially cloudy,Partly cloudy throughout the day.,partly-cloudy-day,"KCLW,99999992828,KPIE,0503W,AR428,72211612873",140
7,"Largo, FL, United States",2022-05-17,29.8,21.9,25.8,31.4,21.9,26.5,20.8,75.1,0.0,0,0.0,,0,0,25.9,16.0,250.0,1015.3,16.5,16.0,336.2,28.9,10,60,2022-05-17T06:40:35,2022-05-17T20:14:57,0.52,Clear,Clear conditions throughout the day.,clear-day,"KCLW,99999992828,KPIE,0503W,AR428,72211612873,KSPG",140
8,"Largo, FL, United States",2022-05-18,30.4,22.3,26.7,34.4,22.3,28.3,22.5,78.9,0.0,0,0.0,rain,0,0,18.7,18.0,257.6,1016.3,16.5,15.9,307.7,26.7,10,75,2022-05-18T06:40:04,2022-05-18T20:15:32,0.54,Clear,Clear conditions throughout the day.,clear-day,"KCLW,99999992828,KPIE,0503W,AR428,72211612873,0579W",140
9,"Largo, FL, United States",2022-05-19,30.0,22.5,26.3,32.8,22.5,27.2,21.5,76.5,0.0,0,0.0,,0,0,14.4,11.7,181.0,1015.2,18.0,15.8,228.6,19.8,8,75,2022-05-19T06:39:35,2022-05-19T20:16:06,0.58,Clear,Clear conditions throughout the day.,clear-day,"KCLW,99999992828,KPIE,0503W,AR428,72211612873,0579W",140
10,"Largo, FL, United States",2022-05-20,30.2,22.3,25.5,34.3,22.3,26.8,21.8,80.5,0.19,100,4.17,rain,0,0,42.8,26.9,116.0,1016.2,52.5,16.0,130.8,11.3,8,100,2022-05-20T06:39:07,2022-05-20T20:16:40,0.63,"Rain, Partially cloudy",Partly cloudy throughout the day with morning rain.,rain,"KCLW,99999992828,KPIE,0503W,72211612873,KSPG",140
11,"Largo, FL, United States",2022-05-21,29.4,22.8,26.0,34.1,22.8,27.2,22.0,79.0,0.0,0,0.0,rain,0,0,39.8,21.2,138.2,1020.4,51.3,16.0,109.6,9.2,4,100,2022-05-21T06:38:41,2022-05-21T20:17:14,0.68,Partially cloudy,Partly cloudy throughout the day.,partly-cloudy-day,"KCLW,99999992828,KPIE,0503W,AR428,72211612873,0579W",140
12,"Largo, FL, United States",2022-05-22,33.3,22.3,27.7,37.2,22.3,29.9,22.5,75.1,0.0,0,0.0,rain,0,0,38.9,21.8,148.9,1020.9,54.4,15.9,281.4,24.5,9,100,2022-05-22T06:38:15,2022-05-22T20:17:48,0.74,Partially cloudy,Partly cloudy throughout the day.,partly-cloudy-day,"KCLW,99999992828,KPIE,0503W,AR428,72211612873",140
13,"Largo, FL, United States",2022-05-23,32.2,25.0,27.9,34.3,25.0,29.6,21.9,70.9,0.0,0,0.0,rain,0,0,28.8,16.7,192.1,1018.7,55.1,16.0,310.3,27.0,10,100,2022-05-23T06:37:52,2022-05-23T20:18:22,0.79,Partially cloudy,Partly cloudy throughout the day.,partly-cloudy-day,"KCLW,99999992828,KPIE,0503W,72211612873,KSPG,0579W",140
14,"Largo, FL, United States",2022-05-24,32.0,22.4,27.0,34.2,22.4,28.4,21.5,73.7,1.7,100,4.17,rain,0,0,31.7,16.8,185.9,1016.7,40.9,16.0,247.1,21.4,8,75,2022-05-24T06:37:29,2022-05-24T20:18:55,0.85,"Rain, Partially cloudy",Becoming cloudy in the afternoon with early morning rain.,rain,"KCLW,99999992828,0503W,KPIE,AR428,72211612873,KSPG",140
15,"Largo, FL, United States",2022-05-25,33.3,23.9,27.6,33.2,23.9,28.4,20.2,66.1,0.19,100,4.17,rain,0,0,37.3,21.8,140.9,1017.4,25.6,15.8,241.8,21.1,10,75,2022-05-25T06:37:08,2022-05-25T20:19:28,0.89,"Rain, Partially cloudy",Partly cloudy throughout the day with late afternoon rain.,rain,"KCLW,99999992828,KPIE,0503W,72211612873",140
16,"Largo, FL, United States",2022-05-26,31.2,24.4,27.2,34.7,24.4,28.2,21.3,71.4,0.0,0,0.0,rain,0,0,38.9,22.1,174.9,1018.2,27.0,16.0,269.8,23.3,9,60,2022-05-26T06:36:48,2022-05-26T20:20:00,0.93,Partially cloudy,Partly cloudy throughout the day.,partly-cloudy-day,"KCLW,99999992828,KPIE,0503W,72211612873",140
17,"Largo, FL, United States",2022-05-27,30.2,23.1,26.5,33.1,23.1,27.8,21.8,76.2,0.0,0,0.0,rain,0,0,37.1,22.3,188.8,1015.4,40.3,16.0,196.0,16.9,7,100,2022-05-27T06:36:29,2022-05-27T20:20:32,0.96,Partially cloudy,Partly cloudy throughout the day.,partly-cloudy-day,"KCLW,99999992828,KPIE,0503W,72211612873",140
18,"Largo, FL, United States",2022-05-28,30.8,22.3,26.6,31.8,22.3,27.0,19.5,67.8,0.0,0,0.0,,0,0,25.9,16.8,307.7,1013.6,8.4,16.0,342.2,29.5,10,75,2022-05-28T06:36:12,2022-05-28T20:21:04,0.99,Clear,Clear conditions throughout the day.,clear-day,"KCLW,99999992828,KPIE,0503W,72211612873,0550W,0579W",140
19,"Largo, FL, United States",2022-05-29,31.4,21.1,26.5,32.6,21.1,26.9,18.3,63.3,0.0,0,0.0,,0,0,30.6,17.1,176.7,1014.7,15.2,16.0,332.4,28.7,10,60,2022-05-29T06:35:56,2022-05-29T20:21:35,1.0,Clear,Clear conditions throughout the day.,clear-day,"KCLW,99999992828,KPIE,0503W,72210492806,72211612873,0579W",140
20,"Largo, FL, United States",2022-05-30,33.1,20.4,26.5,33.5,20.4,27.2,20.2,70.5,2.65,100,12.5,rain,0,0,66.6,22.4,157.8,1016.3,23.7,15.7,289.1,25.3,10,100,2022-05-30T06:35:41,2022-05-30T20:22:06,0.0,"Rain, Partially cloudy",Partly cloudy throughout the day with late afternoon rain.,rain,"KCLW,99999992828,KPIE,0503W,72210492806,72211612873,KSPG,0579W",140
21,"Largo, FL, United States",2022-05-31,31.4,21.4,25.6,34.0,21.4,26.3,20.8,76.9,2.37,100,12.5,rain,0,0,64.8,24.5,149.8,1016.5,21.9,15.7,343.7,29.7,10,75,2022-05-31T06:35:27,2022-05-31T20:22:37,0.0,"Rain, Partially cloudy",Partly cloudy throughout the day with rain.,rain,"KCLW,99999992828,KPIE,0503W,72210492806,72211612873,KSPG,0579W",140
22,"Largo, FL, United States",2022-06-01,29.8,22.7,25.5,31.5,22.7,25.9,20.6,74.9,3.09,100,8.33,rain,0,0,46.4,18.7,69.0,1014.4,22.5,16.0,308.8,26.6,10,60,2022-06-01T06:35:15,2022-06-01T20:23:06,0.02,"Rain, Partially cloudy",Becoming cloudy in the afternoon with afternoon rain.,rain,"KCLW,KPIE,99999992828,0503W,72210492806,72211612873,KSPG",140
23,"Largo, FL, United States",2022-06-02,31.7,22.0,26.1,33.9,22.0,27.1,21.2,75.3,7.2,100,8.33,rain,0,0,46.4,20.0,132.3,1012.4,27.9,16.0,255.2,22.1,10,60,2022-06-02T06:35:05,2022-06-02T20:23:35,0.04,"Rain, Partially cloudy",Partly cloudy throughout the day with late afternoon rain.,rain,"KCLW,99999992828,KPIE,0503W,72211612873",140
24,"Largo, FL, United States",2022-06-03,27.5,23.1,25.2,29.7,23.1,25.7,21.5,80.6,0.0,0,0.0,rain,0,0,35.3,20.4,96.8,1010.4,26.4,16.0,160.4,13.7,6,30,2022-06-03T06:34:55,2022-06-03T20:24:04,0.07,Partially cloudy,Partly cloudy throughout the day.,partly-cloudy-day,"KCLW,99999992828,KPIE,0503W,AR428,72211612873,0579W",140
25,"Largo, FL, United States",2022-06-04,29.8,22.5,25.6,32.9,22.5,26.7,21.4,78.8,1.99,100,20.83,rain,0,0,37.1,21.2,63.6,1006.2,79.1,14.0,237.8,20.4,10,30,2022-06-04T06:34:47,2022-06-04T20:24:32,0.11,"Rain, Partially cloudy",Partly cloudy throughout the day with rain clearing later.,rain,"KCLW,99999992828,KPIE,0503W,72211612873",140
26,"Largo, FL, United States",2022-06-05,30.6,22.0,26.4,33.1,22.0,27.7,21.3,74.3,0.0,0,0.0,,0,0,24.8,14.2,170.3,1008.4,15.5,16.0,281.5,24.4,10,60,2022-06-05T06:34:41,2022-06-05T20:24:59,0.14,Clear,Clear conditions throughout the day.,clear-day,"KCLW,99999992828,KPIE,0503W,72211612873,0579W",140
27,"Largo, FL, United States",2022-06-06,30.4,23.5,27.0,34.4,23.5,28.8,22.6,77.1,0.63,100,8.33,rain,0,0,21.6,14.9,143.9,1011.8,48.1,16.0,281.5,24.3,10,100,2022-06-06T06:34:35,2022-06-06T20:25:26,0.19,"Rain, Partially cloudy",Partly cloudy throughout the day with afternoon rain.,rain,"KCLW,99999992828,KPIE,0503W,AR428,72211612873",140
28,"Largo, FL, United States",2022-06-07,31.7,23.1,27.4,34.8,23.1,29.3,22.4,75.6,0.0,0,0.0,,0,0,25.9,17.2,187.2,1014.0,17.4,16.0,340.4,29.5,10,100,2022-06-07T06:34:31,2022-06-07T20:25:52,0.24,Clear,Clear conditions throughout the day.,clear-day,"KCLW,99999992828,KPIE,0503W,72211612873,0579W",140
29,"Largo, FL, United States",2022-06-08,30.6,25.4,28.1,33.8,25.4,30.2,22.2,71.1,0.0,0,0.0,rain,0,0,29.5,17.2,287.3,1015.3,6.8,16.0,292.1,25.1,10,75,2022-06-08T06:34:28,2022-06-08T20:26:17,0.29,Clear,Clear conditions throughout the day.,clear-day,"KCLW,99999992828,KPIE,0503W,72211612873",140
30,"Largo, FL, United States",2022-06-09,30.2,26.1,27.7,34.4,26.1,30.3,23.1,75.8,1.43,100,8.33,rain,0,0,30.6,21.0,257.1,1015.5,38.7,15.9,197.6,17.1,7,100,2022-06-09T06:34:26,2022-06-09T20:26:42,0.35,"Rain, Partially cloudy",Partly cloudy throughout the day with rain in the morning and afternoon.,rain,"KCLW,99999992828,KPIE,0503W,72211612873,0579W",140
31,"Largo, FL, United States",2022-06-10,30.4,25.8,27.5,35.0,25.8,30.1,23.1,77.3,0.03,100,4.17,rain,0,0,43.8,26.4,252.0,1013.9,57.3,16.0,223.4,19.4,10,100,2022-06-10T06:34:26,2022-06-10T20:27:05,0.39,"Rain, Partially cloudy",Partly cloudy throughout the day with afternoon rain.,rain,"KCLW,99999992828,KPIE,0503W,72210492806,72211612873,KSPG",140
32,"Largo, FL, United States",2022-06-11,30.2,23.5,26.7,34.9,23.5,28.2,22.4,78.0,11.0,100,20.83,rain,0,0,40.6,23.1,226.8,1013.6,51.6,15.8,319.5,27.6,10,100,2022-06-11T06:34:27,2022-06-11T20:27:28,0.44,"Rain, Partially cloudy",Partly cloudy throughout the day with rain.,rain,"KCLW,99999992828,KPIE,0503W,72211612873,KSPG",140
33,"Largo, FL, United States",2022-06-12,30.6,25.0,27.8,34.2,25.0,29.6,22.1,72.2,0.0,0,0.0,,0,0,40.7,21.0,225.0,1015.9,43.5,16.0,315.0,27.3,10,60,2022-06-12T06:34:29,2022-06-12T20:27:50,0.47,Partially cloudy,Partly cloudy throughout the day.,partly-cloudy-day,"KCLW,99999992828,KPIE,0503W,72211612873,0579W",140
34,"Largo, FL, United States",2022-06-13,31.4,25.0,28.0,35.5,25.0,30.4,22.8,74.1,0.0,0,0.0,,0,0,27.7,15.4,224.9,1018.4,28.4,16.0,288.5,24.9,10,75,2022-06-13T06:34:33,2022-06-13T20:28:11,0.49,Partially cloudy,Partly cloudy throughout the day.,partly-cloudy-day,"KCLW,99999992828,KPIE,0503W,72211612873",140
35,"Largo, FL, United States",2022-06-14,32.3,25.2,28.6,36.2,25.2,31.0,22.8,72.1,0.0,0,0.0,,0,0,25.9,18.0,201.3,1018.1,6.2,16.0,256.1,22.1,9,100,2022-06-14T06:34:37,2022-06-14T20:28:31,0.5,Clear,Clear conditions throughout the day.,clear-day,"KCLW,99999992828,KPIE,0503W,72211612873,0579W",140
36,"Largo, FL, United States",2022-06-15,33.5,25.4,28.9,37.7,25.4,31.8,23.0,71.6,0.0,0,0.0,,0,0,24.8,19.1,169.0,1016.7,22.6,16.0,288.8,25.0,10,100,2022-06-15T06:34:43,2022-06-15T20:28:50,0.51,Partially cloudy,Partly cloudy throughout the day.,partly-cloudy-day,"KCLW,99999992828,KPIE,0503W,72211612873",140
37,"Largo, FL, United States",2022-06-16,33.7,25.4,28.6,40.8,25.4,31.6,23.3,73.9,3.54,100,8.33,rain,0,0,18.7,17.8,103.5,1017.7,25.8,15.7,275.4,23.7,10,100,2022-06-16T06:34:50,2022-06-16T20:29:09,0.53,"Rain, Partially cloudy",Becoming cloudy in the afternoon with rain.,rain,"KCLW,99999992828,KPIE,0503W,AR428,72211612873,0550W",140
38,"Largo, FL, United States",2022-06-17,33.1,25.6,28.8,38.1,25.6,32.2,23.9,75.8,0.0,0,0.0,rain,0,0,31.7,19.1,205.3,1016.3,32.5,16.0,277.5,23.9,10,100,2022-06-17T06:34:58,2022-06-17T20:29:26,0.57,Partially cloudy,Partly cloudy throughout the day.,partly-cloudy-day,"KCLW,99999992828,KPIE,0503W,72211612873",140
39,"Largo, FL, United States",2022-06-18,33.7,25.4,29.2,40.1,25.4,33.1,23.7,73.1,2.77,100,4.17,rain,0,0,29.8,20.5,195.0,1013.7,20.0,16.0,287.3,24.9,10,100,2022-06-18T06:35:08,2022-06-18T20:29:42,0.62,Rain,Partly cloudy throughout the day with early morning rain.,rain,"KCLW,99999992828,KPIE,0503W,72211612873",140
40,"Largo, FL, United States",2022-06-19,32.7,24.1,28.2,38.7,24.1,31.2,23.2,74.7,0.52,100,4.17,rain,0,0,55.0,19.8,200.1,1014.8,31.4,15.6,274.4,23.8,10,100,2022-06-19T06:35:18,2022-06-19T20:29:57,0.67,"Rain, Partially cloudy",Partly cloudy throughout the day with late afternoon rain.,rain,"KCLW,99999992828,KPIE,0503W,72211612873",140
41,"Largo, FL, United States",2022-06-20,31.7,24.1,27.0,37.5,24.1,28.6,22.8,78.5,9.03,100,12.5,rain,0,0,40.6,26.3,136.5,1019.3,30.0,16.0,267.5,23.2,10,100,2022-06-20T06:35:30,2022-06-20T20:30:11,0.72,"Rain, Partially cloudy",Partly cloudy throughout the day with rain.,rain,"KCLW,99999992828,KPIE,0503W,72211612873",140
42,"Largo, FL, United States",2022-06-21,32.3,23.7,28.1,32.7,23.7,28.4,19.3,62.7,0.0,0,0.0,,0,0,28.1,18.5,75.2,1020.4,17.2,16.0,320.6,27.9,10,75,2022-06-21T06:35:42,2022-06-21T20:30:24,0.77,Clear,Clear conditions throughout the day.,clear-day,"KCLW,99999992828,KPIE,0503W,AR428,72211612873,0550W,0579W",140
43,"Largo, FL, United States",2022-06-22,31.1,23.3,27.5,32.4,23.3,28.1,18.4,58.8,0.0,0,0.0,,0,0,23.4,12.4,178.2,1017.0,42.4,16.0,267.6,23.2,9,60,2022-06-22T06:35:56,2022-06-22T20:30:36,0.82,Partially cloudy,Partly cloudy throughout the day.,partly-cloudy-day,"KCLW,99999992828,KPIE,0503W,AR428,72210492806,72211612873,KSPG,0579W",140
44,"Largo, FL, United States",2022-06-23,31.7,23.9,28.4,39.0,23.9,31.9,23.0,72.7,0.0,0,0.0,,0,0,31.7,18.4,205.3,1012.9,26.3,16.0,312.0,26.8,10,100,2022-06-23T06:36:10,2022-06-23T20:30:46,0.87,Partially cloudy,Partly cloudy throughout the day.,partly-cloudy-day,"KCLW,99999992828,KPIE,0503W,72211612873",140
45,"Largo, FL, United States",2022-06-24,32.7,23.7,28.9,39.6,23.7,33.7,24.6,78.5,6.33,100,12.5,rain,0,0,39.0,18.6,227.4,1013.3,44.7,15.5,270.0,23.3,10,100,2022-06-24T06:36:26,2022-06-24T20:30:56,0.91,"Rain, Partially cloudy",Partly cloudy throughout the day with late afternoon rain.,rain,"KCLW,99999992828,KPIE,0503W,D8494,72211612873",140
46,"Largo, FL, United States",2022-06-25,30.6,24.1,27.1,35.7,24.1,29.1,22.8,77.9,0.0,0,0.0,rain,0,0,37.1,22.1,119.9,1015.9,26.0,16.0,172.8,14.8,9,75,2022-06-25T06:36:43,2022-06-25T20:31:04,0.95,Partially cloudy,Partly cloudy throughout the day.,partly-cloudy-day,"KCLW,99999992828,KPIE,0503W,AR428,72211612873,0579W",140
47,"Largo, FL, United States",2022-06-26,31.8,23.9,27.0,37.1,23.9,28.2,22.7,78.4,19.15,100,8.33,rain,0,0,37.1,22.1,130.4,1016.6,50.8,15.8,324.8,28.0,10,100,2022-06-26T06:37:00,2022-06-26T20:31:11,0.97,"Rain, Partially cloudy",Partly cloudy throughout the day with late afternoon rain.,rain,"KCLW,99999992828,KPIE,0503W,72211612873,0579W",140
48,"Largo, FL, United States",2022-06-27,31.3,23.6,27.4,35.8,23.6,29.3,22.5,75.6,1.14,100,8.33,rain,0,0,39.6,14.5,176.8,1016.1,34.0,15.7,287.9,24.8,10,75,2022-06-27T06:37:19,2022-06-27T20:31:17,0.99,"Rain, Partially cloudy",Partly cloudy throughout the day with late afternoon rain.,rain,"KCLW,99999992828,KPIE,0503W,72211612873,KSPG",140
49,"Largo, FL, United States",2022-06-28,32.5,24.2,27.8,35.6,24.2,29.6,22.4,74.3,7.43,100,8.33,rain,0,0,43.0,20.0,133.5,1017.5,19.9,15.9,305.9,26.4,10,75,2022-06-28T06:37:38,2022-06-28T20:31:22,1.0,Rain,Clear conditions throughout the day with late afternoon rain.,rain,"KCLW,99999992828,KPIE,0503W,AR428,72210492806,72211612873,KSPG",140
50,"Largo, FL, United States",2022-06-29,32.1,25.8,28.4,35.8,25.8,30.2,22.3,70.9,0.79,100,4.17,rain,0,0,50.0,18.4,150.8,1019.9,19.4,16.0,280.7,24.3,10,75,2022-06-29T06:37:58,2022-06-29T20:31:25,0.0,Rain,Clear conditions throughout the day with late afternoon rain.,rain,"KCLW,99999992828,KPIE,AR428,72210492806,72211612873,KSPG",140
51,"Largo, FL, United States",2022-06-30,31.0,24.3,27.9,36.9,24.3,30.1,22.7,74.0,7.72,100,20.83,rain,0,0,51.8,22.2,165.8,1019.6,29.2,15.8,239.9,20.8,10,100,2022-06-30T06:38:19,2022-06-30T20:31:27,0.01,"Rain, Partially cloudy",Partly cloudy throughout the day with rain.,rain,"KCLW,99999992828,KPIE,0503W,AR428,72210492806,72211612873,KSPG",140
52,"Largo, FL, United States",2022-07-01,30.6,23.4,26.5,35.1,23.4,28.1,22.5,79.7,10.99,100,25.0,rain,0,0,51.8,18.6,161.6,1018.3,27.2,15.2,240.4,20.8,10,100,2022-07-01T06:38:41,2022-07-01T20:31:28,0.03,"Rain, Partially cloudy",Partly cloudy throughout the day with rain.,rain,"KCLW,KPIE,99999992828,0503W,72210492806,72211612873,KSPG,0579W",140
53,"Largo, FL, United States",2022-07-02,30.4,23.8,26.3,34.8,23.8,27.3,23.2,83.4,1.01,100,8.33,rain,0,0,50.0,15.0,87.4,1017.8,20.7,15.5,139.0,11.8,7,75,2022-07-02T06:39:04,2022-07-02T20:31:27,0.05,"Rain, Partially cloudy",Partly cloudy throughout the day with afternoon rain.,rain,"KCLW,99999992828,KPIE,0503W,72211612873,KSPG",140
54,"Largo, FL, United States",2022-07-03,29.9,23.8,26.5,34.3,23.8,28.3,23.3,82.6,19.09,100,20.83,rain,0,0,59.3,19.1,130.4,1018.8,19.3,15.5,249.8,21.7,10,100,2022-07-03T06:39:27,2022-07-03T20:31:25,0.08,Rain,Clear conditions throughout the day with afternoon rain.,rain,"KCLW,99999992828,KPIE,0503W,72211612873,KSPG",140
55,"Largo, FL, United States",2022-07-04,32.2,23.7,27.4,37.4,23.7,29.3,22.9,77.8,10.0,100,8.33,rain,0,0,21.2,15.7,156.2,1019.0,16.7,15.2,282.5,24.4,9,75,2022-07-04T06:39:51,2022-07-04T20:31:22,0.12,Rain,Clear conditions throughout the day with late afternoon rain.,rain,"KCLW,99999992828,KPIE,0503W,72210492806,72211612873,KSPG,0579W",140
56,"Largo, FL, United States",2022-07-05,31.5,25.7,28.5,37.0,25.7,31.6,23.6,75.8,1.28,100,16.67,rain,0,0,37.1,15.0,177.0,1017.8,23.5,15.3,235.1,20.4,10,75,2022-07-05T06:40:16,2022-07-05T20:31:18,0.17,"Rain, Partially cloudy",Partly cloudy throughout the day with rain.,rain,"KCLW,99999992828,KPIE,0503W,72211612873,KSPG",140
57,"Largo, FL, United States",2022-07-06,32.5,25.5,28.7,39.4,25.5,32.3,23.9,76.2,0.65,100,12.5,rain,0,0,38.2,17.0,163.8,1016.5,22.5,15.8,251.6,21.7,10,100,2022-07-06T06:40:42,2022-07-06T20:31:12,0.22,"Rain, Partially cloudy",Partly cloudy throughout the day with late afternoon rain.,rain,"KCLW,99999992828,KPIE,0503W,72211612873,KSPG,0579W",140
58,"Largo, FL, United States",2022-07-07,32.0,26.1,28.2,37.7,26.1,31.0,24.1,79.0,2.95,100,8.33,rain,0,0,41.7,11.8,191.5,1016.7,51.1,15.7,253.7,22.1,10,100,2022-07-07T06:41:08,2022-07-07T20:31:04,0.27,"Rain, Partially cloudy",Partly cloudy throughout the day with afternoon rain.,rain,"KCLW,99999992828,KPIE,0503W,72210492806,72211612873,KSPG",140
59,"Largo, FL, United States",2022-07-08,31.5,24.9,28.2,36.4,24.9,31.1,23.8,77.6,0.94,100,4.17,rain,0,0,31.0,12.0,197.7,1018.1,30.2,15.9,235.4,20.3,10,100,2022-07-08T06:41:34,2022-07-08T20:30:56,0.33,"Rain, Partially cloudy",Partly cloudy throughout the day with late afternoon rain.,rain,"KCLW,99999992828,KPIE,0503W,72211612873,KSPG,0579W",140
60,"Largo, FL, United States",2022-07-09,30.8,25.1,27.8,36.3,25.1,30.2,23.5,78.2,10.5,100,12.5,rain,0,0,42.9,14.8,127.6,1018.2,18.8,15.6,268.7,23.5,10,75,2022-07-09T06:42:01,2022-07-09T20:30:46,0.38,Rain,Clear conditions throughout the day with rain.,rain,"KCLW,99999992828,KPIE,0503W,72211612873,KSPG,0579W",140
61,"Largo, FL, United States",2022-07-10,31.6,26.3,28.6,36.4,26.3,31.7,23.6,75.2,0.16,100,16.67,rain,0,0,47.9,20.5,244.9,1015.5,37.0,15.9,280.1,24.2,10,75,2022-07-10T06:42:29,2022-07-10T20:30:35,0.42,"Rain, Partially cloudy",Partly cloudy throughout the day with rain clearing later.,rain,"KCLW,99999992828,KPIE,0503W,72210492806,72211612873,KSPG",140
62,"Largo, FL, United States",2022-07-11,30.2,24.7,27.5,35.2,24.7,29.6,23.5,79.4,4.35,100,16.67,rain,0,0,31.7,19.6,241.6,1013.6,34.1,15.7,237.8,20.4,10,75,2022-07-11T06:42:57,2022-07-11T20:30:22,0.46,"Rain, Partially cloudy",Partly cloudy throughout the day with rain in the morning and afternoon.,rain,"KCLW,99999992828,KPIE,0503W,72211612873,KSPG,0579W",140
63,"Largo, FL, United States",2022-07-12,31.7,25.3,28.6,36.3,25.3,31.4,23.2,73.8,0.37,100,4.17,rain,0,0,38.2,21.0,192.2,1015.3,28.6,16.0,295.1,25.6,10,100,2022-07-12T06:43:26,2022-07-12T20:30:08,0.49,"Rain, Partially cloudy",Partly cloudy throughout the day with early morning rain.,rain,"KCLW,99999992828,KPIE,0503W,72211612873,0550W,KSPG",140
64,"Largo, FL, United States",2022-07-13,31.7,25.2,28.4,36.3,25.2,31.3,23.3,74.4,0.32,100,12.5,rain,0,0,33.5,16.4,110.6,1018.1,23.2,16.0,263.0,22.9,10,100,2022-07-13T06:43:55,2022-07-13T20:29:52,0.5,"Rain, Partially cloudy",Partly cloudy throughout the day with afternoon rain.,rain,"KCLW,99999992828,KPIE,0503W,72211612873,KSPG",140
65,"Largo, FL, United States",2022-07-14,30.4,22.2,26.6,35.0,22.2,28.2,22.7,79.8,5.31,100,20.83,rain,0,0,66.6,20.2,145.7,1019.4,41.1,15.5,154.5,13.4,9,100,2022-07-14T06:44:25,2022-07-14T20:29:36,0.51,"Rain, Partially cloudy",Partly cloudy throughout the day with rain.,rain,"KCLW,99999992828,KPIE,0503W,AR428,D8494,72210492806,72211612873,KSPG",140
66,"Largo, FL, United States",2022-07-15,31.4,22.4,26.5,35.4,22.4,28.0,21.4,75.5,4.95,100,16.67,rain,0,0,33.5,15.2,179.1,1019.1,20.1,15.9,267.9,23.3,10,75,2022-07-15T06:44:55,2022-07-15T20:29:18,0.53,"Rain, Partially cloudy",Partly cloudy throughout the day with rain.,rain,"KCLW,99999992828,KPIE,0503W,72211612873,0550W,KSPG",140
67,"Largo, FL, United States",2022-07-16,31.8,23.4,26.3,35.1,23.4,27.6,22.3,80.0,0.31,100,16.67,rain,0,0,45.0,22.1,102.5,1017.1,27.6,15.9,240.7,20.7,10,75,2022-07-16T06:45:25,2022-07-16T20:28:58,0.55,"Rain, Partially cloudy",Partly cloudy throughout the day with late afternoon rain.,rain,"KCLW,99999992828,0503W,KPIE,72210492806,72211612873,0550W,KSPG",140
68,"Largo, FL, United States",2022-07-17,29.9,24.2,27.1,34.6,24.2,29.2,23.0,78.8,0.52,100,12.5,rain,0,0,50.0,16.1,148.9,1016.2,31.3,16.0,192.1,16.6,7,75,2022-07-17T06:45:56,2022-07-17T20:28:37,0.6,"Rain, Partially cloudy",Partly cloudy throughout the day with afternoon rain.,rain,"KCLW,99999992828,KPIE,0503W,72211612873,0550W,KSPG",140
69,"Largo, FL, United States",2022-07-18,31.7,26.1,28.7,36.7,26.1,31.9,23.7,75.0,0.0,0,0.0,rain,0,0,37.1,20.8,191.0,1018.1,42.2,16.0,321.5,27.8,10,100,2022-07-18T06:46:27,2022-07-18T20:28:15,0.65,Partially cloudy,Partly cloudy throughout the day.,partly-cloudy-day,"KCLW,99999992828,KPIE,0503W,AR428,72211612873,KSPG,0579W",140
70,"Largo, FL, United States",2022-07-19,31.7,26.0,28.9,38.7,26.0,33.0,24.2,76.0,0.04,100,8.33,rain,0,0,33.4,18.9,240.7,1018.8,26.3,16.0,242.7,21.0,10,100,2022-07-19T06:46:58,2022-07-19T20:27:51,0.7,"Rain, Partially cloudy",Partly cloudy throughout the day with morning rain.,rain,"KCLW,99999992828,KPIE,0503W,72210492806,72211612873,KSPG",140
71,"Largo, FL, United States",2022-07-20,32.0,26.3,28.8,37.1,26.3,32.4,23.7,74.9,2.52,100,4.17,rain,0,0,31.7,17.1,143.4,1017.6,28.8,15.9,258.5,22.4,10,100,2022-07-20T06:47:29,2022-07-20T20:27:26,0.75,"Rain, Partially cloudy",Partly cloudy throughout the day with morning rain.,rain,"KCLW,99999992828,KPIE,0503W,72211612873,0550W,KSPG",140
72,"Largo, FL, United States",2022-07-21,31.3,25.3,28.3,36.2,25.3,31.2,23.0,73.6,6.99,100,8.33,rain,0,0,35.3,13.2,165.5,1016.9,15.5,15.8,231.4,19.9,9,100,2022-07-21T06:48:01,2022-07-21T20:27:00,0.8,Rain,Clear conditions throughout the day with afternoon rain.,rain,"KCLW,99999992828,KPIE,0503W,72211612873,0550W,KSPG,0579W",140
73,"Largo, FL, United States",2022-07-22,32.5,24.3,28.4,37.7,24.3,31.2,23.2,74.4,0.65,100,8.33,rain,0,0,83.5,16.0,140.2,1018.1,29.7,15.9,216.5,18.6,10,100,2022-07-22T06:48:33,2022-07-22T20:26:33,0.85,"Rain, Partially cloudy",Partly cloudy throughout the day with late afternoon rain.,rain,"KCLW,99999992828,KPIE,0503W,AR428,72211612873,KSPG,0579W",140
74,"Largo, FL, United States",2022-07-23,32.6,24.1,27.2,37.3,24.1,28.7,23.0,79.4,11.01,100,20.83,rain,0,0,39.2,19.1,122.0,1019.7,19.0,15.9,233.6,20.1,10,100,2022-07-23T06:49:05,2022-07-23T20:26:04,0.89,Rain,Clear conditions throughout the day with rain.,rain,"KCLW,99999992828,KPIE,0503W,AR428,72211612873,KSPG",140
75,"Largo, FL, United States",2022-07-24,32.2,24.1,27.9,36.2,24.1,30.1,22.7,75.2,0.0,0,0.0,rain,0,0,23.4,14.6,92.7,1019.4,18.3,16.0,245.2,21.2,10,100,2022-07-24T06:49:37,2022-07-24T20:25:33,0.93,Clear,Clear conditions throughout the day.,clear-day,"KCLW,99999992828,KPIE,0503W,72211612873,0550W,KSPG",140
76,"Largo, FL, United States",2022-07-25,32.1,26.1,27.9,35.4,26.1,30.2,22.5,73.1,1.53,100,8.33,rain,0,0,25.6,15.7,144.8,1018.9,14.7,16.0,174.1,14.9,10,75,2022-07-25T06:50:09,2022-07-25T20:25:02,0.96,Rain,Clear conditions throughout the day with morning rain.,rain,"KCLW,99999992828,KPIE,0503W,72210492806,72211612873,KSPG",140
77,"Largo, FL, United States",2022-07-26,32.4,23.4,26.6,37.1,23.4,28.1,22.8,80.6,3.67,100,25.0,rain,0,0,64.8,19.7,108.0,1019.5,29.1,15.7,145.7,12.6,9,75,2022-07-26T06:50:42,2022-07-26T20:24:29,0.98,"Rain, Partially cloudy",Becoming cloudy in the afternoon with rain.,rain,"KCLW,99999992828,KPIE,0503W,72211612873,0550W,KSPG",140
78,"Largo, FL, United States",2022-07-27,31.9,23.5,27.6,36.0,23.5,30.0,23.1,77.5,0.0,0,0.0,rain,0,0,37.1,21.9,150.7,1019.4,27.9,16.0,296.9,25.8,10,100,2022-07-27T06:51:14,2022-07-27T20:23:55,1.0,Partially cloudy,Partly cloudy throughout the day.,partly-cloudy-day,"KCLW,99999992828,KPIE,0503W,72210492806,72211612873,0550W,KSPG",140
79,"Largo, FL, United States",2022-07-28,31.8,25.3,28.6,37.2,25.3,31.8,23.9,76.7,0.42,100,4.17,rain,0,0,19.4,11.6,174.7,1019.1,26.0,15.8,296.2,25.6,10,100,2022-07-28T06:51:47,2022-07-28T20:23:20,1.0,"Rain, Partially cloudy",Partly cloudy throughout the day with early morning rain.,rain,"KCLW,99999992828,KPIE,0503W,72210492806,72211612873,KSPG",140
80,"Largo, FL, United States",2022-07-29,32.7,25.5,29.1,37.4,25.5,32.6,23.4,72.9,0.0,0,0.0,rain,0,0,22.0,13.4,175.8,1019.4,11.8,16.0,302.1,26.2,10,100,2022-07-29T06:52:19,2022-07-29T20:22:43,0.0,Clear,Clear conditions throughout the day.,clear-day,"KCLW,99999992828,KPIE,0503W,D8494,72211612873,0550W,KSPG",140
81,"Largo, FL, United States",2022-07-30,32.6,25.7,29.1,36.6,25.7,32.0,22.5,68.3,0.0,0,0.0,,0,0,24.1,13.6,150.2,1020.7,17.5,15.9,304.5,26.2,10,100,2022-07-30T06:52:52,2022-07-30T20:22:05,0.01,Clear,Clear conditions throughout the day.,clear-day,"KCLW,99999992828,KPIE,0503W,72210492806,72211612873,KSPG",140
82,"Largo, FL, United States",2022-07-31,33.5,25.7,29.3,37.0,25.7,32.3,22.7,68.8,0.0,0,0.0,rain,0,0,32.4,16.2,155.8,1021.7,10.1,16.0,321.9,27.9,10,100,2022-07-31T06:53:25,2022-07-31T20:21:26,0.04,Clear,Clear conditions throughout the day.,clear-day,"KCLW,99999992828,KPIE,0503W,72210492806,72211612873,KSPG",140
83,"Largo, FL, United States",2022-08-01,32.3,25.9,29.3,35.8,25.9,32.5,22.7,68.7,0.04,100,4.17,rain,0,0,25.6,14.7,203.5,1021.0,15.2,16.0,307.9,26.8,10,75,2022-08-01T06:53:57,2022-08-01T20:20:46,0.07,Rain,Clear conditions throughout the day with early morning rain.,rain,"KCLW,99999992828,KPIE,0503W,72210492806,72211612873,KSPG",140
84,"Largo, FL, United States",2022-08-02,32.0,26.0,29.2,37.5,26.0,33.4,23.7,72.8,1.68,100,20.83,rain,0,0,47.9,16.7,247.0,1018.7,24.8,15.8,279.9,24.1,9,100,2022-08-02T06:54:30,2022-08-02T20:20:05,0.1,"Rain, Partially cloudy",Clearing in the afternoon with rain in the morning and afternoon.,rain,"KCLW,99999992828,KPIE,0503W,AR428,72211612873,0550W,KSPG",140
85,"Largo, FL, United States",2022-08-03,31.0,24.8,27.8,35.4,24.8,30.0,22.6,74.3,0.01,100,4.17,rain,0,0,47.9,15.9,168.0,1017.2,26.7,16.0,232.3,20.2,9,100,2022-08-03T06:55:02,2022-08-03T20:19:22,0.14,"Rain, Partially cloudy",Partly cloudy throughout the day with afternoon rain.,rain,"KCLW,99999992828,KPIE,0503W,D8494,72211612873,0550W,KSPG",140
86,"Largo, FL, United States",2022-08-04,32.6,24.7,27.6,35.7,24.7,28.9,22.2,74.1,0.19,100,8.33,rain,0,0,39.0,16.1,131.5,1017.7,26.3,16.0,193.6,16.8,9,60,2022-08-04T06:55:35,2022-08-04T20:18:39,0.2,"Rain, Partially cloudy",Partly cloudy throughout the day with late afternoon rain.,rain,"KCLW,99999992828,KPIE,0503W,AR428,72211612873,0550W,KSPG",140
87,"Largo, FL, United States",2022-08-05,33.1,22.8,27.5,37.5,22.8,29.2,23.3,79.4,5.65,100,16.67,rain,0,0,49.3,14.9,115.8,1018.9,22.7,15.5,284.4,24.7,10,100,2022-08-05T06:56:07,2022-08-05T20:17:54,0.25,"Rain, Partially cloudy",Partly cloudy throughout the day with rain.,rain,"KCLW,99999992828,KPIE,0503W,72211612873,KSPG",140
88,"Largo, FL, United States",2022-08-06,33.1,25.3,28.4,36.8,25.3,30.9,23.2,74.8,0.68,100,8.33,rain,0,0,35.3,14.7,81.5,1020.0,23.7,16.0,251.7,21.6,10,100,2022-08-06T06:56:40,2022-08-06T20:17:08,0.31,"Rain, Partially cloudy",Partly cloudy throughout the day with late afternoon rain.,rain,"KCLW,99999992828,KPIE,0503W,72211612873,KSPG",140
89,"Largo, FL, United States",2022-08-07,33.1,24.6,28.3,37.2,24.6,30.6,22.8,73.4,2.3,100,8.33,rain,0,0,45.4,19.5,106.4,1020.2,25.1,15.8,318.1,27.6,10,100,2022-08-07T06:57:12,2022-08-07T20:16:21,0.36,"Rain, Partially cloudy",Partly cloudy throughout the day with late afternoon rain.,rain,"KCLW,99999992828,KPIE,0503W,72211612873,KSPG,0579W",140
90,"Largo, FL, United States",2022-08-08,31.5,23.0,26.3,35.5,23.0,27.5,22.6,81.4,3.65,100,16.67,rain,0,0,68.4,17.9,97.0,1019.2,31.6,15.6,260.2,22.4,10,75,2022-08-08T06:57:44,2022-08-08T20:15:33,0.41,"Rain, Partially cloudy",Partly cloudy throughout the day with late afternoon rain.,rain,"KCLW,99999992828,KPIE,0503W,AR428,72211612873,0550W,KSPG",140
91,"Largo, FL, United States",2022-08-09,31.4,23.8,26.2,35.8,23.8,27.2,22.5,81.3,0.48,100,12.5,rain,0,0,47.9,27.3,109.1,1019.6,23.4,15.8,212.2,18.3,9,100,2022-08-09T06:58:16,2022-08-09T20:14:44,0.45,"Rain, Partially cloudy",Partly cloudy throughout the day with rain.,rain,"KCLW,99999992828,KPIE,0503W,72210492806,72211612873,0550W,KSPG",140
92,"Largo, FL, United States",2022-08-10,32.7,24.8,28.3,36.5,24.8,31.1,23.3,75.7,0.0,0,0.0,rain,0,0,27.7,18.1,127.2,1020.4,21.9,15.7,269.4,23.2,10,100,2022-08-10T06:58:48,2022-08-10T20:13:54,0.48,Partially cloudy,Partly cloudy throughout the day.,partly-cloudy-day,"KCLW,99999992828,KPIE,0503W,72211612873,KSPG",140
93,"Largo, FL, United States",2022-08-11,30.0,24.3,27.4,33.6,24.3,29.6,22.4,74.3,3.17,100,16.67,rain,0,0,28.1,13.1,66.1,1019.1,19.2,16.0,150.5,13.1,7,100,2022-08-11T06:59:19,2022-08-11T20:13:03,0.5,Rain,Clear conditions throughout the day with rain clearing later.,rain,"KCLW,99999992828,KPIE,0503W,72210492806,72211612873,KSPG",140
94,"Largo, FL, United States",2022-08-12,31.8,25.1,28.1,34.4,25.1,29.8,21.7,69.6,0.0,0,0.0,,0,0,27.0,13.6,171.2,1017.5,4.0,16.0,215.5,18.5,9,75,2022-08-12T06:59:51,2022-08-12T20:12:11,0.5,Clear,Clear conditions throughout the day.,clear-day,"KCLW,99999992828,KPIE,0503W,AR428,72211612873,KSPG",140
95,"Largo, FL, United States",2022-08-13,31.3,24.9,28.0,34.8,24.9,30.0,22.3,71.9,0.07,100,4.17,rain,0,0,29.5,18.4,207.9,1016.5,19.6,16.0,265.2,22.9,9,75,2022-08-13T07:00:22,2022-08-13T20:11:18,0.52,Rain,Clear conditions throughout the day with afternoon rain.,rain,"KCLW,99999992828,KPIE,0503W,72211612873,KSPG",140
96,"Largo, FL, United States",2022-08-14,27.4,25.1,26.3,30.2,25.1,27.1,22.6,80.2,0.22,100,8.33,rain,0,0,29.5,19.4,237.9,1015.2,51.7,15.9,109.7,9.4,5,75,2022-08-14T07:00:54,2022-08-14T20:10:24,0.54,"Rain, Partially cloudy",Partly cloudy throughout the day with rain in the morning and afternoon.,rain,"KCLW,99999992828,KPIE,0503W,AR428,72211612873,KSPG",140
97,"Largo, FL, United States",2022-08-15,29.9,24.4,26.7,33.3,24.4,27.9,22.8,80.0,1.73,100,12.5,rain,0,0,25.9,14.3,156.0,1013.6,52.4,15.8,204.8,17.9,8,100,2022-08-15T07:01:25,2022-08-15T20:09:29,0.58,"Rain, Partially cloudy",Partly cloudy throughout the day with morning rain.,rain,"KCLW,99999992828,KPIE,0503W,D8494,72210492806,72211612873,KSPG",140
98,"Largo, FL, United States",2022-08-16,30.6,24.9,27.9,35.1,24.9,30.1,22.9,75.3,0.0,0,0.0,rain,0,0,33.1,18.5,241.3,1013.3,38.2,16.0,291.1,25.2,10,75,2022-08-16T07:01:56,2022-08-16T20:08:34,0.62,Partially cloudy,Partly cloudy throughout the day.,partly-cloudy-day,"KCLW,99999992828,KPIE,0503W,72211612873,KSPG",140
99,"Largo, FL, United States",2022-08-17,30.8,26.0,28.1,36.5,26.0,31.5,23.8,77.6,0.31,100,12.5,rain,0,0,33.5,14.4,264.5,1014.0,37.4,16.0,133.9,11.5,5,100,2022-08-17T07:02:27,2022-08-17T20:07:37,0.67,"Rain, Partially cloudy",Partly cloudy throughout the day with morning rain.,rain,"KCLW,99999992828,KPIE,0503W,72211612873,KSPG",140
100,"Largo, FL, United States",2022-08-18,31.4,25.7,28.1,37.3,25.7,30.8,23.7,77.9,0.0,0,0.0,,0,0,37.1,19.3,216.1,1014.3,30.4,16.0,269.1,23.3,10,100,2022-08-18T07:02:57,2022-08-18T20:06:40,0.72,Partially cloudy,Partly cloudy throughout the day.,partly-cloudy-day,"KCLW,99999992828,KPIE,0503W,72211612873,KSPG",140
101,"Largo, FL, United States",2022-08-19,31.4,24.7,27.6,36.6,24.7,30.1,23.3,78.1,12.39,100,12.5,rain,0,0,33.5,13.8,177.2,1016.2,19.8,15.6,220.3,19.0,10,100,2022-08-19T07:03:28,2022-08-19T20:05:42,0.77,Rain,Clear conditions throughout the day with afternoon rain.,rain,"KCLW,99999992828,KPIE,0503W,72211612873,KSPG",140
102,"Largo, FL, United States",2022-08-20,33.6,24.9,28.5,38.2,24.9,30.9,22.7,72.2,0.02,100,8.33,rain,0,0,48.2,16.9,126.0,1019.0,11.1,16.0,286.6,24.7,10,100,2022-08-20T07:03:58,2022-08-20T20:04:43,0.82,Rain,Clear conditions throughout the day with late afternoon rain.,rain,"KCLW,99999992828,KPIE,0503W,72211612873,KSPG",140
103,"Largo, FL, United States",2022-08-21,33.4,24.3,28.4,37.9,24.3,31.0,23.3,75.5,3.59,100,12.5,rain,0,0,43.9,20.6,146.3,1018.4,18.4,15.5,275.5,23.9,10,100,2022-08-21T07:04:28,2022-08-21T20:03:43,0.86,Rain,Clear conditions throughout the day with late afternoon rain.,rain,"KCLW,99999992828,KPIE,0503W,72211612873,KSPG",140
104,"Largo, FL, United States",2022-08-22,32.7,25.3,28.9,36.4,25.3,31.6,23.3,73.1,1.4,100,8.33,rain,0,0,25.9,14.5,171.1,1015.9,17.1,16.0,294.6,25.4,9,75,2022-08-22T07:04:58,2022-08-22T20:02:43,0.9,Rain,Clear conditions throughout the day with rain.,rain,"KCLW,99999992828,KPIE,0503W,72211612873,KSPG,0579W",140
105,"Largo, FL, United States",2022-08-23,31.1,24.9,27.9,36.6,24.9,30.7,23.3,76.3,0.41,100,8.33,rain,0,0,21.2,15.1,187.9,1014.0,28.2,16.0,258.3,22.1,10,100,2022-08-23T07:05:28,2022-08-23T20:01:41,0.94,"Rain, Partially cloudy",Partly cloudy throughout the day with afternoon rain.,rain,"KCLW,99999992828,KPIE,0503W,72211612873,KSPG",140
106,"Largo, FL, United States",2022-08-24,31.9,23.3,27.1,37.5,23.3,28.9,23.2,80.1,16.35,100,16.67,rain,0,0,59.0,20.4,149.8,1015.0,27.5,15.3,239.5,20.7,10,100,2022-08-24T07:05:57,2022-08-24T20:00:40,0.97,"Rain, Partially cloudy",Becoming cloudy in the afternoon with rain.,rain,"KCLW,99999992828,KPIE,0503W,72211612873,KSPG",140
107,"Largo, FL, United States",2022-08-25,31.6,23.9,26.9,36.8,23.9,29.0,23.6,83.0,6.99,100,20.83,rain,0,0,29.2,19.5,130.2,1016.4,32.1,15.7,282.8,24.4,10,100,2022-08-25T07:06:27,2022-08-25T19:59:37,0.99,"Rain, Partially cloudy",Partly cloudy throughout the day with rain.,rain,"KCLW,99999992828,KPIE,0503W,72210492806,72211612873,KSPG",140
108,"Largo, FL, United States",2022-08-26,30.2,24.2,26.7,37.3,24.2,29.2,24.4,87.6,6.41,100,12.5,rain,0,0,51.8,15.1,100.8,1015.8,19.4,15.6,151.9,13.1,8,100,2022-08-26T07:06:56,2022-08-26T19:58:34,1.0,Rain,Clear conditions throughout the day with afternoon rain.,rain,"KCLW,KPIE,0503W,99999992828,72210492806,72211612873,KSPG",140
109,"Largo, FL, United States",2022-08-27,30.6,24.9,27.2,36.0,24.9,29.3,23.9,83.0,8.16,100,20.83,rain,0,0,51.8,12.2,184.3,1014.4,22.3,15.6,217.9,18.9,8,100,2022-08-27T07:07:25,2022-08-27T19:57:30,0.0,"Rain, Partially cloudy",Clearing in the afternoon with rain.,rain,"KCLW,99999992828,KPIE,0503W,72211612873,0550W,KSPG",140
110,"Largo, FL, United States",2022-08-28,31.2,23.7,26.8,36.4,23.7,28.8,23.6,83.4,18.9,100,25.0,rain,0,0,29.5,10.5,141.1,1014.0,30.8,15.5,199.6,17.3,10,100,2022-08-28T07:07:55,2022-08-28T19:56:26,0.01,"Rain, Partially cloudy",Partly cloudy throughout the day with rain.,rain,"KCLW,99999992828,KPIE,0503W,72210492806,72211612873,KSPG",140
111,"Largo, FL, United States",2022-08-29,30.0,24.0,26.7,34.7,24.0,28.3,23.3,82.8,11.37,100,20.83,rain,0,0,50.0,17.9,157.1,1014.5,13.3,15.8,180.4,15.5,8,100,2022-08-29T07:08:23,2022-08-29T19:55:21,0.02,Rain,Clear conditions throughout the day with rain.,rain,"KCLW,99999992828,KPIE,0503W,72211612873,KSPG",140
112,"Largo, FL, United States",2022-08-30,31.1,25.1,27.4,36.6,25.1,29.9,24.2,83.4,2.16,100,12.5,rain,0,0,44.6,15.2,190.4,1014.8,44.1,16.0,191.6,16.6,10,100,2022-08-30T07:08:52,2022-08-30T19:54:15,0.05,"Rain, Partially cloudy",Partly cloudy throughout the day with rain.,rain,"KCLW,99999992828,KPIE,0503W,72210492806,72211612873,KSPG",140
113,"Largo, FL, United States",2022-08-31,31.6,25.7,28.5,37.2,25.7,31.4,24.1,78.3,0.0,0,0.0,,0,0,40.7,16.3,183.3,1015.0,24.5,16.0,278.8,24.1,10,100,2022-08-31T07:09:21,2022-08-31T19:53:09,0.09,Partially cloudy,Partly cloudy throughout the day.,partly-cloudy-day,"KCLW,99999992828,KPIE,0503W,72210492806,72211612873,KSPG",140
114,"Largo, FL, United States",2022-09-01,31.9,23.4,27.4,35.3,23.4,29.4,23.0,77.8,5.96,100,25.0,rain,0,0,51.1,17.5,125.9,1015.1,20.5,15.7,232.6,20.1,10,75,2022-09-01T07:09:49,2022-09-01T19:52:03,0.13,"Rain, Partially cloudy",Becoming cloudy in the afternoon with rain.,rain,"KCLW,KPIE,99999992828,0503W,72210492806,72211612873,KSPG",140
115,"Largo, FL, United States",2022-09-02,29.6,23.9,26.4,34.1,23.9,28.0,23.2,83.4,1.69,100,12.5,rain,0,0,42.2,18.0,123.6,1016.6,15.3,16.0,141.7,12.3,7,100,2022-09-02T07:10:18,2022-09-02T19:50:56,0.18,Rain,Clear conditions throughout the day with late afternoon rain.,rain,"KCLW,KPIE,99999992828,0503W,AR428,72210492806,72211612873,0550W,KSPG",140
116,"Largo, FL, United States",2022-09-03,31.9,23.7,26.4,37.4,23.7,27.9,23.5,84.9,17.19,100,16.67,rain,0,0,41.8,14.3,122.8,1017.2,32.3,15.6,245.2,21.4,10,100,2022-09-03T07:10:46,2022-09-03T19:49:49,0.24,"Rain, Partially cloudy",Partly cloudy throughout the day with rain.,rain,"KCLW,KPIE,99999992828,0503W,72210492806,72211612873,KSPG,0579W",140
117,"Largo, FL, United States",2022-09-04,32.7,25.2,28.5,35.4,25.2,30.7,23.0,74.0,0.0,0,0.0,rain,0,0,19.4,14.8,160.8,1015.5,14.1,16.0,289.3,24.9,10,100,2022-09-04T07:11:14,2022-09-04T19:48:41,0.29,Clear,Clear conditions throughout the day.,clear-day,"KCLW,KPIE,99999992828,0503W,AR428,72210492806,72211612873,0550W,KSPG",140
118,"Largo, FL, United States",2022-09-05,31.7,25.7,28.5,38.0,25.7,32.1,24.1,77.8,0.0,0,0.0,rain,0,0,21.6,12.1,161.0,1015.6,11.5,16.0,255.2,22.0,10,100,2022-09-05T07:11:42,2022-09-05T19:47:33,0.35,Clear,Clear conditions throughout the day.,clear-day,"KCLW,KPIE,99999992828,0503W,72210492806,72211612873,0550W,KSPG",140
119,"Largo, FL, United States",2022-09-06,31.6,25.6,28.8,38.4,25.6,32.8,24.5,78.2,0.0,0,0.0,rain,0,0,19.4,16.8,153.5,1016.6,6.0,16.0,194.4,16.7,9,100,2022-09-06T07:12:10,2022-09-06T19:46:24,0.4,Clear,Clear conditions throughout the day.,clear-day,"KCLW,KPIE,99999992828,0503W,72210492806,72211612873,KSPG",140
120,"Largo, FL, United States",2022-09-07,30.8,24.9,28.2,37.1,24.9,31.9,24.1,78.8,0.04,100,12.5,rain,0,0,39.7,12.7,168.0,1013.8,14.2,16.0,152.1,13.0,6,100,2022-09-07T07:12:38,2022-09-07T19:45:16,0.44,Rain,Clear conditions throughout the day with rain.,rain,"KCLW,KPIE,99999992828,0503W,AR428,72210492806,72211612873,KSPG",140
121,"Largo, FL, United States",2022-09-08,28.4,22.5,24.3,31.7,22.5,24.7,22.8,91.5,34.41,100,41.67,rain,0,0,70.2,16.7,107.1,1008.6,41.5,14.6,32.3,2.9,2,100,2022-09-08T07:13:06,2022-09-08T19:44:07,0.47,"Rain, Partially cloudy",Partly cloudy throughout the day with rain.,rain,"KCLW,KPIE,99999992828,0503W,72210492806,72211612873,KSPG",140
122,"Largo, FL, United States",2022-09-09,27.1,22.4,24.9,30.3,22.4,25.5,23.3,91.1,8.89,100,37.5,rain,0,0,44.6,11.7,152.4,1008.8,28.9,15.8,84.9,7.3,3,75,2022-09-09T07:13:34,2022-09-09T19:42:57,0.49,"Rain, Partially cloudy",Partly cloudy throughout the day with rain.,rain,"KCLW,KPIE,99999992828,0503W,72210492806,72211612873,KSPG",140
123,"Largo, FL, United States",2022-09-10,27.5,22.4,24.8,31.9,22.4,25.0,23.2,91.1,12.9,100,29.17,rain,0,0,38.4,13.3,114.6,1015.5,31.1,15.0,78.0,6.8,5,75,2022-09-10T07:14:02,2022-09-10T19:41:47,0.5,"Rain, Partially cloudy",Partly cloudy throughout the day with rain in the morning and afternoon.,rain,"KCLW,KPIE,99999992828,0503W,AR428,72210492806,72211612873,0550W,KSPG,0579W",140
124,"Largo, FL, United States",2022-09-11,30.0,23.9,26.4,37.0,23.9,28.2,23.6,85.3,17.0,100,20.83,rain,0,0,61.2,15.6,131.3,1017.8,30.1,15.5,227.7,19.7,10,100,2022-09-11T07:14:30,2022-09-11T19:40:38,0.51,"Rain, Partially cloudy",Partly cloudy throughout the day with rain.,rain,"KCLW,KPIE,99999992828,0503W,AR428,72210492806,72211612873,KSPG",140
125,"Largo, FL, United States",2022-09-12,30.3,24.1,26.4,34.8,24.1,27.7,23.4,84.0,3.18,100,8.33,rain,0,0,52.6,18.2,123.4,1014.9,26.6,15.9,205.9,17.9,9,100,2022-09-12T07:14:58,2022-09-12T19:39:28,0.53,"Rain, Partially cloudy",Partly cloudy throughout the day with afternoon rain.,rain,"KCLW,KPIE,99999992828,0503W,72210492806,72211612873,KSPG",140
126,"Largo, FL, United States",2022-09-13,29.5,23.8,26.5,34.1,23.8,28.4,23.3,83.0,6.77,100,16.67,rain,0,0,16.6,10.2,157.2,1013.2,17.5,16.0,182.8,15.6,10,100,2022-09-13T07:15:25,2022-09-13T19:38:17,0.56,Rain,Clear conditions throughout the day with afternoon rain.,rain,"KCLW,KPIE,99999992828,0503W,AR428,72210492806,72211612873,KSPG,0579W",140
127,"Largo, FL, United States",2022-09-14,28.2,23.9,25.6,31.6,23.9,26.1,23.1,86.3,2.71,100,29.17,rain,0,0,45.1,16.1,167.0,1014.3,28.2,15.8,91.4,7.9,5,75,2022-09-14T07:15:53,2022-09-14T19:37:07,0.6,"Rain, Partially cloudy",Partly cloudy throughout the day with rain.,rain,"KCLW,KPIE,99999992828,0503W,AR428,72210492806,72211612873,0550W,KSPG",140
128,"Largo, FL, United States",2022-09-15,29.4,22.7,25.7,33.3,22.7,26.8,22.8,84.6,0.0,0,0.0,rain,0,0,22.3,13.5,128.2,1016.3,24.8,16.0,189.2,16.4,9,75,2022-09-15T07:16:21,2022-09-15T19:35:56,0.64,Partially cloudy,Partly cloudy throughout the day.,partly-cloudy-day,"KCLW,KPIE,99999992828,0503W,72210492806,72211612873,KSPG",140
129,"Largo, FL, United States",2022-09-16,27.5,21.6,25.0,30.4,21.6,25.9,22.5,86.4,28.98,100,20.83,rain,0,0,45.5,16.5,136.0,1017.2,44.7,15.3,115.6,9.7,8,60,2022-09-16T07:16:49,2022-09-16T19:34:46,0.69,"Rain, Partially cloudy",Partly cloudy throughout the day with late afternoon rain.,rain,"KCLW,KPIE,99999992828,0503W,72210492806,72211612873,0550W,KSPG,0579W",140
130,"Largo, FL, United States",2022-09-17,30.0,22.4,24.8,33.4,22.4,25.6,22.3,87.0,7.22,100,33.33,rain,0,0,41.6,18.6,71.6,1016.9,52.5,15.7,192.5,16.5,10,100,2022-09-17T07:17:17,2022-09-17T19:33:35,0.74,"Rain, Partially cloudy",Partly cloudy throughout the day with a chance of rain throughout the day.,rain,"KCLW,KPIE,99999992828,0503W,72210492806,72211612873,KSPG",140
131,"Largo, FL, United States",2022-09-18,28.1,21.9,25.3,30.8,21.9,26.1,22.1,83.1,0.0,0,0.0,rain,0,0,25.2,14.7,239.1,1014.7,37.6,16.0,250.1,21.7,10,30,2022-09-18T07:17:45,2022-09-18T19:32:24,0.78,Partially cloudy,Partly cloudy throughout the day.,partly-cloudy-day,"KCLW,KPIE,99999992828,0503W,72210492806,72211612873,KSPG,0579W",140
132,"Largo, FL, United States",2022-09-19,29.8,23.5,26.5,34.0,23.5,28.0,22.8,80.5,0.0,0,0.0,rain,0,0,30.2,11.7,144.5,1012.9,47.4,16.0,165.2,14.1,9,100,2022-09-19T07:18:13,2022-09-19T19:31:14,0.83,Partially cloudy,Partly cloudy throughout the day.,partly-cloudy-day,"KCLW,KPIE,99999992828,0503W,72210492806,72211612873,KSPG",140
133,"Largo, FL, United States",2022-09-20,31.1,23.6,27.1,36.0,23.6,28.8,22.7,77.8,1.02,100,4.17,rain,0,0,23.8,13.9,103.2,1013.3,14.0,16.0,257.3,22.3,10,100,2022-09-20T07:18:41,2022-09-20T19:30:03,0.87,Rain,Clear conditions throughout the day with late afternoon rain.,rain,"KCLW,KPIE,99999992828,0503W,72210492806,72211612873,KSPG,0579W",140
134,"Largo, FL, United States",2022-09-21,30.6,24.7,27.4,34.8,24.7,29.0,22.4,75.4,0.06,100,4.17,rain,0,0,29.5,14.2,76.0,1012.2,22.4,16.0,167.6,14.6,8,75,2022-09-21T07:19:09,2022-09-21T19:28:52,0.91,"Rain, Partially cloudy",Partly cloudy throughout the day with afternoon rain.,rain,"KCLW,KPIE,99999992828,0503W,72210492806,72211612873,0550W,KSPG",140
135,"Largo, FL, United States",2022-09-22,30.8,23.8,27.3,34.3,23.8,28.9,22.3,75.2,0.0,0,0.0,rain,0,0,30.0,19.8,157.5,1011.4,5.3,16.0,246.6,21.4,9,75,2022-09-22T07:19:37,2022-09-22T19:27:41,0.95,Clear,Clear conditions throughout the day.,clear-day,"KCLW,KPIE,99999992828,0503W,AR428,72210492806,72211612873,KSPG",140
136,"Largo, FL, United States",2022-09-23,31.8,23.8,27.6,38.9,23.8,30.2,23.3,78.0,0.71,100,8.33,rain,0,0,55.4,13.3,243.5,1013.1,20.2,16.0,265.8,23.0,10,100,2022-09-23T07:20:06,2022-09-23T19:26:31,0.97,"Rain, Partially cloudy",Partly cloudy throughout the day with afternoon rain.,rain,"KCLW,KPIE,99999992828,0503W,72210492806,72211612873,KSPG",140
137,"Largo, FL, United States",2022-09-24,30.9,23.9,27.1,33.4,23.9,28.3,21.4,72.1,0.0,0,0.0,,0,0,33.5,16.9,89.3,1015.1,29.1,16.0,259.3,22.5,10,30,2022-09-24T07:20:34,2022-09-24T19:25:20,0.99,Partially cloudy,Partly cloudy throughout the day.,partly-cloudy-day,"KCLW,KPIE,99999992828,0503W,AR428,72210492806,72211612873,0550W,KSPG,0579W",140
138,"Largo, FL, United States",2022-09-25,29.9,23.8,26.4,33.3,23.8,27.5,21.3,74.2,0.0,0,0.0,rain,0,0,29.5,16.3,139.3,1012.9,62.1,16.0,176.5,15.3,9,60,2022-09-25T07:21:03,2022-09-25T19:24:10,1.0,Partially cloudy,Partly cloudy throughout the day.,partly-cloudy-day,"KCLW,KPIE,99999992828,0503W,72210492806,72211612873,KSPG,0579W",140
139,"Largo, FL, United States",2022-09-26,31.2,23.8,27.0,36.2,23.8,28.7,23.2,80.4,4.62,100,16.67,rain,0,0,28.1,18.4,103.0,1011.6,46.1,15.9,198.1,17.1,9,100,2022-09-26T07:21:32,2022-09-26T19:23:00,0.0,"Rain, Partially cloudy",Partly cloudy throughout the day with late afternoon rain.,rain,"KCLW,KPIE,99999992828,0503W,72210492806,72211612873,KSPG,0579W",140
140,"Largo, FL, United States",2022-09-27,27.5,23.5,25.3,30.0,23.5,26.0,22.4,84.6,0.43,100,16.67,rain,0,0,38.9,20.2,80.5,1011.5,40.1,16.0,116.8,10.3,5,60,2022-09-27T07:22:01,2022-09-27T19:21:50,0.01,"Rain, Partially cloudy",Partly cloudy throughout the day with late afternoon rain.,rain,"KCLW,KPIE,99999992828,0503W,72210492806,72211612873,KSPG",140
141,"Largo, FL, United States",2022-09-28,23.6,20.8,22.6,23.6,20.8,22.6,21.4,93.2,45.84,100,100.0,rain,0,0,86.3,43.7,38.5,1005.2,96.0,13.8,17.2,1.3,1,10,2022-09-28T07:22:30,2022-09-28T19:20:40,0.04,"Rain, Overcast",Cloudy skies throughout the day with a chance of rain throughout the day.,rain,"KCLW,KPIE,99999992828,0503W,72210492806,72211612873,KSPG,0579W",140
142,"Largo, FL, United States",2022-09-29,23.3,17.9,21.0,23.3,17.9,21.0,17.2,79.5,0.0,0,0.0,rain,0,0,80.3,49.3,338.0,1006.2,90.5,16.0,198.0,17.1,9,10,2022-09-29T07:22:59,2022-09-29T19:19:31,0.07,Overcast,Cloudy skies throughout the day.,wind,"KCLW,KPIE,99999992828,0503W,AR428,72210492806,72211612873,KSPG",140
143,"Largo, FL, United States",2022-09-30,23.1,18.2,20.6,23.1,18.2,20.6,16.1,76.0,0.0,0,0.0,,0,0,42.1,27.0,288.2,1009.8,17.2,16.6,248.4,21.5,9,10,2022-09-30T07:23:29,2022-09-30T19:18:22,0.12,Clear,Clear conditions throughout the day.,clear-day,"KCLW,KPIE,0503W,KSPG,0579W",140
