,name,datetime,tempmax,tempmin,temp,feelslikemax,feelslikemin,feelslike,dew,humidity,precip,precipprob,precipcover,preciptype,snow,snowdepth,windgust,windspeed,winddir,sealevelpressure,cloudcover,visibility,solarradiation,solarenergy,uvindex,severerisk,sunrise,sunset,moonphase,conditions,description,icon,stations,skey
0,"Hampton, VA, United States",2022-05-10,16.0,12.4,14.2,16.0,12.4,14.2,7.0,62.0,0.0,0,0.0,rain,0,0,62.6,44.2,40.6,1023.1,99.4,16.0,80.3,6.9,3,10,2022-05-10T06:01:41,2022-05-10T20:02:29,0.32,Overcast,Cloudy skies throughout the day.,cloudy,"KPHF,KNGU,74598013702,72308513750,72308693741,KLFI,F0612",161
1,"Hampton, VA, United States",2022-05-11,16.3,12.4,14.2,16.3,12.4,14.2,9.0,72.5,0.09,100,8.33,rain,0,0,52.9,31.7,21.8,1022.2,89.5,15.7,112.1,9.6,5,10,2022-05-11T06:00:45,2022-05-11T20:03:21,0.37,"Rain, Partially cloudy",Partly cloudy throughout the day with late afternoon rain.,rain,"KPHF,KNGU,74598013702,D5377,72308513750,72308693741,KLFI,F0612",161
2,"Hampton, VA, United States",2022-05-12,16.1,13.3,14.6,16.1,13.3,14.6,14.1,97.2,7.2,100,33.33,rain,0,0,46.4,28.4,27.3,1021.4,100.0,8.8,37.3,3.1,1,10,2022-05-12T05:59:51,2022-05-12T20:04:12,0.41,"Rain, Overcast",Cloudy skies throughout the day with rain.,rain,"KPHF,KNGU,74598013702,72308513750,72308693741,KLFI,F0612",161
3,"Hampton, VA, United States",2022-05-13,21.4,14.3,17.3,21.4,14.3,17.3,16.7,96.6,9.35,100,29.17,rain,0,0,35.6,21.8,65.9,1020.4,82.3,8.9,98.3,8.4,9,10,2022-05-13T05:58:58,2022-05-13T20:05:03,0.45,"Rain, Partially cloudy",Partly cloudy throughout the day with a chance of rain throughout the day.,rain,"KPHF,KNGU,74598013702,72308513750,72308693741,KLFI,F0612",161
4,"Hampton, VA, United States",2022-05-14,23.2,15.9,18.5,23.2,15.9,18.5,17.7,94.9,4.33,100,33.33,rain,0,0,24.8,13.9,90.0,1016.6,75.1,9.0,64.3,5.6,7,30,2022-05-14T05:58:07,2022-05-14T20:05:54,0.48,"Rain, Partially cloudy",Partly cloudy throughout the day with a chance of rain throughout the day.,rain,"KPHF,KNGU,74598013702,72308513750,72308693741,KLFI,F0612",161
5,"Hampton, VA, United States",2022-05-15,27.2,16.6,21.7,28.9,16.6,21.9,19.5,87.9,0.0,0,0.0,rain,0,0,29.5,14.8,205.0,1012.9,50.6,12.6,173.7,15.1,9,60,2022-05-15T05:57:18,2022-05-15T20:06:45,0.5,Partially cloudy,Partly cloudy throughout the day.,partly-cloudy-day,"KPHF,KNGU,74598013702,72308513750,72308693741,KLFI,F0612",161
6,"Hampton, VA, United States",2022-05-16,29.1,19.8,23.9,31.0,19.8,24.5,19.8,78.6,5.84,100,8.33,rain,0,0,77.3,34.5,210.3,1008.1,47.9,15.6,158.7,13.7,8,100,2022-05-16T05:56:29,2022-05-16T20:07:35,0.5,"Rain, Partially cloudy",Becoming cloudy in the afternoon with afternoon rain.,rain,"KPHF,KNGU,74598013702,72308513750,72308693741,KLFI,F0612",161
7,"Hampton, VA, United States",2022-05-17,28.0,13.3,22.0,27.1,13.3,21.9,11.6,55.9,0.0,0,0.0,,0,0,35.3,22.8,255.3,1012.5,7.7,15.8,259.3,22.4,10,10,2022-05-17T05:55:43,2022-05-17T20:08:24,0.52,Clear,Clear conditions throughout the day.,clear-day,"KPHF,KNGU,74598013702,72308513750,72308693741,KLFI,F0612",161
8,"Hampton, VA, United States",2022-05-18,22.3,17.2,19.9,22.3,17.2,19.9,11.0,57.4,0.0,0,0.0,,0,0,43.6,21.8,119.8,1015.7,21.7,15.9,220.3,19.2,10,10,2022-05-18T05:54:58,2022-05-18T20:09:14,0.54,Partially cloudy,Partly cloudy throughout the day.,partly-cloudy-day,"KPHF,KNGU,74598013702,72308513750,72308693741,KLFI,F0612",161
9,"Hampton, VA, United States",2022-05-19,30.1,19.0,24.4,31.1,19.0,24.7,17.4,65.8,0.0,0,0.0,rain,0,0,48.6,29.8,175.4,1009.0,47.0,15.8,193.3,16.7,10,60,2022-05-19T05:54:14,2022-05-19T20:10:02,0.58,Partially cloudy,Partly cloudy throughout the day.,partly-cloudy-day,"KPHF,KNGU,74598013702,D5377,72308513750,72308693741,KLFI,F0612",161
10,"Hampton, VA, United States",2022-05-20,34.0,20.4,27.6,37.7,20.4,29.5,21.0,70.1,0.0,0,0.0,,0,0,36.0,22.8,190.1,1012.7,28.2,15.5,191.1,16.6,9,100,2022-05-20T05:53:32,2022-05-20T20:10:51,0.63,Partially cloudy,Partly cloudy throughout the day.,partly-cloudy-day,"KPHF,KNGU,74598013702,72308513750,72308693741,KLFI,F0612",161
11,"Hampton, VA, United States",2022-05-21,33.9,22.1,28.3,37.4,22.1,30.2,21.7,69.7,1.33,100,12.5,rain,0,0,62.8,24.5,226.1,1018.6,21.6,15.5,196.8,17.0,9,100,2022-05-21T05:52:52,2022-05-21T20:11:38,0.68,"Rain, Partially cloudy",Partly cloudy throughout the day with late afternoon rain.,rain,"KPHF,KNGU,74598013702,72308513750,72308693741,KLFI,F0612",161
12,"Hampton, VA, United States",2022-05-22,31.0,22.0,26.5,35.8,22.0,28.6,22.6,80.2,0.21,100,4.17,rain,0,0,38.5,27.6,223.3,1019.5,31.5,15.9,166.2,14.4,9,100,2022-05-22T05:52:13,2022-05-22T20:12:25,0.74,"Rain, Partially cloudy",Partly cloudy throughout the day with early morning rain.,rain,"KPHF,KNGU,74598013702,72308513750,72308693741,KLFI,F0612",161
13,"Hampton, VA, United States",2022-05-23,25.4,17.9,21.3,25.4,17.9,21.3,18.1,82.1,0.0,0,0.0,rain,0,0,37.1,26.3,157.3,1021.4,79.5,16.0,82.0,7.2,3,10,2022-05-23T05:51:36,2022-05-23T20:13:12,0.79,Partially cloudy,Partly cloudy throughout the day.,partly-cloudy-day,"KPHF,KNGU,74598013702,72308513750,72308693741,KLFI,F0612",161
14,"Hampton, VA, United States",2022-05-24,18.4,14.7,16.8,18.4,14.7,16.8,15.8,94.1,22.1,100,79.17,rain,0,0,49.5,37.4,75.0,1021.6,94.8,10.0,23.3,1.9,1,10,2022-05-24T05:51:00,2022-05-24T20:13:58,0.85,"Rain, Overcast",Cloudy skies throughout the day with a chance of rain throughout the day.,rain,"KPHF,KNGU,74598013702,D5377,72308513750,72308693741,KLFI,F0612",161
15,"Hampton, VA, United States",2022-05-25,16.8,14.3,15.8,16.8,14.3,15.8,15.3,96.8,11.51,100,91.67,rain,0,0,42.8,31.5,56.3,1024.9,100.0,6.2,43.4,3.7,2,10,2022-05-25T05:50:26,2022-05-25T20:14:43,0.89,"Rain, Overcast",Cloudy skies throughout the day with a chance of rain throughout the day.,rain,"KPHF,KNGU,74598013702,72308513750,72308693741,KLFI,F0612",161
16,"Hampton, VA, United States",2022-05-26,20.9,15.2,18.3,20.9,15.2,18.3,17.7,96.2,0.58,100,20.83,rain,0,0,32.0,16.9,64.2,1022.6,96.1,8.7,73.7,6.3,3,10,2022-05-26T05:49:54,2022-05-26T20:15:27,0.93,"Rain, Overcast",Cloudy skies throughout the day with rain clearing later.,rain,"KPHF,KNGU,74598013702,72308513750,72308693741,KLFI,F0612",161
17,"Hampton, VA, United States",2022-05-27,27.0,17.5,22.1,29.3,17.5,22.3,21.0,93.9,10.73,100,16.67,rain,0,0,42.5,22.0,184.5,1013.8,67.0,12.8,84.2,7.2,6,100,2022-05-27T05:49:24,2022-05-27T20:16:11,0.96,"Rain, Partially cloudy",Partly cloudy throughout the day with afternoon rain.,rain,"KPHF,KNGU,74598013702,D5377,72308513750,72308693741,KLFI,F0612",161
18,"Hampton, VA, United States",2022-05-28,26.6,18.7,22.5,26.6,18.7,22.5,18.0,78.2,0.49,100,12.5,rain,0,0,35.3,21.9,256.0,1011.0,47.6,15.8,230.4,19.8,10,30,2022-05-28T05:48:55,2022-05-28T20:16:54,0.99,"Rain, Partially cloudy",Partly cloudy throughout the day with rain clearing later.,rain,"KPHF,KNGU,74598013702,D5377,72308513750,72308693741,KLFI,F0612",161
19,"Hampton, VA, United States",2022-05-29,27.0,16.2,22.5,27.6,16.2,22.5,17.3,75.0,0.0,0,0.0,,0,0,21.2,16.1,132.5,1017.7,21.9,15.8,222.8,19.4,10,10,2022-05-29T05:48:28,2022-05-29T20:17:36,1.0,Partially cloudy,Partly cloudy throughout the day.,partly-cloudy-day,"KPHF,KNGU,74598013702,D5377,72308513750,72308693741,KLFI,F0612",161
20,"Hampton, VA, United States",2022-05-30,29.6,19.4,25.0,32.6,19.4,26.0,20.4,77.2,0.0,0,0.0,,0,0,30.2,18.8,168.2,1020.5,12.9,15.9,190.5,16.4,9,75,2022-05-30T05:48:03,2022-05-30T20:18:17,0.0,Clear,Clear conditions throughout the day.,clear-day,"KPHF,KNGU,74598013702,D5377,72308513750,72308693741,KLFI,F0612",161
21,"Hampton, VA, United States",2022-05-31,32.9,22.3,27.2,35.1,22.3,28.4,21.1,71.8,0.0,0,0.0,,0,0,34.2,16.6,201.5,1018.0,11.2,15.9,216.9,18.7,10,75,2022-05-31T05:47:39,2022-05-31T20:18:57,0.0,Clear,Clear conditions throughout the day.,clear-day,"KPHF,KNGU,74598013702,D5377,72308513750,72308693741,KLFI,F0612",161
22,"Hampton, VA, United States",2022-06-01,32.5,21.9,27.8,36.5,21.9,29.5,21.5,71.3,0.0,0,0.0,,0,0,22.3,14.5,176.0,1013.5,24.7,15.6,190.9,16.3,9,100,2022-06-01T05:47:17,2022-06-01T20:19:36,0.02,Partially cloudy,Becoming cloudy in the afternoon.,partly-cloudy-day,"KPHF,KNGU,74598013702,D5377,72308513750,72308693741,KLFI,F0612",161
23,"Hampton, VA, United States",2022-06-02,34.2,23.6,28.7,37.2,23.6,30.5,22.2,70.6,0.83,100,8.33,rain,0,0,50.9,19.2,198.8,1008.2,55.2,15.3,200.0,17.2,9,100,2022-06-02T05:46:57,2022-06-02T20:20:15,0.04,"Rain, Partially cloudy",Clearing in the afternoon with late afternoon rain.,rain,"KPHF,KNGU,74598013702,72308513750,72308693741,KLFI,F0612",161
24,"Hampton, VA, United States",2022-06-03,26.2,21.2,23.7,26.2,21.2,23.7,18.9,76.5,1.57,100,12.5,rain,0,0,33.5,24.2,230.6,1009.5,83.3,15.4,155.6,13.4,9,60,2022-06-03T05:46:39,2022-06-03T20:20:52,0.07,"Rain, Partially cloudy",Partly cloudy throughout the day with early morning rain.,rain,"KPHF,KNGU,74598013702,D5377,72308513750,72308693741,KLFI,F0612",161
25,"Hampton, VA, United States",2022-06-04,26.7,18.6,22.5,26.8,18.6,22.5,15.4,65.7,0.0,0,0.0,,0,0,23.8,17.6,156.2,1012.9,26.7,16.0,263.7,22.9,10,10,2022-06-04T05:46:22,2022-06-04T20:21:28,0.11,Partially cloudy,Partly cloudy throughout the day.,partly-cloudy-day,"KPHF,KNGU,74598013702,D5377,72308513750,72308693741,KLFI,F0612",161
26,"Hampton, VA, United States",2022-06-05,26.3,15.3,20.6,26.3,15.3,20.6,16.0,77.4,0.0,0,0.0,,0,0,41.3,30.7,90.5,1014.1,16.5,16.0,270.3,23.4,8,10,2022-06-05T05:46:07,2022-06-05T20:22:03,0.14,Clear,Clear conditions throughout the day.,clear-day,"KPHF,KNGU,74598013702,D5377,72308513750,72308693741,KLFI",161
27,"Hampton, VA, United States",2022-06-06,24.2,16.0,20.5,24.2,16.0,20.5,14.5,70.6,0.0,0,0.0,,0,0,30.2,21.2,90.4,1017.5,3.1,16.0,278.0,23.9,8,10,2022-06-06T05:45:54,2022-06-06T20:22:37,0.19,Clear,Clear conditions throughout the day.,clear-day,"KPHF,KNGU,74598013702,D5377,72308513750,72308693741,KLFI",161
28,"Hampton, VA, United States",2022-06-07,28.7,19.2,24.2,29.0,19.2,24.3,18.6,74.0,0.0,0,0.0,,0,0,42.1,21.3,181.8,1016.5,40.2,16.0,227.5,19.6,7,30,2022-06-07T05:45:43,2022-06-07T20:23:10,0.24,Partially cloudy,Partly cloudy throughout the day.,partly-cloudy-day,"KPHF,KNGU,74598013702,D5377,72308513750,72308693741,KLFI",161
29,"Hampton, VA, United States",2022-06-08,31.2,22.6,26.0,34.5,22.6,27.1,22.9,84.3,1.29,100,8.33,rain,0,0,47.9,30.8,218.4,1012.7,69.4,15.8,202.8,17.4,9,75,2022-06-08T05:45:34,2022-06-08T20:23:42,0.29,"Rain, Partially cloudy",Partly cloudy throughout the day with late afternoon rain.,rain,"KPHF,KNGU,74598013702,D5377,72308513750,72308693741,KLFI,C3777",161
30,"Hampton, VA, United States",2022-06-09,30.8,23.7,26.0,33.6,23.7,26.8,21.4,77.2,0.02,100,8.33,rain,0,0,45.7,25.9,203.2,1007.9,72.9,15.8,209.7,18.1,10,60,2022-06-09T05:45:26,2022-06-09T20:24:12,0.35,"Rain, Partially cloudy",Partly cloudy throughout the day with early morning rain.,rain,"KPHF,KNGU,74598013702,D5377,72308513750,72308693741,KLFI",161
31,"Hampton, VA, United States",2022-06-10,25.3,20.1,22.8,25.3,20.1,22.8,13.7,57.0,0.0,0,0.0,,0,0,31.9,17.7,79.0,1013.1,50.1,16.0,276.3,23.9,8,10,2022-06-10T05:45:20,2022-06-10T20:24:41,0.39,Partially cloudy,Partly cloudy throughout the day.,partly-cloudy-day,"KPHF,KNGU,74598013702,D5377,72308513750,72308693741,KLFI",161
32,"Hampton, VA, United States",2022-06-11,27.7,16.2,22.9,27.9,16.2,22.9,15.1,64.6,0.0,0,0.0,,0,0,36.0,20.0,146.5,1013.9,32.6,16.0,253.6,21.7,9,10,2022-06-11T05:45:15,2022-06-11T20:25:09,0.44,Partially cloudy,Becoming cloudy in the afternoon.,partly-cloudy-day,"KPHF,KNGU,74598013702,D5377,72308513750,72308693741,KLFI",161
33,"Hampton, VA, United States",2022-06-12,28.3,21.1,24.4,31.0,21.1,25.1,21.6,85.2,46.55,100,8.33,rain,0,0,79.6,19.9,186.5,1014.3,48.4,14.8,154.6,13.1,8,75,2022-06-12T05:45:13,2022-06-12T20:25:35,0.47,"Rain, Partially cloudy",Partly cloudy throughout the day with afternoon rain.,rain,"KPHF,KNGU,74598013702,D5377,72308513750,72308693741,KLFI",161
34,"Hampton, VA, United States",2022-06-13,32.9,22.1,27.1,39.8,22.1,30.4,23.9,83.9,0.3,100,4.17,rain,0,0,31.3,15.0,237.8,1014.3,44.0,15.7,253.5,21.6,8,100,2022-06-13T05:45:12,2022-06-13T20:26:00,0.49,"Rain, Partially cloudy",Becoming cloudy in the afternoon with afternoon rain.,rain,"KPHF,KNGU,74598013702,D5377,72308513750,72308693741,KLFI",161
35,"Hampton, VA, United States",2022-06-14,29.4,23.1,26.2,35.5,23.1,27.7,24.7,91.8,2.61,100,20.83,rain,0,0,100.1,23.8,202.5,1012.6,57.1,14.9,150.7,12.9,8,100,2022-06-14T05:45:13,2022-06-14T20:26:24,0.5,"Rain, Partially cloudy",Partly cloudy throughout the day with rain in the morning and afternoon.,rain,"KPHF,KNGU,74598013702,D5377,72308513750,72308693741,KLFI",161
36,"Hampton, VA, United States",2022-06-15,28.7,18.8,24.5,28.9,18.8,24.6,18.0,70.1,0.0,0,0.0,,0,0,24.8,16.8,77.3,1018.4,12.6,15.8,270.0,23.2,8,10,2022-06-15T05:45:15,2022-06-15T20:26:46,0.51,Clear,Clear conditions throughout the day.,clear-day,"KPHF,KNGU,74598013702,D5377,72308513750,72308693741,KLFI",161
37,"Hampton, VA, United States",2022-06-16,28.1,21.8,24.6,30.4,21.8,24.9,19.8,75.4,2.83,100,20.83,rain,0,0,43.2,31.4,169.0,1019.9,72.8,15.1,198.5,17.1,9,15,2022-06-16T05:45:19,2022-06-16T20:27:07,0.53,"Rain, Partially cloudy",Partly cloudy throughout the day with morning rain.,rain,"KPHF,KNGU,74598013702,D5377,72308513750,72308693741,KLFI",161
38,"Hampton, VA, United States",2022-06-17,35.6,23.3,28.5,38.7,23.3,30.3,22.1,72.0,0.16,100,4.17,rain,0,0,42.1,27.5,234.9,1010.9,46.1,15.0,240.5,20.7,8,60,2022-06-17T05:45:25,2022-06-17T20:27:26,0.57,"Rain, Partially cloudy",Clearing in the afternoon with late afternoon rain.,rain,"KPHF,KNGU,74598013702,D5377,72308513750,72308693741,KLFI",161
39,"Hampton, VA, United States",2022-06-18,27.2,19.0,24.5,27.9,19.0,24.6,15.9,60.6,0.0,0,0.0,,0,0,44.0,32.9,309.3,1009.7,38.2,15.4,265.8,23.0,8,10,2022-06-18T05:45:33,2022-06-18T20:27:43,0.62,Partially cloudy,Partly cloudy throughout the day.,partly-cloudy-day,"KPHF,KNGU,74598013702,D5377,72308513750,72308693741,KLFI",161
40,"Hampton, VA, United States",2022-06-19,25.1,16.7,20.7,25.1,16.7,20.7,7.2,43.0,0.0,0,0.0,,0,0,42.1,26.0,320.1,1017.9,17.8,15.4,275.8,23.8,8,10,2022-06-19T05:45:42,2022-06-19T20:27:59,0.67,Clear,Clear conditions throughout the day.,clear-day,"KPHF,KNGU,74598013702,D5377,72308513750,72308693741,KLFI",161
41,"Hampton, VA, United States",2022-06-20,26.0,15.4,20.6,26.0,15.4,20.6,9.7,52.5,0.0,0,0.0,,0,0,27.7,21.2,184.5,1022.2,32.7,15.9,265.5,22.9,8,10,2022-06-20T05:45:53,2022-06-20T20:28:14,0.72,Partially cloudy,Partly cloudy throughout the day.,partly-cloudy-day,"KPHF,KNGU,74598013702,D5377,72308513750,72308693741,KLFI",161
42,"Hampton, VA, United States",2022-06-21,27.1,16.6,22.8,27.2,16.6,22.8,14.0,60.1,0.0,0,0.0,,0,0,31.7,14.2,229.7,1021.5,56.1,16.0,192.0,16.8,8,10,2022-06-21T05:46:05,2022-06-21T20:28:27,0.77,Partially cloudy,Partly cloudy throughout the day.,partly-cloudy-day,"KPHF,KNGU,74598013702,D5377,72308513750,72308693741,KLFI",161
43,"Hampton, VA, United States",2022-06-22,30.2,20.7,24.1,31.8,20.7,24.5,19.5,76.9,26.26,100,29.17,rain,0,0,63.6,31.5,198.9,1014.1,63.4,14.2,175.8,15.2,7,10,2022-06-22T05:46:19,2022-06-22T20:28:38,0.82,"Rain, Partially cloudy",Partly cloudy throughout the day with rain.,rain,"KPHF,KNGU,74598013702,D5377,72308513750,72308693741,KLFI",161
44,"Hampton, VA, United States",2022-06-23,22.4,19.8,21.4,22.4,19.8,21.4,20.7,95.8,1.52,100,29.17,rain,0,0,33.5,18.4,114.3,1012.2,94.0,15.3,94.2,8.0,6,10,2022-06-23T05:46:34,2022-06-23T20:28:47,0.87,"Rain, Overcast",Cloudy skies throughout the day with rain.,rain,"KPHF,KNGU,74598013702,D5377,72308513750,72308693741,KLFI",161
45,"Hampton, VA, United States",2022-06-24,25.0,18.5,22.0,25.0,18.5,22.0,18.9,83.6,0.0,0,0.0,,0,0,22.0,15.1,93.2,1017.6,49.1,15.9,271.4,23.4,8,10,2022-06-24T05:46:51,2022-06-24T20:28:55,0.91,Partially cloudy,Partly cloudy throughout the day.,partly-cloudy-day,"KPHF,KNGU,74598013702,D5377,72308513750,72308693741,KLFI",161
46,"Hampton, VA, United States",2022-06-25,28.2,16.9,23.1,29.3,16.9,23.4,18.1,75.7,0.0,0,0.0,,0,0,27.0,16.4,141.4,1021.0,12.4,15.8,279.0,24.0,8,30,2022-06-25T05:47:09,2022-06-25T20:29:01,0.95,Clear,Clear conditions throughout the day.,clear-day,"KPHF,KNGU,74598013702,D5377,72308513750,72308693741,KLFI",161
47,"Hampton, VA, United States",2022-06-26,30.3,17.6,24.3,31.8,17.6,24.9,19.7,78.0,0.0,0,0.0,,0,0,40.3,27.4,176.1,1020.4,29.4,13.9,278.3,23.9,8,30,2022-06-26T05:47:29,2022-06-26T20:29:06,0.97,Partially cloudy,Partly cloudy throughout the day.,partly-cloudy-day,"KPHF,KNGU,74598013702,D5377,72308513750,72308693741,KLFI",161
48,"Hampton, VA, United States",2022-06-27,31.2,22.3,25.4,35.0,22.3,26.4,21.8,82.2,19.98,100,20.83,rain,0,0,53.6,25.8,215.2,1017.0,54.7,13.8,206.0,17.8,10,60,2022-06-27T05:47:50,2022-06-27T20:29:09,0.99,"Rain, Partially cloudy",Partly cloudy throughout the day with late afternoon rain.,rain,"KPHF,KNGU,74598013702,D5377,72308513750,72308693741,KLFI",161
49,"Hampton, VA, United States",2022-06-28,25.8,19.2,22.5,25.8,19.2,22.5,15.7,68.3,8.35,100,16.67,rain,0,0,45.8,29.9,117.6,1021.5,35.9,14.9,279.0,24.0,8,10,2022-06-28T05:48:13,2022-06-28T20:29:10,1.0,"Rain, Partially cloudy",Partly cloudy throughout the day with rain clearing later.,rain,"KPHF,KNGU,74598013702,D5377,72308513750,72308693741,KLFI",161
50,"Hampton, VA, United States",2022-06-29,27.8,17.3,23.2,28.0,17.3,23.2,16.7,70.6,0.0,0,0.0,,0,0,27.4,17.6,162.7,1024.6,31.4,14.9,257.6,22.4,8,10,2022-06-29T05:48:37,2022-06-29T20:29:09,0.0,Partially cloudy,Partly cloudy throughout the day.,partly-cloudy-day,"KPHF,KNGU,74598013702,D5377,72308513750,72308693741,KLFI",161
51,"Hampton, VA, United States",2022-06-30,30.9,20.3,26.0,34.1,20.3,27.7,21.7,78.4,0.0,0,0.0,,0,0,35.6,23.4,193.0,1023.3,23.5,14.6,255.0,22.0,8,75,2022-06-30T05:49:02,2022-06-30T20:29:06,0.01,Partially cloudy,Partly cloudy throughout the day.,partly-cloudy-day,"KPHF,KNGU,74598013702,D5377,72308513750,72308693741,KLFI",161
52,"Hampton, VA, United States",2022-07-01,32.5,23.1,27.6,35.3,23.1,29.4,22.5,76.5,0.0,0,0.0,,0,0,33.5,25.9,193.0,1020.1,14.9,14.2,276.5,23.9,8,75,2022-07-01T05:49:29,2022-07-01T20:29:02,0.03,Clear,Clear conditions throughout the day.,clear-day,"KPHF,KNGU,74598013702,D5377,72308513750,72308693741,KLFI",161
53,"Hampton, VA, United States",2022-07-02,32.1,23.3,27.4,35.8,23.3,29.1,22.8,77.6,0.0,0,0.0,,0,0,42.8,27.4,210.3,1016.7,16.5,15.4,273.4,23.6,8,75,2022-07-02T05:49:57,2022-07-02T20:28:56,0.05,Clear,Clear conditions throughout the day.,clear-day,"KPHF,KNGU,74598013702,D5377,72308513750,72308693741,KLFI",161
54,"Hampton, VA, United States",2022-07-03,29.6,23.5,26.1,36.3,23.5,28.1,24.4,90.2,10.44,100,8.33,rain,0,0,36.0,22.7,131.8,1016.7,28.0,13.9,246.8,21.3,10,75,2022-07-03T05:50:26,2022-07-03T20:28:48,0.08,"Rain, Partially cloudy",Partly cloudy throughout the day with afternoon rain.,rain,"KPHF,KNGU,74598013702,D5377,72308513750,72308693741,KLFI",161
55,"Hampton, VA, United States",2022-07-04,29.3,20.3,25.4,32.8,20.3,26.5,21.0,77.9,0.0,0,0.0,,0,0,29.5,20.3,135.3,1020.8,11.2,14.1,276.3,23.8,8,10,2022-07-04T05:50:56,2022-07-04T20:28:39,0.12,Clear,Clear conditions throughout the day.,clear-day,"KPHF,KNGU,74598013702,D5377,72308513750,72308693741,KLFI",161
56,"Hampton, VA, United States",2022-07-05,32.1,21.2,27.3,35.5,21.2,29.2,21.8,74.5,0.0,0,0.0,,0,0,38.9,25.8,180.9,1017.8,48.0,14.9,258.8,22.3,8,60,2022-07-05T05:51:27,2022-07-05T20:28:27,0.17,Partially cloudy,Partly cloudy throughout the day.,partly-cloudy-day,"KPHF,KNGU,74598013702,D5377,72308513750,72308693741,KLFI",161
57,"Hampton, VA, United States",2022-07-06,33.3,24.4,28.7,38.4,24.4,31.7,23.2,73.6,0.74,100,4.17,rain,0,0,39.2,16.8,204.8,1013.0,67.1,15.9,225.6,19.5,8,75,2022-07-06T05:52:00,2022-07-06T20:28:14,0.22,"Rain, Partially cloudy",Partly cloudy throughout the day with morning rain.,rain,"KPHF,KNGU,74598013702,D5377,72308513750,72308693741,KLFI",161
58,"Hampton, VA, United States",2022-07-07,31.1,24.5,26.9,37.9,24.5,29.6,24.7,87.9,0.03,100,4.17,rain,0,0,34.6,26.2,181.8,1013.7,68.9,14.8,209.5,18.1,9,60,2022-07-07T05:52:34,2022-07-07T20:27:59,0.27,"Rain, Partially cloudy",Partly cloudy throughout the day with late afternoon rain.,rain,"KPHF,KNGU,74598013702,D5377,72308513750,72308693741,KLFI",161
59,"Hampton, VA, United States",2022-07-08,28.3,23.5,25.5,31.3,23.5,26.3,23.5,89.2,0.0,0,0.0,,0,0,22.3,16.9,91.5,1016.3,79.0,15.2,194.5,16.8,7,30,2022-07-08T05:53:08,2022-07-08T20:27:42,0.33,Partially cloudy,Partly cloudy throughout the day.,partly-cloudy-day,"KPHF,KNGU,74598013702,D5377,72308513750,72308693741,KLFI",161
60,"Hampton, VA, United States",2022-07-09,28.0,21.7,24.7,33.3,21.7,25.6,24.0,95.5,7.89,100,37.5,rain,0,0,43.4,33.6,110.7,1014.2,93.5,11.5,67.3,5.8,4,60,2022-07-09T05:53:44,2022-07-09T20:27:23,0.38,"Rain, Overcast",Cloudy skies throughout the day with rain.,rain,"KPHF,KNGU,74598013702,D5377,72308513750,72308693741,KLFI",161
61,"Hampton, VA, United States",2022-07-10,22.4,19.4,20.6,22.4,19.4,20.6,19.4,93.1,2.9,100,70.83,rain,0,0,44.6,31.5,65.3,1016.1,97.7,11.2,51.2,4.3,2,10,2022-07-10T05:54:20,2022-07-10T20:27:03,0.42,"Rain, Overcast",Cloudy skies throughout the day with a chance of rain throughout the day.,rain,"KPHF,KNGU,74598013702,D5377,72308513750,72308693741,KLFI",161
62,"Hampton, VA, United States",2022-07-11,25.9,20.8,23.3,25.9,20.8,23.3,20.1,82.9,0.0,0,0.0,rain,0,0,31.3,17.3,85.2,1014.8,94.3,15.9,170.2,14.8,6,10,2022-07-11T05:54:58,2022-07-11T20:26:41,0.46,Overcast,Cloudy skies throughout the day.,cloudy,"KPHF,KNGU,74598013702,D5377,72308513750,72308693741,KLFI",161
63,"Hampton, VA, United States",2022-07-12,32.0,19.3,26.6,36.5,19.3,29.0,22.2,78.2,0.0,0,0.0,,0,0,38.9,23.0,230.9,1012.1,17.5,15.9,256.2,21.9,8,75,2022-07-12T05:55:36,2022-07-12T20:26:17,0.49,Clear,Clear conditions throughout the day.,clear-day,"KPHF,KNGU,74598013702,D5377,72308513750,72308693741,KLFI",161
64,"Hampton, VA, United States",2022-07-13,31.2,24.1,26.7,35.3,24.1,28.1,23.7,84.6,3.42,100,8.33,rain,0,0,36.4,20.5,210.5,1013.6,54.4,15.8,189.0,16.2,9,60,2022-07-13T05:56:16,2022-07-13T20:25:51,0.5,"Rain, Partially cloudy",Partly cloudy throughout the day with afternoon rain.,rain,"KPHF,KNGU,74598013702,D5377,72308513750,72308693741,KLFI",161
65,"Hampton, VA, United States",2022-07-14,30.8,23.4,26.9,33.0,23.4,27.7,21.7,76.0,0.0,0,0.0,,0,0,27.0,13.8,255.5,1016.5,62.9,15.7,200.7,17.3,7,75,2022-07-14T05:56:56,2022-07-14T20:25:24,0.51,Partially cloudy,Partly cloudy throughout the day.,partly-cloudy-day,"KPHF,KNGU,74598013702,D5377,72308513750,72308693741,KLFI",161
66,"Hampton, VA, United States",2022-07-15,29.4,21.5,24.8,34.1,21.5,25.8,23.2,91.2,0.75,100,16.67,rain,0,0,54.3,16.8,170.1,1019.3,61.2,14.5,140.2,11.9,6,100,2022-07-15T05:57:37,2022-07-15T20:24:54,0.53,"Rain, Partially cloudy",Partly cloudy throughout the day with rain.,rain,"KPHF,KNGU,74598013702,D5377,72308513750,72308693741,KLFI",161
67,"Hampton, VA, United States",2022-07-16,30.3,20.1,24.8,35.6,20.1,26.6,22.6,88.3,2.08,100,16.67,rain,0,0,66.6,16.2,180.5,1018.7,43.6,14.8,231.6,20.1,8,75,2022-07-16T05:58:18,2022-07-16T20:24:23,0.55,"Rain, Partially cloudy",Partly cloudy throughout the day with late afternoon rain.,rain,"KPHF,KNGU,74598013702,D5377,72308513750,72308693741,KLFI",161
68,"Hampton, VA, United States",2022-07-17,32.3,21.6,26.8,37.1,21.6,29.4,22.9,81.0,0.0,0,0.0,,0,0,31.0,20.1,227.1,1017.3,32.0,15.8,247.8,21.3,8,100,2022-07-17T05:59:00,2022-07-17T20:23:51,0.6,Partially cloudy,Becoming cloudy in the afternoon.,partly-cloudy-day,"KPHF,KNGU,74598013702,D5377,72308513750,72308693741,KLFI",161
69,"Hampton, VA, United States",2022-07-18,32.7,24.5,28.5,37.0,24.5,31.4,23.7,77.2,0.0,0,0.0,,0,0,39.6,22.3,209.5,1014.6,22.5,15.4,265.1,22.8,8,75,2022-07-18T05:59:43,2022-07-18T20:23:16,0.65,Partially cloudy,Partly cloudy throughout the day.,partly-cloudy-day,"KPHF,KNGU,74598013702,D5377,72308513750,72308693741,KLFI",161
70,"Hampton, VA, United States",2022-07-19,31.2,24.8,27.7,38.2,24.8,31.3,25.2,86.6,6.98,100,4.17,rain,0,0,57.2,23.4,184.8,1012.2,57.5,15.1,221.2,19.2,9,100,2022-07-19T06:00:27,2022-07-19T20:22:40,0.7,"Rain, Partially cloudy",Partly cloudy throughout the day with late afternoon rain.,rain,"KPHF,KNGU,74598013702,D5377,72308513750,72308693741,KLFI",161
71,"Hampton, VA, United States",2022-07-20,33.7,23.7,28.6,37.6,23.7,31.3,23.2,75.1,0.0,0,0.0,,0,0,47.9,22.2,223.9,1010.7,36.5,15.5,231.5,19.9,8,75,2022-07-20T06:01:11,2022-07-20T20:22:02,0.75,Partially cloudy,Partly cloudy throughout the day.,partly-cloudy-day,"KPHF,KNGU,74598013702,D5377,72308513750,72308693741,KLFI",161
72,"Hampton, VA, United States",2022-07-21,32.8,23.7,27.6,41.8,23.7,31.0,24.7,84.8,2.58,100,4.17,rain,0,0,53.6,29.1,224.8,1009.2,54.2,15.4,222.1,19.1,8,100,2022-07-21T06:01:56,2022-07-21T20:21:23,0.8,"Rain, Partially cloudy",Partly cloudy throughout the day with late afternoon rain.,rain,"KPHF,KNGU,74598013702,D5377,72308513750,72308693741,KLFI",161
73,"Hampton, VA, United States",2022-07-22,33.1,23.7,28.0,37.0,23.7,30.3,23.4,78.8,0.0,0,0.0,,0,0,33.8,20.1,219.1,1014.5,41.3,14.8,259.3,22.5,8,100,2022-07-22T06:02:41,2022-07-22T20:20:41,0.85,Partially cloudy,Partly cloudy throughout the day.,partly-cloudy-day,"KPHF,KNGU,74598013702,D5377,72308513750,72308693741,KLFI",161
74,"Hampton, VA, United States",2022-07-23,32.9,24.7,29.2,41.5,24.7,33.1,24.2,76.3,0.0,0,0.0,,0,0,21.6,14.6,167.9,1017.9,24.0,13.0,252.3,21.8,7,100,2022-07-23T06:03:27,2022-07-23T20:19:59,0.89,Partially cloudy,Becoming cloudy in the afternoon.,partly-cloudy-day,"KPHF,KNGU,74598013702,D5377,72308513750,72308693741,KLFI",161
75,"Hampton, VA, United States",2022-07-24,34.3,26.0,29.9,42.2,26.0,35.2,25.0,76.7,0.0,0,0.0,,0,0,41.0,24.0,200.5,1018.3,27.6,14.8,253.0,21.9,8,100,2022-07-24T06:04:13,2022-07-24T20:19:14,0.93,Partially cloudy,Becoming cloudy in the afternoon.,partly-cloudy-day,"KPHF,KNGU,74598013702,D5377,72308513750,72308693741,KLFI",161
76,"Hampton, VA, United States",2022-07-25,34.1,25.2,29.1,41.1,25.2,33.0,24.3,77.0,0.0,0,0.0,rain,0,0,45.4,33.9,216.8,1016.7,50.8,15.8,254.7,22.1,8,100,2022-07-25T06:05:00,2022-07-25T20:18:28,0.96,Partially cloudy,Partly cloudy throughout the day.,partly-cloudy-day,"KPHF,KNGU,74598013702,D5377,72308513750,72308693741,KLFI",161
77,"Hampton, VA, United States",2022-07-26,30.4,24.3,27.0,37.3,24.3,29.5,24.6,87.7,19.38,100,33.33,rain,0,0,51.8,27.1,233.3,1017.1,81.0,14.5,116.0,10.0,9,75,2022-07-26T06:05:47,2022-07-26T20:17:41,0.98,"Rain, Partially cloudy",Partly cloudy throughout the day with rain.,rain,"KPHF,KNGU,74598013702,D5377,72308513750,72308693741,KLFI",161
78,"Hampton, VA, United States",2022-07-27,32.5,24.0,27.7,41.3,24.0,31.8,25.2,87.0,0.0,0,0.0,rain,0,0,37.8,24.0,250.4,1015.3,68.3,15.7,214.6,18.6,8,100,2022-07-27T06:06:34,2022-07-27T20:16:52,1.0,Partially cloudy,Partly cloudy throughout the day.,partly-cloudy-day,"KPHF,KNGU,74598013702,D5377,72308513750,72308693741,KLFI",161
79,"Hampton, VA, United States",2022-07-28,34.0,24.8,29.3,43.1,24.8,33.7,24.9,78.6,0.0,0,0.0,,0,0,44.7,23.2,242.5,1013.5,40.7,15.7,272.6,23.5,8,100,2022-07-28T06:07:22,2022-07-28T20:16:01,1.0,Partially cloudy,Partly cloudy throughout the day.,partly-cloudy-day,"KPHF,KNGU,74598013702,D5377,72308513750,72308693741,KLFI",161
80,"Hampton, VA, United States",2022-07-29,34.3,24.7,28.2,41.4,24.7,31.6,25.1,85.1,11.24,100,16.67,rain,0,0,53.6,29.3,228.3,1014.0,52.8,14.8,190.4,16.5,8,100,2022-07-29T06:08:10,2022-07-29T20:15:09,0.0,"Rain, Partially cloudy",Partly cloudy throughout the day with late afternoon rain.,rain,"KPHF,KNGU,74598013702,D5377,72308513750,72308693741,KLFI",161
81,"Hampton, VA, United States",2022-07-30,29.7,23.3,26.6,31.3,23.3,27.5,22.0,78.1,0.0,0,0.0,rain,0,0,27.7,21.1,147.6,1019.2,42.7,15.2,255.5,22.2,8,30,2022-07-30T06:08:58,2022-07-30T20:14:15,0.01,Partially cloudy,Clearing in the afternoon.,partly-cloudy-day,"KPHF,KNGU,74598013702,D5377,72308513750,72308693741,KLFI",161
82,"Hampton, VA, United States",2022-07-31,29.5,21.2,25.0,31.9,21.2,25.7,21.7,83.9,2.7,100,12.5,rain,0,0,25.9,14.3,158.7,1021.2,73.9,15.8,127.2,11.1,10,75,2022-07-31T06:09:47,2022-07-31T20:13:20,0.04,"Rain, Partially cloudy",Partly cloudy throughout the day with late afternoon rain.,rain,"KPHF,KNGU,74598013702,D5377,72308513750,72308693741,KLFI",161
83,"Hampton, VA, United States",2022-08-01,31.3,23.3,26.0,38.0,23.3,27.6,24.5,92.1,10.12,100,41.67,rain,0,0,68.4,15.0,249.3,1015.7,73.0,15.5,186.0,15.8,10,75,2022-08-01T06:10:35,2022-08-01T20:12:24,0.07,"Rain, Partially cloudy",Partly cloudy throughout the day with rain.,rain,"KPHF,KNGU,74598013702,D5377,72308513750,72308693741,KLFI",161
84,"Hampton, VA, United States",2022-08-02,32.7,24.0,28.0,38.5,24.0,31.1,24.4,82.7,0.0,0,0.0,,0,0,34.9,19.2,250.8,1013.2,24.3,15.2,263.9,22.8,8,100,2022-08-02T06:11:24,2022-08-02T20:11:26,0.1,Partially cloudy,Partly cloudy throughout the day.,partly-cloudy-day,"KPHF,KNGU,74598013702,D5377,72308513750,72308693741,KLFI",161
85,"Hampton, VA, United States",2022-08-03,31.8,24.3,27.9,38.7,24.3,30.9,24.4,82.7,0.0,0,0.0,,0,0,19.8,14.8,150.5,1016.0,20.8,15.7,251.0,21.6,7,100,2022-08-03T06:12:13,2022-08-03T20:10:27,0.14,Partially cloudy,Partly cloudy throughout the day.,partly-cloudy-day,"KPHF,KNGU,74598013702,D5377,72308513750,72308693741,KLFI",161
86,"Hampton, VA, United States",2022-08-04,34.9,24.0,27.7,42.1,24.0,30.5,24.3,83.7,0.33,100,8.33,rain,0,0,37.1,14.1,203.5,1018.9,27.8,15.7,235.5,20.2,8,100,2022-08-04T06:13:03,2022-08-04T20:09:26,0.2,"Rain, Partially cloudy",Partly cloudy throughout the day with late afternoon rain.,rain,"KPHF,KNGU,74598013702,D5377,72308513750,72308693741,KLFI",161
87,"Hampton, VA, United States",2022-08-05,32.1,24.4,27.8,39.5,24.4,30.9,24.9,85.5,1.41,100,12.5,rain,0,0,33.8,22.3,220.3,1021.8,47.4,15.1,210.9,18.2,9,100,2022-08-05T06:13:52,2022-08-05T20:08:24,0.25,"Rain, Partially cloudy",Partly cloudy throughout the day with rain.,rain,"KPHF,KNGU,74598013702,D5377,72308513750,72308693741,KLFI",161
88,"Hampton, VA, United States",2022-08-06,31.2,23.3,26.8,38.5,23.3,29.6,24.4,87.5,1.75,100,12.5,rain,0,0,28.1,18.2,176.6,1024.3,60.1,14.8,158.5,13.8,6,100,2022-08-06T06:14:42,2022-08-06T20:07:21,0.31,"Rain, Partially cloudy",Partly cloudy throughout the day with early morning rain.,rain,"KPHF,KNGU,74598013702,D5377,72308513750,72308693741,KLFI",161
89,"Hampton, VA, United States",2022-08-07,31.8,23.5,27.9,37.0,23.5,30.8,23.9,80.5,0.0,0,0.0,,0,0,32.0,19.6,200.2,1023.1,25.8,15.4,201.6,17.4,8,75,2022-08-07T06:15:31,2022-08-07T20:06:17,0.36,Partially cloudy,Becoming cloudy in the afternoon.,partly-cloudy-day,"KPHF,KNGU,74598013702,D5377,72308513750,72308693741,KLFI",161
90,"Hampton, VA, United States",2022-08-08,32.9,25.1,29.0,39.5,25.1,32.6,24.1,76.1,0.0,0,0.0,,0,0,42.5,23.0,203.1,1019.2,16.7,15.3,254.3,22.1,8,75,2022-08-08T06:16:21,2022-08-08T20:05:11,0.41,Clear,Clear conditions throughout the day.,clear-day,"KPHF,KNGU,74598013702,D5377,72308513750,72308693741,KLFI",161
91,"Hampton, VA, United States",2022-08-09,34.8,25.6,29.7,42.2,25.6,34.4,24.8,76.4,0.04,100,4.17,rain,0,0,40.7,27.1,220.6,1017.2,11.9,15.3,265.0,22.8,8,100,2022-08-09T06:17:11,2022-08-09T20:04:04,0.45,Rain,Clear conditions throughout the day with late afternoon rain.,rain,"KPHF,KNGU,74598013702,D5377,72308513750,72308693741,KLFI",161
92,"Hampton, VA, United States",2022-08-10,33.4,22.7,27.3,41.7,22.7,30.3,24.1,83.4,9.36,100,25.0,rain,0,0,46.4,29.6,249.0,1017.6,44.5,14.7,193.9,16.8,8,100,2022-08-10T06:18:01,2022-08-10T20:02:56,0.48,"Rain, Partially cloudy",Becoming cloudy in the afternoon with rain.,rain,"KPHF,KNGU,74598013702,D5377,72308513750,72308693741,KLFI",161
93,"Hampton, VA, United States",2022-08-11,29.0,22.9,25.1,33.9,22.9,26.0,23.7,92.4,1.48,100,12.5,rain,0,0,32.8,20.0,251.6,1015.2,70.8,14.8,133.2,11.6,9,75,2022-08-11T06:18:51,2022-08-11T20:01:47,0.5,"Rain, Partially cloudy",Partly cloudy throughout the day with afternoon rain.,rain,"KPHF,KNGU,74598013702,D5377,72308513750,72308693741,KLFI",161
94,"Hampton, VA, United States",2022-08-12,27.0,20.3,24.2,28.3,20.3,24.2,20.5,81.0,0.0,0,0.0,rain,0,0,28.4,22.2,199.2,1015.7,47.4,14.3,168.8,14.6,6,60,2022-08-12T06:19:41,2022-08-12T20:00:37,0.5,Partially cloudy,Partly cloudy throughout the day.,partly-cloudy-day,"KPHF,KNGU,74598013702,D5377,72308513750,72308693741,KLFI",161
95,"Hampton, VA, United States",2022-08-13,27.2,18.7,22.8,27.6,18.7,22.8,16.6,70.7,0.0,0,0.0,,0,0,27.7,19.7,147.3,1019.0,8.9,15.3,257.3,22.5,8,10,2022-08-13T06:20:30,2022-08-13T19:59:25,0.52,Clear,Clear conditions throughout the day.,clear-day,"KPHF,KNGU,74598013702,D5377,72308513750,72308693741,KLFI",161
96,"Hampton, VA, United States",2022-08-14,26.8,18.1,22.4,26.8,18.1,22.4,16.4,72.2,0.0,0,0.0,,0,0,20.9,18.5,111.8,1017.8,55.7,15.6,199.5,17.3,8,10,2022-08-14T06:21:20,2022-08-14T19:58:13,0.54,Partially cloudy,Clearing in the afternoon.,partly-cloudy-day,"KPHF,KNGU,74598013702,D5377,72308513750,72308693741,KLFI",161
97,"Hampton, VA, United States",2022-08-15,24.3,19.1,21.9,24.3,19.1,21.9,17.1,75.4,1.1,100,25.0,rain,0,0,21.6,14.7,113.5,1014.8,84.3,15.6,92.8,8.0,5,10,2022-08-15T06:22:10,2022-08-15T19:56:59,0.58,"Rain, Partially cloudy",Partly cloudy throughout the day with rain.,rain,"KPHF,KNGU,74598013702,D5377,72308513750,72308693741,KLFI",161
98,"Hampton, VA, United States",2022-08-16,26.1,19.2,22.6,26.1,19.2,22.6,19.4,83.3,0.0,0,0.0,rain,0,0,29.2,25.2,155.6,1014.4,57.3,15.2,182.2,15.7,9,30,2022-08-16T06:23:00,2022-08-16T19:55:45,0.62,Partially cloudy,Partly cloudy throughout the day.,partly-cloudy-day,"KPHF,KNGU,74598013702,D5377,72308513750,72308693741,KLFI",161
99,"Hampton, VA, United States",2022-08-17,26.5,18.8,23.0,26.5,18.8,23.0,18.9,78.9,0.0,0,0.0,rain,0,0,38.9,31.0,50.7,1015.4,41.7,15.4,242.5,21.0,9,30,2022-08-17T06:23:50,2022-08-17T19:54:29,0.67,Partially cloudy,Partly cloudy throughout the day.,partly-cloudy-day,"KPHF,KNGU,74598013702,D5377,72308513750,72308693741,KLFI",161
100,"Hampton, VA, United States",2022-08-18,29.1,17.3,23.1,29.6,17.3,23.4,17.9,75.0,0.0,0,0.0,,0,0,23.4,13.2,185.1,1015.8,16.0,15.5,227.0,19.6,8,30,2022-08-18T06:24:40,2022-08-18T19:53:13,0.72,Clear,Clear conditions throughout the day.,clear-day,"KPHF,KNGU,74598013702,D5377,72308513750,72308693741,KLFI",161
101,"Hampton, VA, United States",2022-08-19,29.0,19.3,24.7,30.4,19.3,25.1,19.5,75.0,0.0,0,0.0,,0,0,28.8,19.4,178.3,1019.1,43.5,16.0,198.2,17.3,8,30,2022-08-19T06:25:29,2022-08-19T19:51:55,0.77,Partially cloudy,Becoming cloudy in the afternoon.,partly-cloudy-day,"KPHF,KNGU,74598013702,D5377,72308513750,72308693741,KLFI",161
102,"Hampton, VA, United States",2022-08-20,28.7,22.6,25.3,31.5,22.6,26.0,22.5,85.8,0.64,100,16.67,rain,0,0,31.7,21.8,98.4,1020.5,40.6,15.7,215.6,18.5,9,60,2022-08-20T06:26:19,2022-08-20T19:50:37,0.82,"Rain, Partially cloudy",Clearing in the afternoon with rain clearing later.,rain,"KPHF,KNGU,74598013702,D5377,72308513750,72308693741,KLFI",161
103,"Hampton, VA, United States",2022-08-21,28.1,21.1,24.7,31.5,21.1,26.0,22.9,90.4,0.72,100,8.33,rain,0,0,31.1,19.7,105.6,1018.6,55.7,15.6,176.0,15.1,9,75,2022-08-21T06:27:08,2022-08-21T19:49:18,0.86,"Rain, Partially cloudy",Partly cloudy throughout the day with late afternoon rain.,rain,"KPHF,KNGU,74598013702,D5377,72308513750,72308693741,KLFI",161
104,"Hampton, VA, United States",2022-08-22,29.9,22.5,25.5,33.5,22.5,26.6,22.9,87.0,3.81,100,16.67,rain,0,0,29.5,19.6,221.8,1013.5,69.3,15.5,110.5,9.4,5,60,2022-08-22T06:27:58,2022-08-22T19:47:58,0.9,"Rain, Partially cloudy",Partly cloudy throughout the day with rain clearing later.,rain,"KPHF,KNGU,74598013702,D5377,72308513750,72308693741,KLFI",161
105,"Hampton, VA, United States",2022-08-23,29.5,22.9,26.1,31.8,22.9,26.9,22.1,80.5,0.0,0,0.0,rain,0,0,29.9,15.2,190.2,1012.4,43.7,15.9,196.5,16.9,8,60,2022-08-23T06:28:47,2022-08-23T19:46:37,0.94,Partially cloudy,Partly cloudy throughout the day.,partly-cloudy-day,"KPHF,KNGU,74598013702,D5377,72308513750,72308693741,KLFI",161
106,"Hampton, VA, United States",2022-08-24,30.5,21.7,26.0,32.1,21.7,26.8,20.8,75.9,0.0,0,0.0,,0,0,19.8,12.2,83.8,1016.1,33.8,15.2,196.3,16.9,7,60,2022-08-24T06:29:37,2022-08-24T19:45:15,0.97,Partially cloudy,Partly cloudy throughout the day.,partly-cloudy-day,"KPHF,KNGU,D5377,72308513750,72308693741,KLFI",161
107,"Hampton, VA, United States",2022-08-25,30.6,21.9,26.2,34.3,21.9,27.6,21.9,78.6,0.0,0,0.0,rain,0,0,35.3,14.7,218.2,1018.3,60.1,15.9,118.0,10.2,6,75,2022-08-25T06:30:26,2022-08-25T19:43:53,0.99,Partially cloudy,Partly cloudy throughout the day.,partly-cloudy-day,"KPHF,KNGU,D5377,72308513750,72308693741,KLFI",161
108,"Hampton, VA, United States",2022-08-26,31.6,20.5,26.4,33.3,20.5,27.3,20.6,72.6,0.0,0,0.0,,0,0,28.8,13.9,230.8,1016.2,29.1,15.9,225.5,19.5,8,75,2022-08-26T06:31:15,2022-08-26T19:42:30,1.0,Partially cloudy,Partly cloudy throughout the day.,partly-cloudy-day,"KPHF,KNGU,D5377,72308513750,72308693741,KLFI",161
109,"Hampton, VA, United States",2022-08-27,32.6,22.9,26.8,37.1,22.9,28.1,22.2,77.9,0.0,0,0.0,,0,0,29.2,16.6,205.2,1015.7,27.4,15.9,231.5,20.1,8,60,2022-08-27T06:32:05,2022-08-27T19:41:06,0.0,Partially cloudy,Partly cloudy throughout the day.,partly-cloudy-day,"KPHF,KNGU,D5377,72308513750,72308693741,KLFI",161
110,"Hampton, VA, United States",2022-08-28,30.8,21.1,26.0,35.1,21.1,27.7,22.6,83.4,0.0,0,0.0,,0,0,38.9,19.3,58.9,1018.6,15.9,15.8,256.8,22.3,9,75,2022-08-28T06:32:54,2022-08-28T19:39:42,0.01,Clear,Clear conditions throughout the day.,clear-day,"KPHF,KNGU,D5377,72308513750,72308693741,KLFI",161
111,"Hampton, VA, United States",2022-08-29,30.5,23.2,26.7,35.9,23.2,29.1,24.2,87.2,0.0,0,0.0,,0,0,27.7,19.6,78.5,1018.9,47.6,15.4,167.0,14.4,6,100,2022-08-29T06:33:43,2022-08-29T19:38:17,0.02,Partially cloudy,Partly cloudy throughout the day.,partly-cloudy-day,"KPHF,KNGU,D5377,72308513750,72308693741,KLFI",161
112,"Hampton, VA, United States",2022-08-30,33.2,23.7,28.3,37.0,23.7,30.5,23.0,75.5,0.0,0,0.0,,0,0,33.8,19.7,217.8,1013.6,40.6,16.0,226.1,19.5,8,75,2022-08-30T06:34:32,2022-08-30T19:36:51,0.05,Partially cloudy,Partly cloudy throughout the day.,partly-cloudy-day,"KPHF,KNGU,D5377,72308513750,72308693741,KLFI",161
113,"Hampton, VA, United States",2022-08-31,31.5,22.8,26.7,31.5,22.8,26.8,19.1,67.0,0.0,0,0.0,,0,0,35.3,17.3,257.0,1012.8,42.1,16.0,214.0,18.5,8,10,2022-08-31T06:35:21,2022-08-31T19:35:25,0.09,Partially cloudy,Partly cloudy throughout the day.,partly-cloudy-day,"KPHF,KNGU,D5377,72308513750,72308693741,KLFI",161
114,"Hampton, VA, United States",2022-09-01,30.8,20.7,25.8,30.8,20.7,26.0,18.6,67.2,0.0,0,0.0,,0,0,29.5,15.9,145.9,1016.3,25.0,16.0,211.8,18.3,7,30,2022-09-01T06:36:09,2022-09-01T19:33:58,0.13,Partially cloudy,Partly cloudy throughout the day.,partly-cloudy-day,"KPHF,KNGU,D5377,72308513750,72308693741,KLFI",161
115,"Hampton, VA, United States",2022-09-02,30.7,19.8,25.3,32.1,19.8,26.0,20.3,76.3,0.0,0,0.0,,0,0,24.5,19.6,83.0,1021.0,23.0,15.7,199.5,17.3,7,60,2022-09-02T06:36:58,2022-09-02T19:32:31,0.18,Partially cloudy,Partly cloudy throughout the day.,partly-cloudy-day,"KPHF,KNGU,D5377,72308513750,72308693741,KLFI",161
116,"Hampton, VA, United States",2022-09-03,29.4,20.5,25.4,31.2,20.5,26.2,21.0,78.1,0.0,0,0.0,,0,0,22.0,20.0,74.2,1023.1,24.3,15.8,207.3,17.7,8,60,2022-09-03T06:37:47,2022-09-03T19:31:03,0.24,Partially cloudy,Partly cloudy throughout the day.,partly-cloudy-day,"KPHF,KNGU,D5377,72308513750,72308693741,KLFI",161
117,"Hampton, VA, United States",2022-09-04,30.3,19.5,24.9,31.4,19.5,25.3,19.6,75.1,0.0,0,0.0,,0,0,27.7,20.8,66.9,1020.6,17.2,15.9,213.0,18.4,7,30,2022-09-04T06:38:36,2022-09-04T19:29:35,0.29,Clear,Clear conditions throughout the day.,clear-day,"KPHF,KNGU,D5377,72308513750,72308693741,KLFI",161
118,"Hampton, VA, United States",2022-09-05,28.9,19.4,25.0,31.1,19.4,25.9,20.7,78.6,0.0,0,0.0,,0,0,29.5,20.8,105.8,1018.5,36.1,15.9,165.2,14.2,7,30,2022-09-05T06:39:24,2022-09-05T19:28:06,0.35,Partially cloudy,Becoming cloudy in the afternoon.,partly-cloudy-day,"KPHF,KNGU,D5377,72308513750,72308693741,KLFI",161
119,"Hampton, VA, United States",2022-09-06,31.4,25.0,27.2,36.2,25.0,28.8,23.6,81.7,0.54,100,12.5,rain,0,0,35.6,21.6,185.6,1014.4,79.3,16.0,137.9,11.9,9,75,2022-09-06T06:40:13,2022-09-06T19:26:37,0.4,"Rain, Partially cloudy",Partly cloudy throughout the day with rain clearing later.,rain,"KPHF,KNGU,D5377,72308513750,72308693741,KLFI",161
120,"Hampton, VA, United States",2022-09-07,27.5,23.0,24.8,29.4,23.0,25.1,21.8,84.2,0.25,100,8.33,rain,0,0,37.1,22.3,34.9,1012.8,81.1,16.0,120.5,10.5,7,30,2022-09-07T06:41:01,2022-09-07T19:25:08,0.44,"Rain, Partially cloudy",Partly cloudy throughout the day with late afternoon rain.,rain,"KPHF,KNGU,D5377,72308513750,72308693741,KLFI",161
121,"Hampton, VA, United States",2022-09-08,26.4,21.6,23.7,26.4,21.6,23.7,19.0,75.7,0.34,100,16.67,rain,0,0,42.5,26.5,42.8,1012.0,70.3,16.0,186.3,15.9,7,10,2022-09-08T06:41:50,2022-09-08T19:23:38,0.47,"Rain, Partially cloudy",Partly cloudy throughout the day with rain clearing later.,rain,"KPHF,KNGU,D5377,72308513750,72308693741,KLFI",161
122,"Hampton, VA, United States",2022-09-09,26.5,20.4,23.2,26.5,20.4,23.2,18.1,74.2,0.0,0,0.0,rain,0,0,40.7,27.4,65.6,1016.3,39.1,15.9,199.5,17.1,7,10,2022-09-09T06:42:39,2022-09-09T19:22:08,0.49,Partially cloudy,Partly cloudy throughout the day.,partly-cloudy-day,"KPHF,KNGU,D5377,72308513750,72308693741,KLFI",161
123,"Hampton, VA, United States",2022-09-10,28.0,22.1,24.9,29.3,22.1,25.2,20.1,75.6,0.0,0,0.0,rain,0,0,37.1,23.4,99.6,1021.7,70.8,16.0,151.8,13.1,6,10,2022-09-10T06:43:27,2022-09-10T19:20:38,0.5,Partially cloudy,Partly cloudy throughout the day.,partly-cloudy-day,"KPHF,KNGU,D5377,74598013702,72308513750,72308693741,KLFI",161
124,"Hampton, VA, United States",2022-09-11,29.6,23.5,26.3,34.5,23.5,28.1,23.0,82.5,21.94,100,25.0,rain,0,0,39.6,19.1,165.7,1018.3,86.1,15.3,118.9,10.4,6,60,2022-09-11T06:44:16,2022-09-11T19:19:07,0.51,"Rain, Partially cloudy",Partly cloudy throughout the day with rain.,rain,"KPHF,KNGU,D5377,74598013702,72308513750,72308693741,KLFI",161
125,"Hampton, VA, United States",2022-09-12,31.7,22.9,26.9,35.5,22.9,28.9,23.1,81.6,2.16,100,16.67,rain,0,0,35.6,19.0,223.0,1011.1,60.4,15.5,164.5,14.0,7,75,2022-09-12T06:45:04,2022-09-12T19:17:36,0.53,"Rain, Partially cloudy",Partly cloudy throughout the day with rain clearing later.,rain,"KPHF,KNGU,D5377,72308513750,72308693741,KLFI",161
126,"Hampton, VA, United States",2022-09-13,29.2,20.5,25.4,31.5,20.5,25.9,20.6,77.1,0.0,0,0.0,rain,0,0,32.4,16.8,267.0,1010.0,51.1,16.0,92.0,7.9,5,75,2022-09-13T06:45:53,2022-09-13T19:16:05,0.56,Partially cloudy,Partly cloudy throughout the day.,partly-cloudy-day,"KPHF,KNGU,D5377,74598013702,72308513750,72308693741,KLFI",161
127,"Hampton, VA, United States",2022-09-14,25.8,17.6,21.5,25.8,17.6,21.5,15.5,70.2,0.0,0,0.0,,0,0,31.3,17.5,86.5,1016.8,32.6,16.0,162.1,14.1,7,10,2022-09-14T06:46:42,2022-09-14T19:14:34,0.6,Partially cloudy,Partly cloudy throughout the day.,partly-cloudy-day,"KPHF,KNGU,D5377,72308513750,72308693741,KLFI",161
128,"Hampton, VA, United States",2022-09-15,26.5,17.1,21.6,26.5,17.1,21.6,17.3,78.2,0.0,0,0.0,,0,0,33.5,23.8,140.3,1020.9,23.0,15.9,167.0,14.4,7,10,2022-09-15T06:47:30,2022-09-15T19:13:03,0.64,Partially cloudy,Clearing in the afternoon.,partly-cloudy-day,"KPHF,KNGU,D5377,72308513750,72308693741,KLFI",161
129,"Hampton, VA, United States",2022-09-16,25.4,15.8,20.5,25.4,15.8,20.5,14.3,71.1,0.0,0,0.0,,0,0,27.7,17.5,44.0,1022.5,9.7,15.4,183.9,15.8,7,10,2022-09-16T06:48:19,2022-09-16T19:11:31,0.69,Clear,Clear conditions throughout the day.,clear-day,"KPHF,KNGU,D5377,72308513750,72308693741,KLFI",161
130,"Hampton, VA, United States",2022-09-17,25.7,14.5,20.1,25.7,14.5,20.1,16.1,79.6,0.0,0,0.0,,0,0,22.7,15.9,77.4,1023.5,3.9,15.9,170.0,14.6,6,10,2022-09-17T06:49:08,2022-09-17T19:10:00,0.74,Clear,Clear conditions throughout the day.,clear-day,"KPHF,KNGU,D5377,72308513750,72308693741,KLFI",161
131,"Hampton, VA, United States",2022-09-18,29.0,16.3,22.5,29.2,16.3,22.6,18.1,79.1,0.0,0,0.0,,0,0,21.6,15.5,156.0,1020.5,10.8,15.4,184.3,15.9,7,30,2022-09-18T06:49:57,2022-09-18T19:08:28,0.78,Clear,Clear conditions throughout the day.,clear-day,"KPHF,KNGU,D5377,72308513750,72308693741,KLFI",161
132,"Hampton, VA, United States",2022-09-19,30.8,20.4,25.5,31.1,20.4,25.8,19.1,70.9,0.0,0,0.0,,0,0,35.3,20.5,233.6,1016.2,26.1,16.0,187.3,16.2,7,30,2022-09-19T06:50:46,2022-09-19T19:06:57,0.83,Partially cloudy,Becoming cloudy in the afternoon.,partly-cloudy-day,"KPHF,KNGU,D5377,72308513750,72308693741,KLFI",161
133,"Hampton, VA, United States",2022-09-20,29.6,20.8,25.0,30.3,20.8,25.3,19.4,73.3,0.0,0,0.0,rain,0,0,27.7,17.1,139.3,1014.6,13.8,15.9,175.2,15.1,7,30,2022-09-20T06:51:35,2022-09-20T19:05:25,0.87,Clear,Clear conditions throughout the day.,clear-day,"KPHF,KNGU,D5377,72308513750,72308693741,KLFI",161
134,"Hampton, VA, United States",2022-09-21,29.5,18.8,24.2,29.7,18.8,24.4,18.1,71.8,0.0,0,0.0,,0,0,35.3,14.0,148.4,1014.8,17.0,14.5,166.8,14.4,7,10,2022-09-21T06:52:24,2022-09-21T19:03:53,0.91,Clear,Clear conditions throughout the day.,clear-day,"KPHF,KNGU,D5377,72308513750,72308693741,KLFI",161
135,"Hampton, VA, United States",2022-09-22,33.5,20.1,24.9,35.6,20.1,25.3,18.6,70.5,1.9,100,8.33,rain,0,0,55.4,30.2,212.5,1007.8,42.0,15.9,153.4,13.3,7,60,2022-09-22T06:53:13,2022-09-22T19:02:22,0.95,"Rain, Partially cloudy",Becoming cloudy in the afternoon with afternoon rain.,rain,"KPHF,KNGU,D5377,72308513750,72308693741,KLFI",161
136,"Hampton, VA, United States",2022-09-23,20.6,13.8,16.9,20.6,13.8,16.9,5.9,49.5,0.0,0,0.0,,0,0,49.9,35.0,339.1,1016.2,12.6,16.0,178.8,15.4,7,10,2022-09-23T06:54:03,2022-09-23T19:00:50,0.97,Clear,Clear conditions throughout the day.,clear-day,"KPHF,KNGU,D5377,72308513750,72308693741,KLFI",161
137,"Hampton, VA, United States",2022-09-24,23.9,13.4,18.0,23.9,13.4,18.0,7.9,53.5,0.0,0,0.0,,0,0,33.8,12.7,252.9,1018.7,28.3,16.0,150.0,13.0,6,10,2022-09-24T06:54:52,2022-09-24T18:59:19,0.99,Partially cloudy,Clearing in the afternoon.,partly-cloudy-day,"KPHF,KNGU,D5377,72308513750,72308693741,KLFI",161
138,"Hampton, VA, United States",2022-09-25,30.3,17.2,22.0,29.3,17.2,21.9,13.2,60.0,3.01,100,20.83,rain,0,0,55.4,29.3,232.1,1010.6,51.9,15.9,180.0,15.6,7,10,2022-09-25T06:55:42,2022-09-25T18:57:48,1.0,"Rain, Partially cloudy",Clearing in the afternoon with rain.,rain,"KPHF,KNGU,D5377,72308513750,72308693741,KLFI",161
139,"Hampton, VA, United States",2022-09-26,27.7,17.7,21.8,27.0,17.7,21.7,14.4,67.9,0.55,100,4.17,rain,0,0,46.1,22.6,252.9,1009.3,24.2,16.0,177.0,15.1,6,10,2022-09-26T06:56:32,2022-09-26T18:56:16,0.0,"Rain, Partially cloudy",Partly cloudy throughout the day with morning rain.,rain,"KPHF,KNGU,D5377,72308513750,72308693741,KLFI",161
140,"Hampton, VA, United States",2022-09-27,25.6,15.4,19.7,25.6,15.4,19.7,9.7,55.5,0.0,0,0.0,,0,0,25.2,14.0,230.4,1013.6,23.0,16.0,179.9,15.6,6,10,2022-09-27T06:57:22,2022-09-27T18:54:46,0.01,Partially cloudy,Partly cloudy throughout the day.,partly-cloudy-day,"KPHF,KNGU,D5377,74598013702,72308513750,72308693741,KLFI",161
141,"Hampton, VA, United States",2022-09-28,21.2,13.8,17.7,21.2,13.8,17.7,7.4,51.8,0.0,0,0.0,,0,0,40.7,18.7,140.2,1021.5,35.4,16.0,174.0,15.0,6,10,2022-09-28T06:58:12,2022-09-28T18:53:15,0.04,Partially cloudy,Partly cloudy throughout the day.,partly-cloudy-day,"KPHF,KNGU,D5377,72308513750,72308693741,KLFI",161
142,"Hampton, VA, United States",2022-09-29,19.6,16.0,17.8,19.6,16.0,17.8,13.0,73.4,0.0,0,0.0,rain,0,0,49.2,35.1,38.9,1024.1,63.8,16.0,101.3,8.9,5,10,2022-09-29T06:59:02,2022-09-29T18:51:45,0.07,Partially cloudy,Partly cloudy throughout the day.,partly-cloudy-day,"KPHF,KNGU,D5377,72308513750,72308693741,KLFI",161
143,"Hampton, VA, United States",2022-09-30,21.4,17.6,18.5,21.4,17.6,18.5,17.1,92.1,82.66,100,79.17,rain,0,0,95.4,59.0,57.1,1016.2,98.1,8.7,20.5,1.7,1,10,2022-09-30T06:59:53,2022-09-30T18:50:14,0.12,"Rain, Overcast",Cloudy skies throughout the day with a chance of rain throughout the day.,rain,"KPHF,KNGU,D5377,KLFI",161
