,name,datetime,tempmax,tempmin,temp,feelslikemax,feelslikemin,feelslike,dew,humidity,precip,precipprob,precipcover,preciptype,snow,snowdepth,windgust,windspeed,winddir,sealevelpressure,cloudcover,visibility,solarradiation,solarenergy,uvindex,severerisk,sunrise,sunset,moonphase,conditions,description,icon,stations,skey
0,"Richmond, VA, United States",2022-05-10,21.6,8.4,15.4,21.6,6.8,15.1,4.5,49.3,0.0,0,0.0,,0,0,43.3,27.6,82.2,1024.6,53.9,16.0,307.2,26.4,10,10,2022-05-10T06:04:56,2022-05-10T20:07:57,0.32,Partially cloudy,Partly cloudy throughout the day.,partly-cloudy-day,"KRIC,KFCI,F2053,72401013740,KW96,KOFP,72308493775",165
1,"Richmond, VA, United States",2022-05-11,21.7,10.9,16.4,21.7,10.9,16.4,6.8,54.0,0.0,0,0.0,,0,0,39.3,25.7,34.9,1023.5,65.1,15.8,225.8,19.6,8,10,2022-05-11T06:03:59,2022-05-11T20:08:50,0.37,Partially cloudy,Partly cloudy throughout the day.,partly-cloudy-day,"KRIC,KFCI,F2053,72401013740,KW96,KOFP,72308493775",165
2,"Richmond, VA, United States",2022-05-12,18.4,14.2,16.3,18.4,14.2,16.3,15.0,91.8,1.54,100,16.67,rain,0,0,34.9,19.0,55.6,1022.5,84.0,13.2,77.4,6.7,3,10,2022-05-12T06:03:04,2022-05-12T20:09:42,0.41,"Rain, Partially cloudy",Partly cloudy throughout the day with rain.,rain,"KRIC,KFCI,F2053,AS694,72401013740,KW96,KOFP,72308493775",165
3,"Richmond, VA, United States",2022-05-13,23.8,15.6,19.2,23.8,15.6,19.2,17.3,89.7,0.34,100,16.67,rain,0,0,27.7,15.6,64.0,1020.8,92.8,10.3,109.9,9.5,5,60,2022-05-13T06:02:10,2022-05-13T20:10:35,0.45,"Rain, Overcast",Cloudy skies throughout the day with rain clearing later.,rain,"KRIC,KFCI,F2053,72401013740,KW96,KOFP,72308493775",165
4,"Richmond, VA, United States",2022-05-14,22.7,17.8,19.7,22.7,17.8,19.7,18.5,93.0,1.73,100,16.67,rain,0,0,25.9,9.8,54.6,1016.7,89.8,10.1,76.6,6.8,3,30,2022-05-14T06:01:18,2022-05-14T20:11:27,0.48,"Rain, Partially cloudy",Partly cloudy throughout the day with rain in the morning and afternoon.,rain,"KRIC,KFCI,F2053,72401013740,KW96,KOFP,72308493775",165
5,"Richmond, VA, United States",2022-05-15,29.9,16.2,22.1,30.5,16.2,22.2,17.9,80.1,1.65,100,8.33,rain,0,0,27.7,15.5,160.3,1012.6,71.7,10.0,312.3,26.9,10,60,2022-05-15T06:00:28,2022-05-15T20:12:18,0.5,"Rain, Partially cloudy",Partly cloudy throughout the day with late afternoon rain.,rain,"KRIC,KFCI,F2053,72401013740,KW96,KOFP,72308493775",165
6,"Richmond, VA, United States",2022-05-16,28.6,18.6,23.2,29.5,18.6,23.3,16.9,71.2,0.35,100,12.5,rain,0,0,48.1,27.1,203.4,1007.7,61.5,15.5,211.2,18.1,10,75,2022-05-16T05:59:38,2022-05-16T20:13:09,0.5,"Rain, Partially cloudy",Partly cloudy throughout the day with rain clearing later.,rain,"KRIC,KFCI,F2053,72401013740,KW96,KOFP,72308493775",165
7,"Richmond, VA, United States",2022-05-17,28.7,12.5,21.4,27.5,12.5,21.1,9.8,51.8,0.0,0,0.0,,0,0,41.0,24.1,241.1,1012.5,15.2,16.0,311.6,26.9,10,10,2022-05-17T05:58:51,2022-05-17T20:14:00,0.52,Clear,Clear conditions throughout the day.,clear-day,"KRIC,KFCI,F2053,72401013740,KW96,KOFP,72308493775",165
8,"Richmond, VA, United States",2022-05-18,26.1,13.7,20.3,26.1,13.7,20.3,10.1,53.7,0.0,0,0.0,,0,0,40.7,16.4,174.1,1015.5,33.7,16.0,298.1,25.7,10,10,2022-05-18T05:58:05,2022-05-18T20:14:50,0.54,Partially cloudy,Partly cloudy throughout the day.,partly-cloudy-day,"KRIC,KFCI,F2053,72401013740,KW96,KOFP,72308493775",165
9,"Richmond, VA, United States",2022-05-19,31.4,19.8,25.0,30.9,19.8,25.0,14.9,55.2,0.21,100,8.33,rain,0,0,42.5,21.9,222.3,1008.5,48.2,15.9,304.7,26.4,10,30,2022-05-19T05:57:20,2022-05-19T20:15:40,0.58,"Rain, Partially cloudy",Partly cloudy throughout the day with early morning rain.,rain,"KRIC,KFCI,F2053,AS694,72401013740,KW96,KOFP,72308493775",165
10,"Richmond, VA, United States",2022-05-20,35.4,19.8,27.0,36.4,19.8,27.9,18.7,63.7,0.0,0,0.0,rain,0,0,41.0,26.0,160.8,1011.9,39.2,15.8,301.8,26.2,10,75,2022-05-20T05:56:37,2022-05-20T20:16:29,0.63,Partially cloudy,Partly cloudy throughout the day.,partly-cloudy-day,"KRIC,KFCI,F2053,72401013740,KW96,KOFP,72308493775",165
11,"Richmond, VA, United States",2022-05-21,34.3,21.9,28.3,35.2,21.9,28.9,18.4,57.4,1.72,100,4.17,rain,0,0,44.6,25.5,217.2,1017.9,40.4,15.9,293.8,25.2,10,75,2022-05-21T05:55:56,2022-05-21T20:17:17,0.68,"Rain, Partially cloudy",Partly cloudy throughout the day with late afternoon rain.,rain,"KRIC,KFCI,F2053,72401013740,KW96,KOFP,72308493775",165
12,"Richmond, VA, United States",2022-05-22,32.1,20.7,25.7,35.1,20.7,26.7,20.2,73.6,0.1,100,4.17,rain,0,0,37.1,24.0,226.3,1019.0,49.2,16.0,323.5,27.8,10,75,2022-05-22T05:55:16,2022-05-22T20:18:05,0.74,"Rain, Partially cloudy",Partly cloudy throughout the day with early morning rain.,rain,"KRIC,KFCI,F2053,72401013740,KW96,KOFP,72308493775",165
13,"Richmond, VA, United States",2022-05-23,23.2,16.5,20.8,23.2,16.5,20.8,15.7,73.6,1.84,100,25.0,rain,0,0,37.8,20.5,76.4,1021.8,80.1,15.8,152.6,13.2,7,10,2022-05-23T05:54:38,2022-05-23T20:18:53,0.79,"Rain, Partially cloudy",Partly cloudy throughout the day with rain.,rain,"KRIC,KFCI,F2053,72401013740,KW96,KOFP,72308493775",165
14,"Richmond, VA, United States",2022-05-24,17.3,14.3,15.4,17.3,14.3,15.4,14.7,95.5,31.58,100,95.83,rain,0,0,32.0,19.0,51.3,1022.5,99.9,7.1,62.8,5.3,2,10,2022-05-24T05:54:02,2022-05-24T20:19:39,0.85,"Rain, Overcast",Cloudy skies throughout the day with a chance of rain throughout the day.,rain,"KRIC,KFCI,F2053,AS694,72401013740,KW96,KOFP,72308493775",165
15,"Richmond, VA, United States",2022-05-25,18.7,13.6,16.1,18.7,13.6,16.1,14.0,87.6,0.2,100,8.33,rain,0,0,27.7,16.6,60.7,1026.1,99.7,13.9,100.0,8.6,3,10,2022-05-25T05:53:27,2022-05-25T20:20:25,0.89,"Rain, Overcast",Cloudy skies throughout the day with morning rain.,rain,"KRIC,KFCI,F2053,AS694,72401013740,KW96,KOFP,72308493775",165
16,"Richmond, VA, United States",2022-05-26,22.1,14.9,18.1,22.1,14.9,18.1,16.3,89.2,0.3,100,8.33,rain,0,0,14.8,9.2,49.1,1023.1,88.7,13.0,123.9,10.5,6,10,2022-05-26T05:52:54,2022-05-26T20:21:10,0.93,"Rain, Partially cloudy",Partly cloudy throughout the day with morning rain.,rain,"KRIC,KFCI,F2053,AS694,72401013740,KW96,KOFP,C7979,72308493775",165
17,"Richmond, VA, United States",2022-05-27,26.6,18.8,21.8,26.6,18.8,21.8,20.1,90.3,9.61,100,20.83,rain,0,0,66.4,24.0,182.9,1012.8,90.8,13.6,161.5,13.9,9,60,2022-05-27T05:52:23,2022-05-27T20:21:55,0.96,"Rain, Overcast",Cloudy skies throughout the day with rain.,rain,"KRIC,KFCI,F2053,72401013740,F0267,KW96,KOFP,72308493775",165
18,"Richmond, VA, United States",2022-05-28,26.6,17.0,21.6,26.6,17.0,21.6,15.5,71.9,5.8,100,25.0,rain,0,0,32.1,20.3,247.3,1011.2,46.7,15.9,310.3,26.7,10,10,2022-05-28T05:51:54,2022-05-28T20:22:38,0.99,"Rain, Partially cloudy",Partly cloudy throughout the day with rain clearing later.,rain,"KRIC,KFCI,F2053,72401013740,KW96,KOFP,72308493775",165
19,"Richmond, VA, United States",2022-05-29,28.2,14.9,22.3,28.3,14.9,22.3,15.7,69.6,0.0,0,0.0,,0,0,13.3,9.8,89.9,1017.7,28.2,15.7,340.0,29.2,10,10,2022-05-29T05:51:26,2022-05-29T20:23:21,1.0,Partially cloudy,Becoming cloudy in the afternoon.,partly-cloudy-day,"KRIC,KFCI,F2053,72401013740,KW96,KOFP,72308493775",165
20,"Richmond, VA, United States",2022-05-30,31.8,17.7,24.9,32.0,17.7,25.1,17.8,68.8,0.0,0,0.0,rain,0,0,15.1,9.8,122.9,1020.1,16.5,15.9,331.1,28.7,10,60,2022-05-30T05:51:00,2022-05-30T20:24:03,0.0,Clear,Clear conditions throughout the day.,clear-day,"KRIC,KFCI,F2053,72401013740,KW96,KOFP,72308493775",165
21,"Richmond, VA, United States",2022-05-31,34.3,20.1,27.2,36.0,20.1,28.2,19.9,67.5,0.0,0,0.0,,0,0,18.7,11.3,146.9,1017.7,18.0,15.8,286.3,24.7,10,75,2022-05-31T05:50:36,2022-05-31T20:24:44,0.0,Clear,Clear conditions throughout the day.,clear-day,"KRIC,KFCI,F2053,72401013740,KW96,KOFP,72308493775",165
22,"Richmond, VA, United States",2022-06-01,34.7,21.3,28.2,35.1,21.3,28.9,19.6,63.8,0.0,0,0.0,,0,0,19.4,14.0,251.0,1013.5,44.1,15.7,312.3,26.9,10,60,2022-06-01T05:50:13,2022-06-01T20:25:24,0.02,Partially cloudy,Partly cloudy throughout the day.,partly-cloudy-day,"KRIC,KFCI,F2053,72401013740,KW96,KOFP,72308493775",165
23,"Richmond, VA, United States",2022-06-02,34.2,21.1,27.1,35.8,21.1,27.8,19.8,68.2,4.02,100,16.67,rain,0,0,77.8,27.2,231.5,1008.2,43.2,15.6,298.0,25.7,10,30,2022-06-02T05:49:52,2022-06-02T20:26:03,0.04,"Rain, Partially cloudy",Partly cloudy throughout the day with late afternoon rain.,rain,"KRIC,KFCI,F2053,72401013740,KW96,KOFP,72308493775",165
24,"Richmond, VA, United States",2022-06-03,26.4,17.3,22.8,26.4,17.3,22.8,15.0,65.9,0.07,100,12.5,rain,0,0,31.0,22.7,239.9,1010.3,69.9,15.3,306.5,26.4,10,30,2022-06-03T05:49:33,2022-06-03T20:26:40,0.07,"Rain, Partially cloudy",Partly cloudy throughout the day with early morning rain.,rain,"KRIC,KFCI,F2053,72401013740,KW96,KOFP,72308493775",165
25,"Richmond, VA, United States",2022-06-04,29.2,15.8,22.4,27.9,15.8,22.1,11.8,55.9,0.0,0,0.0,,0,0,33.5,13.3,144.6,1013.2,39.2,16.0,356.9,30.9,10,10,2022-06-04T05:49:16,2022-06-04T20:27:17,0.11,Partially cloudy,Partly cloudy throughout the day.,partly-cloudy-day,"KRIC,KFCI,F2053,72401013740,KW96,KOFP,72308493775",165
26,"Richmond, VA, United States",2022-06-05,27.7,14.1,21.1,27.7,14.1,21.1,13.5,64.1,0.0,0,0.0,,0,0,29.5,21.2,112.7,1014.3,33.4,16.0,307.6,26.5,10,10,2022-06-05T05:49:01,2022-06-05T20:27:53,0.14,Partially cloudy,Partly cloudy throughout the day.,partly-cloudy-day,"KRIC,KFCI,F2053,72401013740,KW96,KOFP,72308493775",165
27,"Richmond, VA, United States",2022-06-06,27.8,12.4,20.5,27.0,12.4,20.4,10.5,58.2,0.0,0,0.0,,0,0,27.7,19.5,108.0,1017.5,11.2,16.0,350.8,30.3,10,10,2022-06-06T05:48:47,2022-06-06T20:28:27,0.19,Clear,Clear conditions throughout the day.,clear-day,"KRIC,KFCI,F2053,72401013740,KW96,KOFP,72308493775",165
28,"Richmond, VA, United States",2022-06-07,29.2,16.9,23.6,29.4,16.9,23.7,16.6,67.6,0.0,0,0.0,rain,0,0,35.7,26.3,164.7,1015.8,63.3,16.0,215.0,18.6,7,30,2022-06-07T05:48:36,2022-06-07T20:29:01,0.24,Partially cloudy,Partly cloudy throughout the day.,partly-cloudy-day,"KRIC,KFCI,F2053,72401013740,F0267,KW96,KOFP,72308493775",165
29,"Richmond, VA, United States",2022-06-08,33.3,21.3,26.9,34.7,21.3,27.8,19.9,67.6,1.32,100,12.5,rain,0,0,47.9,23.2,187.8,1011.9,70.1,15.9,340.0,29.5,10,60,2022-06-08T05:48:26,2022-06-08T20:29:33,0.29,"Rain, Partially cloudy",Partly cloudy throughout the day with late afternoon rain.,rain,"KRIC,KFCI,F2053,AS694,72401013740,KW96,KOFP,72308493775",165
30,"Richmond, VA, United States",2022-06-09,30.4,21.5,25.7,30.5,21.5,25.8,18.1,66.7,0.0,0,0.0,rain,0,0,36.7,25.4,270.0,1008.2,71.3,15.9,302.5,26.2,10,30,2022-06-09T05:48:17,2022-06-09T20:30:03,0.35,Partially cloudy,Partly cloudy throughout the day.,partly-cloudy-day,"KRIC,KFCI,F2053,72401013740,KW96,KOFP,72308493775",165
31,"Richmond, VA, United States",2022-06-10,27.4,15.3,22.0,26.7,15.3,21.9,11.3,53.6,0.0,0,0.0,,0,0,17.3,13.0,163.0,1013.3,45.2,16.0,305.9,26.2,10,10,2022-06-10T05:48:11,2022-06-10T20:30:33,0.39,Partially cloudy,Partly cloudy throughout the day.,partly-cloudy-day,"KRIC,KFCI,F2053,72401013740,KW96,KOFP,72308493775",165
32,"Richmond, VA, United States",2022-06-11,26.0,17.0,21.7,26.0,17.0,21.7,16.1,71.0,2.17,100,8.33,rain,0,0,37.1,18.7,116.2,1013.8,68.7,15.9,190.3,16.5,6,60,2022-06-11T05:48:06,2022-06-11T20:31:01,0.44,"Rain, Partially cloudy",Partly cloudy throughout the day with late afternoon rain.,rain,"KRIC,KFCI,F2053,72401013740,KW96,KOFP,72308493775",165
33,"Richmond, VA, United States",2022-06-12,28.2,19.5,22.9,30.6,19.5,23.4,20.0,84.2,24.3,100,33.33,rain,0,0,60.8,16.9,102.8,1013.9,79.6,14.9,206.4,17.7,10,75,2022-06-12T05:48:03,2022-06-12T20:31:27,0.47,"Rain, Partially cloudy",Partly cloudy throughout the day with a chance of rain throughout the day.,rain,"KRIC,F2053,AS694,72401013740,KW96,KOFP,72308493775",165
34,"Richmond, VA, United States",2022-06-13,34.7,21.6,28.1,38.5,21.6,30.4,22.0,72.1,0.0,0,0.0,,0,0,16.9,13.5,200.5,1014.0,58.0,15.7,320.8,27.7,10,100,2022-06-13T05:48:02,2022-06-13T20:31:53,0.49,Partially cloudy,Partly cloudy throughout the day.,partly-cloudy-day,"KRIC,KFCI,F2053,72401013740,KW96,KOFP,72308493775",165
35,"Richmond, VA, United States",2022-06-14,30.9,23.5,26.3,34.5,23.5,27.3,22.4,80.3,0.8,100,16.67,rain,0,0,47.7,33.1,263.0,1013.0,68.6,15.2,159.2,13.8,9,75,2022-06-14T05:48:03,2022-06-14T20:32:16,0.5,"Rain, Partially cloudy",Partly cloudy throughout the day with rain in the morning and afternoon.,rain,"KRIC,KFCI,F2053,72401013740,KW96,KOFP,72308493775",165
36,"Richmond, VA, United States",2022-06-15,31.6,19.6,26.2,33.3,19.6,26.8,19.6,70.1,0.0,0,0.0,,0,0,26.6,13.9,69.7,1018.0,38.2,14.8,337.3,29.1,10,10,2022-06-15T05:48:05,2022-06-15T20:32:39,0.51,Partially cloudy,Partly cloudy throughout the day.,partly-cloudy-day,"KRIC,KFCI,F2053,72401013740,KW96,KOFP,72308493775",165
37,"Richmond, VA, United States",2022-06-16,30.1,21.3,25.3,33.9,21.3,26.2,19.2,69.4,1.66,100,12.5,rain,0,0,38.9,21.4,172.0,1019.1,81.8,15.9,198.9,17.3,9,60,2022-06-16T05:48:09,2022-06-16T20:33:00,0.53,"Rain, Partially cloudy",Partly cloudy throughout the day with rain.,rain,"KRIC,KFCI,F2053,AS694,72401013740,KW96,KOFP,72308493775",165
38,"Richmond, VA, United States",2022-06-17,35.5,22.0,28.5,39.2,22.0,29.9,20.1,62.7,0.12,100,4.17,rain,0,0,60.5,25.9,231.1,1010.6,58.7,16.0,303.5,26.3,10,75,2022-06-17T05:48:15,2022-06-17T20:33:19,0.57,"Rain, Partially cloudy",Partly cloudy throughout the day with late afternoon rain.,rain,"KRIC,KFCI,F2053,72401013740,KW96,KOFP,72308493775",165
39,"Richmond, VA, United States",2022-06-18,27.2,17.6,24.0,27.3,17.6,23.9,13.5,54.6,0.0,0,0.0,,0,0,49.2,30.3,321.0,1010.6,20.7,16.0,337.6,29.4,10,30,2022-06-18T05:48:22,2022-06-18T20:33:37,0.62,Partially cloudy,Partly cloudy throughout the day.,partly-cloudy-day,"KRIC,KFCI,F2053,72401013740,KW96,KOFP,72308493775",165
40,"Richmond, VA, United States",2022-06-19,26.1,14.2,20.2,26.1,14.2,20.2,5.8,41.1,0.0,0,0.0,,0,0,43.4,28.5,301.9,1019.0,13.8,16.0,352.6,30.5,10,10,2022-06-19T05:48:31,2022-06-19T20:33:53,0.67,Clear,Clear conditions throughout the day.,clear-day,"KRIC,KFCI,F2053,72401013740,KW96,KOFP,72308493775",165
41,"Richmond, VA, United States",2022-06-20,26.6,13.2,20.0,26.6,13.2,20.0,8.0,49.4,0.0,0,0.0,,0,0,27.7,17.8,226.3,1022.8,50.7,16.0,192.6,16.7,10,10,2022-06-20T05:48:42,2022-06-20T20:34:07,0.72,Partially cloudy,Partly cloudy throughout the day.,partly-cloudy-day,"KRIC,KFCI,F2053,72401013740,KW96,KOFP,72308493775",165
42,"Richmond, VA, United States",2022-06-21,28.9,16.4,23.0,28.1,16.4,22.8,12.4,53.3,0.0,0,0.0,,0,0,14.0,14.4,186.4,1021.4,75.5,16.0,252.1,21.6,9,10,2022-06-21T05:48:54,2022-06-21T20:34:20,0.77,Partially cloudy,Partly cloudy throughout the day.,partly-cloudy-day,"KRIC,KFCI,F2053,72401013740,KW96,KOFP,72308493775",165
43,"Richmond, VA, United States",2022-06-22,34.1,18.4,23.7,35.1,18.4,23.9,18.0,73.5,29.84,100,33.33,rain,0,0,64.1,12.8,228.8,1014.1,59.7,14.0,226.0,19.4,10,30,2022-06-22T05:49:08,2022-06-22T20:34:31,0.82,"Rain, Partially cloudy",Partly cloudy throughout the day with rain.,rain,"KRIC,KFCI,F2053,AS694,72401013740,KW96,KOFP,72308493775",165
44,"Richmond, VA, United States",2022-06-23,21.7,20.1,21.2,21.7,20.1,21.2,20.0,93.0,18.24,100,58.33,rain,0,0,21.6,15.2,93.0,1012.7,99.3,11.8,79.4,6.6,3,10,2022-06-23T05:49:23,2022-06-23T20:34:41,0.87,"Rain, Overcast",Cloudy skies throughout the day with a chance of rain throughout the day.,rain,"KRIC,KFCI,F2053,AS694,72401013740,KW96,KOFP,72308493775",165
45,"Richmond, VA, United States",2022-06-24,27.9,16.8,22.4,29.1,16.8,22.5,18.1,78.7,0.0,0,0.0,,0,0,11.2,9.8,106.5,1017.7,50.6,14.0,242.0,20.9,10,30,2022-06-24T05:49:40,2022-06-24T20:34:48,0.91,Partially cloudy,Partly cloudy throughout the day.,partly-cloudy-day,"KRIC,KFCI,F2053,72401013740,KW96,KOFP,72308493775",165
46,"Richmond, VA, United States",2022-06-25,30.7,17.7,24.3,31.3,17.7,24.6,17.8,69.7,0.0,0,0.0,,0,0,18.4,12.0,142.6,1020.6,17.8,15.6,332.9,28.6,10,10,2022-06-25T05:49:59,2022-06-25T20:34:54,0.95,Clear,Clear conditions throughout the day.,clear-day,"KRIC,KFCI,F2053,72401013740,KW96,KOFP,72308493775",165
47,"Richmond, VA, United States",2022-06-26,32.2,19.0,25.7,33.4,19.0,26.2,18.3,66.1,0.0,0,0.0,,0,0,31.7,19.3,165.3,1019.7,34.1,16.0,314.3,27.2,10,10,2022-06-26T05:50:19,2022-06-26T20:34:59,0.97,Partially cloudy,Partly cloudy throughout the day.,partly-cloudy-day,"KRIC,KFCI,F2053,72401013740,KW96,KOFP,72308493775",165
48,"Richmond, VA, United States",2022-06-27,29.5,20.1,24.1,33.1,20.1,24.6,20.6,81.5,26.3,100,37.5,rain,0,0,49.9,22.8,156.4,1016.7,74.8,14.4,126.3,11.0,6,60,2022-06-27T05:50:40,2022-06-27T20:35:01,0.99,"Rain, Partially cloudy",Partly cloudy throughout the day with rain.,rain,"KRIC,KFCI,F2053,72401013740,KW96,KOFP,72308493775",165
49,"Richmond, VA, United States",2022-06-28,27.1,15.7,21.9,26.8,15.7,21.9,13.8,63.8,0.58,100,50.0,rain,0,0,29.5,17.4,220.4,1022.1,33.9,15.8,336.4,29.1,10,10,2022-06-28T05:51:03,2022-06-28T20:35:02,1.0,"Rain, Partially cloudy",Partly cloudy throughout the day with a chance of rain throughout the day.,rain,"KRIC,KFCI,F2053,72401013740,KW96,KOFP,72308493775",165
50,"Richmond, VA, United States",2022-06-29,29.1,16.4,23.3,30.5,16.4,23.6,16.8,68.8,0.0,0,0.0,,0,0,27.7,17.0,154.2,1024.2,37.5,16.0,313.8,27.1,10,30,2022-06-29T05:51:27,2022-06-29T20:35:01,0.0,Partially cloudy,Partly cloudy throughout the day.,partly-cloudy-day,"KRIC,KFCI,F2053,72401013740,KW96,KOFP,72308493775",165
51,"Richmond, VA, United States",2022-06-30,31.2,20.4,25.1,34.1,20.4,26.1,21.0,78.8,25.03,100,8.33,rain,0,0,48.9,21.6,136.9,1023.0,48.5,15.1,263.5,22.4,10,100,2022-06-30T05:51:53,2022-06-30T20:34:58,0.01,"Rain, Partially cloudy",Becoming cloudy in the afternoon with afternoon rain.,rain,"KRIC,KFCI,F2053,72401013740,KW96,KOFP,72308493775",165
52,"Richmond, VA, United States",2022-07-01,33.1,22.2,27.5,36.3,22.2,29.0,21.3,70.8,0.0,0,0.0,,0,0,31.7,20.3,189.6,1019.4,51.1,16.0,302.3,26.1,10,75,2022-07-01T05:52:20,2022-07-01T20:34:53,0.03,Partially cloudy,Partly cloudy throughout the day.,partly-cloudy-day,"KRIC,KFCI,F2053,72401013740,KW96,KOFP,72308493775",165
53,"Richmond, VA, United States",2022-07-02,32.3,22.3,27.3,36.0,22.3,29.0,21.5,72.0,0.0,0,0.0,,0,0,32.0,20.7,201.3,1015.9,52.3,16.0,290.9,25.2,10,75,2022-07-02T05:52:48,2022-07-02T20:34:47,0.05,Partially cloudy,Partly cloudy throughout the day.,partly-cloudy-day,"KRIC,KFCI,F2053,72401013740,KW96,KOFP,72308493775",165
54,"Richmond, VA, United States",2022-07-03,30.6,21.6,26.5,34.1,21.6,27.5,20.6,72.0,0.0,0,0.0,rain,0,0,25.9,21.0,173.3,1017.0,47.0,16.0,273.8,23.6,9,60,2022-07-03T05:53:18,2022-07-03T20:34:39,0.08,Partially cloudy,Partly cloudy throughout the day.,partly-cloudy-day,"KRIC,KFCI,F2053,72401013740,KW96,KOFP,72308493775",165
55,"Richmond, VA, United States",2022-07-04,31.7,19.2,25.5,31.8,19.2,25.7,17.8,65.7,0.0,0,0.0,,0,0,14.8,11.2,105.8,1021.0,29.4,15.9,301.3,25.9,10,10,2022-07-04T05:53:48,2022-07-04T20:34:29,0.12,Partially cloudy,Partly cloudy throughout the day.,partly-cloudy-day,"KRIC,KFCI,F2053,72401013740,KW96,KOFP,72308493775",165
56,"Richmond, VA, United States",2022-07-05,32.1,21.8,26.7,37.3,21.8,28.8,21.5,74.1,0.12,100,4.17,rain,0,0,38.9,23.9,184.5,1017.4,67.4,15.7,199.8,17.2,9,75,2022-07-05T05:54:20,2022-07-05T20:34:17,0.17,"Rain, Partially cloudy",Partly cloudy throughout the day with afternoon rain.,rain,"KFCI,KRIC,F2053,72401013740,KW96,KOFP,72308493775",165
57,"Richmond, VA, United States",2022-07-06,33.4,22.4,27.3,39.5,22.4,29.5,22.4,75.9,0.82,100,25.0,rain,0,0,25.2,16.1,221.9,1013.0,67.5,15.9,199.6,17.1,7,100,2022-07-06T05:54:53,2022-07-06T20:34:03,0.22,"Rain, Partially cloudy",Partly cloudy throughout the day with rain.,rain,"KRIC,KFCI,F2053,AS694,72401013740,KW96,KOFP,72308493775",165
58,"Richmond, VA, United States",2022-07-07,30.9,23.5,26.5,35.4,23.5,28.2,22.8,81.0,0.12,100,12.5,rain,0,0,24.8,14.2,170.3,1013.8,83.3,16.0,139.6,12.0,10,60,2022-07-07T05:55:27,2022-07-07T20:33:47,0.27,"Rain, Partially cloudy",Partly cloudy throughout the day with rain clearing later.,rain,"KRIC,KFCI,F2053,72401013740,KW96,KOFP,72308493775",165
59,"Richmond, VA, United States",2022-07-08,31.1,22.2,26.6,34.3,22.2,28.0,22.0,77.6,0.04,100,4.17,rain,0,0,20.9,11.6,103.0,1016.0,70.7,15.3,182.8,15.6,6,30,2022-07-08T05:56:02,2022-07-08T20:33:30,0.33,"Rain, Partially cloudy",Partly cloudy throughout the day with late afternoon rain.,rain,"KRIC,KFCI,F2053,72401013740,KW96,KOFP,C7979,72308493775",165
60,"Richmond, VA, United States",2022-07-09,26.1,19.4,23.3,26.1,19.4,23.3,22.0,92.5,7.5,100,45.83,rain,0,0,29.5,20.2,73.5,1015.0,96.3,12.0,79.8,6.9,6,30,2022-07-09T05:56:38,2022-07-09T20:33:11,0.38,"Rain, Overcast",Cloudy skies throughout the day with rain.,rain,"KRIC,KFCI,F2053,AS694,72401013740,KW96,KOFP,C7979,72308493775",165
61,"Richmond, VA, United States",2022-07-10,22.9,18.7,20.7,22.9,18.7,20.7,19.1,90.4,1.71,100,45.83,rain,0,0,29.9,14.7,73.7,1017.2,94.7,14.0,72.7,6.5,3,10,2022-07-10T05:57:16,2022-07-10T20:32:50,0.42,"Rain, Overcast",Cloudy skies throughout the day with a chance of rain throughout the day.,rain,"KRIC,KFCI,F2053,AS694,72401013740,KW96,KOFP,72308493775",165
62,"Richmond, VA, United States",2022-07-11,28.9,15.6,22.5,28.8,15.6,22.5,16.3,71.6,0.0,0,0.0,,0,0,24.5,13.4,146.8,1015.1,23.6,15.4,338.3,29.1,10,10,2022-07-11T05:57:54,2022-07-11T20:32:27,0.46,Partially cloudy,Partly cloudy throughout the day.,partly-cloudy-day,"KRIC,KFCI,F2053,72401013740,KW96,KOFP,72308493775",165
63,"Richmond, VA, United States",2022-07-12,33.7,19.9,26.8,37.0,19.9,28.3,20.5,71.3,0.0,0,0.0,,0,0,38.9,27.7,200.3,1011.5,35.5,15.9,326.5,28.2,10,60,2022-07-12T05:58:33,2022-07-12T20:32:02,0.49,Partially cloudy,Partly cloudy throughout the day.,partly-cloudy-day,"C0630,KRIC,KFCI,F2053,72401013740,KW96,KOFP,C7979,72308493775",165
64,"Richmond, VA, United States",2022-07-13,32.8,21.1,26.3,35.4,21.1,27.4,20.5,72.2,3.53,100,4.17,rain,0,0,59.0,18.8,204.5,1013.4,62.8,15.6,227.2,19.7,10,75,2022-07-13T05:59:13,2022-07-13T20:31:36,0.5,"Rain, Partially cloudy",Partly cloudy throughout the day with late afternoon rain.,rain,"KRIC,KFCI,F2053,72401013740,KW96,KOFP,72308493775",165
65,"Richmond, VA, United States",2022-07-14,32.2,21.8,26.7,33.0,21.8,27.2,20.2,71.1,0.0,0,0.0,,0,0,19.8,16.5,219.2,1016.5,64.2,15.5,281.3,24.3,10,60,2022-07-14T05:59:54,2022-07-14T20:31:08,0.51,Partially cloudy,Partly cloudy throughout the day.,partly-cloudy-day,"KRIC,KFCI,F2053,72401013740,KW96,KOFP,C7979,72308493775",165
66,"Richmond, VA, United States",2022-07-15,30.7,20.6,25.0,33.2,20.6,25.8,20.6,77.5,0.0,0,0.0,rain,0,0,31.7,22.4,111.2,1019.5,60.7,15.8,157.4,13.7,8,60,2022-07-15T06:00:35,2022-07-15T20:30:38,0.53,Partially cloudy,Partly cloudy throughout the day.,partly-cloudy-day,"KRIC,KFCI,F2053,AS694,72401013740,KW96,KOFP,72308493775",165
67,"Richmond, VA, United States",2022-07-16,31.1,19.1,23.6,33.1,19.1,24.3,20.5,84.1,0.6,100,12.5,rain,0,0,35.3,18.7,198.2,1018.8,54.4,15.2,206.0,17.8,10,75,2022-07-16T06:01:17,2022-07-16T20:30:06,0.55,"Rain, Partially cloudy",Partly cloudy throughout the day with rain.,rain,"KRIC,KFCI,F2053,72401013740,KW96,KOFP,72308493775",165
68,"Richmond, VA, United States",2022-07-17,33.0,19.4,25.7,37.9,19.4,27.3,21.3,78.0,0.99,100,12.5,rain,0,0,50.0,21.6,184.1,1016.8,59.1,15.7,260.4,22.4,10,100,2022-07-17T06:02:01,2022-07-17T20:29:32,0.6,"Rain, Partially cloudy",Partly cloudy throughout the day with rain.,rain,"KRIC,KFCI,F2053,AS694,72401013740,F0267,KW96,KOFP,72308493775",165
69,"Richmond, VA, United States",2022-07-18,33.7,23.6,28.7,38.0,23.6,31.0,22.3,70.2,0.0,0,0.0,,0,0,37.5,25.0,200.8,1013.7,52.9,16.0,302.4,26.0,10,60,2022-07-18T06:02:44,2022-07-18T20:28:57,0.65,Partially cloudy,Partly cloudy throughout the day.,partly-cloudy-day,"KRIC,KFCI,F2053,AS694,72401013740,KW96,KOFP,C7979,72308493775",165
70,"Richmond, VA, United States",2022-07-19,32.8,23.4,28.0,35.8,23.4,29.7,21.7,69.9,0.26,100,4.17,rain,0,0,29.5,13.5,168.2,1012.1,63.7,15.9,259.5,22.4,10,30,2022-07-19T06:03:29,2022-07-19T20:28:20,0.7,"Rain, Partially cloudy",Partly cloudy throughout the day with late afternoon rain.,rain,"KRIC,KFCI,F2053,72401013740,KW96,KOFP,72308493775",165
71,"Richmond, VA, United States",2022-07-20,34.8,21.7,28.8,37.2,21.7,30.5,21.4,67.8,0.16,100,4.17,rain,0,0,37.1,21.5,225.6,1010.3,48.4,16.0,276.8,23.9,10,60,2022-07-20T06:04:14,2022-07-20T20:27:41,0.75,"Rain, Partially cloudy",Partly cloudy throughout the day with early morning rain.,rain,"KRIC,KFCI,F2053,72401013740,KW96,KOFP,72308493775",165
72,"Richmond, VA, United States",2022-07-21,34.7,23.7,28.0,39.0,23.7,30.2,22.9,75.5,3.32,100,8.33,rain,0,0,36.7,21.3,216.7,1008.4,46.4,16.0,222.1,19.1,10,75,2022-07-21T06:04:59,2022-07-21T20:27:01,0.8,"Rain, Partially cloudy",Partly cloudy throughout the day with afternoon rain.,rain,"KRIC,KFCI,F2053,72401013740,KW96,KOFP,72308493775",165
73,"Richmond, VA, United States",2022-07-22,34.6,23.2,28.6,35.9,23.2,29.7,20.9,67.2,0.04,100,4.17,rain,0,0,29.5,20.4,229.9,1014.3,49.4,15.7,294.4,25.4,9,30,2022-07-22T06:05:45,2022-07-22T20:26:19,0.85,"Rain, Partially cloudy",Partly cloudy throughout the day with early morning rain.,rain,"KRIC,KFCI,F2053,AS694,72401013740,KW96,KOFP,72308493775",165
74,"Richmond, VA, United States",2022-07-23,36.0,22.7,29.5,38.9,22.7,31.3,21.1,63.8,0.41,100,4.17,rain,0,0,26.3,16.9,165.7,1017.7,39.2,15.1,331.6,28.8,10,75,2022-07-23T06:06:32,2022-07-23T20:25:35,0.89,"Rain, Partially cloudy",Partly cloudy throughout the day with afternoon rain.,rain,"KRIC,KFCI,F2053,AS694,72401013740,KW96,KOFP,C7979,72308493775",165
75,"Richmond, VA, United States",2022-07-24,36.6,23.6,29.8,40.7,23.6,32.2,21.3,62.2,0.0,0,0.0,rain,0,0,34.2,21.5,182.5,1017.6,44.6,15.9,316.3,27.4,10,75,2022-07-24T06:07:19,2022-07-24T20:24:50,0.93,Partially cloudy,Partly cloudy throughout the day.,partly-cloudy-day,"KRIC,KFCI,F2053,AS694,72401013740,KW96,KOFP,72308493775",165
76,"Richmond, VA, United States",2022-07-25,34.3,23.5,27.8,40.3,23.5,29.9,22.3,73.3,6.57,100,16.67,rain,0,0,55.1,30.1,202.3,1015.8,53.0,15.9,215.0,18.6,9,100,2022-07-25T06:08:07,2022-07-25T20:24:03,0.96,"Rain, Partially cloudy",Partly cloudy throughout the day with late afternoon rain.,rain,"KRIC,KFCI,F2053,AS694,72401013740,KW96,KOFP,72308493775",165
77,"Richmond, VA, United States",2022-07-26,31.5,23.6,25.6,36.0,23.6,26.6,22.9,85.8,11.83,100,50.0,rain,0,0,58.6,14.2,243.5,1016.7,75.5,15.2,163.4,14.0,10,60,2022-07-26T06:08:55,2022-07-26T20:23:15,0.98,"Rain, Partially cloudy",Partly cloudy throughout the day with rain.,rain,"KRIC,KFCI,F2053,AS694,72401013740,F0267,KW96,KOFP,72308493775",165
78,"Richmond, VA, United States",2022-07-27,32.7,22.8,26.5,38.2,22.8,28.4,22.8,81.6,4.52,100,33.33,rain,0,0,33.5,16.8,242.0,1015.2,75.6,15.6,225.3,19.4,10,75,2022-07-27T06:09:43,2022-07-27T20:22:25,1.0,"Rain, Partially cloudy",Partly cloudy throughout the day with rain.,rain,"KRIC,KFCI,F2053,AS694,72401013740,KW96,KOFP,72308493775",165
79,"Richmond, VA, United States",2022-07-28,34.2,23.4,28.9,38.5,23.4,31.1,22.0,68.5,0.0,0,0.0,,0,0,31.7,23.1,241.8,1013.3,51.4,16.0,271.2,23.5,10,60,2022-07-28T06:10:32,2022-07-28T20:21:33,1.0,Partially cloudy,Partly cloudy throughout the day.,partly-cloudy-day,"KRIC,KFCI,F2053,AS694,72401013740,KW96,KOFP,72308493775",165
80,"Richmond, VA, United States",2022-07-29,32.6,23.9,26.7,37.9,23.9,28.1,23.7,84.6,13.57,100,16.67,rain,0,0,52.1,14.7,174.7,1014.0,64.5,15.8,230.2,19.8,10,100,2022-07-29T06:11:21,2022-07-29T20:20:40,0.0,"Rain, Partially cloudy",Partly cloudy throughout the day with rain.,rain,"KRIC,KFCI,F2053,AS694,72401013740,KW96,KOFP,72308493775",165
81,"Richmond, VA, United States",2022-07-30,31.0,22.9,26.6,31.7,22.9,26.9,19.7,69.1,0.0,0,0.0,rain,0,0,27.7,15.7,122.5,1019.5,57.9,15.7,298.5,25.7,10,30,2022-07-30T06:12:10,2022-07-30T20:19:45,0.01,Partially cloudy,Partly cloudy throughout the day.,partly-cloudy-day,"KRIC,KFCI,F2053,AS694,72401013740,KW96,KOFP,72308493775",165
82,"Richmond, VA, United States",2022-07-31,26.3,21.1,23.4,26.3,21.1,23.4,20.7,85.3,4.8,100,50.0,rain,0,0,26.6,12.5,100.9,1021.2,80.3,14.7,86.8,7.6,4,10,2022-07-31T06:13:00,2022-07-31T20:18:49,0.04,"Rain, Partially cloudy",Partly cloudy throughout the day with rain.,rain,"KRIC,KFCI,F2053,72401013740,KW96,KOFP,72308493775",165
83,"Richmond, VA, United States",2022-08-01,30.3,22.8,25.8,34.5,22.8,27.2,23.2,86.6,11.5,100,29.17,rain,0,0,44.6,16.5,198.0,1015.5,74.7,15.1,173.2,15.0,9,75,2022-08-01T06:13:49,2022-08-01T20:17:52,0.07,"Rain, Partially cloudy",Partly cloudy throughout the day with rain.,rain,"KRIC,KFCI,F2053,72401013740,KW96,KOFP,72308493775",165
84,"Richmond, VA, United States",2022-08-02,33.2,23.6,28.0,36.7,23.6,29.4,22.0,72.4,0.02,100,4.17,rain,0,0,25.2,17.0,238.2,1013.0,46.7,16.0,310.3,26.8,10,60,2022-08-02T06:14:40,2022-08-02T20:16:53,0.1,"Rain, Partially cloudy",Partly cloudy throughout the day with late afternoon rain.,rain,"KRIC,KFCI,F2053,72401013740,KW96,KOFP,72308493775",165
85,"Richmond, VA, United States",2022-08-03,33.9,22.5,27.8,35.9,22.5,28.9,20.9,69.0,0.0,0,0.0,,0,0,14.4,9.8,153.2,1016.2,39.1,15.6,315.8,27.3,9,30,2022-08-03T06:15:30,2022-08-03T20:15:52,0.14,Partially cloudy,Partly cloudy throughout the day.,partly-cloudy-day,"KRIC,F2053,72401013740,KW96,KOFP,72308493775",165
86,"Richmond, VA, United States",2022-08-04,34.9,23.2,27.5,40.5,23.2,29.4,22.3,75.1,0.19,100,4.17,rain,0,0,40.7,24.9,149.3,1018.5,46.0,15.5,242.9,21.1,10,75,2022-08-04T06:16:20,2022-08-04T20:14:51,0.2,"Rain, Partially cloudy",Partly cloudy throughout the day with afternoon rain.,rain,"KRIC,KFCI,F2053,72401013740,KW96,KOFP,72308493775",165
87,"Richmond, VA, United States",2022-08-05,32.7,22.1,25.3,39.1,22.1,26.6,22.4,85.1,32.58,100,37.5,rain,0,0,60.8,21.9,139.6,1021.8,72.3,14.8,176.5,15.3,10,100,2022-08-05T06:17:11,2022-08-05T20:13:48,0.25,"Rain, Partially cloudy",Partly cloudy throughout the day with rain.,rain,"KRIC,KFCI,F2053,AS694,72401013740,KW96,KOFP,72308493775",165
88,"Richmond, VA, United States",2022-08-06,30.2,21.4,24.5,35.6,21.4,25.5,22.1,87.5,0.31,100,16.67,rain,0,0,43.2,22.9,187.0,1024.2,73.7,16.0,160.4,13.9,8,100,2022-08-06T06:18:01,2022-08-06T20:12:43,0.31,"Rain, Partially cloudy",Partly cloudy throughout the day with rain.,rain,"KRIC,KFCI,F2053,72401013740,KW96,KOFP,72308493775",165
89,"Richmond, VA, United States",2022-08-07,32.1,22.7,27.1,36.1,22.7,29.1,22.3,76.9,0.0,0,0.0,,0,0,20.5,16.9,167.8,1022.8,47.3,15.9,267.5,23.1,9,60,2022-08-07T06:18:52,2022-08-07T20:11:38,0.36,Partially cloudy,Partly cloudy throughout the day.,partly-cloudy-day,"KRIC,KFCI,F2053,72401013740,KW96,KOFP,72308493775",165
90,"Richmond, VA, United States",2022-08-08,33.6,23.4,28.3,38.9,23.4,31.2,23.2,75.5,0.0,0,0.0,,0,0,22.7,18.4,197.5,1018.5,31.6,16.0,302.7,26.3,10,75,2022-08-08T06:19:43,2022-08-08T20:10:31,0.41,Partially cloudy,Becoming cloudy in the afternoon.,partly-cloudy-day,"KRIC,KFCI,F2053,72401013740,KW96,KOFP,72308493775",165
91,"Richmond, VA, United States",2022-08-09,34.9,24.2,29.5,40.3,24.2,32.6,23.0,69.9,0.0,0,0.0,,0,0,25.9,20.3,220.7,1016.8,18.8,16.0,319.3,27.5,10,75,2022-08-09T06:20:34,2022-08-09T20:09:23,0.45,Clear,Clear conditions throughout the day.,clear-day,"KRIC,KFCI,F2053,72401013740,KW96,KOFP,72308493775",165
92,"Richmond, VA, United States",2022-08-10,33.0,22.1,26.5,38.9,22.1,28.4,22.9,81.7,26.55,100,25.0,rain,0,0,57.2,15.4,185.9,1017.7,41.7,14.9,159.6,13.8,8,100,2022-08-10T06:21:25,2022-08-10T20:08:14,0.48,"Rain, Partially cloudy",Partly cloudy throughout the day with rain.,rain,"KRIC,KFCI,F2053,AS694,72401013740,KW96,KOFP,72308493775",165
93,"Richmond, VA, United States",2022-08-11,28.5,22.3,24.9,30.8,22.3,25.5,22.0,84.9,0.17,100,12.5,rain,0,0,24.8,17.0,212.1,1015.5,74.1,15.6,187.8,16.2,8,75,2022-08-11T06:22:16,2022-08-11T20:07:03,0.5,"Rain, Partially cloudy",Partly cloudy throughout the day with rain.,rain,"KRIC,KFCI,F2053,72401013740,KW96,KOFP,72308493775",165
94,"Richmond, VA, United States",2022-08-12,28.6,20.2,23.5,28.7,20.2,23.6,17.3,70.7,1.32,100,12.5,rain,0,0,26.6,17.2,272.6,1016.6,58.6,15.4,209.8,18.2,10,60,2022-08-12T06:23:07,2022-08-12T20:05:52,0.5,"Rain, Partially cloudy",Partly cloudy throughout the day with rain in the morning and afternoon.,rain,"KRIC,KFCI,F2053,72401013740,KW96,KOFP,72308493775",165
95,"Richmond, VA, United States",2022-08-13,28.2,15.8,21.8,27.4,15.8,21.7,13.3,62.2,0.0,0,0.0,,0,0,24.5,15.6,180.0,1019.7,19.2,16.0,325.9,28.1,10,10,2022-08-13T06:23:58,2022-08-13T20:04:39,0.52,Clear,Clear conditions throughout the day.,clear-day,"KRIC,KFCI,F2053,72401013740,KW96,KOFP,72308493775",165
96,"Richmond, VA, United States",2022-08-14,27.9,18.2,22.5,27.7,18.2,22.5,15.0,65.1,0.33,100,4.17,rain,0,0,19.1,12.0,134.1,1017.8,68.7,16.0,228.6,19.7,10,10,2022-08-14T06:24:49,2022-08-14T20:03:25,0.54,"Rain, Partially cloudy",Partly cloudy throughout the day with late afternoon rain.,rain,"KRIC,KFCI,F2053,72401013740,KW96,KOFP,72308493775",165
97,"Richmond, VA, United States",2022-08-15,21.0,18.0,19.2,21.0,18.0,19.2,17.4,89.6,7.76,100,50.0,rain,0,0,23.8,12.1,65.3,1015.5,95.1,14.5,69.2,6.0,3,10,2022-08-15T06:25:40,2022-08-15T20:02:11,0.58,"Rain, Overcast",Cloudy skies throughout the day with a chance of rain throughout the day.,rain,"KRIC,KFCI,F2053,72401013740,KW96,KOFP,72308493775",165
98,"Richmond, VA, United States",2022-08-16,27.4,17.7,22.0,27.4,17.7,22.0,16.6,74.5,0.0,0,0.0,rain,0,0,21.2,17.7,139.3,1015.1,65.6,15.9,218.6,18.8,9,10,2022-08-16T06:26:31,2022-08-16T20:00:55,0.62,Partially cloudy,Partly cloudy throughout the day.,partly-cloudy-day,"KRIC,KFCI,F2053,72401013740,KW96,KOFP,72308493775",165
99,"Richmond, VA, United States",2022-08-17,27.7,16.8,21.7,28.1,16.8,21.7,17.1,77.1,0.11,100,4.17,rain,0,0,27.7,16.2,100.8,1016.1,52.4,15.9,225.4,19.5,9,10,2022-08-17T06:27:22,2022-08-17T19:59:38,0.67,"Rain, Partially cloudy",Partly cloudy throughout the day with late afternoon rain.,rain,"KRIC,KFCI,F2053,72401013740,KW96,KOFP,72308493775",165
100,"Richmond, VA, United States",2022-08-18,29.3,16.2,22.9,29.3,16.2,23.0,16.4,70.2,0.0,0,0.0,,0,0,16.9,13.3,197.4,1015.8,20.5,15.9,282.8,24.6,10,30,2022-08-18T06:28:13,2022-08-18T19:58:20,0.72,Partially cloudy,Partly cloudy throughout the day.,partly-cloudy-day,"KRIC,KFCI,F2053,72401013740,KW96,KOFP,72308493775",165
101,"Richmond, VA, United States",2022-08-19,28.9,18.4,24.0,30.0,18.4,24.4,18.5,73.1,0.0,0,0.0,,0,0,35.3,19.0,142.0,1019.0,48.3,15.9,229.1,19.9,7,10,2022-08-19T06:29:04,2022-08-19T19:57:02,0.77,Partially cloudy,Partly cloudy throughout the day.,partly-cloudy-day,"KRIC,KFCI,F2053,72401013740,KW96,KOFP,72308493775",165
102,"Richmond, VA, United States",2022-08-20,29.2,20.0,24.6,31.2,20.0,25.3,20.3,78.0,2.83,100,16.67,rain,0,0,20.2,15.0,68.0,1020.7,66.4,15.5,269.8,23.3,10,30,2022-08-20T06:29:55,2022-08-20T19:55:42,0.82,"Rain, Partially cloudy",Partly cloudy throughout the day with afternoon rain.,rain,"KRIC,KFCI,F2053,72401013740,KW96,KOFP,72308493775",165
103,"Richmond, VA, United States",2022-08-21,27.5,20.8,23.6,30.7,20.8,23.9,21.7,89.4,1.72,100,16.67,rain,0,0,23.0,15.7,152.8,1018.7,74.9,15.7,84.9,7.4,4,60,2022-08-21T06:30:46,2022-08-21T19:54:22,0.86,"Rain, Partially cloudy",Partly cloudy throughout the day with rain.,rain,"KRIC,KFCI,F2053,72401013740,KW96,KOFP,72308493775",165
104,"Richmond, VA, United States",2022-08-22,29.4,21.9,25.0,31.8,21.9,25.9,21.5,82.3,5.68,100,25.0,rain,0,0,25.9,18.1,195.7,1013.2,73.5,15.8,237.8,20.5,10,75,2022-08-22T06:31:37,2022-08-22T19:53:01,0.9,"Rain, Partially cloudy",Partly cloudy throughout the day with rain.,rain,"KRIC,KFCI,F2053,72401013740,KW96,KOFP,72308493775",165
105,"Richmond, VA, United States",2022-08-23,30.7,19.1,24.9,31.7,19.1,25.3,19.2,73.9,0.04,100,4.17,rain,0,0,13.7,13.0,210.7,1012.7,32.3,15.5,233.7,20.2,10,30,2022-08-23T06:32:27,2022-08-23T19:51:39,0.94,"Rain, Partially cloudy",Becoming cloudy in the afternoon with early morning rain.,rain,"KRIC,KFCI,F2053,72401013740,KW96,KOFP,72308493775",165
106,"Richmond, VA, United States",2022-08-24,30.8,19.5,24.9,31.6,19.5,25.4,19.3,73.5,0.0,0,0.0,,0,0,10.8,9.3,65.0,1016.5,43.0,15.4,238.3,20.7,10,30,2022-08-24T06:33:18,2022-08-24T19:50:16,0.97,Partially cloudy,Partly cloudy throughout the day.,partly-cloudy-day,"KRIC,KFCI,F2053,72401013740,KW96,KOFP,72308493775",165
107,"Richmond, VA, United States",2022-08-25,31.7,20.9,26.0,33.4,20.9,26.8,20.4,73.9,0.0,0,0.0,,0,0,20.5,11.3,147.1,1018.1,55.7,15.0,221.8,19.3,9,30,2022-08-25T06:34:09,2022-08-25T19:48:52,0.99,Partially cloudy,Partly cloudy throughout the day.,partly-cloudy-day,"KRIC,KFCI,F2053,72401013740,KW96,KOFP,72308493775",165
108,"Richmond, VA, United States",2022-08-26,32.8,20.0,26.4,34.3,20.0,27.0,19.7,69.4,0.0,0,0.0,,0,0,22.0,14.9,222.9,1015.9,37.2,15.9,248.0,21.6,9,60,2022-08-26T06:34:59,2022-08-26T19:47:28,1.0,Partially cloudy,Partly cloudy throughout the day.,partly-cloudy-day,"KRIC,KFCI,F2053,72401013740,KW96,KOFP,72308493775",165
109,"Richmond, VA, United States",2022-08-27,32.8,20.6,26.3,34.9,20.6,27.2,20.5,73.3,0.33,100,8.33,rain,0,0,50.0,19.4,147.9,1015.9,34.0,15.8,279.4,24.2,9,60,2022-08-27T06:35:50,2022-08-27T19:46:03,0.0,"Rain, Partially cloudy",Partly cloudy throughout the day with late afternoon rain.,rain,"KRIC,KFCI,F2053,72401013740,KW96,KOFP,72308493775",165
110,"Richmond, VA, United States",2022-08-28,32.8,20.1,26.2,35.5,20.1,27.4,20.7,73.9,0.06,100,4.17,rain,0,0,14.0,14.4,89.9,1018.6,29.1,15.5,242.6,20.8,9,75,2022-08-28T06:36:40,2022-08-28T19:44:37,0.01,"Rain, Partially cloudy",Becoming cloudy in the afternoon with late afternoon rain.,rain,"KRIC,KFCI,F2053,72401013740,KW96,KOFP,72308493775",165
111,"Richmond, VA, United States",2022-08-29,33.2,20.1,26.5,34.7,20.1,27.4,20.4,71.9,0.0,0,0.0,,0,0,23.0,17.7,65.5,1019.0,38.2,15.2,293.1,25.3,10,60,2022-08-29T06:37:30,2022-08-29T19:43:11,0.02,Partially cloudy,Partly cloudy throughout the day.,partly-cloudy-day,"KRIC,KFCI,F2053,72401013740,KW96,KOFP,72308493775",165
112,"Richmond, VA, United States",2022-08-30,34.1,21.9,26.8,36.1,21.9,27.7,21.3,75.3,0.39,100,12.5,rain,0,0,35.7,25.7,209.7,1013.5,43.1,15.9,233.4,20.3,10,60,2022-08-30T06:38:20,2022-08-30T19:41:44,0.05,"Rain, Partially cloudy",Partly cloudy throughout the day with late afternoon rain.,rain,"KRIC,KFCI,F2053,72401013740,F0267,KW96,KOFP,72308493775",165
113,"Richmond, VA, United States",2022-08-31,31.1,20.9,25.9,30.4,20.9,25.7,17.4,64.3,0.0,0,0.0,,0,0,31.7,21.9,254.3,1013.2,38.8,15.8,282.0,24.3,10,10,2022-08-31T06:39:11,2022-08-31T19:40:16,0.09,Partially cloudy,Partly cloudy throughout the day.,partly-cloudy-day,"KRIC,KFCI,F2053,72401013740,KW96,KOFP,72308493775",165
114,"Richmond, VA, United States",2022-09-01,31.7,17.4,24.3,31.0,17.4,24.1,15.3,61.1,0.0,0,0.0,,0,0,14.8,12.9,169.0,1016.9,17.7,15.9,288.4,24.9,9,10,2022-09-01T06:40:01,2022-09-01T19:38:48,0.13,Clear,Clear conditions throughout the day.,clear-day,"KRIC,KFCI,F2053,72401013740,KW96,KOFP,72308493775",165
115,"Richmond, VA, United States",2022-09-02,32.9,18.0,25.2,32.7,18.0,25.2,16.9,63.7,0.0,0,0.0,,0,0,35.3,15.2,81.6,1021.1,41.2,16.0,268.0,23.3,10,10,2022-09-02T06:40:51,2022-09-02T19:37:20,0.18,Partially cloudy,Partly cloudy throughout the day.,partly-cloudy-day,"KRIC,KFCI,F2053,72401013740,KW96,KOFP,72308493775",165
116,"Richmond, VA, United States",2022-09-03,31.9,20.1,25.4,33.3,20.1,25.8,19.3,72.2,0.0,0,0.0,,0,0,24.5,14.3,67.9,1023.2,63.4,15.2,194.0,16.9,10,30,2022-09-03T06:41:41,2022-09-03T19:35:51,0.24,Partially cloudy,Partly cloudy throughout the day.,partly-cloudy-day,"KRIC,KFCI,F2053,72401013740,KW96,KOFP,72308493775",165
117,"Richmond, VA, United States",2022-09-04,31.8,19.7,25.4,32.1,19.7,25.8,18.6,68.9,0.0,0,0.0,,0,0,24.5,17.5,115.2,1020.3,63.4,16.0,259.5,22.5,9,30,2022-09-04T06:42:31,2022-09-04T19:34:21,0.29,Partially cloudy,Partly cloudy throughout the day.,partly-cloudy-day,"KRIC,KFCI,F2053,72401013740,F0267,KW96,KOFP,72308493775",165
118,"Richmond, VA, United States",2022-09-05,29.8,20.6,25.2,31.5,20.6,25.8,19.7,72.9,0.19,100,4.17,rain,0,0,31.7,15.7,142.8,1018.3,70.0,16.0,160.7,13.9,6,30,2022-09-05T06:43:21,2022-09-05T19:32:52,0.35,"Rain, Partially cloudy",Partly cloudy throughout the day with late afternoon rain.,rain,"KRIC,KFCI,F2053,72401013740,F0267,KW96,KOFP,72308493775",165
119,"Richmond, VA, United States",2022-09-06,32.0,22.9,26.3,34.1,22.9,27.0,21.1,75.0,3.39,100,16.67,rain,0,0,34.2,17.3,225.5,1014.3,82.8,15.6,146.8,12.6,9,30,2022-09-06T06:44:11,2022-09-06T19:31:21,0.4,"Rain, Partially cloudy",Partly cloudy throughout the day with rain clearing later.,rain,"KRIC,KFCI,F2053,72401013740,KW96,KOFP,72308493775",165
120,"Richmond, VA, United States",2022-09-07,28.2,21.2,23.8,29.7,21.2,24.1,20.6,83.0,8.55,100,33.33,rain,0,0,33.5,20.5,109.9,1013.6,88.0,15.6,120.4,10.3,6,30,2022-09-07T06:45:01,2022-09-07T19:29:50,0.44,"Rain, Partially cloudy",Partly cloudy throughout the day with a chance of rain throughout the day.,rain,"KRIC,KFCI,F2053,72401013740,KW96,KOFP,C7979,72308493775",165
121,"Richmond, VA, United States",2022-09-08,25.8,18.9,22.1,25.8,18.9,22.1,18.4,80.8,0.06,100,4.17,rain,0,0,23.4,16.0,49.6,1013.2,79.5,15.7,120.3,10.4,4,10,2022-09-08T06:45:51,2022-09-08T19:28:19,0.47,"Rain, Partially cloudy",Partly cloudy throughout the day with early morning rain.,rain,"KRIC,KFCI,F2053,72401013740,KW96,KOFP,72308493775",165
122,"Richmond, VA, United States",2022-09-09,28.7,16.3,22.0,28.2,16.3,21.9,15.3,69.9,0.0,0,0.0,,0,0,29.5,18.2,116.2,1016.9,26.1,15.3,279.3,24.1,9,10,2022-09-09T06:46:40,2022-09-09T19:26:48,0.49,Partially cloudy,Partly cloudy throughout the day.,partly-cloudy-day,"KRIC,KFCI,F2053,72401013740,KW96,KOFP,72308493775",165
123,"Richmond, VA, United States",2022-09-10,28.3,16.2,22.6,29.4,16.2,22.9,17.6,75.1,0.0,0,0.0,rain,0,0,27.0,17.5,68.1,1022.2,77.9,15.9,154.6,13.3,7,10,2022-09-10T06:47:30,2022-09-10T19:25:16,0.5,Partially cloudy,Partly cloudy throughout the day.,partly-cloudy-day,"KRIC,KFCI,F2053,72401013740,KW96,KOFP,72308493775",165
124,"Richmond, VA, United States",2022-09-11,29.2,22.1,24.2,33.3,22.1,24.8,22.2,88.8,6.46,100,62.5,rain,0,0,25.9,15.4,143.0,1018.1,93.5,15.0,130.9,11.1,7,60,2022-09-11T06:48:20,2022-09-11T19:23:45,0.51,"Rain, Overcast",Cloudy skies throughout the day with a chance of rain throughout the day.,rain,"KRIC,KFCI,F2053,72401013740,KW96,KOFP,72308493775",165
125,"Richmond, VA, United States",2022-09-12,32.4,21.9,25.6,35.0,21.9,26.6,21.8,81.4,1.56,100,16.67,rain,0,0,31.7,18.8,238.0,1010.9,76.9,14.1,210.3,18.1,10,60,2022-09-12T06:49:10,2022-09-12T19:22:12,0.53,"Rain, Partially cloudy",Partly cloudy throughout the day with late afternoon rain.,rain,"KRIC,KFCI,F2053,72401013740,KW96,KOFP,72308493775",165
126,"Richmond, VA, United States",2022-09-13,29.2,17.8,24.0,29.1,17.8,24.0,17.4,70.2,2.44,100,16.67,rain,0,0,31.7,20.1,225.8,1010.4,58.3,15.4,248.5,21.6,10,10,2022-09-13T06:50:00,2022-09-13T19:20:40,0.56,"Rain, Partially cloudy",Partly cloudy throughout the day with rain clearing later.,rain,"KRIC,KFCI,F2053,72401013740,KW96,KOFP,72308493775",165
127,"Richmond, VA, United States",2022-09-14,27.0,14.2,20.7,26.8,14.2,20.6,13.0,64.7,0.0,0,0.0,,0,0,31.7,15.3,272.3,1017.6,28.6,15.8,266.6,23.0,9,10,2022-09-14T06:50:50,2022-09-14T19:19:08,0.6,Partially cloudy,Partly cloudy throughout the day.,partly-cloudy-day,"KRIC,KFCI,F2053,72401013740,KW96,KOFP,72308493775",165
128,"Richmond, VA, United States",2022-09-15,28.3,15.3,21.4,28.4,15.3,21.4,15.2,70.3,0.0,0,0.0,,0,0,35.3,16.5,124.0,1021.5,17.3,15.9,207.0,17.9,9,10,2022-09-15T06:51:40,2022-09-15T19:17:35,0.64,Clear,Clear conditions throughout the day.,clear-day,"KRIC,KFCI,F2053,72401013740,KW96,KOFP,72308493775",165
129,"Richmond, VA, United States",2022-09-16,28.0,14.7,20.9,27.5,14.7,20.8,14.0,68.7,0.0,0,0.0,,0,0,16.6,12.9,135.3,1023.0,3.0,15.3,242.3,21.0,8,10,2022-09-16T06:52:30,2022-09-16T19:16:02,0.69,Clear,Clear conditions throughout the day.,clear-day,"KRIC,KFCI,F2053,72401013740,KW96,KOFP,72308493775",165
130,"Richmond, VA, United States",2022-09-17,28.4,13.1,20.3,27.9,13.1,20.2,13.2,68.2,0.0,0,0.0,,0,0,14.0,10.9,140.6,1023.7,13.5,15.8,238.3,20.7,8,10,2022-09-17T06:53:20,2022-09-17T19:14:29,0.74,Clear,Clear conditions throughout the day.,clear-day,"KRIC,KFCI,F2053,72401013740,KOFP,72308493775",165
131,"Richmond, VA, United States",2022-09-18,30.0,15.5,22.3,29.8,15.5,22.3,15.9,71.2,0.0,0,0.0,,0,0,35.3,19.0,198.2,1020.5,15.8,15.0,220.5,18.9,8,10,2022-09-18T06:54:10,2022-09-18T19:12:56,0.78,Clear,Clear conditions throughout the day.,clear-day,"KRIC,KFCI,F2053,72401013740,KOFP,72308493775",165
132,"Richmond, VA, United States",2022-09-19,31.6,16.6,24.3,31.0,16.6,24.3,15.9,63.3,0.0,0,0.0,,0,0,35.3,20.4,186.2,1016.0,30.7,16.0,236.0,20.4,8,10,2022-09-19T06:55:01,2022-09-19T19:11:23,0.83,Partially cloudy,Partly cloudy throughout the day.,partly-cloudy-day,"KRIC,KFCI,F2053,72401013740,KW96,KOFP,72308493775",165
133,"Richmond, VA, United States",2022-09-20,31.7,17.9,24.7,31.5,17.9,24.7,16.7,64.7,0.0,0,0.0,,0,0,31.7,13.8,235.4,1014.8,21.1,15.8,232.2,20.0,10,30,2022-09-20T06:55:51,2022-09-20T19:09:50,0.87,Partially cloudy,Partly cloudy throughout the day.,partly-cloudy-day,"KRIC,KFCI,F2053,72401013740,KW96,KOFP,72308493775",165
134,"Richmond, VA, United States",2022-09-21,32.3,16.8,24.2,31.4,16.8,24.0,15.3,62.3,0.0,0,0.0,,0,0,11.2,10.7,205.0,1014.9,22.5,15.7,245.4,21.2,8,10,2022-09-21T06:56:41,2022-09-21T19:08:17,0.91,Partially cloudy,Partly cloudy throughout the day.,partly-cloudy-day,"KRIC,KFCI,F2053,72401013740,KW96,KOFP,72308493775",165
135,"Richmond, VA, United States",2022-09-22,31.9,18.1,23.5,33.6,18.1,23.8,16.1,65.2,0.86,100,8.33,rain,0,0,57.6,30.3,251.5,1008.0,45.6,16.0,118.6,10.3,8,30,2022-09-22T06:57:32,2022-09-22T19:06:44,0.95,"Rain, Partially cloudy",Partly cloudy throughout the day with rain.,rain,"KRIC,KFCI,F2053,72401013740,KW96,KOFP,72308493775",165
136,"Richmond, VA, United States",2022-09-23,21.4,11.3,16.0,21.4,11.3,16.0,3.7,45.6,0.0,0,0.0,,0,0,49.5,30.3,304.8,1017.6,10.8,16.0,257.0,22.0,8,10,2022-09-23T06:58:23,2022-09-23T19:05:12,0.97,Clear,Clear conditions throughout the day.,clear-day,"KRIC,KFCI,F2053,72401013740,KW96,KOFP,72308493775",165
137,"Richmond, VA, United States",2022-09-24,24.2,10.3,16.9,24.2,10.3,16.9,6.5,52.7,0.0,0,0.0,,0,0,30.6,16.5,116.8,1018.9,41.3,16.0,247.2,21.4,10,10,2022-09-24T06:59:14,2022-09-24T19:03:39,0.99,Partially cloudy,Partly cloudy throughout the day.,partly-cloudy-day,"KRIC,KFCI,F2053,72401013740,KW96,KOFP,72308493775",165
138,"Richmond, VA, United States",2022-09-25,29.6,13.8,19.8,29.0,13.8,19.8,13.3,69.3,7.49,100,20.83,rain,0,0,61.4,28.0,218.8,1009.9,57.1,15.4,161.1,14.1,7,10,2022-09-25T07:00:05,2022-09-25T19:02:06,1.0,"Rain, Partially cloudy",Partly cloudy throughout the day with rain.,rain,"KRIC,KFCI,F2053,72401013740,KW96,KOFP,72308493775",165
139,"Richmond, VA, United States",2022-09-26,26.6,16.0,20.8,26.6,16.0,20.8,12.2,63.4,0.0,0,0.0,,0,0,40.7,26.9,240.6,1009.2,29.2,15.9,224.1,19.4,8,10,2022-09-26T07:00:56,2022-09-26T19:00:34,0.0,Partially cloudy,Partly cloudy throughout the day.,partly-cloudy-day,"KRIC,KFCI,F2053,72401013740,KW96,KOFP,72308493775",165
140,"Richmond, VA, United States",2022-09-27,24.4,11.4,18.0,24.4,11.4,18.0,7.1,53.8,0.0,0,0.0,,0,0,31.7,17.2,232.3,1014.3,37.2,16.0,249.9,21.9,8,10,2022-09-27T07:01:47,2022-09-27T18:59:02,0.01,Partially cloudy,Partly cloudy throughout the day.,partly-cloudy-day,"KRIC,KFCI,F2053,72401013740,KW96,KOFP,72308493775",165
141,"Richmond, VA, United States",2022-09-28,21.9,9.1,15.6,21.9,7.6,15.4,6.2,57.3,0.0,0,0.0,,0,0,29.5,16.2,271.8,1022.5,43.9,16.0,232.2,20.0,8,10,2022-09-28T07:02:39,2022-09-28T18:57:30,0.04,Partially cloudy,Partly cloudy throughout the day.,partly-cloudy-day,"KRIC,KFCI,F2053,72401013740,KW96,KOFP,72308493775",165
142,"Richmond, VA, United States",2022-09-29,19.6,11.9,15.5,19.6,11.9,15.5,8.8,65.4,0.0,0,0.0,,0,0,42.8,25.6,118.5,1026.0,57.3,16.0,149.7,13.1,6,10,2022-09-29T07:03:31,2022-09-29T18:55:58,0.07,Partially cloudy,Partly cloudy throughout the day.,partly-cloudy-day,"KRIC,KFCI,F2053,72401013740,KW96,KOFP,C7979,72308493775",165
143,"Richmond, VA, United States",2022-09-30,15.9,13.7,14.7,15.9,13.7,14.7,12.4,86.2,21.81,100,58.33,rain,0,0,77.0,36.0,19.3,1018.7,83.1,13.3,33.7,3.0,1,10,2022-09-30T07:04:23,2022-09-30T18:54:27,0.12,"Rain, Partially cloudy",Partly cloudy throughout the day with rain.,rain,"KRIC,KFCI,F2053,KW96,KOFP",165
