,name,datetime,tempmax,tempmin,temp,feelslikemax,feelslikemin,feelslike,dew,humidity,precip,precipprob,precipcover,preciptype,snow,snowdepth,windgust,windspeed,winddir,sealevelpressure,cloudcover,visibility,solarradiation,solarenergy,uvindex,severerisk,sunrise,sunset,moonphase,conditions,description,icon,stations,skey
0,"Chester, VA, United States",2022-05-10,21.1,7.9,15.3,21.1,6.0,15.0,4.1,48.3,0.0,0,0.0,,0,0,40.8,25.9,69.1,1025.0,55.4,16.0,176.6,15.2,7,10,2022-05-10T06:05:21,2022-05-10T20:07:35,0.32,Partially cloudy,Partly cloudy throughout the day.,partly-cloudy-day,"KPTB,KRIC,KFCI,72401493714,E6024,72401013740,72049800153,F0267",174
1,"Chester, VA, United States",2022-05-11,20.8,11.6,16.4,20.8,11.6,16.4,6.1,51.7,0.0,0,0.0,,0,0,39.8,24.2,23.7,1024.0,62.7,16.0,133.9,11.6,5,10,2022-05-11T06:04:25,2022-05-11T20:08:28,0.37,Partially cloudy,Partly cloudy throughout the day.,partly-cloudy-day,"KPTB,KRIC,KFCI,72401493714,E6024,72401013740,72049800153",174
2,"Chester, VA, United States",2022-05-12,17.4,14.0,16.0,17.4,14.0,16.0,15.2,95.6,0.54,100,25.0,rain,0,0,30.6,16.1,56.3,1023.0,81.8,14.0,48.0,4.2,2,10,2022-05-12T06:03:31,2022-05-12T20:09:20,0.41,"Rain, Partially cloudy",Partly cloudy throughout the day with rain.,rain,"KPTB,KRIC,KFCI,72401493714,E6024,72401013740,72049800153",174
3,"Chester, VA, United States",2022-05-13,23.4,15.1,18.6,23.4,15.1,18.6,17.3,92.6,0.5,100,12.5,rain,0,0,28.8,14.3,58.5,1021.1,92.7,9.7,125.7,10.9,8,30,2022-05-13T06:02:37,2022-05-13T20:10:12,0.45,"Rain, Overcast",Cloudy skies throughout the day with rain.,rain,"KPTB,KRIC,KFCI,72401493714,E6024,72401013740,72049800153",174
4,"Chester, VA, United States",2022-05-14,21.9,16.4,18.9,21.9,16.4,18.9,18.5,97.4,0.8,100,20.83,rain,0,0,16.6,9.2,71.7,1017.2,87.7,9.3,106.5,9.2,6,30,2022-05-14T06:01:45,2022-05-14T20:11:03,0.48,"Rain, Partially cloudy",Partly cloudy throughout the day with rain in the morning and afternoon.,rain,"KPTB,KRIC,KFCI,72401493714,E6024,72401013740,72049800153",174
5,"Chester, VA, United States",2022-05-15,29.1,14.4,21.3,29.6,14.4,21.4,17.7,81.8,0.19,100,8.33,rain,0,0,25.9,15.8,188.7,1013.0,77.3,10.5,264.9,22.6,10,30,2022-05-15T06:00:55,2022-05-15T20:11:54,0.5,"Rain, Partially cloudy",Partly cloudy throughout the day with rain.,rain,"KPTB,KRIC,KFCI,72401493714,E6024,72401013740,72049800153,F0267",174
6,"Chester, VA, United States",2022-05-16,28.1,18.3,22.6,29.4,18.3,22.7,17.7,76.3,0.07,100,4.17,rain,0,0,48.1,21.0,214.9,1008.3,30.5,15.6,217.3,18.8,10,60,2022-05-16T06:00:06,2022-05-16T20:12:45,0.5,"Rain, Partially cloudy",Clearing in the afternoon with early morning rain.,rain,"KPTB,KRIC,KFCI,72401493714,E6024,72401013740,72049800153,F0267,E9140",174
7,"Chester, VA, United States",2022-05-17,28.2,10.8,20.4,27.1,10.8,20.1,9.8,57.3,0.0,0,0.0,,0,0,35.3,21.5,237.7,1013.0,12.9,16.0,332.7,28.8,10,10,2022-05-17T05:59:19,2022-05-17T20:13:35,0.52,Clear,Clear conditions throughout the day.,clear-day,"KPTB,KRIC,KFCI,72401493714,E6024,72401013740,72049800153",174
8,"Chester, VA, United States",2022-05-18,26.2,11.2,19.5,26.2,11.2,19.5,10.3,58.9,0.0,0,0.0,,0,0,40.3,22.5,166.8,1015.9,13.2,15.9,257.3,22.4,9,10,2022-05-18T05:58:33,2022-05-18T20:14:25,0.54,Clear,Clear conditions throughout the day.,clear-day,"KPTB,KRIC,KFCI,72401493714,E6024,72401013740,72049800153,F0267",174
9,"Chester, VA, United States",2022-05-19,31.1,19.4,24.6,30.6,19.4,24.6,15.2,57.8,0.0,0,0.0,,0,0,46.1,22.2,225.8,1008.9,36.8,15.7,281.9,24.4,9,60,2022-05-19T05:57:49,2022-05-19T20:15:14,0.58,Partially cloudy,Partly cloudy throughout the day.,partly-cloudy-day,"KPTB,KRIC,KFCI,72401493714,E6024,72401013740,72049800153",174
10,"Chester, VA, United States",2022-05-20,34.9,18.9,26.3,35.7,18.9,27.0,18.9,68.3,0.0,0,0.0,rain,0,0,42.5,21.5,160.1,1012.2,27.0,15.8,260.4,22.3,9,75,2022-05-20T05:57:06,2022-05-20T20:16:03,0.63,Partially cloudy,Clearing in the afternoon.,partly-cloudy-day,"KPTB,KRIC,KFCI,72401493714,E6024,72401013740,72049800153,F0267",174
11,"Chester, VA, United States",2022-05-21,33.9,21.6,27.5,34.6,21.6,28.0,18.5,61.0,0.85,100,16.67,rain,0,0,44.6,19.5,214.4,1018.3,31.7,15.6,212.8,18.4,8,75,2022-05-21T05:56:26,2022-05-21T20:16:51,0.68,"Rain, Partially cloudy",Partly cloudy throughout the day with late afternoon rain.,rain,"KPTB,KRIC,KFCI,72401493714,E6024,72401013740,72049800153,E9140",174
12,"Chester, VA, United States",2022-05-22,31.1,20.1,24.9,33.9,20.1,25.8,20.5,78.5,0.04,100,4.17,rain,0,0,35.3,20.6,224.3,1019.5,49.7,16.0,255.3,22.1,10,75,2022-05-22T05:55:46,2022-05-22T20:17:39,0.74,"Rain, Partially cloudy",Partly cloudy throughout the day with morning rain.,rain,"KPTB,KRIC,KFCI,72401493714,E6024,72401013740,72049800153,F0267",174
13,"Chester, VA, United States",2022-05-23,23.2,16.3,20.6,23.2,16.3,20.6,16.4,78.1,2.0,100,20.83,rain,0,0,35.3,18.0,72.6,1021.8,72.8,15.8,124.7,10.7,4,10,2022-05-23T05:55:08,2022-05-23T20:18:26,0.79,"Rain, Partially cloudy",Partly cloudy throughout the day with late afternoon rain.,rain,"KPTB,KRIC,KFCI,72401493714,E6024,72401013740,72049800153",174
14,"Chester, VA, United States",2022-05-24,16.5,13.8,15.0,16.5,13.8,15.0,14.7,98.5,9.57,100,100.0,rain,0,0,34.9,20.3,56.6,1022.7,99.9,10.0,32.8,2.9,1,10,2022-05-24T05:54:32,2022-05-24T20:19:13,0.85,"Rain, Overcast",Cloudy skies throughout the day with a chance of rain throughout the day.,rain,"KPTB,KRIC,KFCI,72401493714,E6024,72401013740,72049800153",174
15,"Chester, VA, United States",2022-05-25,18.3,13.1,15.6,18.3,13.1,15.6,14.5,93.7,0.04,100,4.17,rain,0,0,27.7,17.6,102.6,1026.6,99.9,13.7,74.0,6.4,3,10,2022-05-25T05:53:58,2022-05-25T20:19:58,0.89,"Rain, Overcast",Cloudy skies throughout the day with morning rain.,rain,"KPTB,KRIC,KFCI,72401493714,E6024,72401013740,72049800153,F0267",174
16,"Chester, VA, United States",2022-05-26,22.4,14.1,17.8,22.4,14.1,17.8,16.5,92.4,0.15,100,12.5,rain,0,0,17.3,11.8,82.8,1023.5,84.7,13.1,100.3,8.6,4,10,2022-05-26T05:53:25,2022-05-26T20:20:43,0.93,"Rain, Partially cloudy",Partly cloudy throughout the day with rain in the morning and afternoon.,rain,"KPTB,KRIC,KFCI,72401493714,E6024,72401013740,72049800153",174
17,"Chester, VA, United States",2022-05-27,26.7,17.9,21.4,26.7,17.9,21.4,20.3,93.5,2.93,100,16.67,rain,0,0,54.1,26.2,179.2,1013.2,82.6,14.0,109.2,9.2,5,60,2022-05-27T05:52:55,2022-05-27T20:21:27,0.96,"Rain, Partially cloudy",Partly cloudy throughout the day with afternoon rain.,rain,"KPTB,KRIC,KFCI,72401493714,E6024,72401013740,72049800153,E9140",174
18,"Chester, VA, United States",2022-05-28,26.2,16.3,21.0,26.2,16.3,21.0,15.9,76.4,1.07,100,16.67,rain,0,0,33.5,23.7,230.9,1011.6,46.4,15.7,317.3,27.4,10,10,2022-05-28T05:52:25,2022-05-28T20:22:11,0.99,"Rain, Partially cloudy",Becoming cloudy in the afternoon with early morning rain.,rain,"KPTB,KRIC,KFCI,72401493714,E6024,72401013740,72049800153",174
19,"Chester, VA, United States",2022-05-29,28.4,13.3,21.6,28.2,13.3,21.6,15.6,72.6,0.0,0,0.0,,0,0,10.8,10.2,70.3,1017.9,23.9,15.5,266.0,23.0,10,10,2022-05-29T05:51:58,2022-05-29T20:22:53,1.0,Partially cloudy,Becoming cloudy in the afternoon.,partly-cloudy-day,"KPTB,KRIC,KFCI,72401493714,E6024,72401013740,72049800153",174
20,"Chester, VA, United States",2022-05-30,31.2,16.4,24.0,31.5,16.4,24.3,18.2,74.3,0.0,0,0.0,rain,0,0,16.9,8.9,91.8,1020.4,18.0,15.8,285.6,24.5,10,60,2022-05-30T05:51:32,2022-05-30T20:23:35,0.0,Clear,Clear conditions throughout the day.,clear-day,"KPTB,KRIC,KFCI,72401493714,E6024,72401013740,72049800153",174
21,"Chester, VA, United States",2022-05-31,34.1,18.9,26.3,34.7,18.9,27.0,19.7,71.8,0.0,0,0.0,,0,0,23.4,11.2,162.8,1018.1,10.0,15.5,315.6,27.2,9,75,2022-05-31T05:51:08,2022-05-31T20:24:15,0.0,Clear,Clear conditions throughout the day.,clear-day,"KPTB,KRIC,KFCI,72401493714,E6024,72401013740,72049800153",174
22,"Chester, VA, United States",2022-06-01,34.1,20.1,27.3,34.4,20.1,28.0,19.8,68.7,0.0,0,0.0,,0,0,19.4,13.2,240.1,1013.9,27.1,15.6,303.4,26.0,9,60,2022-06-01T05:50:46,2022-06-01T20:24:55,0.02,Partially cloudy,Partly cloudy throughout the day.,partly-cloudy-day,"KPTB,KRIC,KFCI,72401493714,E6024,72401013740,72049800153,F0267",174
23,"Chester, VA, United States",2022-06-02,33.9,20.8,26.6,35.1,20.8,27.2,20.1,72.7,1.44,100,16.67,rain,0,0,70.2,19.8,223.6,1008.6,33.5,15.7,295.2,25.5,9,60,2022-06-02T05:50:25,2022-06-02T20:25:34,0.04,"Rain, Partially cloudy",Partly cloudy throughout the day with late afternoon rain.,rain,"KPTB,KRIC,KFCI,72401493714,E6024,72401013740,72049800153",174
24,"Chester, VA, United States",2022-06-03,26.5,15.9,22.3,26.5,15.9,22.3,14.9,68.4,0.21,100,8.33,rain,0,0,27.7,19.9,213.5,1010.7,51.8,14.9,220.1,18.9,8,30,2022-06-03T05:50:07,2022-06-03T20:26:11,0.07,"Rain, Partially cloudy",Partly cloudy throughout the day with rain clearing later.,rain,"KPTB,KRIC,KFCI,72401493714,E6024,72401013740,72049800153",174
25,"Chester, VA, United States",2022-06-04,28.6,14.2,21.4,27.4,14.2,21.2,12.0,61.9,0.0,0,0.0,,0,0,33.5,13.1,131.3,1013.5,21.3,15.9,282.3,24.6,9,10,2022-06-04T05:49:50,2022-06-04T20:26:48,0.11,Partially cloudy,Partly cloudy throughout the day.,partly-cloudy-day,"KPTB,KRIC,KFCI,72401493714,E6024,72401013740,72049800153",174
26,"Chester, VA, United States",2022-06-05,27.4,12.8,20.5,27.4,12.8,20.5,13.5,67.6,0.0,0,0.0,,0,0,29.5,18.9,112.3,1014.6,22.2,16.0,274.5,23.5,10,10,2022-06-05T05:49:35,2022-06-05T20:27:23,0.14,Partially cloudy,Becoming cloudy in the afternoon.,partly-cloudy-day,"KPTB,KRIC,KFCI,72401493714,E6024,72401013740,72049800153",174
27,"Chester, VA, United States",2022-06-06,27.4,10.9,20.2,26.7,10.9,20.1,10.4,59.6,0.0,0,0.0,,0,0,27.7,12.9,86.2,1017.8,6.2,15.9,307.9,26.6,9,10,2022-06-06T05:49:21,2022-06-06T20:27:58,0.19,Clear,Clear conditions throughout the day.,clear-day,"KPTB,KRIC,KFCI,72401493714,E6024,72401013740,72049800153",174
28,"Chester, VA, United States",2022-06-07,29.0,16.3,23.0,29.1,16.3,23.1,16.5,69.6,0.0,0,0.0,rain,0,0,37.1,19.1,158.8,1016.1,49.1,15.8,240.6,20.7,10,10,2022-06-07T05:49:10,2022-06-07T20:28:31,0.24,Partially cloudy,Partly cloudy throughout the day.,partly-cloudy-day,"KPTB,KRIC,KFCI,72401493714,E6024,72401013740,72049800153,F0267",174
29,"Chester, VA, United States",2022-06-08,32.4,20.7,26.5,33.7,20.7,27.3,19.9,69.7,0.22,100,8.33,rain,0,0,47.9,15.4,189.5,1012.3,49.3,15.8,232.2,20.1,10,30,2022-06-08T05:49:00,2022-06-08T20:29:02,0.29,"Rain, Partially cloudy",Becoming cloudy in the afternoon with late afternoon rain.,rain,"KPTB,KRIC,KFCI,72401493714,E6024,72401013740,72049800153",174
30,"Chester, VA, United States",2022-06-09,30.2,21.9,25.7,30.3,21.9,25.8,18.1,67.4,0.0,0,0.0,rain,0,0,37.8,24.0,265.7,1008.6,56.9,16.0,275.5,23.8,9,30,2022-06-09T05:48:52,2022-06-09T20:29:33,0.35,Partially cloudy,Partly cloudy throughout the day.,partly-cloudy-day,"KPTB,KRIC,KFCI,72401493714,E6024,72401013740,72049800153",174
31,"Chester, VA, United States",2022-06-10,26.4,13.6,21.0,26.4,13.6,21.0,11.9,59.5,0.0,0,0.0,,0,0,17.6,11.6,144.6,1013.8,29.5,16.0,317.1,27.1,10,10,2022-06-10T05:48:45,2022-06-10T20:30:02,0.39,Partially cloudy,Partly cloudy throughout the day.,partly-cloudy-day,"KPTB,KRIC,KFCI,72401493714,E6024,72401013740,72049800153",174
32,"Chester, VA, United States",2022-06-11,26.7,15.0,21.5,27.2,15.0,21.6,15.8,72.0,0.0,0,0.0,,0,0,23.4,14.4,92.3,1014.1,44.8,16.0,160.9,13.9,5,10,2022-06-11T05:48:41,2022-06-11T20:30:30,0.44,Partially cloudy,Partly cloudy throughout the day.,partly-cloudy-day,"KPTB,KRIC,KFCI,72401493714,E6024,72401013740,72049800153",174
33,"Chester, VA, United States",2022-06-12,29.0,20.0,23.4,30.7,20.0,23.9,19.7,80.4,13.82,100,8.33,rain,0,0,60.8,13.4,112.2,1014.0,74.5,15.8,148.0,12.6,8,60,2022-06-12T05:48:38,2022-06-12T20:30:57,0.47,"Rain, Partially cloudy",Partly cloudy throughout the day with rain in the morning and afternoon.,rain,"KPTB,KRIC,72401493714,E6024,72401013740",174
34,"Chester, VA, United States",2022-06-13,35.0,20.8,28.0,37.8,20.8,29.9,21.7,72.1,0.0,0,0.0,,0,0,22.3,12.2,218.0,1014.2,44.5,15.5,290.4,25.1,9,75,2022-06-13T05:48:37,2022-06-13T20:31:22,0.49,Partially cloudy,Becoming cloudy in the afternoon.,partly-cloudy-day,"KPTB,KRIC,KFCI,72401493714,E6024,72401013740,72049800153",174
35,"Chester, VA, United States",2022-06-14,30.3,22.0,25.1,33.5,22.0,25.5,22.8,87.9,6.4,100,25.0,rain,0,0,44.2,24.2,278.4,1013.8,39.7,15.5,110.2,9.4,6,75,2022-06-14T05:48:38,2022-06-14T20:31:46,0.5,"Rain, Partially cloudy",Partly cloudy throughout the day with rain in the morning and afternoon.,rain,"KPTB,KRIC,KFCI,72401493714,E6024,72401013740,72049800153",174
36,"Chester, VA, United States",2022-06-15,31.3,18.2,25.5,32.5,18.2,26.1,19.4,72.3,0.0,0,0.0,rain,0,0,26.3,11.8,81.9,1018.5,24.3,14.9,289.5,25.1,8,10,2022-06-15T05:48:40,2022-06-15T20:32:08,0.51,Partially cloudy,Partly cloudy throughout the day.,partly-cloudy-day,"KPTB,KRIC,KFCI,72401493714,E6024,72401013740,72049800153",174
37,"Chester, VA, United States",2022-06-16,30.0,19.8,24.7,33.4,19.8,25.5,19.4,73.1,6.28,100,12.5,rain,0,0,38.9,20.2,176.6,1019.6,71.6,15.3,165.2,14.3,8,60,2022-06-16T05:48:44,2022-06-16T20:32:29,0.53,"Rain, Partially cloudy",Partly cloudy throughout the day with rain.,rain,"KPTB,KRIC,KFCI,72401493714,E6024,72401013740,72049800153",174
38,"Chester, VA, United States",2022-06-17,35.3,21.3,27.7,38.7,21.3,28.9,20.1,66.2,0.0,0,0.0,rain,0,0,60.8,22.5,248.0,1011.3,27.9,15.8,271.1,23.3,9,75,2022-06-17T05:48:50,2022-06-17T20:32:48,0.57,Partially cloudy,Partly cloudy throughout the day.,partly-cloudy-day,"KPTB,KRIC,KFCI,72401493714,E6024,72401013740,72049800153",174
39,"Chester, VA, United States",2022-06-18,27.9,14.6,23.1,27.4,14.6,23.0,13.8,60.3,0.0,0,0.0,,0,0,45.6,30.2,318.3,1011.1,18.1,16.0,321.4,27.6,10,10,2022-06-18T05:48:57,2022-06-18T20:33:06,0.62,Clear,Clear conditions throughout the day.,clear-day,"KPTB,KRIC,KFCI,72401493714,E6024,72401013740,72049800153",174
40,"Chester, VA, United States",2022-06-19,25.7,13.7,19.6,25.7,13.7,19.6,6.0,44.0,0.0,0,0.0,,0,0,42.5,24.0,305.0,1019.5,6.2,16.0,308.2,26.6,10,10,2022-06-19T05:49:06,2022-06-19T20:33:22,0.67,Clear,Clear conditions throughout the day.,clear-day,"KPTB,KRIC,KFCI,72401493714,E6024,72401013740,72049800153",174
41,"Chester, VA, United States",2022-06-20,25.8,11.6,19.0,25.8,11.6,19.0,8.8,56.6,0.0,0,0.0,,0,0,27.7,15.4,222.6,1023.5,30.1,16.0,213.3,18.5,10,10,2022-06-20T05:49:17,2022-06-20T20:33:36,0.72,Partially cloudy,Partly cloudy throughout the day.,partly-cloudy-day,"KPTB,KRIC,KFCI,72401493714,E6024,72401013740,72049800153",174
42,"Chester, VA, United States",2022-06-21,29.0,14.5,22.4,28.3,14.5,22.2,12.5,56.4,0.0,0,0.0,,0,0,18.7,11.6,205.6,1022.0,56.3,16.0,212.1,18.2,9,10,2022-06-21T05:49:29,2022-06-21T20:33:49,0.77,Partially cloudy,Partly cloudy throughout the day.,partly-cloudy-day,"KPTB,E1817,KRIC,KFCI,72401493714,E6024,72401013740,72049800153",174
43,"Chester, VA, United States",2022-06-22,33.8,16.8,23.2,34.0,16.8,23.3,17.8,75.7,12.85,100,33.33,rain,0,0,63.9,28.3,221.8,1014.7,47.5,15.0,180.0,15.4,7,30,2022-06-22T05:49:43,2022-06-22T20:34:00,0.82,"Rain, Partially cloudy",Partly cloudy throughout the day with rain.,rain,"KPTB,KRIC,KFCI,72401493714,E6024,72401013740,72049800153",174
44,"Chester, VA, United States",2022-06-23,21.9,20.1,21.0,21.9,20.1,21.0,20.2,95.3,15.4,100,54.17,rain,0,0,21.6,14.0,109.8,1013.2,98.3,12.8,55.5,4.8,2,10,2022-06-23T05:49:59,2022-06-23T20:34:10,0.87,"Rain, Overcast",Cloudy skies throughout the day with a chance of rain throughout the day.,rain,"KPTB,KRIC,KFCI,72401493714,E6024,72401013740,72049800153",174
45,"Chester, VA, United States",2022-06-24,27.5,16.1,21.6,28.4,16.1,21.7,17.8,81.0,0.0,0,0.0,rain,0,0,9.7,6.6,111.0,1018.1,53.8,13.2,199.8,17.4,10,30,2022-06-24T05:50:15,2022-06-24T20:34:17,0.91,Partially cloudy,Partly cloudy throughout the day.,partly-cloudy-day,"KPTB,KRIC,KFCI,72401493714,E6024,72401013740,72049800153",174
46,"Chester, VA, United States",2022-06-25,30.4,15.9,23.7,30.6,15.9,24.0,17.4,71.6,0.0,0,0.0,,0,0,16.9,11.3,86.3,1021.1,10.2,15.6,289.1,25.1,10,10,2022-06-25T05:50:34,2022-06-25T20:34:24,0.95,Clear,Clear conditions throughout the day.,clear-day,"KPTB,KRIC,KFCI,72401493714,E6024,72401013740,72049800153",174
47,"Chester, VA, United States",2022-06-26,31.7,17.8,25.1,32.3,17.8,25.4,18.3,69.4,0.0,0,0.0,,0,0,31.7,16.1,173.0,1020.1,25.9,15.8,290.5,25.1,9,10,2022-06-26T05:50:54,2022-06-26T20:34:28,0.97,Partially cloudy,Partly cloudy throughout the day.,partly-cloudy-day,"KPTB,KRIC,KFCI,72401493714,E6024,72401013740,72049800153",174
48,"Chester, VA, United States",2022-06-27,30.1,19.4,23.7,33.9,19.4,24.1,20.8,84.9,18.31,100,37.5,rain,0,0,54.2,39.1,169.5,1017.2,60.4,14.8,153.7,13.0,10,60,2022-06-27T05:51:15,2022-06-27T20:34:30,0.99,"Rain, Partially cloudy",Partly cloudy throughout the day with rain.,rain,"KPTB,KRIC,KFCI,72401493714,E6024,72401013740,72049800153,F0267",174
49,"Chester, VA, United States",2022-06-28,26.9,14.6,21.3,26.6,14.6,21.2,13.7,66.8,3.57,100,54.17,rain,0,0,32.8,16.8,230.2,1022.7,15.7,15.8,294.0,25.3,9,10,2022-06-28T05:51:38,2022-06-28T20:34:31,1.0,Rain,Clear conditions throughout the day with a chance of rain throughout the day.,rain,"KPTB,KRIC,KFCI,72401493714,E6024,72401013740,72049800153",174
50,"Chester, VA, United States",2022-06-29,28.6,15.0,22.6,29.7,15.0,22.9,17.2,74.1,0.0,0,0.0,,0,0,27.7,14.9,142.9,1024.7,22.6,15.9,260.9,22.5,9,30,2022-06-29T05:52:02,2022-06-29T20:34:30,0.0,Partially cloudy,Partly cloudy throughout the day.,partly-cloudy-day,"KPTB,E1817,KRIC,KFCI,72401493714,E6024,72401013740,72049800153",174
51,"Chester, VA, United States",2022-06-30,30.7,19.0,25.0,33.0,19.0,25.9,20.7,79.1,18.23,100,8.33,rain,0,0,48.2,17.2,191.3,1023.4,31.3,15.3,257.9,22.3,10,60,2022-06-30T05:52:28,2022-06-30T20:34:28,0.01,"Rain, Partially cloudy",Partly cloudy throughout the day with afternoon rain.,rain,"KPTB,KRIC,KFCI,72401493714,E6024,72401013740,72049800153",174
52,"Chester, VA, United States",2022-07-01,32.6,21.2,26.9,34.8,21.2,28.2,21.0,72.7,0.0,0,0.0,,0,0,29.2,16.9,195.3,1019.8,32.8,15.8,301.0,25.9,9,60,2022-07-01T05:52:54,2022-07-01T20:34:23,0.03,Partially cloudy,Partly cloudy throughout the day.,partly-cloudy-day,"KPTB,KRIC,KFCI,72401493714,E6024,72401013740,72049800153",174
53,"Chester, VA, United States",2022-07-02,32.2,21.3,26.6,35.2,21.3,28.0,21.5,75.4,0.0,0,0.0,,0,0,28.8,17.0,201.1,1016.4,36.0,16.0,271.8,23.6,9,60,2022-07-02T05:53:22,2022-07-02T20:34:17,0.05,Partially cloudy,Partly cloudy throughout the day.,partly-cloudy-day,"KPTB,KRIC,KFCI,72401493714,E6024,72401013740,72049800153",174
54,"Chester, VA, United States",2022-07-03,31.2,20.3,26.0,34.5,20.3,27.0,20.7,75.4,0.0,0,0.0,rain,0,0,25.9,20.5,169.7,1017.3,32.2,15.8,225.3,19.3,9,60,2022-07-03T05:53:52,2022-07-03T20:34:09,0.08,Partially cloudy,Partly cloudy throughout the day.,partly-cloudy-day,"KPTB,KRIC,KFCI,72401493714,E6024,72401013740,72049800153",174
55,"Chester, VA, United States",2022-07-04,31.7,17.5,25.2,31.3,17.5,25.2,17.2,66.0,0.0,0,0.0,,0,0,14.4,10.4,99.5,1021.3,18.5,15.4,309.3,26.6,10,10,2022-07-04T05:54:22,2022-07-04T20:33:59,0.12,Clear,Clear conditions throughout the day.,clear-day,"KPTB,KRIC,KFCI,72401493714,E6024,72401013740,72049800153",174
56,"Chester, VA, United States",2022-07-05,32.3,20.6,26.2,36.5,20.6,28.0,21.3,75.9,0.0,0,0.0,,0,0,38.9,19.8,184.6,1017.9,62.8,16.0,194.5,16.7,9,60,2022-07-05T05:54:54,2022-07-05T20:33:47,0.17,Partially cloudy,Partly cloudy throughout the day.,partly-cloudy-day,"KPTB,KFCI,KRIC,72401493714,E6024,72401013740,72049800153",174
57,"Chester, VA, United States",2022-07-06,33.6,21.5,26.3,38.2,21.5,27.9,22.2,80.5,7.37,100,25.0,rain,0,0,53.6,18.7,237.1,1013.5,38.7,15.4,170.8,14.8,8,60,2022-07-06T05:55:27,2022-07-06T20:33:34,0.22,"Rain, Partially cloudy",Partly cloudy throughout the day with rain.,rain,"KPTB,KRIC,KFCI,72401493714,E6024,72401013740,72049800153,F0267",174
58,"Chester, VA, United States",2022-07-07,30.9,22.3,25.9,35.3,22.3,27.2,23.2,86.5,0.66,100,16.67,rain,0,0,27.7,14.0,172.4,1014.1,66.2,15.9,163.2,14.1,9,60,2022-07-07T05:56:01,2022-07-07T20:33:18,0.27,"Rain, Partially cloudy",Partly cloudy throughout the day with rain clearing later.,rain,"KPTB,KRIC,KFCI,72401493714,E6024,72401013740,72049800153,F0267",174
59,"Chester, VA, United States",2022-07-08,30.8,22.2,26.0,34.0,22.2,27.2,22.6,83.3,0.22,100,8.33,rain,0,0,16.6,9.4,86.6,1016.4,65.4,15.1,207.9,18.0,10,30,2022-07-08T05:56:36,2022-07-08T20:33:01,0.33,"Rain, Partially cloudy",Partly cloudy throughout the day with late afternoon rain.,rain,"KPTB,KRIC,KFCI,72401493714,E6024,72401013740,72049800153,F0267",174
60,"Chester, VA, United States",2022-07-09,27.3,19.4,23.5,30.8,19.4,23.6,22.8,96.0,2.06,100,41.67,rain,0,0,35.6,16.5,91.0,1015.4,97.9,12.1,69.1,6.0,3,60,2022-07-09T05:57:12,2022-07-09T20:32:42,0.38,"Rain, Overcast",Cloudy skies throughout the day with rain.,rain,"KPTB,KRIC,KFCI,72401493714,E6024,72401013740,72049800153",174
61,"Chester, VA, United States",2022-07-10,22.2,17.9,20.0,22.2,17.9,20.0,19.3,95.8,0.92,100,45.83,rain,0,0,34.2,18.0,89.1,1017.7,96.5,13.6,40.0,3.8,1,10,2022-07-10T05:57:49,2022-07-10T20:32:21,0.42,"Rain, Overcast",Cloudy skies throughout the day with a chance of rain throughout the day.,rain,"KPTB,KRIC,KFCI,72401493714,E6024,72401013740,72049800153,F0267",174
62,"Chester, VA, United States",2022-07-11,28.3,14.6,21.8,28.5,14.6,21.9,16.4,74.9,0.0,0,0.0,rain,0,0,23.4,14.6,159.5,1015.6,19.9,15.3,312.1,27.0,10,10,2022-07-11T05:58:27,2022-07-11T20:31:59,0.46,Clear,Clear conditions throughout the day.,clear-day,"KPTB,KRIC,KFCI,72401493714,E6024,72401013740,72049800153,F0267",174
63,"Chester, VA, United States",2022-07-12,32.9,18.9,26.2,36.1,18.9,27.6,20.4,73.5,0.0,0,0.0,,0,0,38.9,22.5,203.9,1011.8,30.8,15.5,261.6,22.5,10,60,2022-07-12T05:59:05,2022-07-12T20:31:34,0.49,Partially cloudy,Partly cloudy throughout the day.,partly-cloudy-day,"KPTB,E1817,KRIC,KFCI,72401493714,E6024,72401013740,72049800153,F0267",174
64,"Chester, VA, United States",2022-07-13,31.3,21.0,25.5,33.7,21.0,26.4,20.8,77.3,0.0,0,0.0,,0,0,23.0,12.2,227.7,1013.9,42.1,15.7,165.4,14.3,10,75,2022-07-13T05:59:45,2022-07-13T20:31:08,0.5,Partially cloudy,Partly cloudy throughout the day.,partly-cloudy-day,"KPTB,KRIC,KFCI,72401493714,E6024,72401013740,72049800153",174
65,"Chester, VA, United States",2022-07-14,31.3,21.3,25.9,32.2,21.3,26.4,20.2,74.6,0.0,0,0.0,,0,0,21.2,12.5,221.8,1016.9,49.7,15.1,229.6,19.9,10,60,2022-07-14T06:00:26,2022-07-14T20:30:40,0.51,Partially cloudy,Partly cloudy throughout the day.,partly-cloudy-day,"KPTB,KRIC,KFCI,72401493714,E6024,72401013740,72049800153",174
66,"Chester, VA, United States",2022-07-15,30.7,20.0,24.0,33.2,20.0,24.4,21.0,84.5,5.87,100,16.67,rain,0,0,33.5,18.2,126.2,1019.9,44.6,15.1,166.3,14.2,9,75,2022-07-15T06:01:07,2022-07-15T20:30:10,0.53,"Rain, Partially cloudy",Partly cloudy throughout the day with rain.,rain,"KPTB,KRIC,KFCI,72401493714,E6024,72401013740,72049800153",174
67,"Chester, VA, United States",2022-07-16,30.4,18.2,22.5,32.8,18.2,23.0,20.2,88.6,3.91,100,16.67,rain,0,0,40.7,12.8,155.9,1019.3,36.3,14.6,188.5,16.1,9,75,2022-07-16T06:01:49,2022-07-16T20:29:39,0.55,"Rain, Partially cloudy",Partly cloudy throughout the day with rain.,rain,"KPTB,KRIC,KFCI,72401493714,E6024,72401013740,72049800153,E9140",174
68,"Chester, VA, United States",2022-07-17,32.4,19.0,25.0,37.1,19.0,26.4,21.2,81.1,1.2,100,12.5,rain,0,0,50.0,15.3,210.5,1017.2,40.0,15.7,251.4,21.9,9,75,2022-07-17T06:02:32,2022-07-17T20:29:05,0.6,"Rain, Partially cloudy",Partly cloudy throughout the day with a chance of rain throughout the day.,rain,"KPTB,KRIC,KFCI,72401493714,E6024,72401013740,72049800153,E9140",174
69,"Chester, VA, United States",2022-07-18,32.8,22.9,27.9,37.2,22.9,30.1,22.5,74.7,0.0,0,0.0,,0,0,38.9,21.6,210.8,1014.2,30.3,15.8,263.0,22.7,9,75,2022-07-18T06:03:15,2022-07-18T20:28:30,0.65,Partially cloudy,Partly cloudy throughout the day.,partly-cloudy-day,"KPTB,KRIC,KFCI,72401493714,E6024,72401013740,72049800153",174
70,"Chester, VA, United States",2022-07-19,32.3,22.9,27.2,35.4,22.9,28.7,22.1,75.3,0.85,100,12.5,rain,0,0,29.5,10.4,228.7,1012.4,54.1,15.9,230.3,19.8,10,75,2022-07-19T06:03:59,2022-07-19T20:27:54,0.7,"Rain, Partially cloudy",Partly cloudy throughout the day with late afternoon rain.,rain,"KPTB,E1817,KRIC,KFCI,72401493714,E6024,72401013740,72049800153,F0267",174
71,"Chester, VA, United States",2022-07-20,34.1,21.0,27.9,36.5,21.0,29.7,21.5,71.9,0.04,100,4.17,rain,0,0,37.1,16.3,208.3,1010.8,30.0,15.9,253.4,21.8,9,60,2022-07-20T06:04:44,2022-07-20T20:27:15,0.75,"Rain, Partially cloudy",Partly cloudy throughout the day with early morning rain.,rain,"KPTB,KRIC,KFCI,72401493714,E6024,72401013740,72049800153",174
72,"Chester, VA, United States",2022-07-21,34.2,22.8,27.1,39.8,22.8,28.9,23.4,81.8,1.41,100,16.67,rain,0,0,40.0,18.8,213.0,1009.0,36.4,15.8,161.8,13.9,8,100,2022-07-21T06:05:29,2022-07-21T20:26:35,0.8,"Rain, Partially cloudy",Becoming cloudy in the afternoon with rain.,rain,"KPTB,KRIC,KFCI,72401493714,E6024,72401013740,72049800153",174
73,"Chester, VA, United States",2022-07-22,33.1,22.3,27.5,35.3,22.3,28.7,21.6,73.5,0.22,100,8.33,rain,0,0,29.5,15.3,216.5,1014.8,28.4,15.7,206.3,17.7,7,30,2022-07-22T06:06:15,2022-07-22T20:25:54,0.85,"Rain, Partially cloudy",Partly cloudy throughout the day with early morning rain.,rain,"KPTB,KRIC,KFCI,72401493714,E6024,72401013740,72049800153",174
74,"Chester, VA, United States",2022-07-23,35.1,21.8,28.8,37.6,21.8,30.4,21.3,68.3,0.0,0,0.0,,0,0,21.2,15.2,192.9,1018.2,16.9,15.5,247.5,21.5,9,75,2022-07-23T06:07:01,2022-07-23T20:25:10,0.89,Clear,Clear conditions throughout the day.,clear-day,"KPTB,KRIC,KFCI,72401493714,E6024,72401013740,72049800153",174
75,"Chester, VA, United States",2022-07-24,35.4,23.3,29.0,39.7,23.3,31.4,21.7,67.0,0.0,0,0.0,,0,0,37.1,17.1,176.3,1018.0,20.2,15.7,229.9,19.5,9,100,2022-07-24T06:07:48,2022-07-24T20:24:25,0.93,Partially cloudy,Partly cloudy throughout the day.,partly-cloudy-day,"KPTB,KRIC,KFCI,72401493714,E6024,72401013740,72049800153,E9140",174
76,"Chester, VA, United States",2022-07-25,33.9,22.9,27.0,39.6,22.9,29.0,22.5,77.9,0.77,100,20.83,rain,0,0,51.9,29.5,212.3,1016.4,32.2,15.8,194.5,16.7,10,100,2022-07-25T06:08:35,2022-07-25T20:23:39,0.96,"Rain, Partially cloudy",Partly cloudy throughout the day with late afternoon rain.,rain,"KPTB,KRIC,KFCI,72401493714,E6024,72401013740,72049800153,F0267",174
77,"Chester, VA, United States",2022-07-26,31.3,22.5,25.2,35.2,22.5,26.1,22.9,88.0,4.67,100,37.5,rain,0,0,59.0,13.2,232.2,1017.2,52.6,15.1,125.6,10.9,7,60,2022-07-26T06:09:23,2022-07-26T20:22:51,0.98,"Rain, Partially cloudy",Partly cloudy throughout the day with a chance of rain throughout the day.,rain,"KPTB,KRIC,KFCI,72401493714,E6024,72401013740,72049800153,F0267,E9140",174
78,"Chester, VA, United States",2022-07-27,31.9,22.0,25.6,37.8,22.0,27.2,23.0,87.2,13.82,100,54.17,rain,0,0,30.4,20.0,244.9,1016.0,54.1,15.8,181.3,15.7,9,60,2022-07-27T06:10:11,2022-07-27T20:22:01,1.0,"Rain, Partially cloudy",Partly cloudy throughout the day with rain.,rain,"KPTB,KRIC,KFCI,72401493714,E6024,72401013740,72049800153",174
79,"Chester, VA, United States",2022-07-28,34.3,22.4,28.2,39.1,22.4,30.5,22.5,74.3,0.0,0,0.0,,0,0,25.9,22.4,247.8,1013.9,28.3,15.9,217.2,18.7,9,60,2022-07-28T06:10:59,2022-07-28T20:21:10,1.0,Partially cloudy,Partly cloudy throughout the day.,partly-cloudy-day,"KPTB,KRIC,KFCI,72401493714,E6024,72401013740,72049800153",174
80,"Chester, VA, United States",2022-07-29,32.4,23.4,26.4,38.1,23.4,28.1,24.1,88.3,20.73,100,25.0,rain,0,0,50.0,16.3,201.2,1014.5,50.4,15.7,152.5,13.3,10,75,2022-07-29T06:11:48,2022-07-29T20:20:17,0.0,"Rain, Partially cloudy",Becoming cloudy in the afternoon with rain.,rain,"KPTB,KRIC,KFCI,72401493714,E6024,72401013740,72049800153",174
81,"Chester, VA, United States",2022-07-30,31.4,22.0,26.3,32.1,22.0,26.6,20.0,71.9,0.0,0,0.0,,0,0,27.7,14.4,164.5,1020.0,45.9,15.8,238.4,20.4,10,30,2022-07-30T06:12:37,2022-07-30T20:19:23,0.01,Partially cloudy,Partly cloudy throughout the day.,partly-cloudy-day,"KPTB,KRIC,KFCI,72401493714,E6024,72401013740,72049800153",174
82,"Chester, VA, United States",2022-07-31,25.2,20.7,22.9,25.2,20.7,22.9,21.3,91.2,3.26,100,37.5,rain,0,0,23.4,12.8,96.4,1021.8,73.9,15.5,76.9,6.7,4,10,2022-07-31T06:13:26,2022-07-31T20:18:27,0.04,"Rain, Partially cloudy",Partly cloudy throughout the day with rain.,rain,"KPTB,KRIC,KFCI,72401493714,E6024,72401013740,72049800153",174
83,"Chester, VA, United States",2022-08-01,30.2,21.9,25.5,34.5,21.9,26.7,23.1,87.7,12.24,100,25.0,rain,0,0,44.6,14.3,214.3,1015.8,60.2,14.8,114.9,9.8,5,75,2022-08-01T06:14:16,2022-08-01T20:17:30,0.07,"Rain, Partially cloudy",Partly cloudy throughout the day with rain.,rain,"KPTB,KRIC,KFCI,72401493714,E6024,72401013740,72049800153",174
84,"Chester, VA, United States",2022-08-02,33.1,22.9,27.6,35.9,22.9,28.9,21.7,73.4,0.0,0,0.0,,0,0,27.7,16.6,222.6,1013.3,32.1,15.7,239.1,20.6,10,60,2022-08-02T06:15:05,2022-08-02T20:16:31,0.1,Partially cloudy,Partly cloudy throughout the day.,partly-cloudy-day,"KPTB,KRIC,KFCI,72401493714,E6024,72401013740,72049800153",174
85,"Chester, VA, United States",2022-08-03,33.6,22.1,27.3,35.2,22.1,28.3,20.6,70.1,0.0,0,0.0,,0,0,13.7,10.3,136.0,1016.3,28.0,15.0,234.5,20.3,9,60,2022-08-03T06:15:55,2022-08-03T20:15:31,0.14,Partially cloudy,Partly cloudy throughout the day.,partly-cloudy-day,"KPTB,KRIC,72401493714,E6024,72401013740",174
86,"Chester, VA, United States",2022-08-04,34.4,22.2,26.5,40.5,22.2,28.2,22.3,79.4,1.11,100,12.5,rain,0,0,40.7,16.3,137.2,1019.0,26.6,14.8,131.5,11.2,8,100,2022-08-04T06:16:45,2022-08-04T20:14:30,0.2,"Rain, Partially cloudy",Becoming cloudy in the afternoon with rain.,rain,"KPTB,KRIC,KFCI,72401493714,E6024,72401013740,72049800153",174
87,"Chester, VA, United States",2022-08-05,31.4,21.7,24.7,37.8,21.7,26.0,23.0,91.1,44.29,100,37.5,rain,0,0,59.0,22.1,182.8,1022.4,50.1,15.2,153.9,13.6,9,100,2022-08-05T06:17:35,2022-08-05T20:13:28,0.25,"Rain, Partially cloudy",Becoming cloudy in the afternoon with rain.,rain,"KPTB,KRIC,KFCI,72401493714,E6024,72401013740,72049800153",174
88,"Chester, VA, United States",2022-08-06,29.4,20.8,23.8,35.3,20.8,24.6,22.3,92.2,2.25,100,20.83,rain,0,0,38.9,16.1,194.9,1024.8,52.8,15.8,103.3,9.1,6,75,2022-08-06T06:18:26,2022-08-06T20:12:24,0.31,"Rain, Partially cloudy",Partly cloudy throughout the day with rain clearing later.,rain,"KPTB,KRIC,KFCI,72401493714,E6024,72401013740,72049800153",174
89,"Chester, VA, United States",2022-08-07,31.7,21.9,26.4,36.0,21.9,28.2,22.7,81.7,0.0,0,0.0,rain,0,0,19.8,14.3,174.3,1023.4,22.3,15.7,202.9,17.7,10,75,2022-08-07T06:19:16,2022-08-07T20:11:18,0.36,Partially cloudy,Partly cloudy throughout the day.,partly-cloudy-day,"KPTB,KRIC,KFCI,72401493714,E6024,72401013740,72049800153",174
90,"Chester, VA, United States",2022-08-08,33.0,22.2,27.6,38.7,22.2,30.4,23.6,81.0,0.0,0,0.0,,0,0,25.2,15.6,198.4,1019.2,21.3,15.9,185.0,16.0,10,75,2022-08-08T06:20:06,2022-08-08T20:10:12,0.41,Partially cloudy,Becoming cloudy in the afternoon.,partly-cloudy-day,"KPTB,KRIC,KFCI,72401493714,E6024,72401013740,72049800153",174
91,"Chester, VA, United States",2022-08-09,34.1,23.5,28.7,40.2,23.5,31.7,23.8,76.8,0.0,0,0.0,,0,0,29.5,17.4,223.1,1017.5,9.1,15.8,198.0,17.1,9,100,2022-08-09T06:20:57,2022-08-09T20:09:04,0.45,Clear,Clear conditions throughout the day.,clear-day,"KPTB,KRIC,KFCI,72401493714,E6024,72401013740,72049800153",174
92,"Chester, VA, United States",2022-08-10,32.9,21.8,26.4,39.4,21.8,28.7,23.5,84.7,44.72,100,33.33,rain,0,0,57.2,16.3,224.5,1018.4,35.7,15.2,123.2,10.9,9,100,2022-08-10T06:21:48,2022-08-10T20:07:56,0.48,"Rain, Partially cloudy",Becoming cloudy in the afternoon with rain.,rain,"KPTB,KRIC,KFCI,72401493714,E6024,72401013740,72049800153",174
93,"Chester, VA, United States",2022-08-11,27.3,21.7,24.2,30.0,21.7,24.6,22.3,89.7,0.0,0,0.0,rain,0,0,24.8,17.0,220.5,1016.1,60.5,15.8,96.8,8.3,5,75,2022-08-11T06:22:38,2022-08-11T20:06:46,0.5,Partially cloudy,Partly cloudy throughout the day.,partly-cloudy-day,"KPTB,KRIC,KFCI,72401493714,E6024,72401013740,72049800153",174
94,"Chester, VA, United States",2022-08-12,28.3,17.7,22.9,28.6,17.7,23.0,17.5,74.2,0.26,100,4.17,rain,0,0,25.6,17.3,262.8,1017.2,41.9,15.2,134.7,11.5,9,60,2022-08-12T06:23:29,2022-08-12T20:05:34,0.5,"Rain, Partially cloudy",Partly cloudy throughout the day with morning rain.,rain,"KPTB,KRIC,KFCI,72401493714,E6024,72401013740,72049800153",174
95,"Chester, VA, United States",2022-08-13,27.9,14.2,20.8,27.3,14.2,20.8,13.5,68.4,0.0,0,0.0,,0,0,22.7,14.6,199.5,1020.3,8.4,16.0,181.4,15.6,9,10,2022-08-13T06:24:19,2022-08-13T20:04:22,0.52,Clear,Clear conditions throughout the day.,clear-day,"KPTB,KRIC,KFCI,72401493714,E6024,72401013740,72049800153",174
96,"Chester, VA, United States",2022-08-14,27.3,17.3,21.8,27.3,17.3,21.8,15.6,71.2,0.07,100,4.17,rain,0,0,13.0,13.1,109.8,1018.4,39.1,16.0,163.5,14.1,10,10,2022-08-14T06:25:10,2022-08-14T20:03:09,0.54,"Rain, Partially cloudy",Partly cloudy throughout the day with late afternoon rain.,rain,"KPTB,KRIC,KFCI,72401493714,E6024,72401013740,72049800153",174
97,"Chester, VA, United States",2022-08-15,21.0,18.2,19.2,21.0,18.2,19.2,18.2,94.4,4.3,100,41.67,rain,0,0,19.4,9.5,64.8,1016.1,93.7,15.7,44.3,3.9,2,10,2022-08-15T06:26:01,2022-08-15T20:01:55,0.58,"Rain, Overcast",Cloudy skies throughout the day with a chance of rain throughout the day.,rain,"KPTB,KRIC,KFCI,72401493714,E6024,72401013740,72049800153",174
98,"Chester, VA, United States",2022-08-16,27.2,16.9,21.3,27.2,16.9,21.3,16.6,78.4,0.0,0,0.0,rain,0,0,27.7,15.3,135.1,1015.7,67.5,16.0,136.0,11.7,6,10,2022-08-16T06:26:51,2022-08-16T20:00:39,0.62,Partially cloudy,Partly cloudy throughout the day.,partly-cloudy-day,"KPTB,KRIC,KFCI,72401493714,E6024,72401013740,72049800153",174
99,"Chester, VA, United States",2022-08-17,26.8,16.3,20.8,27.2,16.3,20.8,17.0,81.1,0.22,100,8.33,rain,0,0,29.5,14.6,116.4,1016.7,45.6,16.0,96.3,8.4,8,10,2022-08-17T06:27:42,2022-08-17T19:59:23,0.67,"Rain, Partially cloudy",Partly cloudy throughout the day with late afternoon rain.,rain,"KPTB,KRIC,KFCI,72401493714,E6024,72401013740,72049800153",174
100,"Chester, VA, United States",2022-08-18,28.9,14.2,21.9,29.0,14.2,22.1,16.6,75.2,0.0,0,0.0,,0,0,13.3,10.7,196.8,1016.5,8.1,15.9,175.6,15.2,9,10,2022-08-18T06:28:32,2022-08-18T19:58:06,0.72,Clear,Clear conditions throughout the day.,clear-day,"KPTB,KRIC,KFCI,72401493714,E6024,72401013740,72049800153",174
101,"Chester, VA, United States",2022-08-19,28.4,17.0,23.2,29.7,17.0,23.6,18.8,78.1,0.0,0,0.0,rain,0,0,35.3,16.6,115.2,1019.6,17.5,15.9,119.0,10.3,6,10,2022-08-19T06:29:23,2022-08-19T19:56:47,0.77,Clear,Clear conditions throughout the day.,clear-day,"KPTB,KRIC,KFCI,72401493714,E6024,72401013740,72049800153",174
102,"Chester, VA, United States",2022-08-20,28.9,18.6,24.1,31.2,18.6,24.6,20.4,81.6,0.61,100,16.67,rain,0,0,20.2,12.5,57.3,1021.2,44.2,15.8,106.1,9.3,5,60,2022-08-20T06:30:13,2022-08-20T19:55:28,0.82,"Rain, Partially cloudy",Partly cloudy throughout the day with afternoon rain.,rain,"KPTB,KRIC,KFCI,72401493714,E6024,72401013740,72049800153",174
103,"Chester, VA, United States",2022-08-21,27.3,20.1,22.9,30.4,20.1,23.1,22.2,95.5,1.73,100,16.67,rain,0,0,22.7,13.1,130.7,1019.2,66.5,15.3,65.1,5.7,3,75,2022-08-21T06:31:04,2022-08-21T19:54:08,0.86,"Rain, Partially cloudy",Partly cloudy throughout the day with afternoon rain.,rain,"KPTB,KRIC,KFCI,72401493714,E6024,72401013740,72049800153",174
104,"Chester, VA, United States",2022-08-22,28.4,21.2,24.1,31.2,21.2,24.9,21.8,88.0,4.23,100,20.83,rain,0,0,24.1,12.5,204.6,1013.9,64.2,15.9,124.0,10.9,9,75,2022-08-22T06:31:54,2022-08-22T19:52:48,0.9,"Rain, Partially cloudy",Partly cloudy throughout the day with rain.,rain,"KPTB,KRIC,KFCI,72401493714,E6024,72401013740,72049800153",174
105,"Chester, VA, United States",2022-08-23,30.4,18.2,24.2,31.3,18.2,24.7,19.7,78.7,0.74,100,12.5,rain,0,0,12.6,10.2,185.5,1013.3,26.8,14.1,159.1,13.9,9,30,2022-08-23T06:32:44,2022-08-23T19:51:26,0.94,"Rain, Partially cloudy",Partly cloudy throughout the day with early morning rain.,rain,"KPTB,KRIC,KFCI,72401493714,E6024,72401013740,72049800153",174
106,"Chester, VA, United States",2022-08-24,30.5,18.5,24.1,31.8,18.5,24.5,19.2,77.2,0.0,0,0.0,,0,0,11.5,9.5,78.3,1017.2,19.2,15.5,160.7,13.9,8,30,2022-08-24T06:33:35,2022-08-24T19:50:04,0.97,Clear,Clear conditions throughout the day.,clear-day,"KPTB,KRIC,KFCI,72401493714,E6024,72401013740,72049800153",174
107,"Chester, VA, United States",2022-08-25,31.1,19.3,25.1,33.3,19.3,26.0,20.7,79.2,0.0,0,0.0,rain,0,0,29.9,10.7,136.9,1018.8,23.6,15.3,152.8,13.4,7,60,2022-08-25T06:34:25,2022-08-25T19:48:40,0.99,Partially cloudy,Clearing in the afternoon.,partly-cloudy-day,"KPTB,KRIC,KFCI,72401493714,E6024,72401013740,72049800153",174
108,"Chester, VA, United States",2022-08-26,32.2,18.9,25.4,33.9,18.9,26.1,20.6,77.8,0.0,0,0.0,rain,0,0,20.5,14.1,240.2,1016.5,15.0,15.7,171.8,14.8,8,30,2022-08-26T06:35:15,2022-08-26T19:47:17,1.0,Clear,Clear conditions throughout the day.,clear-day,"KPTB,KRIC,KFCI,72401493714,E6024,72401013740,72049800153",174
109,"Chester, VA, United States",2022-08-27,32.8,19.4,25.8,34.9,19.4,26.7,20.4,75.6,0.0,0,0.0,rain,0,0,29.2,11.1,193.4,1016.5,15.5,15.7,150.1,12.9,8,75,2022-08-27T06:36:05,2022-08-27T19:45:52,0.0,Clear,Clear conditions throughout the day.,clear-day,"KPTB,KRIC,KFCI,72401493714,E6024,72401013740,72049800153",174
110,"Chester, VA, United States",2022-08-28,32.3,19.0,25.6,35.2,19.0,26.8,20.4,75.9,0.0,0,0.0,rain,0,0,19.8,13.8,106.5,1019.2,10.2,15.7,265.6,23.0,9,60,2022-08-28T06:36:55,2022-08-28T19:44:27,0.01,Clear,Clear conditions throughout the day.,clear-day,"KPTB,KRIC,KFCI,72401493714,E6024,72401013740,72049800153",174
111,"Chester, VA, United States",2022-08-29,32.4,20.0,26.0,34.3,20.0,26.8,20.6,75.3,0.0,0,0.0,,0,0,20.2,12.8,80.4,1019.6,37.2,14.3,135.7,11.6,9,30,2022-08-29T06:37:44,2022-08-29T19:43:01,0.02,Partially cloudy,Partly cloudy throughout the day.,partly-cloudy-day,"KPTB,KRIC,KFCI,72401493714,E6024,72401013740,72049800153",174
112,"Chester, VA, United States",2022-08-30,33.2,20.8,26.0,35.6,20.8,27.0,21.6,80.2,0.83,100,16.67,rain,0,0,35.3,18.7,235.6,1014.1,34.5,15.8,86.5,7.2,7,30,2022-08-30T06:38:34,2022-08-30T19:41:35,0.05,"Rain, Partially cloudy",Becoming cloudy in the afternoon with late afternoon rain.,rain,"KPTB,KRIC,KFCI,72401493714,E6024,72401013740,72049800153",174
113,"Chester, VA, United States",2022-08-31,30.7,19.4,24.7,30.4,19.4,24.7,18.1,71.3,0.04,100,4.17,rain,0,0,31.7,19.3,258.4,1013.9,26.1,15.2,100.3,8.7,6,10,2022-08-31T06:39:24,2022-08-31T19:40:08,0.09,"Rain, Partially cloudy",Partly cloudy throughout the day with morning rain.,rain,"KPTB,KRIC,KFCI,72401493714,E6024,72401013740,72049800153",174
114,"Chester, VA, United States",2022-09-01,31.3,15.1,23.1,30.7,15.1,23.0,15.6,68.4,0.0,0,0.0,,0,0,16.6,11.6,154.1,1017.5,4.2,16.0,148.1,12.9,8,10,2022-09-01T06:40:14,2022-09-01T19:38:40,0.13,Clear,Clear conditions throughout the day.,clear-day,"KPTB,KRIC,KFCI,72401493714,E6024,72401013740,72049800153",174
115,"Chester, VA, United States",2022-09-02,32.1,16.0,24.3,31.5,16.0,24.3,16.4,66.8,0.0,0,0.0,,0,0,35.3,12.0,74.6,1021.6,15.8,16.0,161.9,14.0,9,10,2022-09-02T06:41:03,2022-09-02T19:37:12,0.18,Clear,Clear conditions throughout the day.,clear-day,"KPTB,KRIC,KFCI,72401493714,E6024,72401013740,72049800153",174
116,"Chester, VA, United States",2022-09-03,31.6,18.6,24.9,32.3,18.6,25.3,19.1,73.1,0.0,0,0.0,,0,0,23.8,12.0,100.0,1023.6,38.2,15.8,123.9,10.9,7,60,2022-09-03T06:41:53,2022-09-03T19:35:43,0.24,Partially cloudy,Partly cloudy throughout the day.,partly-cloudy-day,"KPTB,KRIC,KFCI,72401493714,E6024,72401013740,72049800153",174
117,"Chester, VA, United States",2022-09-04,31.5,18.5,24.9,32.3,18.5,25.4,18.8,71.9,0.0,0,0.0,,0,0,21.6,15.7,120.8,1020.8,49.0,15.9,153.3,13.2,8,10,2022-09-04T06:42:42,2022-09-04T19:34:14,0.29,Partially cloudy,Partly cloudy throughout the day.,partly-cloudy-day,"KPTB,KRIC,KFCI,72401493714,E6024,72401013740,72049800153",174
118,"Chester, VA, United States",2022-09-05,29.7,19.9,24.8,31.5,19.9,25.4,20.0,76.5,0.04,100,4.17,rain,0,0,31.7,16.5,166.4,1018.8,43.1,16.0,104.4,9.0,4,30,2022-09-05T06:43:32,2022-09-05T19:32:45,0.35,"Rain, Partially cloudy",Partly cloudy throughout the day with late afternoon rain.,rain,"KPTB,KRIC,KFCI,72401493714,E6024,72401013740,72049800153",174
119,"Chester, VA, United States",2022-09-06,31.3,22.2,25.8,33.5,22.2,26.6,21.5,79.3,0.84,100,16.67,rain,0,0,34.6,17.8,255.5,1014.9,63.6,15.6,144.2,12.3,8,30,2022-09-06T06:44:21,2022-09-06T19:31:15,0.4,"Rain, Partially cloudy",Partly cloudy throughout the day with rain clearing later.,rain,"KPTB,E1817,KRIC,KFCI,72401493714,E6024,72401013740,72049800153,F0267",174
120,"Chester, VA, United States",2022-09-07,28.3,21.2,23.3,29.7,21.2,23.6,20.8,87.2,9.11,100,33.33,rain,0,0,33.5,18.7,179.8,1014.1,83.8,15.8,117.1,10.3,7,30,2022-09-07T06:45:11,2022-09-07T19:29:45,0.44,"Rain, Partially cloudy",Partly cloudy throughout the day with rain.,rain,"KPTB,KRIC,KFCI,72401493714,E6024,72401013740,72049800153",174
121,"Chester, VA, United States",2022-09-08,25.0,17.9,21.8,25.0,17.9,21.8,18.4,82.3,0.36,100,8.33,rain,0,0,24.1,15.9,90.2,1013.7,85.5,15.8,98.4,8.6,4,10,2022-09-08T06:46:00,2022-09-08T19:28:14,0.47,"Rain, Partially cloudy",Partly cloudy throughout the day with early morning rain.,rain,"KPTB,KRIC,KFCI,72401493714,E6024,72401013740,72049800153,F0267",174
122,"Chester, VA, United States",2022-09-09,28.2,15.0,21.4,28.0,15.0,21.4,15.1,71.4,0.0,0,0.0,,0,0,33.5,15.7,108.5,1017.4,18.0,15.8,122.3,10.7,7,10,2022-09-09T06:46:50,2022-09-09T19:26:43,0.49,Clear,Clear conditions throughout the day.,clear-day,"KPTB,KRIC,KFCI,72401493714,E6024,72401013740,72049800153",174
123,"Chester, VA, United States",2022-09-10,28.0,15.2,22.2,29.3,15.2,22.5,17.8,77.9,0.04,100,4.17,rain,0,0,27.7,14.3,65.7,1022.4,69.0,15.8,100.1,8.9,4,10,2022-09-10T06:47:39,2022-09-10T19:25:12,0.5,"Rain, Partially cloudy",Partly cloudy throughout the day with late afternoon rain.,rain,"KPTB,KRIC,KFCI,72401493714,E6024,72401013740,72049800153",174
124,"Chester, VA, United States",2022-09-11,27.5,21.8,23.7,31.5,21.8,24.3,22.8,94.6,4.3,100,50.0,rain,0,0,24.1,17.3,156.3,1018.4,86.7,15.4,57.5,5.0,3,75,2022-09-11T06:48:28,2022-09-11T19:23:41,0.51,"Rain, Partially cloudy",Partly cloudy throughout the day with a chance of rain throughout the day.,rain,"KPTB,KRIC,KFCI,72401493714,E6024,72401013740,72049800153",174
125,"Chester, VA, United States",2022-09-12,30.9,21.8,24.8,34.1,21.8,25.6,22.1,86.7,1.5,100,12.5,rain,0,0,34.9,16.9,234.8,1011.5,57.2,14.8,92.5,8.1,7,75,2022-09-12T06:49:18,2022-09-12T19:22:09,0.53,"Rain, Partially cloudy",Partly cloudy throughout the day with late afternoon rain.,rain,"KPTB,KRIC,KFCI,72401493714,E6024,72401013740,72049800153,F0267",174
126,"Chester, VA, United States",2022-09-13,28.5,16.3,23.1,29.2,16.3,23.1,17.6,75.2,0.77,100,8.33,rain,0,0,31.7,22.1,244.6,1011.0,48.3,15.6,126.5,10.9,8,10,2022-09-13T06:50:07,2022-09-13T19:20:37,0.56,"Rain, Partially cloudy",Partly cloudy throughout the day with early morning rain.,rain,"KPTB,KRIC,KFCI,72401493714,E6024,72401013740,72049800153",174
127,"Chester, VA, United States",2022-09-14,26.7,12.6,19.5,26.7,12.6,19.5,13.4,72.3,0.0,0,0.0,,0,0,31.7,17.4,226.8,1018.3,12.8,16.0,105.2,9.1,7,10,2022-09-14T06:50:57,2022-09-14T19:19:05,0.6,Clear,Clear conditions throughout the day.,clear-day,"KPTB,E1817,KRIC,KFCI,72401493714,E6024,72401013740,72049800153",174
128,"Chester, VA, United States",2022-09-15,27.9,13.3,20.3,28.2,13.3,20.3,15.2,76.3,0.0,0,0.0,,0,0,31.9,16.4,136.1,1021.9,14.6,15.9,112.9,9.9,6,10,2022-09-15T06:51:46,2022-09-15T19:17:33,0.64,Clear,Clear conditions throughout the day.,clear-day,"KPTB,KRIC,KFCI,72401493714,E6024,72401013740,72049800153,F0267",174
129,"Chester, VA, United States",2022-09-16,27.4,13.9,20.0,27.2,13.9,20.0,14.3,74.4,0.0,0,0.0,,0,0,17.6,12.8,160.1,1023.3,10.0,15.3,102.4,8.8,6,10,2022-09-16T06:52:36,2022-09-16T19:16:01,0.69,Clear,Clear conditions throughout the day.,clear-day,"KPTB,KRIC,KFCI,72401493714,E6024,72401013740,72049800153",174
130,"Chester, VA, United States",2022-09-17,27.4,11.4,19.3,27.2,11.4,19.2,13.2,73.0,0.0,0,0.0,,0,0,11.5,10.8,118.8,1024.1,2.9,15.7,110.8,9.6,6,10,2022-09-17T06:53:25,2022-09-17T19:14:28,0.74,Clear,Clear conditions throughout the day.,clear-day,"KPTB,KRIC,KFCI,72401493714,E6024,72401013740,72049800153",174
131,"Chester, VA, United States",2022-09-18,29.9,12.6,21.0,29.8,12.6,21.0,15.5,75.1,0.0,0,0.0,rain,0,0,35.3,15.4,206.0,1020.9,17.5,15.1,106.7,9.1,6,10,2022-09-18T06:54:15,2022-09-18T19:12:56,0.78,Clear,Clear conditions throughout the day.,clear-day,"KPTB,E1817,KRIC,KFCI,72401493714,E6024,72401013740,72049800153",174
132,"Chester, VA, United States",2022-09-19,31.8,15.2,23.3,31.4,15.2,23.3,16.1,68.8,0.0,0,0.0,,0,0,30.3,20.9,177.9,1016.5,11.2,15.9,81.9,7.1,7,10,2022-09-19T06:55:05,2022-09-19T19:11:23,0.83,Clear,Clear conditions throughout the day.,clear-day,"KPTB,KRIC,KFCI,72401493714,E6024,72401013740,72049800153",174
133,"Chester, VA, United States",2022-09-20,31.0,16.4,23.6,31.4,16.4,23.8,17.1,71.0,0.0,0,0.0,,0,0,19.8,14.9,247.0,1015.2,12.6,15.7,119.4,10.1,6,10,2022-09-20T06:55:55,2022-09-20T19:09:51,0.87,Clear,Clear conditions throughout the day.,clear-day,"KPTB,KRIC,KFCI,72401493714,E6024,72401013740,72049800153",174
134,"Chester, VA, United States",2022-09-21,32.2,15.4,23.1,31.9,15.4,23.0,16.0,69.6,0.0,0,0.0,,0,0,18.4,11.3,198.2,1015.4,6.8,15.7,100.4,8.5,6,10,2022-09-21T06:56:45,2022-09-21T19:08:18,0.91,Clear,Clear conditions throughout the day.,clear-day,"KPTB,KRIC,KFCI,72401493714,E6024,72401013740,72049800153",174
135,"Chester, VA, United States",2022-09-22,32.8,18.5,23.7,34.8,18.5,24.1,16.6,67.1,0.04,100,4.17,rain,0,0,49.5,27.2,240.8,1008.6,31.9,15.9,120.5,10.4,8,60,2022-09-22T06:57:35,2022-09-22T19:06:46,0.95,"Rain, Partially cloudy",Becoming cloudy in the afternoon with late afternoon rain.,rain,"KPTB,E1817,KRIC,KFCI,72401493714,E6024,72401013740,72049800153",174
136,"Chester, VA, United States",2022-09-23,20.9,8.7,15.5,20.9,8.3,15.5,3.4,47.0,0.0,0,0.0,,0,0,47.2,25.4,309.7,1018.2,2.4,16.0,123.8,10.6,6,10,2022-09-23T06:58:25,2022-09-23T19:05:14,0.97,Clear,Clear conditions throughout the day.,clear-day,"KPTB,KRIC,KFCI,72401493714,E6024,72401013740,72049800153,F0267",174
137,"Chester, VA, United States",2022-09-24,23.5,8.2,15.5,23.5,7.1,15.4,7.0,61.5,0.0,0,0.0,,0,0,28.5,13.8,140.2,1019.6,17.3,16.0,104.5,9.0,7,10,2022-09-24T06:59:16,2022-09-24T19:03:41,0.99,Clear,Clear conditions throughout the day.,clear-day,"KPTB,KRIC,KFCI,72401493714,E6024,72401013740,72049800153",174
138,"Chester, VA, United States",2022-09-25,29.6,13.1,19.1,29.2,13.1,19.0,13.6,74.4,10.47,100,33.33,rain,0,0,61.4,19.9,221.0,1010.7,42.7,15.8,77.0,6.7,6,10,2022-09-25T07:00:06,2022-09-25T19:02:09,1.0,"Rain, Partially cloudy",Becoming cloudy in the afternoon with rain.,rain,"KPTB,KRIC,KFCI,72401493714,E6024,72401013740,72049800153",174
139,"Chester, VA, United States",2022-09-26,26.7,14.6,19.9,26.3,14.6,19.8,12.5,68.6,0.04,100,4.17,rain,0,0,38.9,24.6,261.0,1009.8,21.4,16.0,112.3,9.7,6,10,2022-09-26T07:00:57,2022-09-26T19:00:37,0.0,"Rain, Partially cloudy",Partly cloudy throughout the day with morning rain.,rain,"KPTB,KRIC,KFCI,72401493714,E6024,72401013740,72049800153",174
140,"Chester, VA, United States",2022-09-27,23.7,9.6,16.7,23.7,9.6,16.7,7.6,61.1,0.0,0,0.0,,0,0,34.6,18.0,242.8,1014.8,20.5,15.9,113.2,9.7,6,10,2022-09-27T07:01:48,2022-09-27T18:59:06,0.01,Partially cloudy,Partly cloudy throughout the day.,partly-cloudy-day,"KPTB,KRIC,KFCI,72401493714,E6024,72401013740,72049800153",174
141,"Chester, VA, United States",2022-09-28,20.9,6.7,14.3,20.9,4.1,14.0,6.1,62.9,0.0,0,0.0,,0,0,29.5,17.1,277.3,1023.0,16.7,16.0,119.9,10.5,6,10,2022-09-28T07:02:39,2022-09-28T18:57:34,0.04,Clear,Clear conditions throughout the day.,clear-day,"KPTB,KRIC,KFCI,72401493714,E6024,72401013740,72049800153",174
142,"Chester, VA, United States",2022-09-29,19.5,12.2,15.5,19.5,12.2,15.5,8.5,64.0,0.0,0,0.0,,0,0,40.5,23.4,86.8,1026.3,27.7,16.0,92.0,8.0,4,10,2022-09-29T07:03:30,2022-09-29T18:56:03,0.07,Partially cloudy,Becoming cloudy in the afternoon.,partly-cloudy-day,"KPTB,KRIC,KFCI,72401493714,E6024,72401013740,72049800153",174
143,"Chester, VA, United States",2022-09-30,16.3,13.5,14.7,16.3,13.5,14.7,12.4,86.8,28.02,100,58.33,rain,0,0,74.2,33.5,19.9,1018.5,73.6,13.2,18.3,1.5,1,10,2022-09-30T07:04:22,2022-09-30T18:54:32,0.12,"Rain, Partially cloudy",Partly cloudy throughout the day with rain.,rain,"KPTB,E1817,KRIC,KFCI,E6024",174
