,name,datetime,tempmax,tempmin,temp,feelslikemax,feelslikemin,feelslike,dew,humidity,precip,precipprob,precipcover,preciptype,snow,snowdepth,windgust,windspeed,winddir,sealevelpressure,cloudcover,visibility,solarradiation,solarenergy,uvindex,severerisk,sunrise,sunset,moonphase,conditions,description,icon,stations,skey
0,"Fredericksburg, VA, United States",2022-05-10,22.4,6.9,15.3,22.4,5.7,15.1,2.5,46.5,0.0,0,0.0,,0,0,38.9,25.5,166.2,1024.9,7.1,16.0,238.4,20.7,10,10,2022-05-10T06:03:22,2022-05-10T20:09:44,0.32,Clear,Clear conditions throughout the day.,clear-day,"72031703735,F5760,KNYG,KEZF,E7269,72403303706,72403513773,KRMN,TT281",217
1,"Fredericksburg, VA, United States",2022-05-11,22.2,9.2,16.1,22.2,8.6,16.0,7.1,57.9,0.0,0,0.0,,0,0,35.3,18.3,137.5,1023.7,39.7,16.0,176.3,15.3,9,10,2022-05-11T06:02:24,2022-05-11T20:10:39,0.37,Partially cloudy,Becoming cloudy in the afternoon.,partly-cloudy-day,"72031703735,F5760,KNYG,KEZF,E7269,72403303706,KRMN,TT281",217
2,"Fredericksburg, VA, United States",2022-05-12,20.9,13.3,16.8,20.9,13.3,16.8,15.5,92.9,1.17,100,29.17,rain,0,0,31.0,14.3,126.2,1022.9,73.7,15.8,83.4,7.2,3,10,2022-05-12T06:01:27,2022-05-12T20:11:33,0.41,"Rain, Partially cloudy",Partly cloudy throughout the day with rain.,rain,"72031703735,F5760,KNYG,KEZF,E7269,72403303706,KRMN,TT281",217
3,"Fredericksburg, VA, United States",2022-05-13,22.3,17.2,19.4,22.3,17.2,19.4,18.1,92.4,12.81,100,8.33,rain,0,0,37.4,20.5,36.8,1021.4,97.0,12.9,96.6,8.1,3,30,2022-05-13T06:00:32,2022-05-13T20:12:26,0.45,"Rain, Overcast",Cloudy skies throughout the day with morning rain.,rain,"72031703735,F5760,KNYG,KEZF,72403303706,72403513773,KRMN,TT281",217
4,"Fredericksburg, VA, United States",2022-05-14,22.4,17.6,19.7,22.4,17.6,19.7,18.8,94.7,0.34,100,16.67,rain,0,0,26.6,8.4,40.3,1016.6,85.3,13.5,72.0,6.3,3,30,2022-05-14T05:59:38,2022-05-14T20:13:20,0.48,"Rain, Partially cloudy",Partly cloudy throughout the day with rain.,rain,"72031703735,F5760,KNYG,KEZF,72403303706,72403513773,KRMN,TT281",217
5,"Fredericksburg, VA, United States",2022-05-15,29.3,16.8,21.6,29.7,16.8,21.7,17.6,80.4,13.52,100,20.83,rain,0,0,25.9,16.3,101.2,1012.4,86.4,9.8,168.3,14.4,10,30,2022-05-15T05:58:46,2022-05-15T20:14:13,0.5,"Rain, Partially cloudy",Partly cloudy throughout the day with rain.,rain,"72031703735,F5760,KNYG,KEZF,72403303706,72403513773,KRMN",217
6,"Fredericksburg, VA, United States",2022-05-16,28.5,16.4,21.9,28.4,16.4,22.0,16.5,75.8,1.22,100,20.83,rain,0,0,46.4,31.3,242.3,1006.8,50.1,15.9,133.7,11.5,10,60,2022-05-16T05:57:55,2022-05-16T20:15:05,0.5,"Rain, Partially cloudy",Partly cloudy throughout the day with a chance of rain throughout the day.,rain,"72031703735,F5760,KNYG,KEZF,72403303706,72403513773,KRMN,TT281",217
7,"Fredericksburg, VA, United States",2022-05-17,28.4,14.4,21.5,27.3,14.4,21.3,8.4,46.5,0.0,0,0.0,,0,0,38.5,21.6,262.4,1011.4,11.0,16.0,220.1,18.8,10,10,2022-05-17T05:57:06,2022-05-17T20:15:58,0.52,Clear,Clear conditions throughout the day.,clear-day,"72031703735,F5760,KNYG,KEZF,72403303706,72403513773,KRMN,TT281",217
8,"Fredericksburg, VA, United States",2022-05-18,23.3,11.2,18.2,23.3,11.2,18.2,8.7,56.3,0.0,0,0.0,,0,0,34.9,9.6,237.9,1015.1,10.3,16.0,187.3,16.1,9,10,2022-05-18T05:56:19,2022-05-18T20:16:49,0.54,Clear,Clear conditions throughout the day.,clear-day,"72031703735,F5760,KNYG,KEZF,E7269,72403303706,KRMN,TT281",217
9,"Fredericksburg, VA, United States",2022-05-19,29.5,17.0,22.5,29.1,17.0,22.5,15.4,67.6,0.12,100,8.33,rain,0,0,36.0,15.4,207.4,1007.7,52.4,16.0,229.3,19.7,10,30,2022-05-19T05:55:33,2022-05-19T20:17:40,0.58,"Rain, Partially cloudy",Partly cloudy throughout the day with early morning rain.,rain,"72031703735,F5760,KNYG,KEZF,E7269,72403303706,72403513773,KRMN,TT281",217
10,"Fredericksburg, VA, United States",2022-05-20,33.9,17.1,25.6,35.3,17.1,26.3,18.2,68.1,0.27,100,4.17,rain,0,0,29.9,19.6,175.5,1010.9,2.2,16.0,217.4,18.8,9,75,2022-05-20T05:54:48,2022-05-20T20:18:31,0.63,Rain,Clear conditions throughout the day with morning rain.,rain,"72031703735,F5760,KNYG,KEZF,E7269,72403303706,KRMN,TT281",217
11,"Fredericksburg, VA, United States",2022-05-21,34.1,23.8,29.1,34.8,23.8,29.5,17.1,49.6,0.0,0,0.0,,0,0,31.3,21.0,210.2,1016.3,6.4,15.9,233.5,20.0,9,60,2022-05-21T05:54:06,2022-05-21T20:19:21,0.68,Clear,Clear conditions throughout the day.,clear-day,"72031703735,F5760,KNYG,KEZF,72403303706,KRMN,TT281",217
12,"Fredericksburg, VA, United States",2022-05-22,32.8,21.7,26.0,34.2,21.7,26.6,19.0,67.5,4.91,100,16.67,rain,0,0,41.8,22.9,224.6,1017.6,14.4,16.0,222.4,19.3,9,60,2022-05-22T05:53:25,2022-05-22T20:20:10,0.74,Rain,Clear conditions throughout the day with late afternoon rain.,rain,"72031703735,F5760,KNYG,KEZF,72403303706,KRMN,TT281",217
13,"Fredericksburg, VA, United States",2022-05-23,22.2,16.5,19.2,22.2,16.5,19.2,14.0,73.4,2.22,100,25.0,rain,0,0,37.4,16.5,245.5,1021.9,63.7,16.0,126.8,10.8,5,10,2022-05-23T05:52:45,2022-05-23T20:20:59,0.79,"Rain, Partially cloudy",Partly cloudy throughout the day with rain.,rain,"72031703735,F5760,KNYG,KEZF,72403303706,KRMN,TT281",217
14,"Fredericksburg, VA, United States",2022-05-24,17.1,13.9,15.1,17.1,13.9,15.1,14.6,96.7,18.25,100,79.17,rain,0,0,32.4,14.6,101.3,1022.9,95.7,13.5,48.5,4.2,2,10,2022-05-24T05:52:08,2022-05-24T20:21:47,0.85,"Rain, Overcast",Cloudy skies throughout the day with a chance of rain throughout the day.,rain,"72031703735,F5760,KNYG,KEZF,72403303706,72403513773,KRMN,TT281",217
15,"Fredericksburg, VA, United States",2022-05-25,20.8,11.2,16.2,20.8,11.2,16.2,12.5,80.6,0.0,0,0.0,rain,0,0,31.7,14.6,86.4,1025.9,85.3,16.0,88.8,7.5,3,10,2022-05-25T05:51:32,2022-05-25T20:22:34,0.89,Partially cloudy,Partly cloudy throughout the day.,partly-cloudy-day,"72031703735,F5760,KNYG,KEZF,72403303706,KRMN,TT281",217
16,"Fredericksburg, VA, United States",2022-05-26,21.6,15.3,18.1,21.6,15.3,18.1,16.2,88.8,0.06,100,8.33,rain,0,0,17.3,9.1,82.8,1022.8,99.2,14.3,90.0,7.8,3,10,2022-05-26T05:50:58,2022-05-26T20:23:20,0.93,"Rain, Overcast",Cloudy skies throughout the day with rain in the morning and afternoon.,rain,"72031703735,F5760,KNYG,KEZF,E7269,72403303706,KRMN,TT281",217
17,"Fredericksburg, VA, United States",2022-05-27,25.7,18.8,21.4,25.7,18.8,21.4,20.0,92.8,15.6,100,33.33,rain,0,0,42.8,21.7,156.5,1011.8,95.0,13.9,112.0,9.8,4,30,2022-05-27T05:50:25,2022-05-27T20:24:06,0.96,"Rain, Overcast",Cloudy skies throughout the day with rain.,rain,"72031703735,F5760,KNYG,KEZF,E7269,72403303706,KRMN,TT281",217
18,"Fredericksburg, VA, United States",2022-05-28,25.8,17.0,21.0,25.8,17.0,21.0,15.2,73.1,0.53,100,20.83,rain,0,0,33.5,21.5,274.5,1010.3,57.9,16.0,273.2,23.5,10,10,2022-05-28T05:49:55,2022-05-28T20:24:50,0.99,"Rain, Partially cloudy",Partly cloudy throughout the day with rain clearing later.,rain,"72031703735,F5760,KNYG,KEZF,E7269,72403303706,KRMN,TT281",217
19,"Fredericksburg, VA, United States",2022-05-29,28.4,14.2,21.5,28.0,14.2,21.4,14.4,69.2,0.0,0,0.0,,0,0,18.4,10.0,197.5,1017.3,27.1,15.8,179.3,15.4,9,10,2022-05-29T05:49:26,2022-05-29T20:25:34,1.0,Partially cloudy,Partly cloudy throughout the day.,partly-cloudy-day,"72031703735,F5760,KNYG,KEZF,72403303706,72403513773,KRMN,TT281",217
20,"Fredericksburg, VA, United States",2022-05-30,32.1,16.7,24.6,31.8,16.7,24.6,17.0,68.1,0.0,0,0.0,,0,0,15.1,13.2,213.9,1019.2,0.1,15.9,264.8,22.7,10,30,2022-05-30T05:48:59,2022-05-30T20:26:17,0.0,Clear,Clear conditions throughout the day.,clear-day,"72031703735,F5760,KNYG,KEZF,72403303706,72403513773,KRMN,TT281",217
21,"Fredericksburg, VA, United States",2022-05-31,34.4,19.3,26.8,34.8,19.3,27.4,19.0,67.0,0.0,0,0.0,,0,0,14.4,10.0,196.2,1016.9,12.8,15.8,247.5,21.4,10,75,2022-05-31T05:48:33,2022-05-31T20:26:59,0.0,Clear,Clear conditions throughout the day.,clear-day,"72031703735,F5760,KNYG,KEZF,72403303706,72403513773,KRMN,TT281",217
22,"Fredericksburg, VA, United States",2022-06-01,33.5,21.2,28.0,34.1,21.2,28.5,19.3,63.2,0.0,0,0.0,,0,0,27.7,11.7,291.8,1012.8,19.6,15.8,257.6,22.1,9,60,2022-06-01T05:48:10,2022-06-01T20:27:40,0.02,Clear,Clear conditions throughout the day.,clear-day,"72031703735,F5760,KNYG,KEZF,72403303706,KRMN,TT281",217
23,"Fredericksburg, VA, United States",2022-06-02,33.4,20.4,25.7,34.5,20.4,26.2,20.1,75.2,5.23,100,16.67,rain,0,0,40.7,14.0,217.1,1007.5,23.1,15.3,239.6,20.7,10,60,2022-06-02T05:47:48,2022-06-02T20:28:20,0.04,"Rain, Partially cloudy",Partly cloudy throughout the day with rain.,rain,"72031703735,F5760,KNYG,KEZF,72403303706,72403513773,KRMN,TT281",217
24,"Fredericksburg, VA, United States",2022-06-03,25.7,17.2,21.8,25.7,17.2,21.8,13.7,64.2,0.27,100,4.17,rain,0,0,35.6,17.0,328.5,1010.0,18.3,16.0,176.2,15.1,7,10,2022-06-03T05:47:29,2022-06-03T20:28:58,0.07,Rain,Clear conditions throughout the day with morning rain.,rain,"72031703735,F5760,KNYG,KEZF,72403303706,KRMN,TT281",217
25,"Fredericksburg, VA, United States",2022-06-04,28.6,13.9,21.6,27.3,13.9,21.3,11.0,57.5,0.0,0,0.0,,0,0,18.0,10.0,280.6,1012.8,11.5,16.0,278.0,23.9,10,10,2022-06-04T05:47:11,2022-06-04T20:29:36,0.11,Clear,Clear conditions throughout the day.,clear-day,"72031703735,F5760,KNYG,KEZF,72403303706,KRMN,TT281",217
26,"Fredericksburg, VA, United States",2022-06-05,26.1,14.6,20.7,26.1,14.6,20.7,10.5,55.0,0.0,0,0.0,,0,0,37.4,17.0,152.1,1014.4,0.0,16.0,268.1,23.2,10,10,2022-06-05T05:46:54,2022-06-05T20:30:12,0.14,Clear,Clear conditions throughout the day.,clear-day,"72031703735,F5760,KNYG,KEZF,72403303706,72403513773,KRMN,TT281",217
27,"Fredericksburg, VA, United States",2022-06-06,27.9,12.5,20.7,27.0,12.5,20.5,9.7,56.5,0.0,0,0.0,,0,0,28.4,20.1,185.5,1016.8,0.0,16.0,268.2,23.1,10,10,2022-06-06T05:46:40,2022-06-06T20:30:47,0.19,Clear,Clear conditions throughout the day.,clear-day,"72031703735,F5760,KNYG,KEZF,72403303706,72403513773,KRMN,TT281",217
28,"Fredericksburg, VA, United States",2022-06-07,26.9,16.0,22.0,27.7,16.0,22.0,17.6,78.5,0.56,100,12.5,rain,0,0,33.1,25.3,159.3,1014.9,53.1,15.9,135.5,11.6,9,30,2022-06-07T05:46:28,2022-06-07T20:31:21,0.24,"Rain, Partially cloudy",Partly cloudy throughout the day with late afternoon rain.,rain,"72031703735,F5760,KNYG,KEZF,72403303706,72403513773,KRMN,TT281",217
29,"Fredericksburg, VA, United States",2022-06-08,31.4,18.8,24.5,32.5,18.8,25.0,19.7,78.0,1.16,100,29.17,rain,0,0,15.5,11.1,170.4,1011.2,39.7,15.4,228.5,19.8,10,30,2022-06-08T05:46:17,2022-06-08T20:31:54,0.29,"Rain, Partially cloudy",Becoming cloudy in the afternoon with rain.,rain,"72031703735,F5760,KNYG,KEZF,72403303706,KRMN,TT281",217
30,"Fredericksburg, VA, United States",2022-06-09,28.9,20.5,24.7,28.2,20.5,24.6,16.6,65.6,0.36,100,16.67,rain,0,0,35.3,22.6,275.7,1007.5,49.0,15.9,228.8,19.6,10,30,2022-06-09T05:46:08,2022-06-09T20:32:25,0.35,"Rain, Partially cloudy",Partly cloudy throughout the day with early morning rain.,rain,"72031703735,F5760,KNYG,KEZF,72403303706,72403513773,KRMN,TT281",217
31,"Fredericksburg, VA, United States",2022-06-10,26.3,13.4,21.1,26.3,13.4,21.1,11.5,57.5,0.0,0,0.0,,0,0,21.6,12.0,288.0,1012.7,27.3,16.0,219.8,19.0,10,10,2022-06-10T05:46:01,2022-06-10T20:32:55,0.39,Partially cloudy,Becoming cloudy in the afternoon.,partly-cloudy-day,"72031703735,F5760,KNYG,KEZF,72403303706,72403513773,KRMN,TT281",217
32,"Fredericksburg, VA, United States",2022-06-11,24.5,18.0,20.5,24.5,18.0,20.5,16.8,80.6,1.66,100,37.5,rain,0,0,21.6,10.1,152.7,1013.5,86.9,15.9,132.4,11.3,6,10,2022-06-11T05:45:56,2022-06-11T20:33:24,0.44,"Rain, Partially cloudy",Partly cloudy throughout the day with rain.,rain,"72031703735,F5760,KNYG,KEZF,72403303706,72403513773,KRMN,TT281",217
33,"Fredericksburg, VA, United States",2022-06-12,27.8,18.5,22.1,29.5,18.5,22.4,19.9,88.8,12.49,100,25.0,rain,0,0,24.5,12.7,137.0,1013.2,63.0,15.1,179.6,15.4,10,60,2022-06-12T05:45:52,2022-06-12T20:33:51,0.47,"Rain, Partially cloudy",Partly cloudy throughout the day with rain clearing later.,rain,"72031703735,F5760,KNYG,KEZF,72403303706,KRMN,TT281",217
34,"Fredericksburg, VA, United States",2022-06-13,33.5,20.6,27.2,35.8,20.6,28.5,21.5,75.0,0.0,0,0.0,rain,0,0,22.0,10.4,162.1,1013.2,30.4,15.5,243.0,20.9,10,100,2022-06-13T05:45:51,2022-06-13T20:34:17,0.49,Partially cloudy,Partly cloudy throughout the day.,partly-cloudy-day,"72031703735,F5760,KNYG,KEZF,72403303706,KRMN,TT281",217
35,"Fredericksburg, VA, United States",2022-06-14,29.4,23.7,26.6,32.9,23.7,27.5,22.1,78.7,0.0,0,0.0,,0,0,33.5,21.6,285.6,1012.4,38.6,15.2,147.7,12.5,10,75,2022-06-14T05:45:51,2022-06-14T20:34:41,0.5,Partially cloudy,Partly cloudy throughout the day.,partly-cloudy-day,"72031703735,F5760,KNYG,KEZF,72403303706,72403513773,KRMN,TT281",217
36,"Fredericksburg, VA, United States",2022-06-15,31.2,19.5,26.0,32.6,19.5,26.9,20.0,72.9,0.0,0,0.0,rain,0,0,22.7,14.3,235.8,1017.3,41.1,15.3,194.5,16.7,9,30,2022-06-15T05:45:53,2022-06-15T20:35:03,0.51,Partially cloudy,Becoming cloudy in the afternoon.,partly-cloudy-day,"72031703735,F5760,KNYG,KEZF,72403303706,72403513773,KRMN,TT281",217
37,"Fredericksburg, VA, United States",2022-06-16,30.8,22.8,26.3,33.9,22.8,27.2,18.1,60.8,0.0,0,0.0,rain,0,0,37.8,18.3,183.0,1017.8,46.1,16.0,246.3,21.1,9,100,2022-06-16T05:45:57,2022-06-16T20:35:24,0.53,Partially cloudy,Clearing in the afternoon.,partly-cloudy-day,"72031703735,F5760,KNYG,KEZF,E7269,72403303706,72403513773,KRMN,TT281",217
38,"Fredericksburg, VA, United States",2022-06-17,35.2,21.2,28.2,39.2,21.2,29.5,19.5,62.0,0.0,0,0.0,rain,0,0,40.0,20.5,240.0,1009.3,9.9,15.8,248.9,21.4,9,100,2022-06-17T05:46:02,2022-06-17T20:35:44,0.57,Clear,Clear conditions throughout the day.,clear-day,"72031703735,F5760,KNYG,KEZF,72403303706,72403513773,KRMN,TT281",217
39,"Fredericksburg, VA, United States",2022-06-18,25.5,18.4,22.8,25.5,18.4,22.8,9.6,45.4,0.0,0,0.0,,0,0,46.1,28.5,325.7,1010.4,11.5,16.0,251.0,21.6,10,10,2022-06-18T05:46:09,2022-06-18T20:36:02,0.62,Clear,Clear conditions throughout the day.,clear-day,"72031703735,F5760,KNYG,KEZF,72403303706,72403513773,KRMN,TT281",217
40,"Fredericksburg, VA, United States",2022-06-19,26.5,14.3,20.3,26.5,14.3,20.3,3.8,36.0,0.0,0,0.0,,0,0,48.6,24.1,320.5,1018.4,0.0,16.0,279.2,24.1,10,10,2022-06-19T05:46:18,2022-06-19T20:36:18,0.67,Clear,Clear conditions throughout the day.,clear-day,"72031703735,F5760,KNYG,KEZF,72403303706,72403513773,KRMN,TT281",217
41,"Fredericksburg, VA, United States",2022-06-20,26.8,11.7,19.8,26.6,11.7,19.7,7.5,49.5,0.0,0,0.0,,0,0,29.5,15.4,308.1,1022.0,12.4,15.9,228.5,19.8,10,10,2022-06-20T05:46:29,2022-06-20T20:36:32,0.72,Clear,Clear conditions throughout the day.,clear-day,"72031703735,F5760,KNYG,KEZF,72403303706,KRMN,TT281",217
42,"Fredericksburg, VA, United States",2022-06-21,28.6,17.6,23.1,28.0,17.6,22.9,13.3,56.7,0.0,0,0.0,,0,0,16.6,13.9,226.9,1020.4,53.2,16.0,159.7,13.8,8,10,2022-06-21T05:46:41,2022-06-21T20:36:45,0.77,Partially cloudy,Partly cloudy throughout the day.,partly-cloudy-day,"72031703735,F5760,KNYG,KEZF,E7269,72403303706,KRMN,TT281",217
43,"Fredericksburg, VA, United States",2022-06-22,33.5,18.4,23.3,34.5,18.4,23.5,18.5,77.3,21.55,100,33.33,rain,0,0,100.1,13.5,191.5,1013.3,41.2,14.1,187.1,16.3,10,30,2022-06-22T05:46:55,2022-06-22T20:36:56,0.82,"Rain, Partially cloudy",Partly cloudy throughout the day with rain.,rain,"72031703735,F5760,KNYG,KEZF,72403303706,72403513773,KRMN,TT281",217
44,"Fredericksburg, VA, United States",2022-06-23,22.9,19.2,20.8,22.9,19.2,20.8,20.2,96.5,43.38,100,50.0,rain,0,0,26.6,11.6,93.0,1012.7,97.7,12.1,55.6,5.0,4,10,2022-06-23T05:47:10,2022-06-23T20:37:06,0.87,"Rain, Overcast",Cloudy skies throughout the day with a chance of rain throughout the day.,rain,"72031703735,F5760,KNYG,KEZF,E7269,72403303706,72403513773,KRMN,TT281",217
45,"Fredericksburg, VA, United States",2022-06-24,26.9,16.4,21.7,27.8,16.4,21.8,17.9,81.3,0.0,0,0.0,,0,0,11.5,10.0,179.3,1017.2,57.0,13.7,203.2,17.5,10,30,2022-06-24T05:47:28,2022-06-24T20:37:13,0.91,Partially cloudy,Partly cloudy throughout the day.,partly-cloudy-day,"72031703735,F5760,KNYG,KEZF,72403303706,72403513773,KRMN,TT281",217
46,"Fredericksburg, VA, United States",2022-06-25,30.5,17.6,24.5,31.3,17.6,24.9,18.7,73.7,0.0,0,0.0,,0,0,22.3,12.2,215.8,1019.8,14.9,15.7,277.5,24.0,10,30,2022-06-25T05:47:46,2022-06-25T20:37:19,0.95,Clear,Clear conditions throughout the day.,clear-day,"72031703735,F5760,KNYG,KEZF,72403303706,KRMN,TT281",217
47,"Fredericksburg, VA, United States",2022-06-26,32.2,20.1,25.7,32.8,20.1,26.1,18.3,66.1,0.0,0,0.0,,0,0,33.5,20.7,220.5,1018.6,34.3,15.9,260.3,22.6,9,30,2022-06-26T05:48:06,2022-06-26T20:37:23,0.97,Partially cloudy,Partly cloudy throughout the day.,partly-cloudy-day,"72031703735,F5760,KNYG,KEZF,72403303706,KRMN,TT281",217
48,"Fredericksburg, VA, United States",2022-06-27,27.1,20.5,24.4,29.1,20.5,24.5,19.3,74.4,0.0,0,0.0,rain,0,0,34.2,15.2,272.5,1015.8,46.1,16.0,116.4,10.1,4,60,2022-06-27T05:48:28,2022-06-27T20:37:25,0.99,Partially cloudy,Partly cloudy throughout the day.,partly-cloudy-day,"72031703735,F5760,KNYG,KEZF,72403303706,72403513773,KRMN,TT281",217
49,"Fredericksburg, VA, United States",2022-06-28,26.9,17.0,22.0,26.4,17.0,22.0,10.4,50.1,0.0,0,0.0,,0,0,27.7,11.6,253.1,1021.7,0.0,16.0,269.3,23.1,10,10,2022-06-28T05:48:51,2022-06-28T20:37:26,1.0,Clear,Clear conditions throughout the day.,clear-day,"72031703735,F5760,KNYG,KEZF,72403303706,72403513773,KRMN",217
50,"Fredericksburg, VA, United States",2022-06-29,30.6,15.7,23.6,30.3,15.7,23.5,15.5,64.0,0.0,0,0.0,,0,0,25.9,14.1,252.8,1023.3,13.1,16.0,240.6,20.8,10,30,2022-06-29T05:49:16,2022-06-29T20:37:24,0.0,Clear,Clear conditions throughout the day.,clear-day,"72031703735,F5760,KNYG,KEZF,72403303706,72403513773,KRMN,D3513",217
51,"Fredericksburg, VA, United States",2022-06-30,32.7,20.1,26.6,32.0,20.1,26.7,18.3,64.6,0.01,100,4.17,rain,0,0,23.8,9.9,189.9,1022.1,22.7,16.0,270.3,23.3,10,30,2022-06-30T05:49:42,2022-06-30T20:37:21,0.01,"Rain, Partially cloudy",Partly cloudy throughout the day with early morning rain.,rain,"72031703735,F5760,KNYG,KEZF,72403303706,KRMN,TT281",217
52,"Fredericksburg, VA, United States",2022-07-01,33.6,22.3,28.1,35.6,22.3,29.4,20.1,64.1,0.0,0,0.0,,0,0,29.5,18.2,194.7,1017.9,9.6,16.0,224.1,19.3,9,75,2022-07-01T05:50:09,2022-07-01T20:37:16,0.03,Clear,Clear conditions throughout the day.,clear-day,"72031703735,F5760,KNYG,KEZF,72403303706,KRMN,TT281",217
53,"Fredericksburg, VA, United States",2022-07-02,32.2,23.7,27.8,36.2,23.7,29.7,21.2,68.1,0.0,0,0.0,rain,0,0,47.2,15.1,203.3,1014.5,10.0,16.0,197.6,16.9,8,100,2022-07-02T05:50:38,2022-07-02T20:37:09,0.05,Clear,Clear conditions throughout the day.,clear-day,"72031703735,F5760,KNYG,KEZF,E7269,72403303706,KRMN,TT281",217
54,"Fredericksburg, VA, United States",2022-07-03,29.8,21.5,25.9,29.3,21.5,25.9,18.6,67.5,0.06,100,4.17,rain,0,0,25.9,14.1,247.4,1016.7,19.3,16.0,165.8,14.3,9,30,2022-07-03T05:51:08,2022-07-03T20:37:00,0.08,Rain,Clear conditions throughout the day with early morning rain.,rain,"72031703735,F5760,KNYG,KEZF,E7269,72403303706,KRMN,TT281",217
55,"Fredericksburg, VA, United States",2022-07-04,30.8,18.4,24.5,29.4,18.4,24.2,14.8,60.6,0.0,0,0.0,,0,0,18.7,11.6,222.9,1020.9,0.0,15.4,259.5,22.3,10,10,2022-07-04T05:51:39,2022-07-04T20:36:49,0.12,Clear,Clear conditions throughout the day.,clear-day,"72031703735,F5760,KNYG,KEZF,72403303706,72403513773,KRMN,TT281",217
56,"Fredericksburg, VA, United States",2022-07-05,31.0,19.9,25.9,36.0,19.9,27.8,20.8,74.1,1.29,100,12.5,rain,0,0,41.4,24.9,204.5,1016.3,39.2,15.3,133.0,11.6,6,75,2022-07-05T05:52:12,2022-07-05T20:36:37,0.17,"Rain, Partially cloudy",Partly cloudy throughout the day with afternoon rain.,rain,"72031703735,F5760,KNYG,KEZF,E7269,72403303706,72403513773,KRMN,TT281",217
57,"Fredericksburg, VA, United States",2022-07-06,32.4,22.3,27.8,36.6,22.3,30.3,22.1,73.1,0.0,0,0.0,rain,0,0,21.6,6.8,203.0,1012.1,24.3,15.9,171.5,14.9,8,75,2022-07-06T05:52:46,2022-07-06T20:36:22,0.22,Partially cloudy,Clearing in the afternoon.,partly-cloudy-day,"72031703735,F5760,KNYG,KEZF,E7269,72403303706,72403513773,KRMN,TT281",217
58,"Fredericksburg, VA, United States",2022-07-07,28.4,23.6,26.0,30.8,23.6,26.8,21.8,77.9,0.0,0,0.0,rain,0,0,21.6,13.2,171.7,1013.7,68.5,15.9,144.1,12.3,8,30,2022-07-07T05:53:20,2022-07-07T20:36:06,0.27,Partially cloudy,Partly cloudy throughout the day.,partly-cloudy-day,"72031703735,F5760,KNYG,KEZF,E7269,72403303706,72403513773,KRMN,TT281",217
59,"Fredericksburg, VA, United States",2022-07-08,30.5,22.0,26.0,33.0,22.0,27.0,21.7,79.4,0.0,0,0.0,rain,0,0,13.7,11.6,77.3,1015.7,71.8,15.8,119.7,10.1,5,30,2022-07-08T05:53:56,2022-07-08T20:35:48,0.33,Partially cloudy,Partly cloudy throughout the day.,partly-cloudy-day,"72031703735,F5760,KNYG,KEZF,72403303706,KRMN,TT281",217
60,"Fredericksburg, VA, United States",2022-07-09,25.6,21.0,22.7,25.6,21.0,22.7,22.1,96.6,26.55,100,58.33,rain,0,0,31.7,19.4,104.0,1015.4,95.8,15.2,34.5,2.8,1,30,2022-07-09T05:54:33,2022-07-09T20:35:28,0.38,"Rain, Overcast",Cloudy skies throughout the day with a chance of rain throughout the day.,rain,"72031703735,F5760,KNYG,KEZF,72403303706,72403513773,KRMN,TT281",217
61,"Fredericksburg, VA, United States",2022-07-10,26.1,19.9,22.5,26.1,19.9,22.5,18.8,81.8,0.27,100,4.17,rain,0,0,27.4,11.6,194.4,1017.0,77.8,16.0,118.0,10.2,5,10,2022-07-10T05:55:12,2022-07-10T20:35:06,0.42,"Rain, Partially cloudy",Partly cloudy throughout the day with morning rain.,rain,"72031703735,F5760,KNYG,KEZF,E7269,72403303706,KRMN",217
62,"Fredericksburg, VA, United States",2022-07-11,28.5,15.4,22.3,27.7,15.4,22.1,14.7,68.3,0.0,0,0.0,,0,0,21.2,11.7,184.2,1014.6,0.0,15.9,263.8,22.8,10,10,2022-07-11T05:55:51,2022-07-11T20:34:42,0.46,Clear,Clear conditions throughout the day.,clear-day,"72031703735,F5760,KNYG,KEZF,E7269,72403303706,KRMN,TT281",217
63,"Fredericksburg, VA, United States",2022-07-12,33.2,19.4,25.3,35.6,19.4,26.1,19.3,72.9,17.07,100,25.0,rain,0,0,94.3,22.6,232.6,1010.8,18.2,15.6,215.1,18.6,9,60,2022-07-12T05:56:31,2022-07-12T20:34:16,0.49,Rain,Clear conditions throughout the day with rain.,rain,"72031703735,F5760,KNYG,KEZF,E7269,72403303706,72403513773,KRMN,TT281",217
64,"Fredericksburg, VA, United States",2022-07-13,33.1,21.4,26.4,33.5,21.4,27.0,20.0,71.8,17.55,100,16.67,rain,0,0,35.3,17.0,195.0,1013.0,19.3,14.8,212.8,18.2,10,60,2022-07-13T05:57:12,2022-07-13T20:33:49,0.5,Rain,Clear conditions throughout the day with rain clearing later.,rain,"72031703735,F5760,KNYG,KEZF,E7269,72403303706,72403513773,KRMN,TT281",217
65,"Fredericksburg, VA, United States",2022-07-14,31.1,20.1,25.4,31.4,20.1,25.6,18.9,70.5,0.03,100,4.17,rain,0,0,19.1,16.2,278.1,1016.0,29.3,15.3,226.9,19.5,10,75,2022-07-14T05:57:53,2022-07-14T20:33:19,0.51,"Rain, Partially cloudy",Becoming cloudy in the afternoon with afternoon rain.,rain,"72031703735,F5760,KNYG,KEZF,E7269,72403303706,72403513773,KRMN,TT281",217
66,"Fredericksburg, VA, United States",2022-07-15,30.6,20.8,25.8,30.1,20.8,25.8,18.2,66.6,0.0,0,0.0,rain,0,0,15.8,9.9,157.8,1019.1,35.3,16.0,228.8,19.7,10,60,2022-07-15T05:58:36,2022-07-15T20:32:48,0.53,Partially cloudy,Becoming cloudy in the afternoon.,partly-cloudy-day,"72031703735,F5760,KNYG,KEZF,E7269,72403303706,72403513773,KRMN,TT281",217
67,"Fredericksburg, VA, United States",2022-07-16,30.1,20.8,24.0,31.5,20.8,24.4,20.5,83.0,0.32,100,8.33,rain,0,0,31.7,9.7,160.4,1018.0,49.4,15.9,123.0,10.5,5,75,2022-07-16T05:59:20,2022-07-16T20:32:15,0.55,"Rain, Partially cloudy",Partly cloudy throughout the day with late afternoon rain.,rain,"72031703735,F5760,KNYG,KEZF,E7269,72403303706,72403513773,KRMN,TT281",217
68,"Fredericksburg, VA, United States",2022-07-17,30.9,20.1,24.6,35.4,20.1,25.7,21.4,83.9,2.28,100,20.83,rain,0,0,29.5,15.7,208.5,1016.0,55.3,14.6,195.9,16.8,9,75,2022-07-17T06:00:04,2022-07-17T20:31:41,0.6,"Rain, Partially cloudy",Partly cloudy throughout the day with late afternoon rain.,rain,"72031703735,F5760,KNYG,KEZF,E7269,72403303706,KRMN,TT281",217
69,"Fredericksburg, VA, United States",2022-07-18,33.6,22.5,26.7,37.5,22.5,28.1,22.6,80.8,8.13,100,20.83,rain,0,0,38.5,26.3,190.5,1012.5,45.9,12.4,241.6,21.0,10,75,2022-07-18T06:00:49,2022-07-18T20:31:04,0.65,"Rain, Partially cloudy",Becoming cloudy in the afternoon with rain.,rain,"72031703735,F5760,KNYG,KEZF,72403303706,KRMN,TT281",217
70,"Fredericksburg, VA, United States",2022-07-19,31.2,22.8,26.6,33.0,22.8,27.5,21.7,77.1,0.0,0,0.0,rain,0,0,17.6,13.1,271.5,1011.5,47.4,15.4,147.7,12.7,7,60,2022-07-19T06:01:34,2022-07-19T20:30:26,0.7,Partially cloudy,Partly cloudy throughout the day.,partly-cloudy-day,"72031703735,F5760,KNYG,KEZF,72403303706,72403513773,KRMN,TT281",217
71,"Fredericksburg, VA, United States",2022-07-20,33.6,21.7,27.9,35.2,21.7,29.2,21.1,70.3,0.0,0,0.0,rain,0,0,20.5,16.0,173.8,1009.6,12.4,15.9,197.0,16.9,10,60,2022-07-20T06:02:21,2022-07-20T20:29:46,0.75,Clear,Clear conditions throughout the day.,clear-day,"72031703735,F5760,KNYG,KEZF,E7269,72403303706,72403513773,KRMN,TT281",217
72,"Fredericksburg, VA, United States",2022-07-21,33.1,25.2,28.9,37.9,25.2,31.1,21.9,66.8,0.0,0,0.0,rain,0,0,34.2,19.8,242.4,1006.9,14.8,16.0,154.1,13.3,8,75,2022-07-21T06:03:08,2022-07-21T20:29:04,0.8,Clear,Clear conditions throughout the day.,clear-day,"72031703735,F5760,KNYG,KEZF,72403303706,KRMN,TT281,D3513",217
73,"Fredericksburg, VA, United States",2022-07-22,34.0,22.0,28.4,35.8,22.0,29.1,19.6,63.1,0.0,0,0.0,,0,0,20.2,15.9,236.8,1013.3,2.2,16.0,236.8,20.3,9,30,2022-07-22T06:03:55,2022-07-22T20:28:21,0.85,Clear,Clear conditions throughout the day.,clear-day,"72031703735,F5760,KNYG,KEZF,E7269,72403303706,72403513773,KRMN,TT281",217
74,"Fredericksburg, VA, United States",2022-07-23,35.3,22.3,29.0,37.4,22.3,30.0,19.5,60.1,0.0,0,0.0,,0,0,38.1,22.9,191.1,1017.1,2.0,16.0,234.9,20.1,9,60,2022-07-23T06:04:43,2022-07-23T20:27:36,0.89,Clear,Clear conditions throughout the day.,clear-day,"72031703735,F5760,KNYG,KEZF,72403303706,72403513773,KRMN,TT281",217
75,"Fredericksburg, VA, United States",2022-07-24,36.0,21.1,28.4,38.8,21.1,29.7,19.3,60.5,0.0,0,0.0,rain,0,0,38.5,16.4,240.4,1016.7,9.0,16.0,207.4,17.8,9,75,2022-07-24T06:05:31,2022-07-24T20:26:49,0.93,Clear,Clear conditions throughout the day.,clear-day,"72031703735,F5760,KNYG,KEZF,72403303706,72403513773,KRMN,TT281,D3513",217
76,"Fredericksburg, VA, United States",2022-07-25,34.0,23.3,27.7,38.3,23.3,29.4,21.7,71.8,21.38,100,20.83,rain,0,0,40.0,19.7,220.3,1014.2,24.0,15.2,152.6,13.1,10,100,2022-07-25T06:06:20,2022-07-25T20:26:01,0.96,"Rain, Partially cloudy",Becoming cloudy in the afternoon with rain.,rain,"72031703735,F5760,KNYG,KEZF,72403303706,72403513773,KRMN,TT281,D3513",217
77,"Fredericksburg, VA, United States",2022-07-26,26.5,22.7,24.6,26.5,22.7,24.6,23.2,92.7,6.9,100,20.83,rain,0,0,59.0,8.4,130.8,1016.0,75.3,15.6,81.2,6.9,3,30,2022-07-26T06:07:10,2022-07-26T20:25:11,0.98,"Rain, Partially cloudy",Partly cloudy throughout the day with rain.,rain,"72031703735,F5760,KNYG,KEZF,72403303706,72403513773,KRMN,TT281",217
78,"Fredericksburg, VA, United States",2022-07-27,30.8,22.8,26.0,34.8,22.8,27.6,22.9,84.6,0.7,100,12.5,rain,0,0,28.8,19.9,254.5,1014.1,73.1,14.0,171.8,14.9,8,75,2022-07-27T06:08:00,2022-07-27T20:24:19,1.0,"Rain, Partially cloudy",Partly cloudy throughout the day with rain in the morning and afternoon.,rain,"72031703735,F5760,KNYG,KEZF,72403303706,72403513773,KRMN,TT281,D3513",217
79,"Fredericksburg, VA, United States",2022-07-28,32.3,24.4,28.2,37.1,24.4,30.2,22.9,75.4,0.0,0,0.0,rain,0,0,29.5,19.6,237.3,1012.3,27.5,16.0,144.9,12.4,9,60,2022-07-28T06:08:50,2022-07-28T20:23:26,1.0,Partially cloudy,Partly cloudy throughout the day.,partly-cloudy-day,"72031703735,F5760,KNYG,KEZF,72403303706,KRMN,TT281",217
80,"Fredericksburg, VA, United States",2022-07-29,30.9,22.6,26.1,34.2,22.6,27.5,23.3,85.7,4.59,100,16.67,rain,0,0,23.4,12.5,203.5,1013.4,19.9,15.8,135.3,11.7,9,60,2022-07-29T06:09:40,2022-07-29T20:22:31,0.0,Rain,Clear conditions throughout the day with rain.,rain,"72031703735,F5760,KNYG,KEZF,72403303706,72403513773,KRMN,TT281",217
81,"Fredericksburg, VA, United States",2022-07-30,29.8,21.2,25.2,29.7,21.2,25.2,18.4,70.2,1.27,100,12.5,rain,0,0,32.0,17.7,327.2,1019.1,27.8,15.9,154.5,13.4,8,10,2022-07-30T06:10:31,2022-07-30T20:21:35,0.01,"Rain, Partially cloudy",Partly cloudy throughout the day with early morning rain.,rain,"72031703735,F5760,KNYG,KEZF,72403303706,KRMN,TT281",217
82,"Fredericksburg, VA, United States",2022-07-31,27.2,19.2,22.6,28.7,19.2,22.7,20.4,89.0,8.89,100,33.33,rain,0,0,38.9,10.7,227.8,1020.7,62.0,15.1,62.9,5.5,2,10,2022-07-31T06:11:22,2022-07-31T20:20:38,0.04,"Rain, Partially cloudy",Partly cloudy throughout the day with rain.,rain,"72031703735,F5760,KNYG,KEZF,72403303706,KRMN,TT281,D3513",217
83,"Fredericksburg, VA, United States",2022-08-01,30.8,22.0,25.6,33.7,22.0,26.6,21.7,81.2,0.0,0,0.0,rain,0,0,19.8,8.4,242.7,1014.7,82.9,15.6,137.8,12.0,10,60,2022-08-01T06:12:14,2022-08-01T20:19:38,0.07,Partially cloudy,Partly cloudy throughout the day.,partly-cloudy-day,"72031703735,F5760,KNYG,KEZF,72403303706,KRMN,TT281",217
84,"Fredericksburg, VA, United States",2022-08-02,32.5,23.7,27.7,33.9,23.7,28.8,21.1,69.4,0.0,0,0.0,,0,0,23.4,14.8,306.8,1012.2,29.4,16.0,172.9,14.9,10,60,2022-08-02T06:13:06,2022-08-02T20:18:38,0.1,Partially cloudy,Partly cloudy throughout the day.,partly-cloudy-day,"72031703735,F5760,KNYG,KEZF,72403303706,KRMN,TT281",217
85,"Fredericksburg, VA, United States",2022-08-03,32.7,21.3,27.1,33.3,21.3,27.4,19.1,65.7,0.0,0,0.0,,0,0,14.8,10.0,218.8,1015.9,9.2,16.0,192.2,16.7,9,10,2022-08-03T06:13:57,2022-08-03T20:17:36,0.14,Clear,Clear conditions throughout the day.,clear-day,"72031703735,F5760,KNYG,KEZF,72403303706,KRMN,TT281",217
86,"Fredericksburg, VA, United States",2022-08-04,35.0,22.6,28.2,40.1,22.6,30.2,22.6,74.7,0.0,0,0.0,rain,0,0,31.7,22.9,234.6,1017.6,20.2,15.9,171.9,14.8,10,100,2022-08-04T06:14:49,2022-08-04T20:16:33,0.2,Partially cloudy,Becoming cloudy in the afternoon.,partly-cloudy-day,"72031703735,F5760,KNYG,KEZF,72403303706,72403513773,KRMN,TT281",217
87,"Fredericksburg, VA, United States",2022-08-05,33.2,22.1,25.7,37.7,22.1,26.8,22.0,82.1,24.22,100,20.83,rain,0,0,50.0,27.5,229.2,1021.1,30.2,15.4,149.8,12.8,10,75,2022-08-05T06:15:42,2022-08-05T20:15:28,0.25,"Rain, Partially cloudy",Partly cloudy throughout the day with rain.,rain,"72031703735,F5760,KNYG,KEZF,E7269,72403303706,KRMN,TT281",217
88,"Fredericksburg, VA, United States",2022-08-06,30.6,21.5,25.2,35.2,21.5,26.6,22.0,83.9,0.0,0,0.0,rain,0,0,33.5,16.4,210.3,1023.1,50.8,15.6,159.5,13.7,9,75,2022-08-06T06:16:34,2022-08-06T20:14:22,0.31,Partially cloudy,Partly cloudy throughout the day.,partly-cloudy-day,"72031703735,F5760,KNYG,KEZF,72403303706,KRMN,TT281",217
89,"Fredericksburg, VA, United States",2022-08-07,32.7,22.2,27.1,35.6,22.2,28.5,22.3,77.9,0.0,0,0.0,,0,0,27.7,21.3,194.4,1021.8,19.9,16.0,129.6,11.0,8,75,2022-08-07T06:17:27,2022-08-07T20:13:15,0.36,Clear,Clear conditions throughout the day.,clear-day,"72031703735,F5760,KNYG,KEZF,72403303706,72403513773,KRMN,TT281",217
90,"Fredericksburg, VA, United States",2022-08-08,34.2,23.5,28.8,37.7,23.5,31.3,23.0,73.8,0.0,0,0.0,,0,0,25.9,17.6,221.4,1017.3,11.4,16.0,172.9,15.2,9,60,2022-08-08T06:18:19,2022-08-08T20:12:06,0.41,Clear,Clear conditions throughout the day.,clear-day,"72031703735,F5760,KNYG,KEZF,72403303706,72403513773,KRMN,TT281",217
91,"Fredericksburg, VA, United States",2022-08-09,34.8,24.5,29.5,38.9,24.5,31.7,21.6,64.4,0.0,0,0.0,,0,0,26.6,14.4,231.6,1015.5,7.0,16.0,184.4,16.0,9,75,2022-08-09T06:19:12,2022-08-09T20:10:56,0.45,Clear,Clear conditions throughout the day.,clear-day,"72031703735,F5760,KNYG,KEZF,72403303706,KRMN,TT281",217
92,"Fredericksburg, VA, United States",2022-08-10,33.0,22.1,26.8,37.7,22.1,28.3,22.8,81.4,24.89,100,25.0,rain,0,0,42.5,15.3,222.0,1016.9,25.0,15.4,135.3,11.8,10,75,2022-08-10T06:20:05,2022-08-10T20:09:45,0.48,"Rain, Partially cloudy",Becoming cloudy in the afternoon with rain.,rain,"72031703735,F5760,KNYG,KEZF,72403303706,KRMN,TT281",217
93,"Fredericksburg, VA, United States",2022-08-11,29.6,21.1,24.5,29.7,21.1,24.5,19.1,76.0,0.06,100,8.33,rain,0,0,24.8,11.6,281.1,1014.7,52.5,16.0,145.5,12.4,8,10,2022-08-11T06:20:57,2022-08-11T20:08:33,0.5,"Rain, Partially cloudy",Partly cloudy throughout the day with early morning rain.,rain,"72031703735,F5760,KNYG,KEZF,72403303706,KRMN,TT281",217
94,"Fredericksburg, VA, United States",2022-08-12,28.5,18.9,24.0,27.9,18.9,23.8,14.4,57.3,0.27,100,4.17,rain,0,0,33.5,16.0,334.6,1016.3,37.8,16.0,196.9,17.1,10,10,2022-08-12T06:21:50,2022-08-12T20:07:20,0.5,"Rain, Partially cloudy",Partly cloudy throughout the day with morning rain.,rain,"72031703735,F5760,KNYG,KEZF,E7269,72403303706,KRMN,TT281",217
95,"Fredericksburg, VA, United States",2022-08-13,27.3,16.5,21.4,26.7,16.5,21.3,11.5,57.0,0.0,0,0.0,,0,0,25.2,10.0,259.5,1019.4,0.0,16.0,189.0,16.5,9,10,2022-08-13T06:22:43,2022-08-13T20:06:05,0.52,Clear,Clear conditions throughout the day.,clear-day,"72031703735,F5760,KNYG,KEZF,72403303706,KRMN",217
96,"Fredericksburg, VA, United States",2022-08-14,27.9,18.0,22.2,27.6,18.0,22.2,15.7,69.5,0.19,100,8.33,rain,0,0,21.6,12.2,238.0,1017.1,45.1,16.0,152.6,13.2,10,30,2022-08-14T06:23:36,2022-08-14T20:04:50,0.54,"Rain, Partially cloudy",Partly cloudy throughout the day with late afternoon rain.,rain,"72031703735,F5760,KNYG,KEZF,72403303706,KRMN",217
97,"Fredericksburg, VA, United States",2022-08-15,21.0,17.8,19.3,21.0,17.8,19.3,18.0,92.1,6.04,100,50.0,rain,0,0,17.3,14.8,241.0,1015.2,99.4,15.7,45.3,3.8,2,10,2022-08-15T06:24:29,2022-08-15T20:03:33,0.58,"Rain, Overcast",Cloudy skies throughout the day with a chance of rain throughout the day.,rain,"72031703735,F5760,KNYG,KEZF,E7269,72403303706,72403513773,KRMN,TT281",217
98,"Fredericksburg, VA, United States",2022-08-16,26.9,17.2,21.6,26.7,17.2,21.6,15.6,73.3,0.0,0,0.0,,0,0,27.7,17.3,169.3,1015.1,47.3,16.0,139.0,11.9,8,10,2022-08-16T06:25:22,2022-08-16T20:02:16,0.62,Partially cloudy,Partly cloudy throughout the day.,partly-cloudy-day,"72031703735,F5760,KNYG,KEZF,72403303706,72403513773,KRMN,TT281",217
99,"Fredericksburg, VA, United States",2022-08-17,27.2,16.5,21.8,27.6,16.5,21.9,16.4,74.4,0.27,100,4.17,rain,0,0,19.1,10.5,202.1,1015.8,30.9,16.0,200.9,17.4,10,10,2022-08-17T06:26:15,2022-08-17T20:00:57,0.67,"Rain, Partially cloudy",Becoming cloudy in the afternoon with late afternoon rain.,rain,"72031703735,F5760,KNYG,KEZF,72403303706,72403513773,KRMN,TT281",217
100,"Fredericksburg, VA, United States",2022-08-18,29.3,16.1,22.5,29.1,16.1,22.5,16.6,73.5,0.27,100,4.17,rain,0,0,15.1,8.4,262.1,1015.1,21.2,16.0,138.8,11.9,10,30,2022-08-18T06:27:07,2022-08-18T19:59:38,0.72,"Rain, Partially cloudy",Becoming cloudy in the afternoon with morning rain.,rain,"72031703735,F5760,KNYG,KEZF,72403303706,72403513773,KRMN,TT281",217
101,"Fredericksburg, VA, United States",2022-08-19,31.0,17.8,24.4,30.9,17.8,24.6,18.4,72.9,0.0,0,0.0,,0,0,28.1,16.4,257.3,1018.0,9.5,16.0,126.4,11.0,9,30,2022-08-19T06:28:00,2022-08-19T19:58:17,0.77,Clear,Clear conditions throughout the day.,clear-day,"72031703735,F5760,KNYG,KEZF,72403303706,KRMN,TT281",217
102,"Fredericksburg, VA, United States",2022-08-20,29.4,19.8,24.5,30.7,19.8,25.1,20.1,78.7,0.06,100,8.33,rain,0,0,21.6,10.0,194.8,1020.2,30.4,15.9,194.4,16.9,10,60,2022-08-20T06:28:53,2022-08-20T19:56:56,0.82,"Rain, Partially cloudy",Becoming cloudy in the afternoon with afternoon rain.,rain,"72031703735,F5760,KNYG,KEZF,72403303706,72403513773,KRMN,TT281",217
103,"Fredericksburg, VA, United States",2022-08-21,25.2,20.2,22.8,25.2,20.2,22.8,22.1,96.2,5.8,100,37.5,rain,0,0,27.7,8.5,131.3,1017.9,67.0,14.9,56.5,4.9,3,60,2022-08-21T06:29:46,2022-08-21T19:55:33,0.86,"Rain, Partially cloudy",Partly cloudy throughout the day with rain.,rain,"72031703735,F5760,KNYG,KEZF,72403303706,72403513773,KRMN,TT281",217
104,"Fredericksburg, VA, United States",2022-08-22,30.3,21.3,24.6,32.0,21.3,25.1,21.1,83.2,0.0,0,0.0,rain,0,0,27.4,14.7,203.6,1012.1,74.4,14.3,100.2,8.6,9,60,2022-08-22T06:30:38,2022-08-22T19:54:10,0.9,Partially cloudy,Partly cloudy throughout the day.,partly-cloudy-day,"72031703735,F5760,KNYG,KEZF,72403303706,72403513773,KRMN,TT281",217
105,"Fredericksburg, VA, United States",2022-08-23,30.5,18.8,24.2,30.4,18.8,24.4,18.6,74.3,0.0,0,0.0,,0,0,23.0,14.8,297.2,1011.9,12.0,15.9,136.1,11.8,9,30,2022-08-23T06:31:31,2022-08-23T19:52:46,0.94,Clear,Clear conditions throughout the day.,clear-day,"72031703735,F5760,KNYG,KEZF,72403303706,72403513773,KRMN,TT281",217
106,"Fredericksburg, VA, United States",2022-08-24,31.1,18.7,24.4,30.9,18.7,24.4,17.9,71.8,0.08,100,4.17,rain,0,0,13.7,10.7,287.4,1015.9,26.5,15.9,159.2,13.7,9,30,2022-08-24T06:32:23,2022-08-24T19:51:21,0.97,"Rain, Partially cloudy",Clearing in the afternoon with afternoon rain.,rain,"F5760,72031703735,KNYG,KEZF,72403303706,72403513773,KRMN,TT281",217
107,"Fredericksburg, VA, United States",2022-08-25,31.6,19.6,25.4,32.6,19.6,25.9,20.0,75.5,0.14,100,4.17,rain,0,0,23.8,9.2,205.3,1017.4,19.3,15.9,158.0,13.6,8,60,2022-08-25T06:33:16,2022-08-25T19:49:56,0.99,Rain,Clear conditions throughout the day with morning rain.,rain,"72031703735,F5760,KNYG,KEZF,72403303706,72403513773,KRMN,TT281",217
108,"Fredericksburg, VA, United States",2022-08-26,32.3,21.6,26.5,32.4,21.6,26.9,19.8,70.5,0.0,0,0.0,,0,0,18.0,8.8,252.5,1014.8,20.3,15.9,178.6,15.5,9,60,2022-08-26T06:34:08,2022-08-26T19:48:30,1.0,Partially cloudy,Becoming cloudy in the afternoon.,partly-cloudy-day,"72031703735,F5760,KNYG,KEZF,72403303706,KRMN,TT281",217
109,"Fredericksburg, VA, United States",2022-08-27,31.9,20.7,25.8,32.9,20.7,26.4,20.2,73.9,0.0,0,0.0,,0,0,26.6,11.0,232.5,1015.4,6.0,15.9,218.5,19.0,8,60,2022-08-27T06:35:01,2022-08-27T19:47:03,0.0,Clear,Clear conditions throughout the day.,clear-day,"72031703735,F5760,KNYG,KEZF,72403303706,KRMN,TT281",217
110,"Fredericksburg, VA, United States",2022-08-28,32.2,20.0,25.7,34.3,20.0,26.7,20.9,77.6,0.0,0,0.0,,0,0,15.8,12.7,140.3,1018.2,14.7,15.6,142.4,12.4,7,75,2022-08-28T06:35:53,2022-08-28T19:45:35,0.01,Clear,Clear conditions throughout the day.,clear-day,"72031703735,F5760,KNYG,KEZF,72403303706,KRMN,TT281",217
111,"Fredericksburg, VA, United States",2022-08-29,32.2,21.5,26.4,33.8,21.5,27.4,21.3,76.7,0.0,0,0.0,,0,0,16.9,12.8,58.9,1018.5,28.1,15.3,123.5,10.6,9,60,2022-08-29T06:36:45,2022-08-29T19:44:07,0.02,Partially cloudy,Clearing in the afternoon.,partly-cloudy-day,"72031703735,F5760,KNYG,KEZF,72403303706,KRMN,TT281",217
112,"Fredericksburg, VA, United States",2022-08-30,33.0,22.2,25.7,34.7,22.2,26.3,21.6,81.7,13.63,100,12.5,rain,0,0,39.1,23.3,251.1,1012.6,25.1,15.4,162.3,14.1,9,60,2022-08-30T06:37:37,2022-08-30T19:42:38,0.05,"Rain, Partially cloudy",Becoming cloudy in the afternoon with rain.,rain,"72031703735,F5760,KNYG,KEZF,72403303706,KRMN,TT281",217
113,"Fredericksburg, VA, United States",2022-08-31,29.2,18.4,24.0,28.5,18.4,23.9,17.3,71.0,0.31,100,12.5,rain,0,0,29.6,15.9,317.0,1012.7,31.5,15.6,138.3,11.8,10,30,2022-08-31T06:38:30,2022-08-31T19:41:09,0.09,"Rain, Partially cloudy",Becoming cloudy in the afternoon with rain clearing later.,rain,"72031703735,F5760,KNYG,KEZF,72403303706,KRMN,TT281",217
114,"Fredericksburg, VA, United States",2022-09-01,30.1,16.3,23.3,29.0,16.3,23.1,15.2,64.9,0.0,0,0.0,,0,0,19.1,11.1,324.9,1016.3,9.1,16.0,153.3,13.1,9,10,2022-09-01T06:39:22,2022-09-01T19:39:39,0.13,Clear,Clear conditions throughout the day.,clear-day,"72031703735,F5760,KNYG,KEZF,72403303706,KRMN,TT281",217
115,"Fredericksburg, VA, United States",2022-09-02,30.0,18.0,23.8,30.1,18.0,24.0,17.6,71.4,0.0,0,0.0,,0,0,21.2,12.3,146.2,1021.0,9.8,15.9,133.8,11.4,9,10,2022-09-02T06:40:14,2022-09-02T19:38:08,0.18,Clear,Clear conditions throughout the day.,clear-day,"72031703735,F5760,KNYG,KEZF,72403303706,KRMN,TT281",217
116,"Fredericksburg, VA, United States",2022-09-03,31.0,20.7,25.1,32.1,20.7,25.6,19.7,74.8,0.0,0,0.0,rain,0,0,23.0,16.1,70.3,1022.9,44.9,15.9,107.3,9.3,9,30,2022-09-03T06:41:06,2022-09-03T19:36:37,0.24,Partially cloudy,Partly cloudy throughout the day.,partly-cloudy-day,"72031703735,F5760,KNYG,KEZF,72403303706,KRMN,TT281",217
117,"Fredericksburg, VA, United States",2022-09-04,31.5,19.4,25.2,32.3,19.4,25.7,18.8,70.7,0.0,0,0.0,,0,0,29.5,12.7,183.0,1019.6,44.0,15.9,88.2,7.6,8,30,2022-09-04T06:41:58,2022-09-04T19:35:06,0.29,Partially cloudy,Partly cloudy throughout the day.,partly-cloudy-day,"72031703735,F5760,KNYG,KEZF,72403303706,KRMN,TT281",217
118,"Fredericksburg, VA, United States",2022-09-05,29.0,21.5,25.0,30.6,21.5,25.6,19.6,72.2,0.21,100,12.5,rain,0,0,29.2,12.2,124.3,1017.5,54.9,15.9,93.8,8.2,7,60,2022-09-05T06:42:49,2022-09-05T19:33:34,0.35,"Rain, Partially cloudy",Partly cloudy throughout the day with afternoon rain.,rain,"72031703735,F5760,KNYG,KEZF,72403303706,KRMN",217
119,"Fredericksburg, VA, United States",2022-09-06,30.2,22.7,25.5,31.6,22.7,25.9,20.7,76.6,2.53,100,33.33,rain,0,0,32.4,17.7,207.3,1013.6,82.9,15.8,175.5,15.0,10,30,2022-09-06T06:43:41,2022-09-06T19:32:02,0.4,"Rain, Partially cloudy",Partly cloudy throughout the day with rain clearing later.,rain,"72031703735,F5760,KNYG,KEZF,72403303706,KRMN,TT281",217
120,"Fredericksburg, VA, United States",2022-09-07,26.4,21.3,23.1,26.4,21.3,23.1,20.4,85.3,2.66,100,37.5,rain,0,0,26.3,15.9,42.2,1013.7,95.0,15.8,72.4,6.1,3,30,2022-09-07T06:44:33,2022-09-07T19:30:29,0.44,"Rain, Overcast",Cloudy skies throughout the day with a chance of rain throughout the day.,rain,"72031703735,F5760,KNYG,KEZF,E7269,72403303706,72403513773,KRMN,TT281",217
121,"Fredericksburg, VA, United States",2022-09-08,25.8,19.0,22.2,25.8,19.0,22.2,18.4,80.6,0.34,100,16.67,rain,0,0,23.4,13.2,170.8,1013.0,84.2,15.9,81.0,6.9,3,10,2022-09-08T06:45:25,2022-09-08T19:28:56,0.47,"Rain, Partially cloudy",Partly cloudy throughout the day with rain.,rain,"72031703735,F5760,KNYG,KEZF,72403303706,72403513773,KRMN,TT281",217
122,"Fredericksburg, VA, United States",2022-09-09,27.7,16.2,21.4,27.1,16.2,21.3,15.2,73.0,0.0,0,0.0,,0,0,25.9,16.2,170.2,1016.7,6.2,15.4,96.9,8.2,9,10,2022-09-09T06:46:17,2022-09-09T19:27:23,0.49,Clear,Clear conditions throughout the day.,clear-day,"72031703735,F5760,KNYG,KEZF,72403303706,KRMN,TT281",217
123,"Fredericksburg, VA, United States",2022-09-10,26.6,15.2,21.1,26.6,15.2,21.1,17.1,79.9,0.0,0,0.0,rain,0,0,25.9,12.1,95.2,1022.2,63.6,15.8,112.6,9.8,8,10,2022-09-10T06:47:09,2022-09-10T19:25:49,0.5,Partially cloudy,Partly cloudy throughout the day.,partly-cloudy-day,"72031703735,F5760,KNYG,KEZF,72403303706,KRMN,TT281",217
124,"Fredericksburg, VA, United States",2022-09-11,28.0,21.5,23.9,30.2,21.5,24.4,21.8,88.7,3.85,100,25.0,rain,0,0,27.0,15.1,147.1,1017.5,88.8,15.5,77.0,6.8,4,30,2022-09-11T06:48:01,2022-09-11T19:24:15,0.51,"Rain, Partially cloudy",Partly cloudy throughout the day with rain clearing later.,rain,"72031703735,F5760,KNYG,KEZF,72403303706,KRMN,TT281,D3513",217
125,"Fredericksburg, VA, United States",2022-09-12,29.7,21.7,24.2,31.8,21.7,24.7,22.1,89.5,3.69,100,12.5,rain,0,0,37.1,12.2,241.1,1010.3,85.9,15.4,124.8,10.9,9,60,2022-09-12T06:48:52,2022-09-12T19:22:41,0.53,"Rain, Partially cloudy",Partly cloudy throughout the day with rain.,rain,"72031703735,F5760,KNYG,KEZF,E7269,72403303706,72403513773,KRMN,TT281",217
126,"Fredericksburg, VA, United States",2022-09-13,26.9,19.3,22.7,27.1,19.3,22.7,16.7,72.8,0.87,100,20.83,rain,0,0,29.5,17.5,305.5,1009.9,65.0,15.3,147.0,12.5,9,10,2022-09-13T06:49:44,2022-09-13T19:21:07,0.56,"Rain, Partially cloudy",Partly cloudy throughout the day with rain clearing later.,rain,"72031703735,F5760,KNYG,KEZF,E7269,72403303706,72403513773,KRMN,TT281",217
127,"Fredericksburg, VA, United States",2022-09-14,26.4,12.9,19.7,26.4,12.9,19.7,13.3,69.8,0.0,0,0.0,,0,0,29.5,17.7,315.0,1016.9,12.0,16.0,140.4,12.0,9,10,2022-09-14T06:50:36,2022-09-14T19:19:32,0.6,Clear,Clear conditions throughout the day.,clear-day,"72031703735,F5760,KNYG,KEZF,72403303706,KRMN,TT281",217
128,"Fredericksburg, VA, United States",2022-09-15,27.6,14.1,20.5,27.6,14.1,20.5,14.8,73.4,0.0,0,0.0,,0,0,34.9,17.7,250.1,1021.1,11.8,16.0,131.2,11.3,8,10,2022-09-15T06:51:28,2022-09-15T19:17:58,0.64,Clear,Clear conditions throughout the day.,clear-day,"72031703735,F5760,KNYG,KEZF,72403303706,72403513773,KRMN,TT281",217
129,"Fredericksburg, VA, United States",2022-09-16,27.0,13.4,19.6,26.7,13.4,19.6,13.9,74.4,0.0,0,0.0,,0,0,11.9,8.4,287.6,1022.5,0.2,16.0,127.7,11.1,7,10,2022-09-16T06:52:20,2022-09-16T19:16:23,0.69,Clear,Clear conditions throughout the day.,clear-day,"72031703735,F5760,KNYG,KEZF,72403303706,KRMN,TT281",217
130,"Fredericksburg, VA, United States",2022-09-17,27.6,13.3,19.9,27.1,13.3,19.8,14.3,75.0,0.0,0,0.0,,0,0,33.5,9.4,182.5,1023.0,0.2,15.7,123.2,10.5,7,10,2022-09-17T06:53:12,2022-09-17T19:14:48,0.74,Clear,Clear conditions throughout the day.,clear-day,"72031703735,F5760,KNYG,KEZF,72403303706,KRMN,TT281",217
131,"Fredericksburg, VA, United States",2022-09-18,29.2,14.5,21.3,28.9,14.5,21.3,15.0,72.0,0.0,0,0.0,rain,0,0,25.9,13.7,289.5,1019.5,2.5,15.8,120.5,10.3,8,10,2022-09-18T06:54:05,2022-09-18T19:13:13,0.78,Clear,Clear conditions throughout the day.,clear-day,"72031703735,F5760,KNYG,KEZF,E7269,72403303706,KRMN,TT281",217
132,"Fredericksburg, VA, United States",2022-09-19,30.4,16.1,23.2,29.7,16.1,23.2,16.3,69.4,0.0,0,0.0,,0,0,32.8,16.0,234.2,1014.9,17.5,15.9,129.5,11.2,8,10,2022-09-19T06:54:57,2022-09-19T19:11:38,0.83,Clear,Clear conditions throughout the day.,clear-day,"72031703735,F5760,KNYG,KEZF,E7269,72403303706,72403513773,KRMN,TT281",217
133,"Fredericksburg, VA, United States",2022-09-20,30.2,17.3,23.1,29.6,17.3,23.0,15.8,68.4,2.2,100,4.17,rain,0,0,26.6,16.5,333.3,1014.3,17.0,15.9,121.1,10.4,8,10,2022-09-20T06:55:49,2022-09-20T19:10:03,0.87,Rain,Clear conditions throughout the day with morning rain.,rain,"72031703735,F5760,KNYG,KEZF,E7269,72403303706,72403513773,KRMN,TT281",217
134,"Fredericksburg, VA, United States",2022-09-21,30.2,14.9,22.2,29.2,14.9,22.0,14.5,67.2,0.0,0,0.0,,0,0,15.5,12.2,266.5,1014.3,2.3,16.0,143.0,12.3,9,10,2022-09-21T06:56:42,2022-09-21T19:08:28,0.91,Clear,Clear conditions throughout the day.,clear-day,"72031703735,F5760,KNYG,KEZF,E7269,72403303706,72403513773,KRMN,TT281",217
135,"Fredericksburg, VA, United States",2022-09-22,27.0,16.6,22.3,28.2,16.6,22.4,14.4,62.9,3.21,100,12.5,rain,0,0,46.4,25.4,249.3,1007.3,25.3,16.0,50.6,4.4,2,10,2022-09-22T06:57:34,2022-09-22T19:06:53,0.95,"Rain, Partially cloudy",Partly cloudy throughout the day with afternoon rain.,rain,"72031703735,F5760,KNYG,KEZF,E7269,72403303706,72403513773,KRMN,TT281",217
136,"Fredericksburg, VA, United States",2022-09-23,21.2,10.9,15.5,21.2,10.9,15.5,3.9,48.3,0.0,0,0.0,,0,0,44.6,24.9,327.0,1017.1,0.2,16.0,150.8,13.1,8,10,2022-09-23T06:58:27,2022-09-23T19:05:19,0.97,Clear,Clear conditions throughout the day.,clear-day,"72031703735,F5760,KNYG,KEZF,E7269,72403303706,KRMN,TT281",217
137,"Fredericksburg, VA, United States",2022-09-24,20.8,9.3,14.6,20.8,9.3,14.6,7.8,66.5,0.0,0,0.0,,0,0,18.4,12.8,225.8,1018.2,14.3,16.0,95.8,8.2,5,10,2022-09-24T06:59:20,2022-09-24T19:03:44,0.99,Clear,Clear conditions throughout the day.,clear-day,"72031703735,F5760,KNYG,KEZF,72403303706,KRMN,TT281",217
138,"Fredericksburg, VA, United States",2022-09-25,27.2,12.8,19.9,27.4,12.8,19.9,12.8,65.9,0.0,0,0.0,rain,0,0,50.4,20.3,240.4,1008.0,31.9,15.9,92.5,8.1,4,10,2022-09-25T07:00:13,2022-09-25T19:02:09,1.0,Partially cloudy,Partly cloudy throughout the day.,partly-cloudy-day,"72031703735,F5760,KNYG,KEZF,E7269,72403303706,KRMN,TT281",217
139,"Fredericksburg, VA, United States",2022-09-26,26.4,14.8,20.2,26.4,14.8,20.2,11.0,61.6,0.0,0,0.0,,0,0,42.8,21.7,255.2,1007.9,15.6,15.9,144.2,12.5,8,10,2022-09-26T07:01:06,2022-09-26T19:00:35,0.0,Clear,Clear conditions throughout the day.,clear-day,"72031703735,F5760,KNYG,KEZF,E7269,72403303706,KRMN,TT281",217
140,"Fredericksburg, VA, United States",2022-09-27,22.3,11.0,17.4,22.3,11.0,17.4,6.6,53.4,0.0,0,0.0,,0,0,37.1,16.4,324.7,1013.6,40.9,16.0,124.1,10.7,9,10,2022-09-27T07:02:00,2022-09-27T18:59:01,0.01,Partially cloudy,Becoming cloudy in the afternoon.,partly-cloudy-day,"72031703735,F5760,KNYG,KEZF,E7269,72403303706,KRMN,TT281",217
141,"Fredericksburg, VA, United States",2022-09-28,20.9,6.4,14.6,20.9,6.4,14.6,6.5,61.6,0.0,0,0.0,,0,0,36.0,16.0,337.7,1022.0,15.3,16.0,142.8,12.4,8,10,2022-09-28T07:02:53,2022-09-28T18:57:27,0.04,Clear,Clear conditions throughout the day.,clear-day,"72031703735,F5760,KNYG,KEZF,72403303706,72403513773,KRMN,TT281",217
142,"Fredericksburg, VA, United States",2022-09-29,20.3,12.0,15.8,20.3,12.0,15.8,8.1,61.9,0.0,0,0.0,,0,0,42.5,21.7,188.1,1026.3,1.4,16.0,127.5,11.1,7,10,2022-09-29T07:03:47,2022-09-29T18:55:53,0.07,Clear,Clear conditions throughout the day.,clear-day,"72031703735,F5760,KNYG,KEZF,72403303706,72403513773,KRMN,TT281,D3513",217
143,"Fredericksburg, VA, United States",2022-09-30,17.2,12.4,14.3,17.2,12.4,14.3,10.0,76.1,6.95,100,33.33,rain,0,0,69.5,31.3,173.3,1021.0,49.2,15.2,33.5,2.9,1,10,2022-09-30T07:04:41,2022-09-30T18:54:20,0.12,"Rain, Partially cloudy",Becoming cloudy in the afternoon with rain.,rain,"F5760,KNYG,KEZF,KRMN",217
