,name,datetime,tempmax,tempmin,temp,feelslikemax,feelslikemin,feelslike,dew,humidity,precip,precipprob,precipcover,preciptype,snow,snowdepth,windgust,windspeed,winddir,sealevelpressure,cloudcover,visibility,solarradiation,solarenergy,uvindex,severerisk,sunrise,sunset,moonphase,conditions,description,icon,stations,skey
0,"Bel Air, MD, United States",2022-05-10,22.5,10.0,16.5,22.5,8.7,16.4,-0.6,32.9,0.0,0.0,0.0,,0,0,44.3,25.8,79.4,1025.7,6.1,15.6,239.7,20.6,8,10,2022-05-10T05:56:08,2022-05-10T20:08:07,0.32,Clear,Clear conditions throughout the day.,clear-day,"KDMW,KTHV,72405713701,72406093721,99999903761,72069903724,F9110,KBWI,72406793744,KAPG,SSQM2,KMTN",240
1,"Bel Air, MD, United States",2022-05-11,22.2,10.7,16.9,22.2,10.7,16.9,6.7,51.9,0.0,0.0,0.0,,0,0,39.6,23.9,102.3,1024.3,33.2,15.6,171.1,14.7,8,10,2022-05-11T05:55:07,2022-05-11T20:09:04,0.37,Partially cloudy,Becoming cloudy in the afternoon.,partly-cloudy-day,"KDMW,KTHV,72405713701,72406093721,99999903761,72069903724,F9110,KBWI,72406793744,KAPG,SSQM2,KMTN",240
2,"Bel Air, MD, United States",2022-05-12,23.7,13.1,18.6,23.7,13.1,18.6,14.3,76.5,0.07,100.0,4.17,rain,0,0,38.9,18.9,63.1,1023.9,55.4,15.6,127.1,10.9,7,10,2022-05-12T05:54:08,2022-05-12T20:10:01,0.41,"Rain, Partially cloudy",Partly cloudy throughout the day with late afternoon rain.,rain,"KDMW,72405713701,72406093721,99999903761,72069903724,F9110,KBWI,72406793744,KAPG,SSQM2,KMTN",240
3,"Bel Air, MD, United States",2022-05-13,23.5,17.1,19.6,23.5,17.1,19.6,17.7,89.2,4.91,100.0,29.17,rain,0,0,32.8,15.0,69.4,1022.3,89.9,11.9,85.5,7.4,3,30,2022-05-13T05:53:10,2022-05-13T20:10:57,0.45,"Rain, Partially cloudy",Partly cloudy throughout the day with rain.,rain,"KDMW,C1620,72511493778,72406093721,99999903761,72069903724,F9110,KBWI,KAPG,KTHV,72405713701,72215899999,72406793744,KMTN",240
4,"Bel Air, MD, United States",2022-05-14,21.2,17.8,19.2,21.2,17.8,19.2,18.5,95.8,1.16,100.0,25.0,rain,0,0,22.0,9.5,67.0,1017.3,90.7,7.1,67.0,5.8,3,30,2022-05-14T05:52:13,2022-05-14T20:11:53,0.48,"Rain, Overcast",Cloudy skies throughout the day with a chance of rain throughout the day.,rain,"KDMW,72511493778,KTHV,72406093721,99999903761,72069903724,F9110,KBWI,72406793744,SSQM2,KMTN",240
5,"Bel Air, MD, United States",2022-05-15,25.3,17.9,20.7,25.3,17.9,20.7,18.3,87.4,0.41,100.0,8.33,rain,0,0,20.9,13.4,126.9,1012.4,79.5,12.0,131.4,11.2,5,30,2022-05-15T05:51:19,2022-05-15T20:12:49,0.5,"Rain, Partially cloudy",Partly cloudy throughout the day with late afternoon rain.,rain,"KDMW,C1620,KTHV,72406093721,99999903761,72069903724,F9110,KBWI,72406793744,KMTN",240
6,"Bel Air, MD, United States",2022-05-16,25.5,16.8,20.6,25.5,16.8,20.6,16.4,79.3,0.31,100.0,12.5,rain,0,0,50.5,29.8,187.3,1006.4,57.5,14.3,116.8,10.2,6,30,2022-05-16T05:50:25,2022-05-16T20:13:44,0.5,"Rain, Partially cloudy",Partly cloudy throughout the day with rain.,rain,"KDMW,72511493778,72406093721,99999903761,72069903724,F9110,KBWI,KAPG,SSQM2,KTHV,72405713701,72406793744,KMTN",240
7,"Bel Air, MD, United States",2022-05-17,26.8,12.8,20.5,26.5,12.8,20.5,8.5,49.8,0.0,0.0,0.0,,0,0,41.9,25.8,272.3,1010.2,24.1,15.3,217.5,18.6,8,10,2022-05-17T05:49:34,2022-05-17T20:14:39,0.52,Partially cloudy,Becoming cloudy in the afternoon.,partly-cloudy-day,"KDMW,C1620,72511493778,72406093721,99999903761,72069903724,F9110,KBWI,KAPG,SSQM2,KTHV,72215899999,72405713701,72406793744,KMTN",240
8,"Bel Air, MD, United States",2022-05-18,21.5,7.9,17.2,21.5,7.9,17.2,7.4,54.0,0.0,0.0,0.0,rain,0,0,31.7,13.8,226.2,1015.2,41.6,15.8,202.6,17.3,8,10,2022-05-18T05:48:44,2022-05-18T20:15:33,0.54,Partially cloudy,Becoming cloudy in the afternoon.,partly-cloudy-day,"KDMW,72511493778,72406093721,99999903761,72069903724,F9110,KBWI,KAPG,SSQM2,KTHV,72405713701,72215899999,72406793744,KMTN",240
9,"Bel Air, MD, United States",2022-05-19,28.1,13.9,20.3,27.7,13.9,20.3,14.3,71.9,2.49,100.0,25.0,rain,0,0,40.7,21.8,219.8,1007.8,70.6,14.7,155.3,13.5,8,30,2022-05-19T05:47:55,2022-05-19T20:16:26,0.58,"Rain, Partially cloudy",Partly cloudy throughout the day with early morning rain.,rain,"KDMW,C1620,72511493778,72406093721,99999903761,72069903724,F9110,KBWI,KAPG,KTHV,72405713701,72406793744,KMTN",240
10,"Bel Air, MD, United States",2022-05-20,29.3,13.6,22.7,32.0,13.6,23.5,18.4,77.7,0.0,0.0,0.0,,0,0,34.6,17.7,143.5,1011.1,46.3,15.2,150.4,13.2,7,100,2022-05-20T05:47:09,2022-05-20T20:17:19,0.63,Partially cloudy,Partly cloudy throughout the day.,partly-cloudy-day,"KDMW,72511493778,72406093721,99999903761,72069903724,F9110,KBWI,KAPG,SSQM2,KTHV,72405713701,72406793744,KMTN",240
11,"Bel Air, MD, United States",2022-05-21,32.0,21.3,27.3,34.2,21.3,28.1,19.5,64.7,0.0,0.0,0.0,,0,0,37.1,16.6,221.7,1016.0,16.6,15.5,223.1,19.3,7,100,2022-05-21T05:46:24,2022-05-21T20:18:11,0.68,Clear,Clear conditions throughout the day.,clear-day,"KDMW,C1620,72511493778,KTHV,72215899999,72406093721,99999903761,72069903724,F9110,KBWI,72406793744,KMTN",240
12,"Bel Air, MD, United States",2022-05-22,29.5,21.4,25.5,31.6,21.4,26.0,19.9,72.2,4.31,100.0,25.0,rain,0,0,85.0,19.5,164.9,1017.3,41.7,14.7,196.9,16.9,7,75,2022-05-22T05:45:40,2022-05-22T20:19:03,0.74,"Rain, Partially cloudy",Partly cloudy throughout the day with late afternoon rain.,rain,"KDMW,72511493778,KTHV,72406093721,99999903761,72069903724,F9110,KBWI,72406793744,SSQM2,KMTN",240
13,"Bel Air, MD, United States",2022-05-23,22.3,15.8,19.3,22.3,15.8,19.3,12.4,65.6,0.33,100.0,8.33,rain,0,0,46.1,17.4,256.1,1022.1,59.0,15.5,184.0,15.7,8,10,2022-05-23T05:44:59,2022-05-23T20:19:54,0.79,"Rain, Partially cloudy",Partly cloudy throughout the day with early morning rain.,rain,"KDMW,72511493778,72406093721,99999903761,72069903724,F9110,KBWI,KAPG,SSQM2,KTHV,72215899999,72405713701,72406793744,KMTN",240
14,"Bel Air, MD, United States",2022-05-24,18.0,14.9,16.4,18.0,14.9,16.4,12.7,79.1,0.84,100.0,37.5,rain,0,0,47.0,17.5,101.1,1024.1,92.1,14.3,93.3,8.0,7,10,2022-05-24T05:44:19,2022-05-24T20:20:44,0.85,"Rain, Overcast",Cloudy skies throughout the day with a chance of rain throughout the day.,rain,"KDMW,72511493778,72406093721,99999903761,72069903724,F9110,KBWI,KAPG,KTHV,72405713701,72215899999,72406793744,KMTN",240
15,"Bel Air, MD, United States",2022-05-25,22.1,13.1,17.9,22.1,13.1,17.9,9.9,60.7,0.0,0.0,0.0,,0,0,38.9,18.1,74.0,1026.8,82.7,15.5,197.6,17.0,6,10,2022-05-25T05:43:41,2022-05-25T20:21:33,0.89,Partially cloudy,Partly cloudy throughout the day.,partly-cloudy-day,"KDMW,72405713701,72406093721,99999903761,72069903724,F9110,KBWI,72406793744,KAPG,KMTN",240
16,"Bel Air, MD, United States",2022-05-26,22.1,14.5,18.1,22.1,14.5,18.1,14.6,80.4,0.0,0.0,0.0,rain,0,0,28.8,13.8,107.4,1023.3,97.3,14.5,96.3,8.3,3,10,2022-05-26T05:43:05,2022-05-26T20:22:21,0.93,Overcast,Cloudy skies throughout the day.,cloudy,"KDMW,72405713701,72406093721,99999903761,72069903724,F9110,KBWI,72406793744,KAPG,SSQM2,KMTN",240
17,"Bel Air, MD, United States",2022-05-27,24.5,19.2,20.7,24.5,19.2,20.7,19.6,93.4,2.78,100.0,25.0,rain,0,0,55.2,26.3,148.9,1012.2,95.5,12.8,57.1,4.8,2,30,2022-05-27T05:42:30,2022-05-27T20:23:09,0.96,"Rain, Overcast",Cloudy skies throughout the day with rain.,rain,"KDMW,72405713701,72406093721,99999903761,72069903724,F9110,KBWI,72406793744,KAPG,SSQM2,KMTN",240
18,"Bel Air, MD, United States",2022-05-28,25.3,17.0,21.3,25.3,17.0,21.3,15.6,72.1,0.48,100.0,12.5,rain,0,0,38.9,21.2,268.6,1009.5,53.1,15.9,211.8,18.3,9,30,2022-05-28T05:41:58,2022-05-28T20:23:55,0.99,"Rain, Partially cloudy",Partly cloudy throughout the day with early morning rain.,rain,"KDMW,72511493778,KTHV,72406093721,99999903761,72069903724,F9110,KBWI,72406793744,KMTN",240
19,"Bel Air, MD, United States",2022-05-29,26.5,15.6,21.8,26.5,15.6,21.8,14.7,65.9,0.0,0.0,0.0,rain,0,0,27.7,15.6,160.2,1017.5,10.5,16.0,200.0,17.0,8,10,2022-05-29T05:41:27,2022-05-29T20:24:41,1.0,Clear,Clear conditions throughout the day.,clear-day,"KDMW,72511493778,KTHV,72215899999,72406093721,99999903761,72069903724,F9110,KBWI,72406793744,KMTN",240
20,"Bel Air, MD, United States",2022-05-30,31.3,17.2,24.4,32.5,17.2,25.0,18.0,69.7,0.0,0.0,0.0,,0,0,27.4,16.9,170.3,1019.4,7.0,15.5,241.7,20.8,8,75,2022-05-30T05:40:58,2022-05-30T20:25:26,0.0,Clear,Clear conditions throughout the day.,clear-day,"KDMW,KTHV,72406093721,99999903761,72069903724,F9110,KBWI,72406793744,KMTN",240
21,"Bel Air, MD, United States",2022-05-31,33.1,18.7,27.2,34.4,18.7,28.2,19.2,64.1,0.0,0.0,0.0,,0,0,30.2,13.1,197.4,1016.2,18.6,14.4,241.7,20.8,8,100,2022-05-31T05:40:31,2022-05-31T20:26:09,0.0,Clear,Clear conditions throughout the day.,clear-day,"KDMW,KTHV,72405713701,72406093721,99999903761,72069903724,F9110,KBWI,72406793744,KAPG,KMTN",240
22,"Bel Air, MD, United States",2022-06-01,32.9,19.8,27.7,35.4,19.8,28.9,20.1,64.6,0.0,0.0,0.0,,0,0,35.3,15.7,252.8,1011.7,39.5,14.5,209.0,18.1,7,75,2022-06-01T05:40:06,2022-06-01T20:26:52,0.02,Partially cloudy,Partly cloudy throughout the day.,partly-cloudy-day,"KDMW,72405713701,72406093721,99999903761,72069903724,F9110,KBWI,72406793744,KAPG,KMTN",240
23,"Bel Air, MD, United States",2022-06-02,28.7,19.4,23.7,30.9,19.4,24.0,20.1,81.1,0.12,100.0,16.67,rain,0,0,40.7,15.0,107.5,1007.7,72.2,13.9,224.2,19.2,8,75,2022-06-02T05:39:43,2022-06-02T20:27:33,0.04,"Rain, Partially cloudy",Partly cloudy throughout the day with rain.,rain,"KDMW,72511493778,KTHV,72405713701,72406093721,99999903761,72069903724,F9110,KBWI,72406793744,KAPG,KMTN",240
24,"Bel Air, MD, United States",2022-06-03,26.1,19.3,22.4,26.1,19.3,22.4,13.5,61.2,0.0,0.0,0.0,,0,0,36.0,21.0,292.1,1009.0,50.7,15.6,186.9,16.1,6,10,2022-06-03T05:39:21,2022-06-03T20:28:13,0.07,Partially cloudy,Partly cloudy throughout the day.,partly-cloudy-day,"KDMW,72511493778,72406093721,99999903761,72069903724,F9110,KBWI,KAPG,SSQM2,KTHV,72405713701,72406793744,KMTN",240
25,"Bel Air, MD, United States",2022-06-04,29.4,14.2,22.1,27.8,14.2,21.8,10.1,50.4,0.0,0.0,0.0,,0,0,35.3,16.2,241.4,1012.4,16.9,16.0,225.9,19.4,8,10,2022-06-04T05:39:02,2022-06-04T20:28:52,0.11,Clear,Clear conditions throughout the day.,clear-day,"KDMW,KTHV,72406093721,99999903761,72069903724,F9110,KBWI,72406793744,KMTN",240
26,"Bel Air, MD, United States",2022-06-05,25.7,15.8,20.8,25.7,15.8,20.8,7.0,42.2,0.0,0.0,0.0,,0,0,37.1,24.6,108.6,1015.3,14.0,16.0,254.0,21.7,8,10,2022-06-05T05:38:44,2022-06-05T20:29:30,0.14,Clear,Clear conditions throughout the day.,clear-day,"KDMW,72511493778,KTHV,72215899999,72406093721,99999903761,72069903724,F9110,KBWI,72406793744,KMTN",240
27,"Bel Air, MD, United States",2022-06-06,27.0,10.4,20.6,26.5,10.4,20.6,9.8,53.5,0.0,0.0,0.0,,0,0,35.3,22.0,114.8,1017.1,6.5,15.1,270.2,23.3,8,10,2022-06-06T05:38:29,2022-06-06T20:30:06,0.19,Clear,Clear conditions throughout the day.,clear-day,"KDMW,72511493778,72406093721,99999903761,72069903724,F9110,KBWI,KAPG,KTHV,72215899999,72405713701,72406793744,KMTN",240
28,"Bel Air, MD, United States",2022-06-07,26.0,15.2,21.2,26.0,15.2,21.2,17.1,78.2,0.44,100.0,16.67,rain,0,0,41.8,28.6,143.7,1015.1,70.8,15.0,119.6,10.1,5,30,2022-06-07T05:38:15,2022-06-07T20:30:41,0.24,"Rain, Partially cloudy",Partly cloudy throughout the day with rain.,rain,"KDMW,72511493778,72406093721,99999903761,72069903724,F9110,KBWI,KAPG,SSQM2,KTHV,72405713701,72406793744,KMTN",240
29,"Bel Air, MD, United States",2022-06-08,28.7,18.3,23.8,30.6,18.3,24.3,19.8,80.1,9.99,100.0,25.0,rain,0,0,25.9,14.1,177.0,1011.2,65.3,13.2,141.4,12.4,8,30,2022-06-08T05:38:03,2022-06-08T20:31:15,0.29,"Rain, Partially cloudy",Partly cloudy throughout the day with rain.,rain,"KDMW,72511493778,72406093721,99999903761,72069903724,F9110,KBWI,KAPG,SSQM2,KTHV,72405713701,72406793744,KMTN",240
30,"Bel Air, MD, United States",2022-06-09,26.9,18.8,23.3,27.2,18.8,23.3,16.5,68.6,27.89,100.0,37.5,rain,0,0,55.4,26.3,256.5,1006.2,68.6,14.3,232.7,20.0,9,30,2022-06-09T05:37:53,2022-06-09T20:31:48,0.35,"Rain, Partially cloudy",Partly cloudy throughout the day with rain clearing later.,rain,"KDMW,72511493778,72406093721,99999903761,72069903724,F9110,KBWI,KAPG,SSQM2,KTHV,72215899999,72405713701,72406793744,KMTN",240
31,"Bel Air, MD, United States",2022-06-10,26.2,12.1,20.8,26.2,12.1,20.8,12.5,61.2,0.12,100.0,4.17,rain,0,0,31.7,13.3,254.0,1012.0,36.2,14.9,264.3,23.0,9,10,2022-06-10T05:37:45,2022-06-10T20:32:18,0.39,"Rain, Partially cloudy",Becoming cloudy in the afternoon with morning rain.,rain,"KDMW,KTHV,72405713701,72406093721,99999903761,72069903724,F9110,KBWI,72406793744,KAPG,KMTN",240
32,"Bel Air, MD, United States",2022-06-11,21.5,18.0,19.6,21.5,18.0,19.6,15.3,76.2,0.44,100.0,25.0,rain,0,0,22.3,9.1,154.8,1014.1,76.6,14.8,75.6,6.5,3,10,2022-06-11T05:37:39,2022-06-11T20:32:48,0.44,"Rain, Partially cloudy",Partly cloudy throughout the day with rain in the morning and afternoon.,rain,"KDMW,KTHV,72405713701,72406093721,99999903761,72069903724,F9110,KBWI,72406793744,KAPG,KMTN",240
33,"Bel Air, MD, United States",2022-06-12,25.9,17.6,21.5,25.9,17.6,21.5,18.8,85.4,2.29,100.0,29.17,rain,0,0,29.5,15.0,105.3,1013.6,71.4,14.7,118.8,10.2,8,60,2022-06-12T05:37:35,2022-06-12T20:33:16,0.47,"Rain, Partially cloudy",Partly cloudy throughout the day with rain clearing later.,rain,"KDMW,72511493778,KTHV,72215899999,72406093721,99999903761,72069903724,F9110,KBWI,72406793744,SSQM2,KMTN",240
34,"Bel Air, MD, United States",2022-06-13,30.8,20.7,25.9,33.7,20.7,27.1,21.5,77.9,0.0,0.0,0.0,rain,0,0,24.5,13.2,235.5,1013.0,60.2,15.9,194.5,16.6,8,100,2022-06-13T05:37:33,2022-06-13T20:33:42,0.49,Partially cloudy,Partly cloudy throughout the day.,partly-cloudy-day,"KDMW,72511493778,72406093721,99999903761,72069903724,F9110,KBWI,KAPG,KTHV,72405713701,72215899999,72406793744,KMTN",240
35,"Bel Air, MD, United States",2022-06-14,27.2,19.8,23.5,28.5,19.8,23.7,19.1,77.0,0.5,100.0,8.33,rain,0,0,47.9,15.1,112.2,1004.3,58.9,15.0,159.8,13.7,7,30,2022-06-14T05:37:32,2022-06-14T20:34:07,0.5,"Rain, Partially cloudy",Partly cloudy throughout the day with morning rain.,rain,"KDMW,72511493778,72406093721,99999903761,72069903724,F9110,KBWI,KAPG,SSQM2,KTHV,72405713701,72215899999,72406793744,KMTN",240
36,"Bel Air, MD, United States",2022-06-15,30.1,16.5,24.3,30.7,16.5,24.5,17.5,68.4,0.0,0.0,0.0,,0,0,37.1,14.1,143.2,1017.4,16.5,14.7,267.1,23.0,8,10,2022-06-15T05:37:34,2022-06-15T20:34:30,0.51,Clear,Clear conditions throughout the day.,clear-day,"KDMW,72511493778,72406093721,99999903761,72069903724,F9110,KBWI,KAPG,SSQM2,KTHV,72215899999,72405713701,72406793744,KMTN",240
37,"Bel Air, MD, United States",2022-06-16,27.6,21.3,23.6,29.8,21.3,23.8,19.3,76.8,0.0,0.0,0.0,rain,0,0,32.8,19.9,142.4,1018.3,79.1,13.3,117.3,10.0,7,10,2022-06-16T05:37:37,2022-06-16T20:34:51,0.53,Partially cloudy,Partly cloudy throughout the day.,partly-cloudy-day,"KDMW,72511493778,72406093721,99999903761,72069903724,F9110,KBWI,KAPG,KTHV,72405713701,72215899999,72406793744,KMTN",240
38,"Bel Air, MD, United States",2022-06-17,35.2,20.9,28.2,36.9,20.9,28.9,18.5,60.8,0.0,0.0,0.0,,0,0,49.7,32.2,246.2,1008.1,36.1,15.0,235.8,20.4,8,75,2022-06-17T05:37:42,2022-06-17T20:35:11,0.57,Partially cloudy,Becoming cloudy in the afternoon.,partly-cloudy-day,"KDMW,72511493778,72406093721,99999903761,72069903724,F9110,KBWI,KAPG,SSQM2,KTHV,72405713701,72406793744,KMTN",240
39,"Bel Air, MD, United States",2022-06-18,23.6,18.7,21.7,23.6,18.7,21.7,9.2,45.6,0.0,0.0,0.0,,0,0,50.0,37.7,300.7,1009.7,26.7,16.0,238.1,20.5,10,10,2022-06-18T05:37:49,2022-06-18T20:35:29,0.62,Partially cloudy,Partly cloudy throughout the day.,partly-cloudy-day,"KDMW,KTHV,72406093721,99999903761,72069903724,F9110,KBWI,72406793744,SSQM2,KMTN",240
40,"Bel Air, MD, United States",2022-06-19,25.4,12.0,19.1,25.4,12.0,19.1,4.1,38.6,0.0,0.0,0.0,,0,0,46.4,33.8,304.1,1017.6,6.8,16.0,271.0,23.5,8,10,2022-06-19T05:37:57,2022-06-19T20:35:46,0.67,Clear,Clear conditions throughout the day.,clear-day,"KDMW,72511493778,KTHV,72406093721,99999903761,72069903724,F9110,KBWI,72406793744,SSQM2,KMTN",240
41,"Bel Air, MD, United States",2022-06-20,26.7,10.5,20.0,26.5,10.5,20.0,6.7,45.1,0.0,0.0,0.0,,0,0,33.5,13.8,243.7,1021.5,14.9,16.0,272.6,23.6,8,10,2022-06-20T05:38:08,2022-06-20T20:36:00,0.72,Clear,Clear conditions throughout the day.,clear-day,"KDMW,72511493778,KTHV,72406093721,99999903761,72069903724,F9110,KBWI,72406793744,KMTN",240
42,"Bel Air, MD, United States",2022-06-21,27.1,13.3,21.7,27.4,13.3,21.7,13.9,62.5,0.0,0.0,0.0,,0,0,27.7,17.0,196.4,1019.8,54.1,15.2,153.7,13.3,7,10,2022-06-21T05:38:20,2022-06-21T20:36:13,0.77,Partially cloudy,Partly cloudy throughout the day.,partly-cloudy-day,"KDMW,72511493778,72406093721,99999903761,72069903724,F9110,KBWI,KAPG,SSQM2,KTHV,72405713701,72406793744,KMTN",240
43,"Bel Air, MD, United States",2022-06-22,27.0,17.6,22.2,28.4,17.6,22.3,18.5,80.0,1.49,100.0,16.67,rain,0,0,42.5,19.0,72.1,1013.8,73.9,15.3,165.7,14.3,7,10,2022-06-22T05:38:34,2022-06-22T20:36:24,0.82,"Rain, Partially cloudy",Partly cloudy throughout the day with rain.,rain,"KDMW,72511493778,72406093721,99999903761,72069903724,F9110,KBWI,KAPG,SSQM2,KTHV,72405713701,72406793744,KMTN",240
44,"Bel Air, MD, United States",2022-06-23,22.0,18.0,19.6,22.0,18.0,19.6,17.7,89.5,9.82,100.0,66.67,rain,0,0,32.8,14.7,69.8,1013.7,91.2,13.1,82.9,7.0,3,10,2022-06-23T05:38:50,2022-06-23T20:36:33,0.87,"Rain, Overcast",Cloudy skies throughout the day with a chance of rain throughout the day.,rain,"KDMW,72511493778,72406093721,99999903761,72069903724,F9110,KBWI,KAPG,SSQM2,KTHV,72405713701,72406793744,KMTN",240
45,"Bel Air, MD, United States",2022-06-24,26.7,14.5,21.4,27.6,14.5,21.5,17.2,78.6,2.22,100.0,8.33,rain,0,0,14.0,9.8,128.2,1017.3,47.8,15.6,138.9,12.1,6,30,2022-06-24T05:39:07,2022-06-24T20:36:41,0.91,"Rain, Partially cloudy",Partly cloudy throughout the day with rain in the morning and afternoon.,rain,"KDMW,KTHV,72405713701,72406093721,99999903761,72069903724,F9110,KBWI,72406793744,KAPG,SSQM2,KMTN",240
46,"Bel Air, MD, United States",2022-06-25,29.4,18.2,24.6,31.1,18.2,25.3,19.3,74.3,0.0,0.0,0.0,rain,0,0,19.8,14.2,156.1,1020.0,8.0,15.7,272.3,23.4,8,60,2022-06-25T05:39:26,2022-06-25T20:36:46,0.95,Clear,Clear conditions throughout the day.,clear-day,"KDMW,KTHV,72406093721,99999903761,72069903724,F9110,KBWI,72406793744,SSQM2,KMTN",240
47,"Bel Air, MD, United States",2022-06-26,31.1,21.6,25.8,32.8,21.6,26.4,19.1,67.5,0.0,0.0,0.0,rain,0,0,38.2,27.1,159.9,1018.7,31.7,16.0,221.9,19.2,8,30,2022-06-26T05:39:46,2022-06-26T20:36:50,0.97,Partially cloudy,Clearing in the afternoon.,partly-cloudy-day,"KDMW,72511493778,KTHV,72406093721,99999903761,72069903724,F9110,KBWI,72406793744,KMTN",240
48,"Bel Air, MD, United States",2022-06-27,27.7,21.5,24.5,28.6,21.5,24.7,19.8,75.8,0.2,100.0,12.5,rain,0,0,38.9,16.9,248.2,1015.3,59.9,15.3,135.0,11.9,7,30,2022-06-27T05:40:09,2022-06-27T20:36:51,0.99,"Rain, Partially cloudy",Partly cloudy throughout the day with rain.,rain,"KDMW,72511493778,72406093721,99999903761,72069903724,F9110,KBWI,KAPG,SSQM2,KTHV,72405713701,72406793744,KMTN",240
49,"Bel Air, MD, United States",2022-06-28,26.8,14.3,21.8,26.6,14.3,21.8,10.7,50.7,0.09,100.0,4.17,rain,0,0,40.7,14.7,280.8,1021.3,18.5,15.4,273.4,23.6,8,10,2022-06-28T05:40:32,2022-06-28T20:36:51,1.0,Rain,Clear conditions throughout the day with morning rain.,rain,"KDMW,72511493778,KTHV,72405713701,72406093721,99999903761,72069903724,F9110,KBWI,72406793744,KAPG,KMTN",240
50,"Bel Air, MD, United States",2022-06-29,28.3,14.8,23.0,29.1,14.8,23.2,16.1,67.3,0.0,0.0,0.0,,0,0,31.7,21.0,131.7,1023.0,17.8,15.6,271.4,23.3,8,30,2022-06-29T05:40:58,2022-06-29T20:36:49,0.0,Clear,Clear conditions throughout the day.,clear-day,"KDMW,72511493778,KTHV,72405713701,72406093721,99999903761,72069903724,F9110,KBWI,72406793744,KAPG,KMTN",240
51,"Bel Air, MD, United States",2022-06-30,31.0,16.8,25.7,30.8,16.8,25.5,16.6,62.1,0.0,0.0,0.0,,0,0,18.7,11.9,151.9,1022.1,15.8,15.7,277.9,23.8,8,10,2022-06-30T05:41:24,2022-06-30T20:36:45,0.01,Clear,Clear conditions throughout the day.,clear-day,"KDMW,72511493778,72406093721,99999903761,72069903724,F9110,KBWI,KAPG,SSQM2,KTHV,72405713701,72406793744,KMTN",240
52,"Bel Air, MD, United States",2022-07-01,31.2,20.0,26.8,35.8,20.0,28.7,22.1,76.2,0.0,0.0,0.0,rain,0,0,42.1,22.2,181.4,1017.5,32.9,15.7,187.7,16.0,8,100,2022-07-01T05:41:53,2022-07-01T20:36:39,0.03,Partially cloudy,Partly cloudy throughout the day.,partly-cloudy-day,"KDMW,72511493778,72406093721,99999903761,72069903724,F9110,KBWI,KAPG,SSQM2,KTHV,72405713701,72406793744,KMTN",240
53,"Bel Air, MD, United States",2022-07-02,30.9,22.4,26.8,35.2,22.4,28.5,22.4,77.3,0.78,100.0,16.67,rain,0,0,38.9,21.2,165.9,1014.1,45.3,15.3,208.6,18.1,8,100,2022-07-02T05:42:22,2022-07-02T20:36:31,0.05,"Rain, Partially cloudy",Partly cloudy throughout the day with late afternoon rain.,rain,"KDMW,72511493778,KTHV,72215899999,72406093721,99999903761,72069903724,F9110,KBWI,72406793744,KMTN",240
54,"Bel Air, MD, United States",2022-07-03,31.7,22.0,25.7,30.7,22.0,25.6,17.7,65.9,0.86,100.0,20.83,rain,0,0,35.3,11.9,235.6,1016.8,36.4,15.4,246.0,21.1,10,30,2022-07-03T05:42:53,2022-07-03T20:36:21,0.08,"Rain, Partially cloudy",Clearing in the afternoon with rain clearing later.,rain,"KDMW,72511493778,KTHV,72215899999,72406093721,99999903761,72069903724,F9110,KBWI,72406793744,SSQM2,KMTN",240
55,"Bel Air, MD, United States",2022-07-04,31.3,18.9,24.7,29.9,18.9,24.3,12.9,51.1,0.0,0.0,0.0,,0,0,22.7,11.9,123.7,1021.2,10.8,16.0,267.8,23.2,8,10,2022-07-04T05:43:25,2022-07-04T20:36:09,0.12,Clear,Clear conditions throughout the day.,clear-day,"KDMW,72511493778,KTHV,72215899999,72406093721,99999903761,72069903724,F9110,KBWI,72406793744,SSQM2,KMTN",240
56,"Bel Air, MD, United States",2022-07-05,28.4,20.6,24.6,30.7,20.6,25.2,20.8,80.2,4.24,100.0,16.67,rain,0,0,40.1,26.5,172.1,1016.1,54.9,14.7,128.2,10.9,7,30,2022-07-05T05:43:59,2022-07-05T20:35:55,0.17,"Rain, Partially cloudy",Partly cloudy throughout the day with rain.,rain,"KDMW,72511493778,72406093721,99999903761,72069903724,F9110,KBWI,KAPG,SSQM2,KTHV,72405713701,72406793744,KMTN",240
57,"Bel Air, MD, United States",2022-07-06,30.5,21.7,26.1,34.2,21.7,27.2,22.1,80.2,2.82,100.0,16.67,rain,0,0,37.1,13.6,231.7,1011.5,64.4,14.3,147.8,12.7,7,60,2022-07-06T05:44:34,2022-07-06T20:35:40,0.22,"Rain, Partially cloudy",Partly cloudy throughout the day with late afternoon rain.,rain,"KDMW,C1620,72511493778,72406093721,99999903761,72069903724,F9110,KBWI,KAPG,KTHV,72405713701,72406793744,KMTN",240
58,"Bel Air, MD, United States",2022-07-07,26.6,20.9,24.1,26.6,20.9,24.1,21.3,85.2,33.97,100.0,29.17,rain,0,0,27.4,13.4,50.5,1014.2,89.1,14.8,112.1,9.6,4,10,2022-07-07T05:45:10,2022-07-07T20:35:22,0.27,"Rain, Partially cloudy",Partly cloudy throughout the day with rain clearing later.,rain,"KDMW,72511493778,72406093721,99999903761,72069903724,F9110,KBWI,KAPG,SSQM2,KTHV,72405713701,72406793744,KMTN",240
59,"Bel Air, MD, United States",2022-07-08,29.0,20.8,25.0,31.9,20.8,26.0,21.4,81.3,0.0,0.0,0.0,rain,0,0,16.9,11.8,107.6,1015.9,55.8,15.6,198.5,17.2,8,30,2022-07-08T05:45:48,2022-07-08T20:35:02,0.33,Partially cloudy,Partly cloudy throughout the day.,partly-cloudy-day,"KDMW,72511493778,72406093721,99999903761,72069903724,F9110,KBWI,KAPG,SSQM2,KTHV,72405713701,72406793744,KMTN",240
60,"Bel Air, MD, United States",2022-07-09,25.6,20.0,22.2,25.6,20.0,22.2,21.0,92.5,10.0,100.0,62.5,rain,0,0,37.1,9.5,93.3,1016.6,85.9,10.7,59.5,5.2,2,10,2022-07-09T05:46:26,2022-07-09T20:34:41,0.38,"Rain, Partially cloudy",Partly cloudy throughout the day with a chance of rain throughout the day.,rain,"KDMW,72511493778,KTHV,72406093721,99999903761,72069903724,F9110,KBWI,72406793744,SSQM2,KMTN",240
61,"Bel Air, MD, United States",2022-07-10,27.9,18.7,23.2,28.1,18.7,23.3,17.4,72.0,0.0,0.0,0.0,rain,0,0,23.4,12.5,151.0,1017.5,42.0,15.4,215.1,18.5,8,10,2022-07-10T05:47:06,2022-07-10T20:34:17,0.42,Partially cloudy,Partly cloudy throughout the day.,partly-cloudy-day,"KDMW,72511493778,KTHV,72406093721,99999903761,72069903724,F9110,KBWI,72406793744,KMTN",240
62,"Bel Air, MD, United States",2022-07-11,27.8,14.8,22.9,27.4,14.8,22.9,15.4,65.7,0.0,0.0,0.0,rain,0,0,29.5,16.8,148.4,1014.4,3.9,15.4,270.5,23.3,8,10,2022-07-11T05:47:46,2022-07-11T20:33:52,0.46,Clear,Clear conditions throughout the day.,clear-day,"KDMW,72405713701,72406093721,99999903761,72069903724,F9110,KBWI,72406793744,KAPG,SSQM2,KMTN",240
63,"Bel Air, MD, United States",2022-07-12,31.8,19.8,24.6,35.8,19.8,25.5,19.5,74.3,0.35,100.0,8.33,rain,0,0,61.2,27.2,214.7,1009.5,21.1,15.3,212.6,18.2,8,100,2022-07-12T05:48:28,2022-07-12T20:33:24,0.49,"Rain, Partially cloudy",Partly cloudy throughout the day with rain.,rain,"KDMW,C1620,72511493778,72406093721,99999903761,72069903724,F9110,KBWI,KAPG,SSQM2,KTHV,72405713701,72215899999,72406793744,KMTN",240
64,"Bel Air, MD, United States",2022-07-13,31.1,20.2,25.9,32.5,20.2,26.8,19.9,71.8,0.0,0.0,0.0,rain,0,0,26.6,12.2,215.5,1012.3,43.6,15.2,244.9,21.3,8,30,2022-07-13T05:49:11,2022-07-13T20:32:55,0.5,Partially cloudy,Partly cloudy throughout the day.,partly-cloudy-day,"KDMW,72511493778,72406093721,99999903761,72069903724,F9110,KBWI,KAPG,SSQM2,KTHV,72215899999,72405713701,72406793744,KMTN",240
65,"Bel Air, MD, United States",2022-07-14,31.3,20.7,26.5,31.3,20.7,26.8,17.8,60.2,0.0,0.0,0.0,,0,0,35.3,14.2,304.3,1015.4,33.1,15.8,233.4,20.2,8,30,2022-07-14T05:49:54,2022-07-14T20:32:24,0.51,Partially cloudy,Partly cloudy throughout the day.,partly-cloudy-day,"KDMW,72511493778,72406093721,99999903761,72069903724,F9110,KBWI,KAPG,SSQM2,KTHV,72215899999,72405713701,72406793744,KMTN",240
66,"Bel Air, MD, United States",2022-07-15,30.5,19.3,25.6,31.1,19.3,25.8,17.4,61.8,0.0,0.0,0.0,,0,0,22.3,16.0,109.5,1019.5,30.2,14.5,226.3,19.6,8,30,2022-07-15T05:50:39,2022-07-15T20:31:51,0.53,Partially cloudy,Partly cloudy throughout the day.,partly-cloudy-day,"KDMW,72405713701,72406093721,99999903761,72069903724,F9110,KBWI,72406793744,KAPG,KMTN",240
67,"Bel Air, MD, United States",2022-07-16,28.2,21.5,24.3,30.7,21.5,24.7,21.1,82.6,1.49,100.0,16.67,rain,0,0,30.4,14.7,93.7,1018.6,58.4,14.6,112.7,9.8,8,60,2022-07-16T05:51:24,2022-07-16T20:31:16,0.55,"Rain, Partially cloudy",Partly cloudy throughout the day with rain.,rain,"KDMW,C1620,KTHV,72406093721,99999903761,72069903724,F9110,KBWI,72406793744,KMTN",240
68,"Bel Air, MD, United States",2022-07-17,28.3,21.0,24.9,31.2,21.0,26.0,21.9,84.1,0.04,100.0,4.17,rain,0,0,24.8,8.1,117.8,1016.5,60.2,15.0,115.3,10.0,4,100,2022-07-17T05:52:10,2022-07-17T20:30:39,0.6,"Rain, Partially cloudy",Partly cloudy throughout the day with early morning rain.,rain,"KDMW,72511493778,KTHV,72406093721,99999903761,72069903724,F9110,KBWI,72406793744,KMTN",240
69,"Bel Air, MD, United States",2022-07-18,31.7,23.9,26.6,38.1,23.9,28.3,23.1,82.0,2.82,100.0,16.67,rain,0,0,57.2,27.0,177.9,1012.5,63.6,15.2,161.0,13.9,8,100,2022-07-18T05:52:57,2022-07-18T20:30:01,0.65,"Rain, Partially cloudy",Partly cloudy throughout the day with rain.,rain,"KDMW,72511493778,72406093721,99999903761,72069903724,F9110,KBWI,KAPG,KTHV,72215899999,72405713701,72406793744,KMTN",240
70,"Bel Air, MD, United States",2022-07-19,32.4,22.2,26.9,33.7,22.2,27.9,20.3,69.3,0.0,0.0,0.0,,0,0,26.6,14.9,242.2,1011.0,35.8,15.2,249.8,21.5,10,10,2022-07-19T05:53:45,2022-07-19T20:29:21,0.7,Partially cloudy,Partly cloudy throughout the day.,partly-cloudy-day,"KDMW,72405713701,72406093721,99999903761,72069903724,F9110,KBWI,72406793744,KAPG,KMTN",240
71,"Bel Air, MD, United States",2022-07-20,32.7,21.8,28.2,36.5,21.8,30.2,21.5,68.9,0.0,0.0,0.0,,0,0,32.8,18.1,209.2,1009.4,7.1,15.5,238.7,20.6,8,60,2022-07-20T05:54:33,2022-07-20T20:28:38,0.75,Clear,Clear conditions throughout the day.,clear-day,"KDMW,72511493778,KTHV,72405713701,72406093721,99999903761,72069903724,F9110,KBWI,72406793744,KMTN",240
72,"Bel Air, MD, United States",2022-07-21,33.4,25.5,29.3,37.6,25.5,31.9,22.3,67.2,0.0,0.0,0.0,,0,0,44.6,29.9,233.0,1006.4,36.1,15.6,230.9,19.9,8,75,2022-07-21T05:55:23,2022-07-21T20:27:54,0.8,Partially cloudy,Partly cloudy throughout the day.,partly-cloudy-day,"KDMW,KTHV,72405713701,72406093721,99999903761,72069903724,F9110,KBWI,72406793744,KAPG,KMTN",240
73,"Bel Air, MD, United States",2022-07-22,33.0,23.3,29.0,35.1,23.3,30.3,20.5,62.0,0.0,0.0,0.0,,0,0,33.5,18.0,241.0,1012.6,22.8,15.4,188.9,16.4,7,75,2022-07-22T05:56:12,2022-07-22T20:27:09,0.85,Partially cloudy,Partly cloudy throughout the day.,partly-cloudy-day,"KDMW,72511493778,KTHV,72405713701,72406093721,99999903761,72069903724,F9110,KBWI,72406793744,KAPG,KMTN",240
74,"Bel Air, MD, United States",2022-07-23,34.5,24.9,29.4,38.1,24.9,31.2,20.5,60.1,0.0,0.0,0.0,,0,0,51.8,36.2,216.6,1016.9,14.8,16.0,213.5,18.4,8,60,2022-07-23T05:57:03,2022-07-23T20:26:21,0.89,Clear,Clear conditions throughout the day.,clear-day,"KDMW,72511493778,KTHV,72406093721,99999903761,72069903724,F9110,KBWI,72406793744,KMTN",240
75,"Bel Air, MD, United States",2022-07-24,34.6,21.5,28.6,39.0,21.5,31.0,20.7,63.6,0.0,0.0,0.0,,0,0,39.2,17.7,162.2,1016.7,12.6,16.0,189.8,16.3,7,100,2022-07-24T05:57:53,2022-07-24T20:25:32,0.93,Clear,Clear conditions throughout the day.,clear-day,"KDMW,72511493778,KTHV,72406093721,99999903761,72069903724,F9110,KBWI,72406793744,KMTN",240
76,"Bel Air, MD, United States",2022-07-25,31.6,25.4,28.3,38.1,25.4,31.4,22.9,72.7,0.13,100.0,4.17,rain,0,0,39.2,18.4,214.2,1013.5,55.6,15.4,145.4,12.5,8,100,2022-07-25T05:58:45,2022-07-25T20:24:42,0.96,"Rain, Partially cloudy",Partly cloudy throughout the day with afternoon rain.,rain,"KDMW,72511493778,KTHV,72405713701,72406093721,99999903761,72069903724,F9110,KBWI,72406793744,KAPG,KMTN",240
77,"Bel Air, MD, United States",2022-07-26,25.9,22.4,24.1,25.9,22.4,24.1,19.5,75.7,0.0,0.0,0.0,rain,0,0,31.7,9.7,155.8,1016.4,75.6,15.0,77.3,6.6,5,10,2022-07-26T05:59:37,2022-07-26T20:23:49,0.98,Partially cloudy,Partly cloudy throughout the day.,partly-cloudy-day,"KDMW,72511493778,72406093721,99999903761,72069903724,F9110,KBWI,KAPG,SSQM2,KTHV,72405713701,72406793744,KMTN",240
78,"Bel Air, MD, United States",2022-07-27,29.8,21.0,25.6,33.0,21.0,27.1,21.4,78.6,0.0,0.0,0.0,rain,0,0,27.7,11.8,120.7,1014.3,79.7,15.0,123.3,10.7,5,75,2022-07-27T06:00:29,2022-07-27T20:22:55,1.0,Partially cloudy,Partly cloudy throughout the day.,partly-cloudy-day,"KDMW,72405713701,72406093721,99999903761,72069903724,F9110,KBWI,72406793744,KAPG,KMTN",240
79,"Bel Air, MD, United States",2022-07-28,32.9,23.4,27.6,37.5,23.4,29.4,22.3,74.3,2.66,100.0,12.5,rain,0,0,46.4,17.8,217.2,1011.6,59.2,15.0,169.7,14.5,6,60,2022-07-28T06:01:22,2022-07-28T20:21:59,1.0,"Rain, Partially cloudy",Partly cloudy throughout the day with rain.,rain,"KDMW,72511493778,72406093721,99999903761,72069903724,F9110,KBWI,KAPG,KTHV,72215899999,72405713701,72406793744,KMTN",240
80,"Bel Air, MD, United States",2022-07-29,29.3,21.2,24.8,32.1,21.2,25.6,21.0,80.2,0.0,0.0,0.0,rain,0,0,23.0,11.8,203.2,1013.7,64.1,15.5,100.8,8.8,5,30,2022-07-29T06:02:15,2022-07-29T20:21:02,0.0,Partially cloudy,Partly cloudy throughout the day.,partly-cloudy-day,"KDMW,72511493778,KTHV,72405713701,72406093721,99999903761,72069903724,F9110,KBWI,72406793744,KAPG,KMTN",240
81,"Bel Air, MD, United States",2022-07-30,31.1,22.0,26.2,31.2,22.0,26.1,17.5,62.6,0.0,0.0,0.0,rain,0,0,30.7,17.0,267.9,1018.6,44.9,16.0,174.3,15.1,8,10,2022-07-30T06:03:08,2022-07-30T20:20:03,0.01,Partially cloudy,Partly cloudy throughout the day.,partly-cloudy-day,"KDMW,KTHV,72406093721,99999903761,72069903724,F9110,KBWI,72406793744,KMTN",240
82,"Bel Air, MD, United States",2022-07-31,30.1,19.4,24.0,31.1,19.4,24.3,18.5,73.2,1.83,100.0,29.17,rain,0,0,35.3,13.3,145.3,1021.0,46.7,15.2,110.3,9.3,6,10,2022-07-31T06:04:02,2022-07-31T20:19:03,0.04,"Rain, Partially cloudy",Partly cloudy throughout the day with rain.,rain,"KDMW,72511493778,KTHV,72406093721,99999903761,72069903724,F9110,KBWI,72406793744,SSQM2,KMTN",240
83,"Bel Air, MD, United States",2022-08-01,29.9,21.1,24.6,30.9,21.1,25.0,20.2,78.7,2.51,100.0,33.33,rain,0,0,29.5,12.6,263.6,1014.7,77.5,14.3,140.2,12.2,8,10,2022-08-01T06:04:56,2022-08-01T20:18:01,0.07,"Rain, Partially cloudy",Partly cloudy throughout the day with a chance of rain throughout the day.,rain,"KDMW,72405713701,72406093721,99999903761,72069903724,F9110,KBWI,72406793744,KAPG,KMTN",240
84,"Bel Air, MD, United States",2022-08-02,32.7,20.8,27.1,34.5,20.8,28.1,20.5,70.4,1.69,100.0,16.67,rain,0,0,32.0,17.0,262.5,1011.6,35.0,15.3,161.1,13.9,8,30,2022-08-02T06:05:51,2022-08-02T20:16:58,0.1,"Rain, Partially cloudy",Partly cloudy throughout the day with rain clearing later.,rain,"KDMW,72511493778,72406093721,99999903761,72069903724,F9110,KBWI,KAPG,KTHV,72405713701,72215899999,72406793744,KMTN",240
85,"Bel Air, MD, United States",2022-08-03,32.0,19.9,26.6,33.3,19.9,27.3,18.8,64.2,0.0,0.0,0.0,,0,0,25.6,15.1,193.5,1015.9,3.8,16.0,190.0,16.5,7,10,2022-08-03T06:06:45,2022-08-03T20:15:53,0.14,Clear,Clear conditions throughout the day.,clear-day,"KDMW,C1620,72511493778,72406093721,99999903761,72069903724,F9110,KBWI,KAPG,KTHV,72215899999,72405713701,72406793744,KMTN",240
86,"Bel Air, MD, United States",2022-08-04,33.8,20.1,26.3,39.9,20.1,28.5,21.8,78.3,8.45,100.0,20.83,rain,0,0,62.6,36.7,189.3,1018.0,22.6,14.1,202.1,17.6,8,100,2022-08-04T06:07:40,2022-08-04T20:14:47,0.2,"Rain, Partially cloudy",Partly cloudy throughout the day with late afternoon rain.,rain,"KDMW,KTHV,72405713701,72406093721,99999903761,72069903724,F9110,KBWI,72406793744,KAPG,SSQM2,KMTN",240
87,"Bel Air, MD, United States",2022-08-05,31.5,22.0,25.6,36.6,22.0,27.1,22.4,84.2,11.31,100.0,33.33,rain,0,0,45.4,11.9,197.9,1021.3,56.5,15.4,179.4,15.5,9,75,2022-08-05T06:08:35,2022-08-05T20:13:40,0.25,"Rain, Partially cloudy",Partly cloudy throughout the day with rain.,rain,"72405713701,72406093721,72069903724,F9110,KBWI,72406793744,KAPG,SSQM2,KMTN",240
88,"Bel Air, MD, United States",2022-08-06,30.8,21.5,26.1,36.2,21.5,28.3,23.0,83.9,0.01,100.0,4.17,rain,0,0,34.2,22.1,203.5,1023.1,41.4,15.5,148.6,12.8,6,100,2022-08-06T06:09:30,2022-08-06T20:12:31,0.31,"Rain, Partially cloudy",Partly cloudy throughout the day with early morning rain.,rain,"KDMW,C1620,72406093721,99999903761,72069903724,F9110,KBWI,KAPG,SSQM2,KTHV,72405713701,72406793744,KMTN",240
89,"Bel Air, MD, United States",2022-08-07,31.3,24.3,27.7,36.1,24.3,30.2,23.0,76.1,0.04,100.0,8.33,rain,0,0,37.1,24.3,207.1,1021.8,23.7,15.8,184.5,16.1,9,100,2022-08-07T06:10:26,2022-08-07T20:11:20,0.36,"Rain, Partially cloudy",Partly cloudy throughout the day with afternoon rain.,rain,"KDMW,72405713701,72406093721,99999903761,72069903724,F9110,KBWI,72406793744,KAPG,SSQM2,KMTN",240
90,"Bel Air, MD, United States",2022-08-08,31.4,25.0,27.8,38.4,25.0,30.8,24.1,80.7,0.18,100.0,4.17,rain,0,0,33.5,19.2,213.1,1017.3,21.1,15.8,197.0,16.9,7,100,2022-08-08T06:11:21,2022-08-08T20:10:09,0.41,"Rain, Partially cloudy",Becoming cloudy in the afternoon with afternoon rain.,rain,"KDMW,72405713701,72406093721,99999903761,72069903724,F9110,KBWI,72406793744,KAPG,SSQM2,KMTN",240
91,"Bel Air, MD, United States",2022-08-09,34.2,25.0,28.9,41.2,25.0,32.3,24.0,76.4,3.64,100.0,8.33,rain,0,0,32.6,19.8,239.6,1014.9,18.1,15.7,209.6,18.2,8,100,2022-08-09T06:12:17,2022-08-09T20:08:56,0.45,Rain,Clear conditions throughout the day with late afternoon rain.,rain,"KDMW,KTHV,72405713701,72406093721,99999903761,72069903724,F9110,KBWI,72406793744,KAPG,SSQM2,KMTN",240
92,"Bel Air, MD, United States",2022-08-10,31.4,22.9,26.2,35.7,22.9,27.8,22.8,83.4,3.68,100.0,20.83,rain,0,0,47.7,16.7,207.5,1016.9,52.4,13.4,162.2,14.0,8,60,2022-08-10T06:13:12,2022-08-10T20:07:42,0.48,"Rain, Partially cloudy",Partly cloudy throughout the day with rain.,rain,"KDMW,72511493778,72406093721,99999903761,72069903724,F9110,KBWI,KAPG,SSQM2,KTHV,72405713701,72406793744,KMTN",240
93,"Bel Air, MD, United States",2022-08-11,30.4,22.8,25.7,30.5,22.8,25.9,19.5,71.7,3.85,100.0,29.17,rain,0,0,31.7,17.1,292.5,1014.0,58.9,15.9,219.0,19.1,8,10,2022-08-11T06:14:08,2022-08-11T20:06:27,0.5,"Rain, Partially cloudy",Partly cloudy throughout the day with rain clearing later.,rain,"KDMW,72511493778,72406093721,99999903761,72069903724,F9110,KBWI,KAPG,SSQM2,KTHV,72215899999,72405713701,72406793744,KMTN",240
94,"Bel Air, MD, United States",2022-08-12,28.0,17.7,24.0,27.5,17.7,23.9,13.7,54.2,0.0,0.0,0.0,rain,0,0,59.0,15.5,324.3,1016.3,37.3,16.0,183.9,15.8,8,10,2022-08-12T06:15:04,2022-08-12T20:05:11,0.5,Partially cloudy,Partly cloudy throughout the day.,partly-cloudy-day,"KDMW,72511493778,72406093721,99999903761,72069903724,F9110,KBWI,KAPG,KTHV,72215899999,72405713701,72406793744,KMTN",240
95,"Bel Air, MD, United States",2022-08-13,28.3,15.2,21.7,27.2,15.2,21.6,9.9,49.6,0.0,0.0,0.0,,0,0,38.9,13.5,212.8,1019.5,11.9,16.0,211.8,18.4,8,10,2022-08-13T06:16:00,2022-08-13T20:03:53,0.52,Clear,Clear conditions throughout the day.,clear-day,"KDMW,72511493778,KTHV,72215899999,72406093721,99999903761,72069903724,F9110,KBWI,72406793744,KMTN",240
96,"Bel Air, MD, United States",2022-08-14,27.4,18.1,22.7,27.6,18.1,22.7,14.4,61.5,0.0,0.0,0.0,rain,0,0,29.3,16.6,170.8,1017.3,41.4,16.0,194.7,17.1,7,10,2022-08-14T06:16:56,2022-08-14T20:02:35,0.54,Partially cloudy,Partly cloudy throughout the day.,partly-cloudy-day,"KDMW,72511493778,KTHV,72215899999,72406093721,99999903761,72069903724,F9110,KBWI,72406793744,KMTN",240
97,"Bel Air, MD, United States",2022-08-15,25.9,18.3,21.6,25.9,18.3,21.6,16.8,75.9,2.02,100.0,37.5,rain,0,0,29.5,10.6,194.1,1015.6,73.6,14.8,107.0,9.2,6,10,2022-08-15T06:17:52,2022-08-15T20:01:15,0.58,"Rain, Partially cloudy",Partly cloudy throughout the day with rain clearing later.,rain,"KDMW,72511493778,72406093721,99999903761,72069903724,F9110,KBWI,KAPG,SSQM2,KTHV,72405713701,72215899999,72406793744,KMTN",240
98,"Bel Air, MD, United States",2022-08-16,27.2,16.1,22.3,27.0,16.1,22.3,14.9,66.9,0.0,0.0,0.0,,0,0,35.3,21.0,58.7,1015.8,47.9,15.3,188.1,16.2,8,10,2022-08-16T06:18:48,2022-08-16T19:59:54,0.62,Partially cloudy,Partly cloudy throughout the day.,partly-cloudy-day,"KDMW,72511493778,72406093721,99999903761,72069903724,F9110,KBWI,KAPG,SSQM2,KTHV,72405713701,72406793744,KMTN",240
99,"Bel Air, MD, United States",2022-08-17,25.7,15.7,20.6,25.7,15.7,20.6,16.5,78.7,3.73,100.0,16.67,rain,0,0,31.7,12.3,181.5,1016.1,40.8,15.5,172.2,14.7,9,30,2022-08-17T06:19:44,2022-08-17T19:58:33,0.67,"Rain, Partially cloudy",Partly cloudy throughout the day with rain.,rain,"KDMW,72511493778,72406093721,99999903761,72069903724,F9110,KBWI,KAPG,SSQM2,KTHV,72405713701,72406793744,KMTN",240
100,"Bel Air, MD, United States",2022-08-18,28.5,14.5,21.8,28.6,14.5,21.9,15.7,71.2,1.66,100.0,4.17,rain,0,0,31.7,12.1,227.5,1014.8,11.1,15.4,218.9,18.7,8,10,2022-08-18T06:20:40,2022-08-18T19:57:10,0.72,Rain,Clear conditions throughout the day with morning rain.,rain,"KDMW,72511493778,72406093721,99999903761,72069903724,F9110,KBWI,KAPG,SSQM2,KTHV,72405713701,72406793744,KMTN",240
101,"Bel Air, MD, United States",2022-08-19,30.4,16.1,23.8,31.3,16.1,24.2,17.9,71.6,0.0,0.0,0.0,,0,0,35.3,17.3,137.9,1018.3,26.3,15.1,212.7,18.4,7,30,2022-08-19T06:21:36,2022-08-19T19:55:46,0.77,Partially cloudy,Partly cloudy throughout the day.,partly-cloudy-day,"KDMW,72511493778,72406093721,99999903761,72069903724,F9110,KBWI,KAPG,SSQM2,KTHV,72405713701,72406793744,KMTN",240
102,"Bel Air, MD, United States",2022-08-20,30.2,19.5,25.4,31.8,19.5,26.0,19.8,73.2,0.0,0.0,0.0,,0,0,29.5,12.5,108.9,1020.7,26.5,15.0,218.3,18.7,8,30,2022-08-20T06:22:31,2022-08-20T19:54:22,0.82,Partially cloudy,Partly cloudy throughout the day.,partly-cloudy-day,"KDMW,72405713701,72406093721,99999903761,72069903724,F9110,KBWI,72406793744,KAPG,SSQM2,KMTN",240
103,"Bel Air, MD, United States",2022-08-21,27.0,19.5,23.6,29.0,19.5,24.0,20.8,84.9,17.53,100.0,16.67,rain,0,0,25.9,20.1,93.1,1018.2,41.3,14.9,106.4,9.3,6,60,2022-08-21T06:23:27,2022-08-21T19:52:56,0.86,"Rain, Partially cloudy",Partly cloudy throughout the day with late afternoon rain.,rain,"KDMW,E1762,72405713701,72406093721,99999903761,F9110,KBWI,72406793744,KAPG,SSQM2,KMTN",240
104,"Bel Air, MD, United States",2022-08-22,29.1,21.9,24.1,32.7,21.9,24.8,21.7,86.8,8.47,100.0,37.5,rain,0,0,35.6,15.2,118.3,1012.5,76.4,15.3,131.9,11.4,8,75,2022-08-22T06:24:23,2022-08-22T19:51:30,0.9,"Rain, Partially cloudy",Partly cloudy throughout the day with rain.,rain,"KDMW,KTHV,72405713701,72406093721,99999903761,72069903724,F9110,KBWI,72406793744,KAPG,SSQM2,KMTN",240
105,"Bel Air, MD, United States",2022-08-23,29.1,19.2,24.4,30.1,19.2,24.8,19.1,74.0,5.76,100.0,4.17,rain,0,0,33.5,15.7,296.1,1011.5,30.3,15.9,185.5,16.0,10,30,2022-08-23T06:25:19,2022-08-23T19:50:03,0.94,"Rain, Partially cloudy",Partly cloudy throughout the day with morning rain.,rain,"KDMW,KTHV,72405713701,72406093721,99999903761,72069903724,F9110,KBWI,72406793744,KAPG,SSQM2,KMTN",240
106,"Bel Air, MD, United States",2022-08-24,30.4,19.4,24.5,30.4,19.4,24.6,16.9,65.7,0.0,0.0,0.0,,0,0,33.5,11.2,293.6,1015.8,28.5,15.5,188.2,16.3,7,60,2022-08-24T06:26:15,2022-08-24T19:48:35,0.97,Partially cloudy,Partly cloudy throughout the day.,partly-cloudy-day,"KDMW,72511493778,72406093721,99999903761,72069903724,F9110,KBWI,KAPG,SSQM2,KTHV,72405713701,72406793744,KMTN",240
107,"Bel Air, MD, United States",2022-08-25,30.7,17.9,24.3,31.7,17.9,24.6,18.9,74.3,0.07,100.0,4.17,rain,0,0,25.9,11.2,174.2,1017.7,30.7,15.3,155.9,13.4,7,30,2022-08-25T06:27:10,2022-08-25T19:47:06,0.99,"Rain, Partially cloudy",Becoming cloudy in the afternoon with afternoon rain.,rain,"KDMW,72511493778,72406093721,99999903761,72069903724,F9110,KBWI,KAPG,SSQM2,KTHV,72405713701,72406793744,KMTN",240
108,"Bel Air, MD, United States",2022-08-26,31.1,20.4,26.4,33.7,20.4,27.3,21.0,74.4,0.0,0.0,0.0,rain,0,0,35.3,16.4,245.0,1014.6,40.5,15.1,145.4,12.5,7,75,2022-08-26T06:28:06,2022-08-26T19:45:37,1.0,Partially cloudy,Partly cloudy throughout the day.,partly-cloudy-day,"KDMW,72511493778,72406093721,99999903761,72069903724,F9110,KBWI,KAPG,SSQM2,KTHV,72405713701,72406793744,KMTN",240
109,"Bel Air, MD, United States",2022-08-27,31.7,20.4,26.1,32.6,20.4,26.6,19.5,69.2,0.98,100.0,4.17,rain,0,0,25.9,10.6,147.7,1015.8,32.5,15.9,210.5,18.4,7,60,2022-08-27T06:29:02,2022-08-27T19:44:07,0.0,"Rain, Partially cloudy",Partly cloudy throughout the day with early morning rain.,rain,"KDMW,72511493778,KTHV,72406093721,99999903761,72069903724,F9110,KBWI,72406793744,SSQM2,KMTN",240
110,"Bel Air, MD, United States",2022-08-28,30.6,21.1,25.9,33.7,21.1,27.1,21.3,77.3,0.0,0.0,0.0,rain,0,0,29.5,12.1,98.8,1019.0,41.6,14.7,137.2,12.0,7,75,2022-08-28T06:29:57,2022-08-28T19:42:36,0.01,Partially cloudy,Partly cloudy throughout the day.,partly-cloudy-day,"KDMW,72511493778,KTHV,72406093721,99999903761,72069903724,F9110,KBWI,72406793744,SSQM2,KMTN",240
111,"Bel Air, MD, United States",2022-08-29,31.0,23.3,26.9,34.7,23.3,28.4,22.2,76.6,0.0,0.0,0.0,,0,0,29.5,16.4,135.4,1019.1,50.9,15.1,177.6,15.2,7,60,2022-08-29T06:30:53,2022-08-29T19:41:05,0.02,Partially cloudy,Partly cloudy throughout the day.,partly-cloudy-day,"KDMW,KTHV,72405713701,72406093721,99999903761,72069903724,F9110,KBWI,72406793744,KAPG,SSQM2,KMTN",240
112,"Bel Air, MD, United States",2022-08-30,32.3,22.5,26.5,35.9,22.5,27.8,22.1,78.7,1.09,100.0,12.5,rain,0,0,45.9,27.1,206.7,1012.5,42.2,15.2,171.1,14.7,7,60,2022-08-30T06:31:48,2022-08-30T19:39:33,0.05,"Rain, Partially cloudy",Partly cloudy throughout the day with rain.,rain,"KDMW,72511493778,72406093721,99999903761,72069903724,F9110,KBWI,KAPG,SSQM2,KTHV,72405713701,72406793744,KMTN",240
113,"Bel Air, MD, United States",2022-08-31,28.3,19.8,23.7,28.1,19.8,23.7,15.9,64.5,1.87,100.0,4.17,rain,0,0,36.7,19.2,280.2,1011.9,22.8,15.1,178.9,15.5,8,10,2022-08-31T06:32:43,2022-08-31T19:38:00,0.09,"Rain, Partially cloudy",Partly cloudy throughout the day with morning rain.,rain,"KDMW,72511493778,72406093721,99999903761,72069903724,F9110,KBWI,KAPG,SSQM2,KTHV,72405713701,72406793744,KMTN",240
114,"Bel Air, MD, United States",2022-09-01,30.8,16.2,23.8,29.8,16.2,23.6,14.1,57.2,0.0,0.0,0.0,,0,0,30.3,17.0,244.3,1015.6,5.4,15.4,182.7,15.8,7,10,2022-09-01T06:33:39,2022-09-01T19:36:27,0.13,Clear,Clear conditions throughout the day.,clear-day,"KDMW,72511493778,72406093721,99999903761,72069903724,F9110,KBWI,KAPG,SSQM2,KTHV,72405713701,72406793744,KMTN",240
115,"Bel Air, MD, United States",2022-09-02,28.9,17.6,23.2,28.8,17.6,23.3,14.8,60.3,0.0,0.0,0.0,,0,0,25.9,17.2,48.5,1022.3,19.1,15.4,159.0,13.8,7,10,2022-09-02T06:34:34,2022-09-02T19:34:53,0.18,Clear,Clear conditions throughout the day.,clear-day,"KDMW,KTHV,72405713701,72406093721,99999903761,72069903724,F9110,KBWI,72406793744,KAPG,SSQM2,KMTN",240
116,"Bel Air, MD, United States",2022-09-03,30.1,19.5,24.5,30.7,19.5,24.7,18.2,70.2,0.0,0.0,0.0,,0,0,24.1,11.3,71.6,1023.7,40.9,16.0,163.5,14.1,7,10,2022-09-03T06:35:29,2022-09-03T19:33:19,0.24,Partially cloudy,Partly cloudy throughout the day.,partly-cloudy-day,"KDMW,72511493778,KTHV,72406093721,99999903761,72069903724,F9110,KBWI,72406793744,SSQM2,KMTN",240
117,"Bel Air, MD, United States",2022-09-04,31.1,20.9,26.0,33.4,20.9,26.8,19.8,70.6,0.0,0.0,0.0,,0,0,27.7,15.7,148.9,1020.1,24.0,16.0,157.3,13.7,7,30,2022-09-04T06:36:25,2022-09-04T19:31:44,0.29,Partially cloudy,Partly cloudy throughout the day.,partly-cloudy-day,"KDMW,KTHV,72406093721,99999903761,72069903724,F9110,KBWI,72406793744,KMTN",240
118,"Bel Air, MD, United States",2022-09-05,29.1,21.8,25.3,31.8,21.8,26.0,20.5,75.3,0.8,100.0,25.0,rain,0,0,29.5,18.0,144.5,1018.0,49.3,15.8,105.5,9.1,6,30,2022-09-05T06:37:20,2022-09-05T19:30:09,0.35,"Rain, Partially cloudy",Partly cloudy throughout the day with late afternoon rain.,rain,"KDMW,72511493778,KTHV,72406093721,99999903761,72069903724,F9110,KBWI,72406793744,KMTN",240
119,"Bel Air, MD, United States",2022-09-06,25.4,21.5,22.9,25.4,21.5,22.9,21.6,92.5,9.24,100.0,66.67,rain,0,0,29.5,15.8,93.9,1014.3,88.6,10.9,63.5,5.5,4,10,2022-09-06T06:38:15,2022-09-06T19:28:33,0.4,"Rain, Partially cloudy",Partly cloudy throughout the day with a chance of rain throughout the day.,rain,"KDMW,72511493778,KTHV,72405713701,72406093721,99999903761,72069903724,F9110,KBWI,72406793744,KAPG,KMTN",240
120,"Bel Air, MD, United States",2022-09-07,22.4,20.1,21.2,22.4,20.1,21.2,19.5,90.4,0.54,100.0,29.17,rain,0,0,28.8,14.8,47.3,1014.8,90.0,12.9,48.7,4.4,2,10,2022-09-07T06:39:10,2022-09-07T19:26:57,0.44,"Rain, Partially cloudy",Partly cloudy throughout the day with rain.,rain,"KDMW,72511493778,KTHV,72405713701,72406093721,99999903761,72069903724,F9110,KBWI,72406793744,KAPG,KMTN",240
121,"Bel Air, MD, United States",2022-09-08,26.7,19.1,21.9,27.2,19.1,21.9,17.0,75.5,4.49,100.0,4.17,rain,0,0,27.7,11.8,121.9,1013.5,68.8,14.6,81.5,7.1,5,10,2022-09-08T06:40:05,2022-09-08T19:25:21,0.47,"Rain, Partially cloudy",Partly cloudy throughout the day with afternoon rain.,rain,"KDMW,KTHV,72405713701,72406093721,99999903761,72069903724,F9110,KBWI,72406793744,KAPG,KMTN",240
122,"Bel Air, MD, United States",2022-09-09,27.1,15.8,21.7,26.9,15.8,21.7,15.4,71.7,0.0,0.0,0.0,rain,0,0,27.7,14.1,91.0,1017.3,5.1,15.2,147.8,12.6,7,10,2022-09-09T06:41:00,2022-09-09T19:23:44,0.49,Clear,Clear conditions throughout the day.,clear-day,"KDMW,72511493778,KTHV,72405713701,72406093721,99999903761,72069903724,F9110,KBWI,72406793744,KAPG,KMTN",240
123,"Bel Air, MD, United States",2022-09-10,26.9,16.5,21.9,27.6,16.5,21.9,17.5,77.9,0.0,0.0,0.0,rain,0,0,22.0,10.3,94.4,1023.2,40.4,15.7,99.2,8.5,5,10,2022-09-10T06:41:56,2022-09-10T19:22:07,0.5,Partially cloudy,Partly cloudy throughout the day.,partly-cloudy-day,"KDMW,C1620,KTHV,72406093721,99999903761,72069903724,F9110,KBWI,72406793744,KMTN",240
124,"Bel Air, MD, United States",2022-09-11,24.6,21.0,22.5,24.6,21.0,22.5,21.6,94.3,5.81,100.0,70.83,rain,0,0,28.8,15.7,113.4,1018.8,89.5,10.8,28.4,2.2,1,10,2022-09-11T06:42:51,2022-09-11T19:20:30,0.51,"Rain, Partially cloudy",Partly cloudy throughout the day with a chance of rain throughout the day.,rain,"KDMW,KTHV,72406093721,99999903761,72069903724,F9110,KBWI,72406793744,SSQM2,KMTN",240
125,"Bel Air, MD, United States",2022-09-12,27.8,22.1,24.1,30.6,22.1,24.5,22.4,90.6,6.7,100.0,33.33,rain,0,0,33.5,10.4,152.8,1010.6,85.0,13.2,80.9,6.8,6,60,2022-09-12T06:43:46,2022-09-12T19:18:53,0.53,"Rain, Partially cloudy",Partly cloudy throughout the day with a chance of rain throughout the day.,rain,"KDMW,C1620,72511493778,72406093721,99999903761,72069903724,F9110,KBWI,KAPG,KTHV,72405713701,72406793744,KMTN",240
126,"Bel Air, MD, United States",2022-09-13,26.5,19.7,22.9,26.5,19.7,22.9,16.3,69.5,0.35,100.0,4.17,rain,0,0,33.5,18.4,253.3,1009.5,48.2,15.7,151.8,13.1,8,30,2022-09-13T06:44:41,2022-09-13T19:17:15,0.56,"Rain, Partially cloudy",Partly cloudy throughout the day with morning rain.,rain,"KDMW,72511493778,KTHV,72405713701,72406093721,99999903761,72069903724,F9110,KBWI,72406793744,KAPG,KMTN",240
127,"Bel Air, MD, United States",2022-09-14,26.2,13.4,20.5,26.2,13.4,20.5,13.6,66.0,0.0,0.0,0.0,,0,0,32.0,14.3,273.9,1016.4,11.4,15.8,143.0,12.3,8,10,2022-09-14T06:45:36,2022-09-14T19:15:37,0.6,Clear,Clear conditions throughout the day.,clear-day,"KDMW,C1620,72405713701,72406093721,99999903761,72069903724,F9110,KBWI,72406793744,KAPG,KMTN",240
128,"Bel Air, MD, United States",2022-09-15,24.2,15.6,20.3,24.2,15.6,20.3,13.5,67.1,0.0,0.0,0.0,,0,0,31.7,14.9,209.3,1021.5,9.0,16.0,143.8,12.3,6,10,2022-09-15T06:46:32,2022-09-15T19:13:59,0.64,Clear,Clear conditions throughout the day.,clear-day,"KDMW,72511493778,KTHV,72405713701,72406093721,99999903761,72069903724,F9110,KBWI,72406793744,KAPG,KMTN",240
129,"Bel Air, MD, United States",2022-09-16,25.0,11.1,18.0,25.0,11.1,18.0,12.7,73.7,0.0,0.0,0.0,,0,0,16.2,9.8,140.5,1023.0,2.8,15.7,130.0,11.2,5,10,2022-09-16T06:47:27,2022-09-16T19:12:21,0.69,Clear,Clear conditions throughout the day.,clear-day,"KDMW,72511493778,72406093721,99999903761,72069903724,F9110,KBWI,KAPG,SSQM2,KTHV,72405713701,72406793744,KMTN",240
130,"Bel Air, MD, United States",2022-09-17,26.8,14.3,20.5,27.2,14.3,20.5,15.1,73.8,0.0,0.0,0.0,,0,0,23.0,14.2,141.0,1023.5,7.9,16.0,140.9,12.2,6,10,2022-09-17T06:48:23,2022-09-17T19:10:43,0.74,Clear,Clear conditions throughout the day.,clear-day,"KDMW,72511493778,KTHV,72406093721,99999903761,72069903724,F9110,KBWI,72406793744,SSQM2,KMTN",240
131,"Bel Air, MD, United States",2022-09-18,27.4,16.5,22.2,28.2,16.5,22.4,16.9,73.4,0.0,0.0,0.0,rain,0,0,21.2,12.4,187.6,1019.4,5.4,16.0,131.3,11.3,6,10,2022-09-18T06:49:18,2022-09-18T19:09:05,0.78,Clear,Clear conditions throughout the day.,clear-day,"KDMW,72511493778,KTHV,72406093721,99999903761,72069903724,F9110,KBWI,72406793744,SSQM2,KMTN",240
132,"Bel Air, MD, United States",2022-09-19,28.6,16.1,22.7,29.7,16.1,23.0,18.0,76.7,0.0,0.0,0.0,rain,0,0,33.5,17.8,243.2,1014.5,25.8,15.5,115.1,9.9,7,30,2022-09-19T06:50:14,2022-09-19T19:07:27,0.83,Partially cloudy,Becoming cloudy in the afternoon.,partly-cloudy-day,"KDMW,KTHV,72405713701,72406093721,99999903761,F9110,KBWI,72406793744,KAPG,SSQM2,KMTN",240
133,"Bel Air, MD, United States",2022-09-20,27.5,16.8,22.0,27.4,16.8,22.0,15.5,70.1,0.0,0.0,0.0,,0,0,34.9,18.7,260.8,1014.1,16.7,15.7,135.1,11.6,6,10,2022-09-20T06:51:09,2022-09-20T19:05:48,0.87,Clear,Clear conditions throughout the day.,clear-day,"KDMW,72511493778,KTHV,72405713701,72406093721,99999903761,F9110,KBWI,72406793744,KAPG,SSQM2,KMTN",240
134,"Bel Air, MD, United States",2022-09-21,27.2,14.6,21.3,27.9,14.6,21.4,15.5,71.4,0.0,0.0,0.0,,0,0,24.1,13.1,167.5,1014.0,24.7,15.7,117.1,10.0,6,10,2022-09-21T06:52:05,2022-09-21T19:04:10,0.91,Partially cloudy,Partly cloudy throughout the day.,partly-cloudy-day,"KDMW,72511493778,72406093721,99999903761,72069903724,F9110,KBWI,KAPG,SSQM2,KTHV,72405713701,72406793744,KMTN",240
135,"Bel Air, MD, United States",2022-09-22,25.3,15.4,21.5,25.3,15.4,21.5,14.8,66.9,0.95,100.0,12.5,rain,0,0,53.6,31.7,267.4,1006.5,57.0,15.2,78.2,6.7,6,10,2022-09-22T06:53:01,2022-09-22T19:02:32,0.95,"Rain, Partially cloudy",Partly cloudy throughout the day with rain in the morning and afternoon.,rain,"KDMW,72511493778,KTHV,72405713701,72406093721,99999903761,F9110,KBWI,72406793744,KAPG,SSQM2,KMTN",240
136,"Bel Air, MD, United States",2022-09-23,18.9,11.0,14.6,18.9,11.0,14.6,3.9,50.2,0.15,100.0,4.17,rain,0,0,49.7,25.1,319.4,1016.4,15.9,16.0,128.4,11.2,6,10,2022-09-23T06:53:57,2022-09-23T19:00:54,0.97,Rain,Clear conditions throughout the day with morning rain.,rain,"KDMW,72511493778,72406093721,99999903761,72069903724,F9110,KBWI,KAPG,SSQM2,KTHV,72405713701,72406793744,KMTN",240
137,"Bel Air, MD, United States",2022-09-24,20.7,7.9,14.4,20.7,7.9,14.4,6.3,60.4,0.0,0.0,0.0,,0,0,22.7,17.6,252.1,1017.9,27.3,15.9,150.3,12.9,8,10,2022-09-24T06:54:53,2022-09-24T18:59:16,0.99,Partially cloudy,Partly cloudy throughout the day.,partly-cloudy-day,"KDMW,72511493778,72406093721,99999903761,72069903724,F9110,KBWI,KAPG,SSQM2,KTHV,72405713701,72406793744,KMTN",240
138,"Bel Air, MD, United States",2022-09-25,22.2,14.1,17.5,22.2,14.1,17.5,13.7,78.7,3.79,100.0,33.33,rain,0,0,63.0,11.0,175.1,1007.6,65.3,15.9,116.3,10.0,7,30,2022-09-25T06:55:50,2022-09-25T18:57:38,1.0,"Rain, Partially cloudy",Partly cloudy throughout the day with rain.,rain,"KDMW,72511493778,KTHV,72406093721,99999903761,72069903724,F9110,KBWI,72406793744,SSQM2,KMTN",240
139,"Bel Air, MD, United States",2022-09-26,24.7,12.6,18.8,24.7,12.6,18.8,11.1,64.0,0.4,100.0,4.17,rain,0,0,37.1,19.8,269.2,1006.8,41.1,15.1,91.0,7.7,7,10,2022-09-26T06:56:46,2022-09-26T18:56:00,0.0,"Rain, Partially cloudy",Becoming cloudy in the afternoon with morning rain.,rain,"KDMW,72511493778,72406093721,99999903761,72069903724,F9110,KBWI,KAPG,SSQM2,KTHV,72405713701,72406793744,KMTN",240
140,"Bel Air, MD, United States",2022-09-27,21.4,10.7,17.3,21.4,10.7,17.3,6.4,51.0,0.0,0.0,0.0,,0,0,36.7,21.5,263.2,1012.8,34.6,16.0,105.0,9.0,7,10,2022-09-27T06:57:43,2022-09-27T18:54:23,0.01,Partially cloudy,Partly cloudy throughout the day.,partly-cloudy-day,"KDMW,72511493778,72406093721,99999903761,72069903724,F9110,KBWI,KAPG,SSQM2,KTHV,72405713701,72406793744,KMTN",240
141,"Bel Air, MD, United States",2022-09-28,19.9,8.4,14.2,19.9,7.4,14.1,8.0,67.5,0.0,0.0,0.0,,0,0,33.5,16.2,299.3,1021.2,30.6,15.5,100.2,8.7,6,10,2022-09-28T06:58:40,2022-09-28T18:52:45,0.04,Partially cloudy,Becoming cloudy in the afternoon.,partly-cloudy-day,"KDMW,72511493778,KTHV,72405713701,72406093721,99999903761,F9110,KBWI,72406793744,KAPG,SSQM2,KMTN",240
142,"Bel Air, MD, United States",2022-09-29,20.0,11.3,15.2,20.0,11.3,15.2,8.2,64.1,0.0,0.0,0.0,,0,0,41.0,19.9,193.0,1027.1,31.8,15.9,128.9,11.2,6,10,2022-09-29T06:59:37,2022-09-29T18:51:08,0.07,Partially cloudy,Partly cloudy throughout the day.,partly-cloudy-day,"KDMW,72511493778,KTHV,72406093721,99999903761,72069903724,F9110,KBWI,KAPG,SSQM2,KMTN",240
143,"Bel Air, MD, United States",2022-09-30,17.0,10.4,13.6,17.0,10.4,13.6,8.7,72.4,1.1,90.5,12.5,rain,0,0,45.7,20.9,27.5,1023.4,74.1,18.0,65.1,5.5,3,10,2022-09-30T07:00:34,2022-09-30T18:49:32,0.12,"Rain, Partially cloudy",Partly cloudy throughout the day with late afternoon rain.,rain,"KDMW,KTHV,F9110,KBWI,KAPG,KMTN",240
