,name,datetime,tempmax,tempmin,temp,feelslikemax,feelslikemin,feelslike,dew,humidity,precip,precipprob,precipcover,preciptype,snow,snowdepth,windgust,windspeed,winddir,sealevelpressure,cloudcover,visibility,solarradiation,solarenergy,uvindex,severerisk,sunrise,sunset,moonphase,conditions,description,icon,stations,skey
0,"Dover, DE, United States",2022-05-10,21.1,10.4,15.6,21.1,10.4,15.6,-0.2,34.3,0.0,0,0.0,,0,0,59.4,31.8,31.1,1024.9,52.5,16.0,299.2,25.9,9,10,2022-05-10T05:53:43,2022-05-10T20:03:56,0.32,Partially cloudy,Partly cloudy throughout the day.,partly-cloudy-day,"KDOV,72408813707,72407513735,KWWD,KMIV,72409313764,DE026",284
1,"Dover, DE, United States",2022-05-11,19.8,8.8,14.7,19.8,5.8,14.3,5.9,57.5,0.01,100,4.17,rain,0,0,48.2,24.2,75.7,1023.8,51.5,16.0,181.5,15.6,7,10,2022-05-11T05:52:43,2022-05-11T20:04:52,0.37,"Rain, Partially cloudy",Partly cloudy throughout the day with afternoon rain.,rain,"KDOV,72408813707,72407513735,KWWD,KMIV,72409313764,DE026",284
2,"Dover, DE, United States",2022-05-12,20.7,12.9,16.2,20.7,12.9,16.2,14.8,92.3,0.0,0,0.0,rain,0,0,42.5,22.2,44.5,1023.8,90.8,15.9,98.5,8.4,3,10,2022-05-12T05:51:44,2022-05-12T20:05:48,0.41,Overcast,Cloudy skies throughout the day.,cloudy,"KDOV,72408813707,72407513735,KWWD,KMIV,72409313764,DE026",284
3,"Dover, DE, United States",2022-05-13,18.9,14.7,16.3,18.9,14.7,16.3,16.3,99.8,7.32,100,20.83,rain,0,0,33.5,20.4,72.8,1022.6,83.2,5.3,142.5,12.3,6,10,2022-05-13T05:50:47,2022-05-13T20:06:44,0.45,"Rain, Partially cloudy",Partly cloudy throughout the day with rain in the morning and afternoon.,rain,"KDOV,72408813707,72407513735,KWWD,KMIV,72409313764,DE026",284
4,"Dover, DE, United States",2022-05-14,17.9,15.2,16.2,17.9,15.2,16.2,16.2,99.9,0.63,100,16.67,rain,0,0,21.6,12.9,88.7,1017.6,75.1,4.6,72.5,6.2,3,10,2022-05-14T05:49:52,2022-05-14T20:07:39,0.48,"Rain, Partially cloudy",Partly cloudy throughout the day with afternoon rain.,rain,"KDOV,72408813707,72407513735,KWWD,KMIV,72409313764,DE026",284
5,"Dover, DE, United States",2022-05-15,24.7,14.5,18.8,24.7,14.5,18.8,17.6,93.9,0.0,0,0.0,rain,0,0,20.5,14.8,149.5,1012.3,52.7,10.5,210.4,18.2,8,30,2022-05-15T05:48:57,2022-05-15T20:08:34,0.5,Partially cloudy,Partly cloudy throughout the day.,partly-cloudy-day,"KDOV,72408813707,72407513735,KWWD,KMIV,72409313764,DE026",284
6,"Dover, DE, United States",2022-05-16,26.6,18.0,22.1,26.6,18.0,22.1,17.8,79.0,0.04,100,16.67,rain,0,0,50.0,27.5,199.8,1006.3,46.2,16.0,189.6,16.5,8,60,2022-05-16T05:48:05,2022-05-16T20:09:28,0.5,"Rain, Partially cloudy",Partly cloudy throughout the day with late afternoon rain.,rain,"KDOV,72408813707,72407513735,KWWD,KMIV,72409313764,DE026",284
7,"Dover, DE, United States",2022-05-17,26.2,13.8,20.6,26.2,13.8,20.6,8.4,49.7,0.0,0,0.0,,0,0,44.4,27.5,249.9,1010.0,13.2,16.0,308.1,26.8,9,10,2022-05-17T05:47:14,2022-05-17T20:10:22,0.52,Clear,Clear conditions throughout the day.,clear-day,"KDOV,72408813707,72407513735,KWWD,KMIV,72409313764,DE026",284
8,"Dover, DE, United States",2022-05-18,22.8,11.3,17.3,22.8,11.3,17.3,6.6,51.0,0.0,0,0.0,,0,0,40.7,18.4,218.8,1015.1,22.9,16.0,298.5,25.7,10,10,2022-05-18T05:46:25,2022-05-18T20:11:15,0.54,Partially cloudy,Partly cloudy throughout the day.,partly-cloudy-day,"KDOV,72408813707,72407513735,KWWD,KMIV,72409313764,DE026",284
9,"Dover, DE, United States",2022-05-19,27.1,14.2,20.0,27.3,14.2,20.0,15.0,75.6,0.15,100,20.83,rain,0,0,38.8,23.7,215.6,1007.9,53.9,14.8,265.1,22.9,9,30,2022-05-19T05:45:37,2022-05-19T20:12:08,0.58,"Rain, Partially cloudy",Partly cloudy throughout the day with rain clearing later.,rain,"KDOV,72408813707,72407513735,KWWD,KMIV,72409313764,DE026",284
10,"Dover, DE, United States",2022-05-20,30.7,17.6,23.5,33.7,17.6,24.1,19.0,78.3,0.0,0,0.0,,0,0,43.8,27.4,169.4,1011.5,12.0,16.0,282.0,24.2,9,100,2022-05-20T05:44:51,2022-05-20T20:13:00,0.63,Clear,Clear conditions throughout the day.,clear-day,"KDOV,72408813707,72407513735,KWWD,KMIV,72409313764,DE026",284
11,"Dover, DE, United States",2022-05-21,33.8,23.8,28.2,36.9,23.8,29.3,19.8,61.7,0.0,0,0.0,,0,0,37.4,23.8,212.9,1015.9,23.4,15.8,302.3,26.1,9,75,2022-05-21T05:44:07,2022-05-21T20:13:52,0.68,Partially cloudy,Clearing in the afternoon.,partly-cloudy-day,"DE030,KDOV,72408813707,72407513735,KWWD,KMIV,72409313764,DE026",284
12,"Dover, DE, United States",2022-05-22,31.6,22.2,26.3,33.2,22.2,27.1,19.2,66.3,0.78,100,4.17,rain,0,0,50.0,31.2,229.8,1017.0,29.4,15.4,242.7,20.9,9,75,2022-05-22T05:43:24,2022-05-22T20:14:43,0.74,"Rain, Partially cloudy",Clearing in the afternoon with late afternoon rain.,rain,"DE030,KDOV,72408813707,72407513735,KWWD,KMIV,72409313764,DE026",284
13,"Dover, DE, United States",2022-05-23,23.7,16.7,19.9,23.7,16.7,19.9,13.0,67.5,0.04,100,4.17,rain,0,0,38.8,27.5,232.7,1021.2,48.9,16.0,279.3,24.2,9,10,2022-05-23T05:42:44,2022-05-23T20:15:33,0.79,"Rain, Partially cloudy",Clearing in the afternoon with early morning rain.,rain,"KDOV,72408813707,72407513735,KWWD,KMIV,72409313764,DE026",284
14,"Dover, DE, United States",2022-05-24,17.2,14.6,15.9,17.2,14.6,15.9,11.5,76.7,2.4,100,20.83,rain,0,0,40.7,25.8,71.7,1024.1,87.6,16.0,131.4,11.4,5,10,2022-05-24T05:42:04,2022-05-24T20:16:22,0.85,"Rain, Partially cloudy",Partly cloudy throughout the day with morning rain.,rain,"KDOV,72408813707,72407513735,KWWD,KMIV,72409313764,DE026",284
15,"Dover, DE, United States",2022-05-25,20.4,13.5,16.4,20.4,13.5,16.4,10.5,70.6,0.0,0,0.0,,0,0,35.3,25.9,77.7,1026.8,69.4,16.0,280.5,24.3,9,10,2022-05-25T05:41:27,2022-05-25T20:17:11,0.89,Partially cloudy,Partly cloudy throughout the day.,partly-cloudy-day,"KDOV,72408813707,72407513735,KWWD,KMIV,72409313764,DE026",284
16,"Dover, DE, United States",2022-05-26,20.9,14.0,17.4,20.9,14.0,17.4,15.6,89.4,0.0,0,0.0,rain,0,0,25.9,18.3,100.0,1023.6,91.9,13.4,151.0,13.1,8,10,2022-05-26T05:40:52,2022-05-26T20:17:59,0.93,Overcast,Cloudy skies throughout the day.,cloudy,"DE030,KDOV,72408813707,72407513735,KWWD,KMIV,72409313764,DE026",284
17,"Dover, DE, United States",2022-05-27,26.5,18.0,20.5,26.5,18.0,20.5,19.9,96.6,1.0,100,16.67,rain,0,0,44.6,27.4,171.4,1013.2,87.0,12.7,118.1,10.2,6,60,2022-05-27T05:40:18,2022-05-27T20:18:45,0.96,"Rain, Partially cloudy",Partly cloudy throughout the day with afternoon rain.,rain,"DE030,KDOV,72408813707,72407513735,KWWD,KMIV,72409313764,DE026",284
18,"Dover, DE, United States",2022-05-28,25.4,17.4,21.2,25.4,17.4,21.2,16.1,75.7,0.02,100,4.17,rain,0,0,40.7,22.4,248.5,1008.8,52.3,15.9,285.8,24.7,10,10,2022-05-28T05:39:46,2022-05-28T20:19:31,0.99,"Rain, Partially cloudy",Partly cloudy throughout the day with late afternoon rain.,rain,"KDOV,72408813707,72407513735,KWWD,KMIV,72409313764,DE026",284
19,"Dover, DE, United States",2022-05-29,25.8,15.3,21.1,25.8,15.3,21.1,14.7,70.1,0.0,0,0.0,,0,0,21.6,14.7,138.5,1017.1,6.8,16.0,277.7,24.1,9,10,2022-05-29T05:39:16,2022-05-29T20:20:16,1.0,Clear,Clear conditions throughout the day.,clear-day,"KDOV,72408813707,72407513735,KWWD,KMIV,72409313764,DE026",284
20,"Dover, DE, United States",2022-05-30,29.6,17.6,24.0,31.2,17.6,24.5,18.2,72.5,0.0,0,0.0,,0,0,27.7,16.5,186.8,1019.3,5.6,15.8,324.6,28.0,9,60,2022-05-30T05:38:47,2022-05-30T20:21:01,0.0,Clear,Clear conditions throughout the day.,clear-day,"KDOV,72408813707,72407513735,KWWD,KMIV,72409313764,DE026",284
21,"Dover, DE, United States",2022-05-31,33.6,20.2,27.4,35.2,20.2,28.0,19.1,64.7,0.78,100,4.17,rain,0,0,27.0,18.0,241.6,1016.2,3.9,16.0,321.1,27.6,9,60,2022-05-31T05:38:21,2022-05-31T20:21:44,0.0,Rain,Clear conditions throughout the day with afternoon rain.,rain,"KDOV,72408813707,72407513735,KWWD,KMIV,72409313764,DE026",284
22,"Dover, DE, United States",2022-06-01,28.2,18.6,23.8,29.5,18.6,23.9,19.1,76.3,0.0,0,0.0,rain,0,0,31.7,18.3,166.7,1012.5,28.7,15.8,308.6,26.6,9,60,2022-06-01T05:37:56,2022-06-01T20:22:26,0.02,Partially cloudy,Partly cloudy throughout the day.,partly-cloudy-day,"DE030,KDOV,72408813707,72407513735,KWWD,KMIV,72409313764,DE026",284
23,"Dover, DE, United States",2022-06-02,29.4,18.7,22.7,30.6,18.7,22.9,19.8,85.8,0.51,100,16.67,rain,0,0,33.5,16.5,106.7,1007.7,74.2,16.0,228.5,19.9,9,60,2022-06-02T05:37:34,2022-06-02T20:23:06,0.04,"Rain, Partially cloudy",Clearing in the afternoon with late afternoon rain.,rain,"KDOV,72408813707,72407513735,KWWD,KMIV,72409313764,DE026",284
24,"Dover, DE, United States",2022-06-03,26.5,18.9,22.7,26.5,18.9,22.7,16.3,71.7,1.75,100,4.17,rain,0,0,32.7,20.2,258.7,1008.3,47.8,15.5,234.0,20.3,7,10,2022-06-03T05:37:13,2022-06-03T20:23:46,0.07,"Rain, Partially cloudy",Partly cloudy throughout the day with morning rain.,rain,"KDOV,72408813707,72407513735,KWWD,KMIV,72409313764,DE026",284
25,"Dover, DE, United States",2022-06-04,28.7,15.1,22.2,27.4,15.1,22.0,10.3,50.7,0.0,0,0.0,,0,0,27.7,16.4,192.9,1011.9,5.5,16.0,320.7,27.8,9,10,2022-06-04T05:36:54,2022-06-04T20:24:25,0.11,Clear,Clear conditions throughout the day.,clear-day,"KDOV,72408813707,72407513735,KWWD,KMIV,72409313764,DE026",284
26,"Dover, DE, United States",2022-06-05,22.9,15.3,19.4,22.9,15.3,19.4,8.8,52.0,0.0,0,0.0,,0,0,42.5,22.4,134.7,1015.1,2.2,16.0,337.3,29.1,9,10,2022-06-05T05:36:37,2022-06-05T20:25:02,0.14,Clear,Clear conditions throughout the day.,clear-day,"KDOV,72408813707,72407513735,KWWD,KMIV,72409313764,DE026",284
27,"Dover, DE, United States",2022-06-06,25.5,11.9,19.4,25.5,11.9,19.4,9.9,58.0,0.0,0,0.0,,0,0,32.8,22.1,98.7,1017.5,1.1,16.0,332.4,28.9,9,10,2022-06-06T05:36:21,2022-06-06T20:25:38,0.19,Clear,Clear conditions throughout the day.,clear-day,"KDOV,72408813707,72407513735,KWWD,KMIV,72409313764,DE026",284
28,"Dover, DE, United States",2022-06-07,28.1,15.1,21.5,28.1,15.1,21.5,15.4,71.0,0.0,0,0.0,rain,0,0,41.0,29.3,159.1,1016.0,38.7,16.0,241.3,21.0,10,10,2022-06-07T05:36:08,2022-06-07T20:26:13,0.24,Partially cloudy,Becoming cloudy in the afternoon.,partly-cloudy-day,"KDOV,72408813707,72407513735,KWWD,KMIV,72409313764,DE026",284
29,"Dover, DE, United States",2022-06-08,29.0,21.2,25.0,31.0,21.2,25.6,20.7,78.9,0.0,0,0.0,rain,0,0,43.6,18.2,159.6,1011.5,37.0,16.0,277.0,24.2,8,60,2022-06-08T05:35:56,2022-06-08T20:26:46,0.29,Partially cloudy,Becoming cloudy in the afternoon.,partly-cloudy-day,"DE022,DE030,KDOV,72408813707,72407513735,KWWD,KMIV,72409313764,DE026",284
30,"Dover, DE, United States",2022-06-09,28.9,20.3,24.7,28.4,20.3,24.7,16.9,66.8,0.7,100,12.5,rain,0,0,51.8,38.5,248.1,1006.2,47.5,16.0,304.2,26.4,9,60,2022-06-09T05:35:47,2022-06-09T20:27:18,0.35,"Rain, Partially cloudy",Partly cloudy throughout the day with early morning rain.,rain,"DE030,KDOV,72408813707,72407513735,KWWD,KMIV,72409313764,DE026",284
31,"Dover, DE, United States",2022-06-10,27.1,15.8,21.5,26.6,15.8,21.4,11.3,55.0,0.0,0,0.0,,0,0,35.3,20.4,256.0,1011.8,15.1,16.0,298.4,25.9,9,10,2022-06-10T05:35:39,2022-06-10T20:27:49,0.39,Clear,Clear conditions throughout the day.,clear-day,"KDOV,72408813707,72407513735,KWWD,KMIV,72409313764,DE026",284
32,"Dover, DE, United States",2022-06-11,21.7,18.3,20.2,21.7,18.3,20.2,14.6,71.0,0.0,0,0.0,rain,0,0,26.6,14.6,225.0,1013.6,78.8,16.0,78.2,6.7,4,10,2022-06-11T05:35:33,2022-06-11T20:28:18,0.44,Partially cloudy,Partly cloudy throughout the day.,partly-cloudy-day,"KDOV,72408813707,72407513735,KWWD,KMIV,72409313764,DE026",284
33,"Dover, DE, United States",2022-06-12,26.8,16.7,22.0,27.8,16.7,22.1,18.2,80.3,1.03,100,8.33,rain,0,0,27.7,19.4,175.3,1013.8,68.0,16.0,158.3,13.6,6,30,2022-06-12T05:35:29,2022-06-12T20:28:46,0.47,"Rain, Partially cloudy",Partly cloudy throughout the day with rain clearing later.,rain,"KDOV,72408813707,72407513735,KWWD,KMIV,72409313764,DE026",284
34,"Dover, DE, United States",2022-06-13,32.3,21.3,26.7,34.3,21.3,27.8,21.1,74.9,0.5,100,8.33,rain,0,0,31.7,18.2,246.7,1013.1,42.0,15.9,302.1,26.0,9,75,2022-06-13T05:35:27,2022-06-13T20:29:12,0.49,"Rain, Partially cloudy",Partly cloudy throughout the day with rain clearing later.,rain,"KDOV,72408813707,72407513735,KWWD,KMIV,72409313764,DE026",284
35,"Dover, DE, United States",2022-06-14,26.8,17.9,23.1,27.3,17.9,23.1,18.6,77.5,16.35,100,25.0,rain,0,0,30.6,22.2,131.8,1012.5,31.4,16.0,214.3,18.3,9,10,2022-06-14T05:35:27,2022-06-14T20:29:36,0.5,"Rain, Partially cloudy",Partly cloudy throughout the day with rain in the morning and afternoon.,rain,"DE030,KDOV,72408813707,72407513735,KWWD,KMIV,72409313764,DE026",284
36,"Dover, DE, United States",2022-06-15,28.6,16.1,22.5,28.4,16.1,22.5,16.6,73.0,0.0,0,0.0,,0,0,35.6,24.0,148.6,1018.0,7.8,16.0,324.3,27.8,9,10,2022-06-15T05:35:29,2022-06-15T20:29:59,0.51,Clear,Clear conditions throughout the day.,clear-day,"KDOV,72408813707,72407513735,KWWD,KMIV,72409313764,DE026",284
37,"Dover, DE, United States",2022-06-16,28.1,18.4,21.9,28.8,18.4,22.0,18.6,82.8,5.73,100,16.67,rain,0,0,36.0,25.7,141.9,1019.2,68.7,15.5,168.6,14.5,7,10,2022-06-16T05:35:32,2022-06-16T20:30:21,0.53,"Rain, Partially cloudy",Partly cloudy throughout the day with rain in the morning and afternoon.,rain,"DE030,KDOV,72408813707,72407513735,KWWD,KMIV,72409313764,DE026",284
38,"Dover, DE, United States",2022-06-17,34.0,21.6,28.0,37.7,21.6,29.0,19.6,65.3,0.0,0,0.0,rain,0,0,50.4,25.9,245.1,1007.9,6.7,16.0,291.2,25.1,9,100,2022-06-17T05:35:37,2022-06-17T20:30:40,0.57,Clear,Clear conditions throughout the day.,clear-day,"DE030,KDOV,72408813707,72407513735,KWWD,KMIV,72409313764,DE026",284
39,"Dover, DE, United States",2022-06-18,24.8,15.2,21.3,24.8,15.2,21.3,9.8,48.6,0.0,0,0.0,,0,0,51.8,38.5,271.5,1008.2,27.1,16.0,301.0,26.3,10,10,2022-06-18T05:35:44,2022-06-18T20:30:58,0.62,Partially cloudy,Partly cloudy throughout the day.,partly-cloudy-day,"KDOV,72408813707,72407513735,KWWD,KMIV,72409313764,DE026",284
40,"Dover, DE, United States",2022-06-19,24.0,14.0,18.5,24.0,14.0,18.5,3.7,39.5,0.0,0,0.0,,0,0,44.6,34.9,304.0,1016.3,0.0,15.8,345.3,29.7,10,10,2022-06-19T05:35:53,2022-06-19T20:31:15,0.67,Clear,Clear conditions throughout the day.,clear-day,"KDOV,72408813707,72407513735,KWWD,KMIV,72409313764,DE026",284
41,"Dover, DE, United States",2022-06-20,26.4,13.9,20.7,26.4,13.9,20.7,4.8,37.4,0.0,0,0.0,,0,0,38.5,21.9,233.8,1017.7,4.5,14.4,340.8,29.6,9,10,2022-06-20T05:36:03,2022-06-20T20:31:29,0.72,Clear,Clear conditions throughout the day.,clear-day,"KDOV,72408813707,72407513735,KWWD,KMIV,72409313764,DE026",284
42,"Dover, DE, United States",2022-06-21,27.8,14.6,21.5,27.2,14.6,21.5,11.3,54.3,0.0,0,0.0,,0,0,16.6,14.8,185.5,1020.0,31.9,16.0,251.0,21.6,8,10,2022-06-21T05:36:16,2022-06-21T20:31:42,0.77,Partially cloudy,Becoming cloudy in the afternoon.,partly-cloudy-day,"KDOV,72408813707,72407513735,KWWD,KMIV,72409313764,DE026",284
43,"Dover, DE, United States",2022-06-22,25.3,17.8,20.8,25.3,17.8,20.8,17.2,80.7,1.97,100,8.33,rain,0,0,46.4,33.3,125.3,1014.4,45.9,15.9,209.9,18.2,9,10,2022-06-22T05:36:29,2022-06-22T20:31:53,0.82,"Rain, Partially cloudy",Partly cloudy throughout the day with late afternoon rain.,rain,"KDOV,72408813707,72407513735,KWWD,KMIV,72409313764,DE026",284
44,"Dover, DE, United States",2022-06-23,22.8,18.0,19.6,22.8,18.0,19.6,18.0,91.0,2.87,100,45.83,rain,0,0,34.2,23.0,137.2,1013.7,88.7,15.9,98.0,8.4,6,10,2022-06-23T05:36:45,2022-06-23T20:32:02,0.87,"Rain, Partially cloudy",Partly cloudy throughout the day with a chance of rain throughout the day.,rain,"KDOV,72408813707,72407513735,KWWD,KMIV,72409313764,DE026",284
45,"Dover, DE, United States",2022-06-24,26.0,15.4,21.0,26.0,15.4,21.0,17.8,83.5,0.0,0,0.0,,0,0,15.8,13.0,138.0,1017.2,35.1,15.0,287.8,24.9,10,30,2022-06-24T05:37:02,2022-06-24T20:32:10,0.91,Partially cloudy,Partly cloudy throughout the day.,partly-cloudy-day,"KDOV,72408813707,72407513735,KWWD,KMIV,72409313764,DE026",284
46,"Dover, DE, United States",2022-06-25,30.3,18.3,24.2,31.2,18.3,24.6,18.8,75.1,0.0,0,0.0,,0,0,24.5,16.5,185.1,1019.8,9.5,16.0,332.7,28.7,10,60,2022-06-25T05:37:21,2022-06-25T20:32:15,0.95,Clear,Clear conditions throughout the day.,clear-day,"KDOV,72408813707,72407513735,KWWD,KMIV,72409313764,DE026",284
47,"Dover, DE, United States",2022-06-26,32.3,18.8,25.6,31.1,18.8,25.4,16.2,61.4,0.0,0,0.0,,0,0,38.5,27.6,184.4,1019.1,3.4,16.0,291.5,25.0,9,10,2022-06-26T05:37:42,2022-06-26T20:32:19,0.97,Clear,Clear conditions throughout the day.,clear-day,"KDOV,72408813707,72407513735,KWWD,KMIV,72409313764,DE026",284
48,"Dover, DE, United States",2022-06-27,29.2,21.9,24.3,31.4,21.9,24.6,21.3,84.5,1.69,100,16.67,rain,0,0,43.9,27.3,217.0,1015.3,43.9,14.3,135.0,11.8,6,60,2022-06-27T05:38:04,2022-06-27T20:32:21,0.99,"Rain, Partially cloudy",Partly cloudy throughout the day with rain.,rain,"DE030,KDOV,72408813707,72407513735,KWWD,KMIV,72409313764,DE026",284
49,"Dover, DE, United States",2022-06-28,26.5,16.7,22.0,26.5,16.7,22.0,10.6,51.5,0.0,0,0.0,rain,0,0,54.7,25.6,277.0,1020.7,2.4,15.9,335.3,28.9,9,10,2022-06-28T05:38:27,2022-06-28T20:32:21,1.0,Clear,Clear conditions throughout the day.,clear-day,"KDOV,72408813707,72407513735,KWWD,KMIV,72409313764,DE026",284
50,"Dover, DE, United States",2022-06-29,30.1,16.5,23.5,29.3,16.5,23.3,13.7,58.4,0.0,0,0.0,,0,0,37.1,20.4,208.7,1023.2,11.1,16.0,330.3,28.5,9,10,2022-06-29T05:38:52,2022-06-29T20:32:19,0.0,Clear,Clear conditions throughout the day.,clear-day,"DE022,KDOV,72408813707,72407513735,KWWD,KMIV,72409313764,DE026",284
51,"Dover, DE, United States",2022-06-30,31.8,19.3,25.9,30.3,19.3,25.6,16.0,60.3,0.0,0,0.0,,0,0,27.0,20.1,175.1,1022.2,7.5,16.0,311.0,27.0,9,60,2022-06-30T05:39:19,2022-06-30T20:32:15,0.01,Clear,Clear conditions throughout the day.,clear-day,"KDOV,72408813707,72407513735,KWWD,KMIV,72409313764,DE026",284
52,"Dover, DE, United States",2022-07-01,34.1,22.1,27.5,35.1,22.1,28.1,20.2,68.9,0.0,0,0.0,rain,0,0,44.6,31.4,197.6,1018.0,5.4,16.0,279.0,24.2,9,100,2022-07-01T05:39:47,2022-07-01T20:32:09,0.03,Clear,Clear conditions throughout the day.,clear-day,"KDOV,72408813707,72407513735,KWWD,KMIV,72409313764,DE026",284
53,"Dover, DE, United States",2022-07-02,32.1,23.2,27.5,35.4,23.2,28.9,21.6,71.6,1.33,100,8.33,rain,0,0,92.5,27.5,225.2,1014.2,45.0,15.8,261.1,22.5,9,75,2022-07-02T05:40:16,2022-07-02T20:32:02,0.05,"Rain, Partially cloudy",Becoming cloudy in the afternoon with late afternoon rain.,rain,"DE055,DE030,KDOV,72408813707,72407513735,KWWD,KMIV,72409313764,DE026",284
54,"Dover, DE, United States",2022-07-03,30.1,20.3,24.5,30.1,20.3,24.6,20.4,81.4,20.84,100,33.33,rain,0,0,29.5,20.3,230.3,1016.2,39.2,16.0,214.3,18.5,8,60,2022-07-03T05:40:47,2022-07-03T20:31:52,0.08,"Rain, Partially cloudy",Partly cloudy throughout the day with rain clearing later.,rain,"DE055,KDOV,72408813707,72407513735,KWWD,KMIV,72409313764,DE026",284
55,"Dover, DE, United States",2022-07-04,29.0,17.7,23.6,28.1,17.7,23.3,13.1,57.3,0.0,0,0.0,,0,0,22.3,16.3,157.6,1020.8,0.0,16.0,331.6,28.6,9,10,2022-07-04T05:41:19,2022-07-04T20:31:41,0.12,Clear,Clear conditions throughout the day.,clear-day,"KDOV,72408813707,72407513735,KWWD,KMIV,72409313764,DE026",284
56,"Dover, DE, United States",2022-07-05,30.5,19.3,23.6,31.8,19.3,23.8,18.9,77.5,27.27,100,20.83,rain,0,0,48.2,38.4,182.1,1016.0,53.3,15.3,191.7,16.6,8,10,2022-07-05T05:41:52,2022-07-05T20:31:27,0.17,"Rain, Partially cloudy",Partly cloudy throughout the day with rain.,rain,"KDOV,72408813707,72407513735,KWWD,KMIV,72409313764,DE026",284
57,"Dover, DE, United States",2022-07-06,31.3,22.2,26.4,35.4,22.2,27.9,22.7,82.2,0.18,100,4.17,rain,0,0,26.3,20.4,191.1,1011.4,31.8,14.6,228.4,20.0,7,60,2022-07-06T05:42:26,2022-07-06T20:31:12,0.22,"Rain, Partially cloudy",Becoming cloudy in the afternoon with late afternoon rain.,rain,"DE030,KDOV,72408813707,72407513735,KWWD,KMIV,72409313764,DE026",284
58,"Dover, DE, United States",2022-07-07,25.0,21.1,23.2,25.0,21.1,23.2,21.9,92.7,3.71,100,25.0,rain,0,0,37.1,18.3,53.2,1014.1,86.2,14.7,114.5,10.0,4,30,2022-07-07T05:43:02,2022-07-07T20:30:55,0.27,"Rain, Partially cloudy",Partly cloudy throughout the day with rain clearing later.,rain,"DE030,KDOV,72408813707,72407513735,KWWD,KMIV,72409313764,DE026",284
59,"Dover, DE, United States",2022-07-08,27.7,18.4,23.5,30.0,18.4,23.9,20.9,86.2,0.0,0,0.0,rain,0,0,16.2,14.6,96.8,1016.0,41.6,15.9,268.4,23.1,9,10,2022-07-08T05:43:39,2022-07-08T20:30:36,0.33,Partially cloudy,Clearing in the afternoon.,partly-cloudy-day,"KDOV,72408813707,72407513735,KWWD,KMIV,72409313764,DE026",284
60,"Dover, DE, United States",2022-07-09,23.8,19.8,21.8,23.8,19.8,21.8,21.5,98.3,5.38,100,37.5,rain,0,0,30.2,23.8,114.7,1016.2,52.1,14.6,53.5,4.6,2,10,2022-07-09T05:44:17,2022-07-09T20:30:14,0.38,"Rain, Partially cloudy",Partly cloudy throughout the day with a chance of rain throughout the day.,rain,"KDOV,72408813707,72407513735,KWWD,KMIV,72409313764,DE026",284
61,"Dover, DE, United States",2022-07-10,26.0,18.8,22.3,26.0,18.8,22.3,17.4,76.5,0.0,0,0.0,,0,0,25.9,18.3,155.9,1017.2,36.0,16.0,272.9,23.6,8,10,2022-07-10T05:44:56,2022-07-10T20:29:51,0.42,Partially cloudy,Partly cloudy throughout the day.,partly-cloudy-day,"KDOV,72408813707,72407513735,KWWD,KMIV,72409313764,DE026",284
62,"Dover, DE, United States",2022-07-11,26.8,14.2,21.4,26.6,14.2,21.4,15.3,73.2,0.0,0,0.0,,0,0,29.9,18.1,95.9,1014.7,0.0,15.7,330.1,28.6,9,10,2022-07-11T05:45:36,2022-07-11T20:29:27,0.46,Clear,Clear conditions throughout the day.,clear-day,"KDOV,72408813707,72407513735,KWWD,KMIV,72409313764,DE026",284
63,"Dover, DE, United States",2022-07-12,32.0,20.2,25.3,35.8,20.2,26.6,21.3,80.8,1.82,100,8.33,rain,0,0,73.8,27.3,202.8,1009.9,19.6,16.0,290.1,25.1,9,60,2022-07-12T05:46:18,2022-07-12T20:29:00,0.49,Rain,Clear conditions throughout the day with late afternoon rain.,rain,"KDOV,72408813707,72407513735,KWWD,KMIV,72409313764,DE026",284
64,"Dover, DE, United States",2022-07-13,31.1,22.0,26.4,33.3,22.0,27.1,20.4,71.9,0.01,100,4.17,rain,0,0,37.1,18.3,187.4,1011.9,21.7,16.0,321.7,27.9,10,60,2022-07-13T05:47:00,2022-07-13T20:28:31,0.5,"Rain, Partially cloudy",Partly cloudy throughout the day with early morning rain.,rain,"KDOV,72408813707,72407513735,KWWD,KMIV,72409313764,DE026",284
65,"Dover, DE, United States",2022-07-14,31.4,22.8,27.1,32.0,22.8,27.4,19.3,65.7,0.0,0,0.0,,0,0,33.5,23.9,253.2,1014.8,8.5,16.0,327.7,28.2,9,60,2022-07-14T05:47:43,2022-07-14T20:28:00,0.51,Clear,Clear conditions throughout the day.,clear-day,"KDOV,72408813707,72407513735,KWWD,KMIV,72409313764,DE026",284
66,"Dover, DE, United States",2022-07-15,28.4,21.7,24.5,30.9,21.7,24.9,20.6,79.3,0.1,100,16.67,rain,0,0,24.1,14.8,181.7,1019.2,30.0,16.0,229.2,19.9,9,60,2022-07-15T05:48:27,2022-07-15T20:27:28,0.53,"Rain, Partially cloudy",Partly cloudy throughout the day with rain.,rain,"KDOV,72408813707,72407513735,KWWD,KMIV,72409313764,DE026",284
67,"Dover, DE, United States",2022-07-16,28.4,20.4,23.7,30.9,20.4,24.3,21.7,89.7,10.11,100,29.17,rain,0,0,66.6,16.4,101.1,1018.6,38.2,13.6,218.0,18.7,8,60,2022-07-16T05:49:11,2022-07-16T20:26:54,0.55,"Rain, Partially cloudy",Partly cloudy throughout the day with rain.,rain,"KDOV,72408813707,72407513735,KWWD,KMIV,72409313764,DE026",284
68,"Dover, DE, United States",2022-07-17,28.0,20.2,24.8,32.9,20.2,26.0,22.6,88.9,0.01,100,4.17,rain,0,0,18.7,12.9,127.5,1016.5,38.2,14.8,200.0,17.2,8,100,2022-07-17T05:49:57,2022-07-17T20:26:18,0.6,"Rain, Partially cloudy",Becoming cloudy in the afternoon with afternoon rain.,rain,"KDOV,72408813707,72407513735,KWWD,KMIV,72409313764,DE026",284
69,"Dover, DE, United States",2022-07-18,32.8,23.8,27.5,36.4,23.8,29.1,23.3,80.9,2.53,100,8.33,rain,0,0,44.6,29.3,188.5,1012.6,33.7,16.0,267.0,23.0,8,100,2022-07-18T05:50:43,2022-07-18T20:25:40,0.65,"Rain, Partially cloudy",Partly cloudy throughout the day with late afternoon rain.,rain,"KDOV,72408813707,72407513735,KWWD,KMIV,72409313764,DE026",284
70,"Dover, DE, United States",2022-07-19,31.5,23.6,27.0,32.0,23.6,27.5,20.8,72.4,0.0,0,0.0,,0,0,35.3,16.6,244.9,1010.5,23.8,16.0,302.5,26.2,9,30,2022-07-19T05:51:30,2022-07-19T20:25:00,0.7,Partially cloudy,Partly cloudy throughout the day.,partly-cloudy-day,"KDOV,72408813707,72407513735,KWWD,KMIV,72409313764,DE026",284
71,"Dover, DE, United States",2022-07-20,33.4,23.1,28.4,34.9,23.1,29.4,21.1,68.7,0.0,0,0.0,,0,0,40.7,20.3,218.1,1009.1,4.8,16.0,313.0,26.9,9,60,2022-07-20T05:52:18,2022-07-20T20:24:19,0.75,Clear,Clear conditions throughout the day.,clear-day,"KDOV,72408813707,72407513735,KWWD,KMIV,72409313764,DE026",284
72,"Dover, DE, United States",2022-07-21,33.9,24.4,28.3,39.7,24.4,31.0,23.8,77.9,0.03,100,8.33,rain,0,0,50.0,23.9,206.3,1006.3,19.1,16.0,267.9,23.0,8,100,2022-07-21T05:53:07,2022-07-21T20:23:35,0.8,Rain,Clear conditions throughout the day with late afternoon rain.,rain,"DE030,KDOV,72408813707,72407513735,KWWD,KMIV,72409313764,DE026",284
73,"Dover, DE, United States",2022-07-22,33.7,23.5,28.3,34.8,23.5,29.2,20.7,67.6,0.0,0,0.0,,0,0,32.8,18.2,239.9,1012.4,7.8,16.0,298.4,25.8,9,30,2022-07-22T05:53:56,2022-07-22T20:22:50,0.85,Clear,Clear conditions throughout the day.,clear-day,"KDOV,72408813707,72407513735,KWWD,KMIV,72409313764,DE026",284
74,"Dover, DE, United States",2022-07-23,34.9,24.3,29.6,37.7,24.3,31.2,21.3,63.5,0.0,0,0.0,,0,0,31.7,18.2,237.8,1016.4,9.0,15.9,317.6,27.3,9,60,2022-07-23T05:54:45,2022-07-23T20:22:04,0.89,Clear,Clear conditions throughout the day.,clear-day,"KDOV,72408813707,72407513735,KWWD,KMIV,72409313764,DE026",284
75,"Dover, DE, United States",2022-07-24,35.4,23.0,29.0,39.8,23.0,31.1,21.4,65.8,0.0,0,0.0,,0,0,46.8,25.6,223.4,1016.6,4.3,16.0,285.2,24.7,9,100,2022-07-24T05:55:35,2022-07-24T20:21:15,0.93,Clear,Clear conditions throughout the day.,clear-day,"KDOV,72408813707,72407513735,KWWD,KMIV,72409313764,DE026",284
76,"Dover, DE, United States",2022-07-25,33.6,24.2,28.8,38.9,24.2,32.2,23.4,73.7,0.03,100,4.17,rain,0,0,53.6,29.1,210.4,1013.3,24.9,16.0,178.0,15.4,7,100,2022-07-25T05:56:26,2022-07-25T20:20:25,0.96,"Rain, Partially cloudy",Becoming cloudy in the afternoon with late afternoon rain.,rain,"DE030,KDOV,72408813707,72407513735,KWWD,KMIV,72409313764,DE026",284
77,"Dover, DE, United States",2022-07-26,26.1,23.3,24.5,26.1,23.3,24.5,22.0,86.8,0.02,100,4.17,rain,0,0,34.9,18.2,183.3,1015.9,50.6,16.0,101.8,8.8,4,30,2022-07-26T05:57:17,2022-07-26T20:19:34,0.98,"Rain, Partially cloudy",Partly cloudy throughout the day with afternoon rain.,rain,"DE030,KDOV,72408813707,72407513735,KWWD,KMIV,72409313764,DE026",284
78,"Dover, DE, United States",2022-07-27,29.2,22.5,25.3,31.6,22.5,26.1,22.5,85.9,0.04,100,16.67,rain,0,0,20.2,16.4,117.0,1014.1,51.4,14.7,203.5,17.4,7,30,2022-07-27T05:58:09,2022-07-27T20:18:41,1.0,"Rain, Partially cloudy",Partly cloudy throughout the day with a chance of rain throughout the day.,rain,"KDOV,72408813707,72407513735,KWWD,KMIV,72409313764,DE026",284
79,"Dover, DE, United States",2022-07-28,33.3,24.1,28.1,36.8,24.1,29.9,23.1,77.4,0.01,100,4.17,rain,0,0,34.9,25.5,219.6,1011.3,28.2,16.0,249.7,21.6,8,75,2022-07-28T05:59:01,2022-07-28T20:17:46,1.0,"Rain, Partially cloudy",Partly cloudy throughout the day with late afternoon rain.,rain,"KDOV,72408813707,72407513735,KWWD,KMIV,72409313764,DE026",284
80,"Dover, DE, United States",2022-07-29,31.8,22.4,26.5,33.6,22.4,27.4,21.0,73.4,0.0,0,0.0,rain,0,0,42.8,16.5,214.0,1013.1,45.3,16.0,136.4,11.7,5,60,2022-07-29T05:59:53,2022-07-29T20:16:49,0.0,Partially cloudy,Becoming cloudy in the afternoon.,partly-cloudy-day,"KDOV,72408813707,72407513735,KWWD,KMIV,72409313764,DE026",284
81,"Dover, DE, United States",2022-07-30,30.4,23.3,26.4,29.6,23.3,26.2,16.8,60.0,0.03,100,4.17,rain,0,0,40.7,22.1,284.0,1017.8,33.5,16.0,286.5,24.9,9,10,2022-07-30T06:00:45,2022-07-30T20:15:51,0.01,"Rain, Partially cloudy",Clearing in the afternoon with early morning rain.,rain,"KDOV,72408813707,72407513735,KWWD,KMIV,72409313764,DE026",284
82,"Dover, DE, United States",2022-07-31,31.3,21.8,25.5,32.9,21.8,25.7,18.6,67.8,0.0,0,0.0,rain,0,0,25.6,31.2,177.8,1020.6,33.3,16.0,217.7,18.8,9,10,2022-07-31T06:01:38,2022-07-31T20:14:52,0.04,Partially cloudy,Becoming cloudy in the afternoon.,partly-cloudy-day,"KDOV,72408813707,72407513735,KWWD,KMIV,72409313764,DE026",284
83,"Dover, DE, United States",2022-08-01,28.7,22.2,24.7,29.7,22.2,24.9,21.0,82.2,0.78,100,8.33,rain,0,0,25.9,16.5,230.0,1014.3,72.2,15.8,187.3,16.1,8,10,2022-08-01T06:02:32,2022-08-01T20:13:51,0.07,"Rain, Partially cloudy",Partly cloudy throughout the day with early morning rain.,rain,"KDOV,72408813707,72407513735,KWWD,KMIV,72409313764,DE026",284
84,"Dover, DE, United States",2022-08-02,33.1,20.9,27.1,34.7,20.9,28.0,20.7,71.8,0.08,100,4.17,rain,0,0,38.9,20.4,240.8,1011.2,19.9,15.9,257.4,22.1,8,60,2022-08-02T06:03:25,2022-08-02T20:12:48,0.1,Rain,Clear conditions throughout the day with early morning rain.,rain,"KDOV,72408813707,72407513735,KWWD,KMIV,72409313764,DE026",284
85,"Dover, DE, United States",2022-08-03,31.9,20.9,26.7,33.2,20.9,27.2,19.2,65.9,0.0,0,0.0,,0,0,25.9,16.5,143.7,1015.5,4.5,16.0,305.7,26.3,9,30,2022-08-03T06:04:19,2022-08-03T20:11:45,0.14,Clear,Clear conditions throughout the day.,clear-day,"KDOV,72408813707,72407513735,KWWD,KMIV,72409313764,DE026",284
86,"Dover, DE, United States",2022-08-04,35.4,21.9,28.2,39.5,21.9,30.2,22.1,74.1,14.81,100,12.5,rain,0,0,62.8,37.6,187.0,1017.8,28.0,14.2,278.3,23.9,9,75,2022-08-04T06:05:13,2022-08-04T20:10:39,0.2,"Rain, Partially cloudy",Clearing in the afternoon with late afternoon rain.,rain,"DE022,KDOV,72408813707,72407513735,KWWD,KMIV,72409313764,DE026",284
87,"Dover, DE, United States",2022-08-05,30.2,22.2,25.6,35.0,22.2,27.0,22.4,83.9,0.15,100,12.5,rain,0,0,54.7,23.8,197.9,1020.9,25.6,16.0,236.4,20.3,8,75,2022-08-05T06:06:07,2022-08-05T20:09:33,0.25,"Rain, Partially cloudy",Partly cloudy throughout the day with rain.,rain,"KDOV,72408813707,72407513735,KWWD,KMIV,72409313764,DE026",284
88,"Dover, DE, United States",2022-08-06,31.3,21.8,26.2,35.6,21.8,27.8,22.6,82.7,0.0,0,0.0,,0,0,33.5,29.1,193.9,1023.1,42.8,16.0,223.9,19.2,8,100,2022-08-06T06:07:01,2022-08-06T20:08:25,0.31,Partially cloudy,Partly cloudy throughout the day.,partly-cloudy-day,"KDOV,72408813707,72407513735,KWWD,KMIV,72409313764,DE026",284
89,"Dover, DE, United States",2022-08-07,32.6,24.2,28.0,35.6,24.2,29.7,22.9,76.7,0.0,0,0.0,rain,0,0,37.1,29.2,192.2,1021.9,11.7,16.0,285.4,24.8,9,60,2022-08-07T06:07:56,2022-08-07T20:07:15,0.36,Clear,Clear conditions throughout the day.,clear-day,"KDOV,72408813707,72407513735,KWWD,KMIV,72409313764,DE026",284
90,"Dover, DE, United States",2022-08-08,33.3,24.7,28.7,37.7,24.7,31.5,23.8,77.4,0.0,0,0.0,,0,0,39.2,25.7,197.3,1017.2,10.5,16.0,302.9,25.9,10,75,2022-08-08T06:08:51,2022-08-08T20:06:05,0.41,Clear,Clear conditions throughout the day.,clear-day,"KDOV,72408813707,72407513735,KWWD,KMIV,72409313764,DE026",284
91,"Dover, DE, United States",2022-08-09,34.5,25.9,30.0,39.5,25.9,33.6,23.7,71.4,0.0,0,0.0,,0,0,37.1,24.0,216.8,1014.7,10.1,16.0,291.0,25.1,9,75,2022-08-09T06:09:45,2022-08-09T20:04:53,0.45,Clear,Clear conditions throughout the day.,clear-day,"DE030,KDOV,72408813707,72407513735,KWWD,KMIV,72409313764,DE026",284
92,"Dover, DE, United States",2022-08-10,32.9,23.4,27.4,36.5,23.4,29.4,23.2,80.0,22.03,100,20.83,rain,0,0,59.4,18.2,274.5,1016.2,44.5,15.5,238.1,20.5,9,60,2022-08-10T06:10:40,2022-08-10T20:03:40,0.48,"Rain, Partially cloudy",Becoming cloudy in the afternoon with late afternoon rain.,rain,"DE055,KDOV,72408813707,72407513735,KWWD,KMIV,72409313764,DE026",284
93,"Dover, DE, United States",2022-08-11,29.7,23.0,25.6,30.7,23.0,26.0,21.1,79.1,2.33,100,25.0,rain,0,0,30.2,16.4,255.4,1013.3,59.4,15.9,245.4,21.3,10,60,2022-08-11T06:11:35,2022-08-11T20:02:26,0.5,"Rain, Partially cloudy",Partly cloudy throughout the day with rain clearing later.,rain,"KDOV,72408813707,72407513735,KWWD,KMIV,72409313764,DE026",284
94,"Dover, DE, United States",2022-08-12,28.6,18.8,24.2,28.0,18.8,24.1,15.4,60.4,0.03,100,4.17,rain,0,0,36.0,24.0,277.3,1015.1,26.0,16.0,289.2,24.9,10,30,2022-08-12T06:12:30,2022-08-12T20:01:10,0.5,"Rain, Partially cloudy",Clearing in the afternoon with morning rain.,rain,"KDOV,72408813707,72407513735,KWWD,KMIV,72409313764,DE026",284
95,"Dover, DE, United States",2022-08-13,26.9,15.4,21.5,26.7,15.4,21.4,11.0,55.0,0.0,0,0.0,,0,0,32.0,25.7,251.8,1018.6,0.0,16.0,309.3,26.8,9,10,2022-08-13T06:13:25,2022-08-13T19:59:54,0.52,Clear,Clear conditions throughout the day.,clear-day,"KDOV,72408813707,72407513735,KWWD,KMIV,72409313764,DE026",284
96,"Dover, DE, United States",2022-08-14,27.4,17.5,21.7,27.3,17.5,21.7,13.6,61.7,0.0,0,0.0,,0,0,25.2,20.4,150.6,1017.5,29.6,16.0,246.1,21.2,9,10,2022-08-14T06:14:20,2022-08-14T19:58:36,0.54,Partially cloudy,Partly cloudy throughout the day.,partly-cloudy-day,"KDOV,72408813707,72407513735,KWWD,KMIV,72409313764,DE026",284
97,"Dover, DE, United States",2022-08-15,26.6,18.5,22.1,26.6,18.5,22.1,15.4,67.3,0.0,0,0.0,,0,0,35.3,18.0,154.7,1015.2,46.6,16.0,235.6,20.5,9,30,2022-08-15T06:15:15,2022-08-15T19:57:18,0.58,Partially cloudy,Partly cloudy throughout the day.,partly-cloudy-day,"KDOV,72408813707,72407513735,KWWD,KMIV,72409313764,DE026",284
98,"Dover, DE, United States",2022-08-16,26.6,16.2,21.7,26.6,16.2,21.7,15.6,70.6,0.0,0,0.0,,0,0,38.1,20.6,76.8,1015.2,17.9,16.0,281.8,24.3,8,10,2022-08-16T06:16:10,2022-08-16T19:55:58,0.62,Clear,Clear conditions throughout the day.,clear-day,"KDOV,72408813707,72407513735,KWWD,KMIV,72409313764,DE026",284
99,"Dover, DE, United States",2022-08-17,27.3,16.2,21.3,27.1,16.2,21.3,15.1,70.8,0.0,0,0.0,rain,0,0,25.9,20.1,168.8,1015.6,6.3,16.0,244.8,21.2,10,30,2022-08-17T06:17:05,2022-08-17T19:54:37,0.67,Clear,Clear conditions throughout the day.,clear-day,"KDOV,72408813707,72407513735,KWWD,KMIV,72409313764,DE026",284
100,"Dover, DE, United States",2022-08-18,28.9,16.6,22.8,28.3,16.6,22.7,15.1,65.3,0.0,0,0.0,,0,0,31.7,20.5,243.1,1014.3,3.3,16.0,296.8,25.5,9,10,2022-08-18T06:18:00,2022-08-18T19:53:15,0.72,Clear,Clear conditions throughout the day.,clear-day,"KDOV,72408813707,72407513735,KWWD,KMIV,72409313764,DE026",284
101,"Dover, DE, United States",2022-08-19,30.4,19.6,24.8,30.9,19.6,25.1,18.8,72.6,0.0,0,0.0,rain,0,0,27.7,16.5,183.0,1018.1,9.9,15.8,273.6,23.5,9,60,2022-08-19T06:18:55,2022-08-19T19:51:53,0.77,Clear,Clear conditions throughout the day.,clear-day,"KDOV,72408813707,72407513735,KWWD,KMIV,72409313764,DE026",284
102,"Dover, DE, United States",2022-08-20,30.0,19.5,24.7,30.2,19.5,24.9,18.7,71.7,0.0,0,0.0,rain,0,0,29.5,20.5,125.5,1020.8,17.8,16.0,276.9,23.9,10,30,2022-08-20T06:19:49,2022-08-20T19:50:29,0.82,Clear,Clear conditions throughout the day.,clear-day,"KDOV,72408813707,72407513735,KWWD,KMIV,72409313764,DE026",284
103,"Dover, DE, United States",2022-08-21,27.9,18.3,23.5,29.2,18.3,23.7,21.5,89.7,0.0,0,0.0,rain,0,0,28.1,16.6,102.3,1018.7,34.1,13.4,157.8,13.7,7,60,2022-08-21T06:20:44,2022-08-21T19:49:05,0.86,Partially cloudy,Partly cloudy throughout the day.,partly-cloudy-day,"KDOV,72408813707,72407513735,KWWD,KMIV,72409313764,DE026",284
104,"Dover, DE, United States",2022-08-22,28.8,22.4,24.8,32.6,22.4,25.7,23.1,91.2,11.0,100,33.33,rain,0,0,20.9,18.2,153.6,1012.2,52.8,15.5,194.1,16.8,9,100,2022-08-22T06:21:39,2022-08-22T19:47:40,0.9,"Rain, Partially cloudy",Partly cloudy throughout the day with rain clearing later.,rain,"KDOV,72408813707,72407513735,KWWD,KMIV,72409313764,DE026",284
105,"Dover, DE, United States",2022-08-23,29.6,21.1,25.2,30.5,21.1,25.5,20.0,75.3,0.03,100,4.17,rain,0,0,27.8,20.4,271.0,1010.8,32.1,16.0,256.4,22.3,8,60,2022-08-23T06:22:34,2022-08-23T19:46:13,0.94,"Rain, Partially cloudy",Partly cloudy throughout the day with early morning rain.,rain,"KDOV,72408813707,72407513735,KWWD,KMIV,72409313764,DE026",284
106,"Dover, DE, United States",2022-08-24,31.2,19.9,25.5,30.4,19.9,25.4,17.4,65.6,0.0,0,0.0,,0,0,33.5,20.1,290.8,1015.2,0.0,16.0,274.6,23.6,8,30,2022-08-24T06:23:29,2022-08-24T19:44:46,0.97,Clear,Clear conditions throughout the day.,clear-day,"KDOV,72407513735,KWWD,KMIV,72409313764,DE026",284
107,"Dover, DE, United States",2022-08-25,31.8,19.8,25.7,32.1,19.8,25.9,18.3,67.2,0.0,0,0.0,,0,0,21.2,14.6,207.0,1017.3,12.6,15.9,220.7,19.1,8,30,2022-08-25T06:24:23,2022-08-25T19:43:19,0.99,Clear,Clear conditions throughout the day.,clear-day,"KDOV,72407513735,KWWD,KMIV,72409313764,DE026",284
108,"Dover, DE, United States",2022-08-26,32.2,21.9,26.7,33.9,21.9,27.7,20.9,72.8,0.25,100,8.33,rain,0,0,37.1,28.8,205.6,1014.5,15.5,16.0,212.0,18.1,7,100,2022-08-26T06:25:18,2022-08-26T19:41:50,1.0,Rain,Clear conditions throughout the day with afternoon rain.,rain,"KDOV,72407513735,KWWD,KMIV,72409313764,DE026",284
109,"Dover, DE, United States",2022-08-27,31.7,22.1,26.0,32.6,22.1,26.6,21.3,78.5,0.0,0,0.0,rain,0,0,23.4,16.4,137.8,1015.2,9.4,15.4,221.7,19.0,7,100,2022-08-27T06:26:13,2022-08-27T19:40:21,0.0,Clear,Clear conditions throughout the day.,clear-day,"KDOV,72407513735,KWWD,KMIV,72409313764,DE026",284
110,"Dover, DE, United States",2022-08-28,29.8,21.4,25.2,33.1,21.4,26.1,22.9,88.5,0.14,100,8.33,rain,0,0,31.7,23.7,102.6,1019.0,42.3,12.4,181.4,15.6,9,75,2022-08-28T06:27:07,2022-08-28T19:38:51,0.01,"Rain, Partially cloudy",Partly cloudy throughout the day with afternoon rain.,rain,"KDOV,72408813707,72407513735,KWWD,KMIV,72409313764,DE026",284
111,"Dover, DE, United States",2022-08-29,30.5,20.9,25.6,33.2,20.9,26.9,22.5,85.0,0.0,0,0.0,,0,0,30.2,22.1,97.6,1019.1,11.2,12.1,223.2,19.2,8,60,2022-08-29T06:28:02,2022-08-29T19:37:21,0.02,Clear,Clear conditions throughout the day.,clear-day,"KDOV,72408813707,72407513735,KWWD,KMIV,72409313764,DE026",284
112,"Dover, DE, United States",2022-08-30,33.2,22.9,26.3,35.1,22.9,27.6,22.8,84.3,1.86,100,8.33,rain,0,0,72.2,29.0,179.4,1012.5,60.3,15.1,231.9,20.0,8,75,2022-08-30T06:28:56,2022-08-30T19:35:50,0.05,"Rain, Partially cloudy",Partly cloudy throughout the day with late afternoon rain.,rain,"KDOV,72407513735,KWWD,KMIV,72409313764,DE026",284
113,"Dover, DE, United States",2022-08-31,29.2,20.8,24.6,28.5,20.8,24.5,17.1,68.0,0.0,0,0.0,,0,0,37.0,27.5,258.0,1011.1,10.0,16.0,281.5,24.3,9,30,2022-08-31T06:29:50,2022-08-31T19:34:18,0.09,Clear,Clear conditions throughout the day.,clear-day,"KDOV,72407513735,KWWD,KMIV,72409313764,DE026",284
114,"Dover, DE, United States",2022-09-01,30.4,17.8,24.2,29.5,17.8,23.9,14.2,57.2,0.0,0,0.0,,0,0,33.5,22.2,225.7,1015.1,0.0,16.0,270.1,23.2,8,10,2022-09-01T06:30:45,2022-09-01T19:32:46,0.13,Clear,Clear conditions throughout the day.,clear-day,"KDOV,72407513735,KWWD,KMIV,72409313764,DE026",284
115,"Dover, DE, United States",2022-09-02,27.7,17.4,22.8,27.6,17.4,22.8,15.0,62.9,0.0,0,0.0,,0,0,37.1,22.2,92.5,1022.0,0.1,16.0,258.7,22.5,8,10,2022-09-02T06:31:39,2022-09-02T19:31:13,0.18,Clear,Clear conditions throughout the day.,clear-day,"KDOV,72407513735,KWWD,KMIV,72409313764,DE026",284
116,"Dover, DE, United States",2022-09-03,28.5,17.8,23.2,28.7,17.8,23.4,18.7,78.0,0.0,0,0.0,,0,0,27.7,20.0,144.8,1023.6,11.7,16.0,251.5,21.9,8,10,2022-09-03T06:32:33,2022-09-03T19:29:40,0.24,Clear,Clear conditions throughout the day.,clear-day,"KDOV,72407513735,KWWD,KMIV,72409313764,DE026",284
117,"Dover, DE, United States",2022-09-04,30.3,19.3,24.4,32.0,19.3,24.9,19.3,75.9,0.0,0,0.0,,0,0,25.6,18.1,161.5,1020.1,2.4,16.0,249.8,21.8,9,30,2022-09-04T06:33:27,2022-09-04T19:28:06,0.29,Clear,Clear conditions throughout the day.,clear-day,"KDOV,72407513735,KWWD,KMIV,72409313764,DE026",284
118,"Dover, DE, United States",2022-09-05,29.9,20.3,24.7,32.3,20.3,25.2,20.0,76.8,0.0,0,0.0,rain,0,0,31.7,23.6,158.0,1018.2,20.3,16.0,177.8,15.4,8,30,2022-09-05T06:34:22,2022-09-05T19:26:32,0.35,Partially cloudy,Becoming cloudy in the afternoon.,partly-cloudy-day,"KDOV,72407513735,KWWD,KMIV,72409313764,DE026",284
119,"Dover, DE, United States",2022-09-06,24.9,21.0,22.3,24.9,21.0,22.3,22.0,98.4,26.64,100,54.17,rain,0,0,41.0,22.0,96.4,1013.8,86.4,12.9,58.4,5.1,4,30,2022-09-06T06:35:16,2022-09-06T19:24:58,0.4,"Rain, Partially cloudy",Partly cloudy throughout the day with rain.,rain,"KDOV,72407513735,KWWD,KMIV,72409313764,DE026",284
120,"Dover, DE, United States",2022-09-07,21.4,20.2,20.9,21.4,20.2,20.9,20.5,98.0,16.13,100,50.0,rain,0,0,40.7,22.2,44.4,1013.8,83.6,13.4,92.6,8.0,4,10,2022-09-07T06:36:10,2022-09-07T19:23:23,0.44,"Rain, Partially cloudy",Partly cloudy throughout the day with rain.,rain,"KDOV,72407513735,KWWD,KMIV,72409313764,DE026",284
121,"Dover, DE, United States",2022-09-08,24.7,18.2,21.1,24.7,18.2,21.1,17.1,79.9,0.0,0,0.0,rain,0,0,29.5,24.0,115.3,1012.8,63.2,16.0,183.5,15.8,7,10,2022-09-08T06:37:04,2022-09-08T19:21:48,0.47,Partially cloudy,Partly cloudy throughout the day.,partly-cloudy-day,"KDOV,72407513735,KWWD,KMIV,72409313764,DE026",284
122,"Dover, DE, United States",2022-09-09,26.1,14.4,20.3,26.1,14.4,20.3,16.0,79.9,0.0,0,0.0,,0,0,35.3,23.8,141.3,1017.2,0.2,15.7,259.9,22.5,8,10,2022-09-09T06:37:58,2022-09-09T19:20:12,0.49,Clear,Clear conditions throughout the day.,clear-day,"KDOV,72407513735,KWWD,KMIV,72409313764,DE026",284
123,"Dover, DE, United States",2022-09-10,26.2,15.2,21.2,26.2,15.2,21.2,17.8,82.6,0.0,0,0.0,,0,0,30.2,14.7,136.1,1023.0,17.3,15.9,256.3,22.2,9,10,2022-09-10T06:38:52,2022-09-10T19:18:36,0.5,Clear,Clear conditions throughout the day.,clear-day,"KDOV,72407513735,KWWD,KMIV,72409313764,DE026",284
124,"Dover, DE, United States",2022-09-11,24.8,21.4,22.8,24.8,21.4,22.8,21.8,94.5,3.77,100,50.0,rain,0,0,35.3,18.3,140.7,1018.9,90.4,15.2,87.6,7.7,4,10,2022-09-11T06:39:46,2022-09-11T19:17:00,0.51,"Rain, Overcast",Cloudy skies throughout the day with rain.,rain,"KDOV,72408813707,72407513735,KWWD,KMIV,72409313764,DE026",284
125,"Dover, DE, United States",2022-09-12,28.4,22.4,24.6,32.1,22.4,25.2,23.6,94.4,2.46,100,8.33,rain,0,0,23.0,20.0,159.5,1010.5,70.9,15.1,155.8,13.3,8,75,2022-09-12T06:40:41,2022-09-12T19:15:23,0.53,"Rain, Partially cloudy",Partly cloudy throughout the day with late afternoon rain.,rain,"DE022,DE030,KDOV,72408813707,72407513735,KWWD,KMIV,72409313764,DE026",284
126,"Dover, DE, United States",2022-09-13,27.4,20.5,23.7,27.9,20.5,23.8,18.6,76.0,0.5,100,16.67,rain,0,0,36.4,20.0,249.2,1008.6,29.9,15.9,245.1,21.3,8,30,2022-09-13T06:41:35,2022-09-13T19:13:47,0.56,"Rain, Partially cloudy",Clearing in the afternoon with rain clearing later.,rain,"KDOV,72407513735,KWWD,KMIV,72409313764,DE026",284
127,"Dover, DE, United States",2022-09-14,26.3,15.6,21.0,26.3,15.6,21.0,12.3,60.2,0.0,0,0.0,,0,0,35.6,23.8,285.4,1015.6,2.0,16.0,248.3,21.4,8,10,2022-09-14T06:42:29,2022-09-14T19:12:10,0.6,Clear,Clear conditions throughout the day.,clear-day,"KDOV,72407513735,KWWD,KMIV,72409313764,DE026",284
128,"Dover, DE, United States",2022-09-15,24.6,15.5,20.2,24.6,15.5,20.2,12.3,63.2,0.0,0,0.0,,0,0,34.9,25.5,277.3,1020.5,4.1,16.0,241.0,20.9,8,10,2022-09-15T06:43:23,2022-09-15T19:10:33,0.64,Clear,Clear conditions throughout the day.,clear-day,"KDOV,72407513735,KWWD,KMIV,72409313764,DE026",284
129,"Dover, DE, United States",2022-09-16,25.0,10.9,18.1,25.0,10.9,18.1,10.9,66.4,0.0,0,0.0,,0,0,24.8,11.1,204.0,1022.3,0.0,16.0,221.3,19.1,7,10,2022-09-16T06:44:18,2022-09-16T19:08:56,0.69,Clear,Clear conditions throughout the day.,clear-day,"KDOV,72407513735,KWWD,KMIV,72409313764,DE026",284
130,"Dover, DE, United States",2022-09-17,26.6,14.7,20.4,26.6,14.7,20.4,13.9,68.8,0.0,0,0.0,,0,0,28.1,18.0,78.1,1023.1,1.1,15.5,216.5,18.8,8,10,2022-09-17T06:45:12,2022-09-17T19:07:19,0.74,Clear,Clear conditions throughout the day.,clear-day,"KDOV,72407513735,KWWD,KMIV,72409313764,DE026",284
131,"Dover, DE, United States",2022-09-18,28.2,16.8,21.9,27.7,16.8,21.8,15.6,71.8,0.0,0,0.0,,0,0,35.3,20.2,206.7,1019.3,0.3,16.0,229.3,19.8,8,10,2022-09-18T06:46:06,2022-09-18T19:05:42,0.78,Clear,Clear conditions throughout the day.,clear-day,"KDOV,72407513735,KWWD,KMIV,72409313764,DE026",284
132,"Dover, DE, United States",2022-09-19,30.2,19.2,23.9,30.0,19.2,23.9,17.5,71.1,0.0,0,0.0,,0,0,31.7,27.0,215.9,1014.2,6.3,16.0,209.9,18.2,8,30,2022-09-19T06:47:01,2022-09-19T19:04:05,0.83,Clear,Clear conditions throughout the day.,clear-day,"KDOV,72407513735,KWWD,KMIV,72409313764,DE026",284
133,"Dover, DE, United States",2022-09-20,27.4,19.3,22.8,26.8,19.3,22.8,14.1,62.3,0.0,0,0.0,,0,0,44.5,29.0,267.0,1013.3,0.1,16.0,230.4,19.9,8,10,2022-09-20T06:47:56,2022-09-20T19:02:27,0.87,Clear,Clear conditions throughout the day.,clear-day,"KDOV,72407513735,KWWD,KMIV,72409313764,DE026",284
134,"Dover, DE, United States",2022-09-21,25.9,14.3,21.0,25.9,14.3,21.0,15.1,71.4,0.0,0,0.0,,0,0,23.8,16.5,135.0,1013.8,2.3,14.7,229.3,19.8,8,10,2022-09-21T06:48:50,2022-09-21T19:00:50,0.91,Clear,Clear conditions throughout the day.,clear-day,"KDOV,72407513735,KWWD,KMIV,72409313764,DE026",284
135,"Dover, DE, United States",2022-09-22,28.3,16.0,21.4,29.1,16.0,21.5,15.6,71.0,3.86,100,20.83,rain,0,0,50.0,32.7,249.9,1005.9,34.9,15.6,86.6,7.4,5,30,2022-09-22T06:49:45,2022-09-22T18:59:13,0.95,"Rain, Partially cloudy",Partly cloudy throughout the day with afternoon rain.,rain,"KDOV,72408813707,72407513735,KWWD,KMIV,72409313764,DE026",284
136,"Dover, DE, United States",2022-09-23,18.4,11.3,14.5,18.4,11.3,14.5,2.3,45.7,0.0,0,0.0,,0,0,49.8,39.8,309.3,1014.6,1.1,16.0,239.3,20.6,8,10,2022-09-23T06:50:40,2022-09-23T18:57:36,0.97,Clear,Clear conditions throughout the day.,clear-day,"KDOV,72407513735,KWWD,KMIV,72409313764,DE026",284
137,"Dover, DE, United States",2022-09-24,20.6,7.0,13.8,20.6,6.9,13.5,3.8,53.3,0.0,0,0.0,,0,0,35.3,18.2,264.0,1017.5,19.1,16.0,202.2,17.3,8,10,2022-09-24T06:51:36,2022-09-24T18:55:59,0.99,Clear,Clear conditions throughout the day.,clear-day,"DE030,KDOV,72407513735,KWWD,KMIV,72409313764,DE026",284
138,"Dover, DE, United States",2022-09-25,25.9,12.9,19.0,25.9,12.9,19.0,12.1,65.8,0.07,100,8.33,rain,0,0,47.9,23.9,200.0,1007.7,46.9,16.0,172.6,15.1,8,10,2022-09-25T06:52:31,2022-09-25T18:54:22,1.0,"Rain, Partially cloudy",Partly cloudy throughout the day with rain.,rain,"DE030,KDOV,72407513735,KWWD,KMIV,72409313764,DE026",284
139,"Dover, DE, United States",2022-09-26,25.8,14.2,20.4,25.8,14.2,20.4,10.7,58.5,0.0,0,0.0,,0,0,35.3,23.8,223.0,1007.1,38.4,15.9,187.0,16.2,7,10,2022-09-26T06:53:26,2022-09-26T18:52:45,0.0,Partially cloudy,Partly cloudy throughout the day.,partly-cloudy-day,"KDOV,72407513735,KWWD,KMIV,72409313764,DE026",284
140,"Dover, DE, United States",2022-09-27,22.2,14.1,18.0,22.2,14.1,18.0,4.9,43.8,0.0,0,0.0,,0,0,40.0,24.0,255.2,1012.5,24.2,16.0,205.3,17.7,8,10,2022-09-27T06:54:22,2022-09-27T18:51:09,0.01,Partially cloudy,Partly cloudy throughout the day.,partly-cloudy-day,"KDOV,72408813707,72407513735,KWWD,KMIV,72409313764,DE026",284
141,"Dover, DE, United States",2022-09-28,20.8,9.7,15.2,20.8,8.1,15.1,6.1,55.9,0.0,0,0.0,,0,0,29.2,19.9,283.0,1020.6,11.3,16.0,212.2,18.3,8,10,2022-09-28T06:55:18,2022-09-28T18:49:33,0.04,Clear,Clear conditions throughout the day.,clear-day,"DE030,KDOV,72407513735,KWWD,KMIV,72409313764,DE026",284
142,"Dover, DE, United States",2022-09-29,20.3,11.8,15.6,20.3,11.8,15.6,7.5,61.0,0.0,0,0.0,,0,0,46.4,24.1,161.6,1026.1,5.8,16.0,195.5,16.8,7,10,2022-09-29T06:56:14,2022-09-29T18:47:57,0.07,Clear,Clear conditions throughout the day.,clear-day,"DE030,KDOV,72407513735,KWWD,KMIV,72409313764,DE026",284
143,"Dover, DE, United States",2022-09-30,18.8,13.3,15.4,18.8,13.3,15.4,10.7,73.9,4.1,100,25.0,rain,0,0,51.8,25.9,28.1,1022.5,44.2,16.8,74.5,6.4,3,10,2022-09-30T06:57:10,2022-09-30T18:46:21,0.12,"Rain, Partially cloudy",Becoming cloudy in the afternoon with late afternoon rain.,rain,"DE030,KDOV,KWWD,KMIV,DE026",284
