,name,datetime,tempmax,tempmin,temp,feelslikemax,feelslikemin,feelslike,dew,humidity,precip,precipprob,precipcover,preciptype,snow,snowdepth,windgust,windspeed,winddir,sealevelpressure,cloudcover,visibility,solarradiation,solarenergy,uvindex,severerisk,sunrise,sunset,moonphase,conditions,description,icon,stations,skey
0,"Galloway Twp, NJ, United States",2022-05-10,18.9,10.6,14.4,18.9,10.6,14.4,-1.6,33.8,0.0,0,0.0,,0,0,74.3,49.5,42.1,1024.9,86.1,16.0,263.5,22.7,9,10,2022-05-10T05:48:55,2022-05-10T20:00:33,0.32,Partially cloudy,Partly cloudy throughout the day.,wind,"KVAY,OCVN4,72407493780,72407513735,KMIV,72407093730,C8812,KACY",321
1,"Galloway Twp, NJ, United States",2022-05-11,17.9,10.0,13.4,17.9,10.0,13.4,5.1,59.5,0.0,0,0.0,rain,0,0,55.2,36.8,56.3,1023.7,69.6,16.0,98.0,8.2,3,10,2022-05-11T05:47:54,2022-05-11T20:01:30,0.37,Partially cloudy,Partly cloudy throughout the day.,partly-cloudy-day,"KVAY,OCVN4,72407493780,72407513735,KMIV,72407093730,C8812,KACY",321
2,"Galloway Twp, NJ, United States",2022-05-12,17.3,11.7,13.9,17.3,11.7,13.9,12.6,92.2,0.58,100,8.33,rain,0,0,44.6,29.3,56.7,1024.4,93.7,8.9,80.5,7.1,3,10,2022-05-12T05:46:55,2022-05-12T20:02:27,0.41,"Rain, Overcast",Cloudy skies throughout the day with early morning rain.,rain,"KVAY,OCVN4,72407493780,72407513735,KMIV,72407093730,C8812,KACY",321
3,"Galloway Twp, NJ, United States",2022-05-13,18.9,12.3,15.1,18.9,12.3,15.1,14.3,95.1,2.67,100,25.0,rain,0,0,29.2,16.5,61.0,1023.3,81.3,3.0,116.3,10.0,4,10,2022-05-13T05:45:57,2022-05-13T20:03:23,0.45,"Rain, Partially cloudy",Partly cloudy throughout the day with rain in the morning and afternoon.,rain,"KVAY,OCVN4,72407493780,72407513735,KMIV,72407093730,C8812,KACY",321
4,"Galloway Twp, NJ, United States",2022-05-14,18.4,13.4,15.7,18.4,13.4,15.7,15.4,98.4,35.63,100,20.83,rain,0,0,33.8,20.3,94.8,1018.1,75.4,2.0,48.9,4.0,2,10,2022-05-14T05:45:01,2022-05-14T20:04:19,0.48,"Rain, Partially cloudy",Partly cloudy throughout the day with afternoon rain.,rain,"KVAY,OCVN4,72407493780,72407513735,KMIV,72407093730,C8812,KACY",321
5,"Galloway Twp, NJ, United States",2022-05-15,26.1,13.9,18.9,26.1,13.9,18.9,15.9,84.3,0.0,0,0.0,rain,0,0,29.5,20.3,154.0,1012.1,65.8,11.4,271.9,23.4,9,10,2022-05-15T05:44:06,2022-05-15T20:05:14,0.5,Partially cloudy,Partly cloudy throughout the day.,partly-cloudy-day,"KVAY,OCVN4,72407493780,72407513735,KMIV,72407093730,C8812,KACY",321
6,"Galloway Twp, NJ, United States",2022-05-16,24.4,15.7,19.6,24.4,15.7,19.6,16.2,81.5,4.52,100,16.67,rain,0,0,53.6,20.4,174.2,1006.2,54.1,15.6,195.3,16.8,6,30,2022-05-16T05:43:13,2022-05-16T20:06:09,0.5,"Rain, Partially cloudy",Partly cloudy throughout the day with rain.,rain,"KVAY,OCVN4,72407493780,72407513735,KMIV,72407093730,C8812,KACY",321
7,"Galloway Twp, NJ, United States",2022-05-17,26.7,10.7,20.1,26.2,10.7,20.1,8.2,50.1,0.0,0,0.0,,0,0,53.4,31.5,292.5,1009.1,18.1,16.0,280.5,24.5,9,10,2022-05-17T05:42:22,2022-05-17T20:07:04,0.52,Clear,Clear conditions throughout the day.,clear-day,"KVAY,OCVN4,72407493780,72407513735,KMIV,72407093730,KACY",321
8,"Galloway Twp, NJ, United States",2022-05-18,23.3,10.0,17.2,23.3,8.4,17.1,5.8,48.7,0.0,0,0.0,,0,0,46.8,18.3,270.9,1014.5,12.3,16.0,309.5,26.8,9,10,2022-05-18T05:41:32,2022-05-18T20:07:58,0.54,Clear,Clear conditions throughout the day.,clear-day,"KVAY,OCVN4,72407493780,72407513735,KMIV,72407093730,C8812,KACY",321
9,"Galloway Twp, NJ, United States",2022-05-19,25.6,13.3,18.0,25.6,13.3,18.0,13.9,78.6,14.29,100,29.17,rain,0,0,46.1,25.8,221.4,1008.1,67.8,14.3,230.5,19.8,8,30,2022-05-19T05:40:43,2022-05-19T20:08:51,0.58,"Rain, Partially cloudy",Partly cloudy throughout the day with rain clearing later.,rain,"KVAY,OCVN4,72407493780,72407513735,KMIV,72407093730,KACY",321
10,"Galloway Twp, NJ, United States",2022-05-20,25.7,13.4,19.8,25.7,13.4,19.8,16.7,83.1,0.04,100,4.17,rain,0,0,51.8,27.6,129.5,1012.4,18.4,14.9,233.9,20.1,9,30,2022-05-20T05:39:57,2022-05-20T20:09:44,0.63,Rain,Clear conditions throughout the day with afternoon rain.,rain,"KVAY,OCVN4,72407493780,72407513735,KMIV,72407093730,C8812,KACY",321
11,"Galloway Twp, NJ, United States",2022-05-21,33.4,20.0,26.8,36.2,20.0,27.7,18.8,64.2,0.0,0,0.0,rain,0,0,33.5,22.1,195.8,1015.8,0.1,15.1,306.6,26.5,9,75,2022-05-21T05:39:12,2022-05-21T20:10:36,0.68,Clear,Clear conditions throughout the day.,clear-day,"KVAY,OCVN4,72407493780,72407513735,KMIV,72407093730,C8812,KACY",321
12,"Galloway Twp, NJ, United States",2022-05-22,30.6,21.7,26.3,31.9,21.7,27.1,19.5,66.9,0.0,0,0.0,,0,0,38.9,22.3,209.3,1016.7,5.3,16.0,297.1,25.5,9,60,2022-05-22T05:38:29,2022-05-22T20:11:27,0.74,Clear,Clear conditions throughout the day.,clear-day,"KVAY,OCVN4,72407493780,72407513735,KMIV,72407093730,C8812,KACY",321
13,"Galloway Twp, NJ, United States",2022-05-23,23.8,16.7,19.7,23.8,16.7,19.7,12.4,64.1,3.54,100,8.33,rain,0,0,47.1,29.2,237.7,1020.7,22.4,16.0,289.0,24.9,9,10,2022-05-23T05:37:47,2022-05-23T20:12:18,0.79,"Rain, Partially cloudy",Clearing in the afternoon with early morning rain.,rain,"KVAY,OCVN4,72407493780,72407513735,KMIV,72407093730,C8812,KACY",321
14,"Galloway Twp, NJ, United States",2022-05-24,17.9,13.9,15.7,17.9,13.9,15.7,10.8,73.7,0.91,100,12.5,rain,0,0,42.5,27.5,73.1,1024.5,95.6,16.0,176.8,15.3,6,10,2022-05-24T05:37:08,2022-05-24T20:13:08,0.85,"Rain, Overcast",Cloudy skies throughout the day with morning rain.,rain,"KVAY,OCVN4,72407493780,72407513735,KMIV,72407093730,C8812,KACY",321
15,"Galloway Twp, NJ, United States",2022-05-25,19.4,10.7,15.2,19.4,10.7,15.2,8.5,66.6,0.0,0,0.0,,0,0,35.3,25.8,69.9,1027.3,33.1,16.0,312.2,27.1,9,10,2022-05-25T05:36:30,2022-05-25T20:13:57,0.89,Partially cloudy,Partly cloudy throughout the day.,partly-cloudy-day,"KVAY,OCVN4,72407493780,72407513735,KMIV,72407093730,C8812,KACY",321
16,"Galloway Twp, NJ, United States",2022-05-26,21.7,10.7,16.8,21.7,10.7,16.8,13.5,81.7,0.29,100,4.17,rain,0,0,31.7,22.1,115.4,1024.1,75.1,15.4,247.6,21.3,9,10,2022-05-26T05:35:54,2022-05-26T20:14:45,0.93,"Rain, Partially cloudy",Partly cloudy throughout the day with late afternoon rain.,rain,"KVAY,OCVN4,72407493780,72407513735,KMIV,72407093730,C8812,KACY",321
17,"Galloway Twp, NJ, United States",2022-05-27,25.0,17.2,19.3,25.0,17.2,19.3,18.0,92.1,5.03,100,12.5,rain,0,0,49.9,23.2,180.7,1013.9,88.5,9.1,117.3,10.0,6,10,2022-05-27T05:35:19,2022-05-27T20:15:33,0.96,"Rain, Partially cloudy",Partly cloudy throughout the day with afternoon rain.,rain,"KVAY,OCVN4,72407493780,72407513735,KMIV,72407093730,C8812,KACY",321
18,"Galloway Twp, NJ, United States",2022-05-28,26.7,18.4,21.4,26.9,18.4,21.4,16.6,76.1,0.09,100,16.67,rain,0,0,48.4,27.4,251.6,1008.2,52.2,15.2,255.0,22.0,9,30,2022-05-28T05:34:47,2022-05-28T20:16:19,0.99,"Rain, Partially cloudy",Partly cloudy throughout the day with rain.,rain,"KVAY,OCVN4,72407493780,72407513735,KMIV,72407093730,C8812,KACY",321
19,"Galloway Twp, NJ, United States",2022-05-29,26.1,16.1,20.8,26.1,16.1,20.8,14.4,68.9,0.0,0,0.0,,0,0,26.3,20.3,165.3,1016.9,26.0,16.0,314.5,27.3,9,10,2022-05-29T05:34:16,2022-05-29T20:17:05,1.0,Partially cloudy,Partly cloudy throughout the day.,partly-cloudy-day,"KVAY,OCVN4,72407493780,72407513735,KMIV,72407093730,C8812,KACY",321
20,"Galloway Twp, NJ, United States",2022-05-30,28.8,16.1,22.7,29.4,16.1,23.0,17.0,72.1,0.0,0,0.0,,0,0,33.5,22.1,177.8,1019.3,8.5,15.9,321.6,27.9,10,10,2022-05-30T05:33:48,2022-05-30T20:17:49,0.0,Clear,Clear conditions throughout the day.,clear-day,"KVAY,OCVN4,72407493780,72407513735,KMIV,72407093730,C8812,KACY",321
21,"Galloway Twp, NJ, United States",2022-05-31,35.0,20.6,27.9,35.0,20.6,28.4,18.1,58.8,0.0,0,0.0,,0,0,31.7,18.3,269.3,1015.5,0.0,16.0,319.6,27.6,9,100,2022-05-31T05:33:21,2022-05-31T20:18:33,0.0,Clear,Clear conditions throughout the day.,clear-day,"KVAY,OCVN4,72407493780,72407513735,KMIV,72407093730,C8812,KACY",321
22,"Galloway Twp, NJ, United States",2022-06-01,25.6,17.9,20.6,25.6,17.9,20.6,17.3,82.2,0.0,0,0.0,rain,0,0,29.2,18.2,114.1,1012.9,68.7,13.0,133.9,11.4,6,10,2022-06-01T05:32:56,2022-06-01T20:19:15,0.02,Partially cloudy,Partly cloudy throughout the day.,partly-cloudy-day,"KVAY,OCVN4,72407493780,72407513735,KMIV,72407093730,C8812,KACY",321
23,"Galloway Twp, NJ, United States",2022-06-02,30.6,17.2,23.5,32.3,17.2,24.0,18.6,76.6,10.45,100,16.67,rain,0,0,66.6,23.9,158.5,1007.6,56.0,14.6,283.7,24.8,9,60,2022-06-02T05:32:32,2022-06-02T20:19:57,0.04,"Rain, Partially cloudy",Partly cloudy throughout the day with late afternoon rain.,rain,"KVAY,OCVN4,72407493780,72407513735,KMIV,72407093730,C8812,KACY",321
24,"Galloway Twp, NJ, United States",2022-06-03,24.3,18.3,21.4,24.3,18.3,21.4,19.0,86.3,0.29,100,8.33,rain,0,0,33.5,14.8,172.8,1007.8,68.1,15.4,197.6,16.9,6,10,2022-06-03T05:32:11,2022-06-03T20:20:37,0.07,"Rain, Partially cloudy",Partly cloudy throughout the day with afternoon rain.,rain,"KVAY,OCVN4,72407493780,72407513735,KMIV,72407093730,C8812,KACY",321
25,"Galloway Twp, NJ, United States",2022-06-04,26.7,13.3,20.9,26.5,13.3,20.9,11.9,59.9,0.0,0,0.0,rain,0,0,29.5,22.1,140.4,1011.6,13.2,15.3,342.8,29.7,10,10,2022-06-04T05:31:52,2022-06-04T20:21:16,0.11,Clear,Clear conditions throughout the day.,clear-day,"KVAY,OCVN4,72407493780,72407513735,KMIV,72407093730,C8812,KACY",321
26,"Galloway Twp, NJ, United States",2022-06-05,22.9,12.9,18.3,22.9,12.9,18.3,8.0,53.2,0.0,0,0.0,,0,0,38.9,27.5,100.5,1015.1,0.0,16.0,332.9,28.8,9,10,2022-06-05T05:31:34,2022-06-05T20:21:53,0.14,Clear,Clear conditions throughout the day.,clear-day,"KVAY,OCVN4,72407493780,72407513735,KMIV,72407093730,KACY",321
27,"Galloway Twp, NJ, United States",2022-06-06,26.2,9.3,18.7,26.2,9.3,18.7,7.7,53.8,0.0,0,0.0,,0,0,31.7,23.8,120.3,1017.6,0.0,16.0,336.5,29.3,9,10,2022-06-06T05:31:19,2022-06-06T20:22:30,0.19,Clear,Clear conditions throughout the day.,clear-day,"KVAY,OCVN4,72407493780,72407513735,KMIV,72407093730,C8812,KACY",321
28,"Galloway Twp, NJ, United States",2022-06-07,25.0,16.6,21.0,25.0,16.6,21.0,15.5,71.5,0.3,100,4.17,rain,0,0,52.5,27.5,171.8,1017.0,16.1,16.0,242.7,21.0,8,10,2022-06-07T05:31:05,2022-06-07T20:23:05,0.24,Rain,Clear conditions throughout the day with late afternoon rain.,rain,"KVAY,OCVN4,72407493780,72407513735,KMIV,72407093730,C8812,KACY",321
29,"Galloway Twp, NJ, United States",2022-06-08,31.7,20.0,25.0,32.2,20.0,25.5,19.3,73.3,0.01,100,4.17,rain,0,0,43.6,20.3,219.7,1011.7,55.4,15.5,252.4,21.8,8,60,2022-06-08T05:30:53,2022-06-08T20:23:38,0.29,"Rain, Partially cloudy",Partly cloudy throughout the day with early morning rain.,rain,"KVAY,OCVN4,72407493780,72407513735,KMIV,72407093730,C8812,KACY",321
30,"Galloway Twp, NJ, United States",2022-06-09,28.8,20.0,24.5,28.9,20.0,24.5,16.9,66.5,5.8,100,29.17,rain,0,0,58.7,36.9,247.9,1005.7,50.0,15.9,284.5,24.8,9,60,2022-06-09T05:30:43,2022-06-09T20:24:11,0.35,"Rain, Partially cloudy",Partly cloudy throughout the day with rain clearing later.,rain,"KVAY,OCVN4,72407493780,72407513735,KMIV,72407093730,C8812,KACY",321
31,"Galloway Twp, NJ, United States",2022-06-10,27.8,13.4,21.3,27.2,13.4,21.3,11.5,56.5,0.0,0,0.0,,0,0,35.2,22.2,280.2,1011.2,4.6,16.0,299.6,26.1,9,10,2022-06-10T05:30:35,2022-06-10T20:24:41,0.39,Clear,Clear conditions throughout the day.,clear-day,"KVAY,OCVN4,72407493780,72407513735,KMIV,72407093730,C8812,KACY",321
32,"Galloway Twp, NJ, United States",2022-06-11,24.9,17.2,21.0,24.9,17.2,21.0,15.4,71.2,0.0,0,0.0,rain,0,0,25.2,18.2,175.5,1013.4,47.7,16.0,157.9,13.5,6,30,2022-06-11T05:30:29,2022-06-11T20:25:11,0.44,Partially cloudy,Becoming cloudy in the afternoon.,partly-cloudy-day,"KVAY,OCVN4,72407493780,72407513735,KMIV,72407093730,C8812,KACY",321
33,"Galloway Twp, NJ, United States",2022-06-12,25.0,17.2,20.6,25.0,17.2,20.6,17.7,83.6,8.69,100,29.17,rain,0,0,33.5,23.9,130.2,1014.3,66.4,15.4,156.8,13.7,5,10,2022-06-12T05:30:25,2022-06-12T20:25:39,0.47,"Rain, Partially cloudy",Partly cloudy throughout the day with rain clearing later.,rain,"KVAY,OCVN4,C2530,72407493780,72407513735,KMIV,72407093730,KACY",321
34,"Galloway Twp, NJ, United States",2022-06-13,31.7,19.4,25.2,34.0,19.4,26.1,20.4,76.8,0.0,0,0.0,rain,0,0,31.7,18.3,196.9,1012.9,26.7,15.5,227.6,20.0,9,75,2022-06-13T05:30:23,2022-06-13T20:26:05,0.49,Partially cloudy,Partly cloudy throughout the day.,partly-cloudy-day,"KVAY,OCVN4,72407493780,72407513735,KMIV,72407093730,C8812,KACY",321
35,"Galloway Twp, NJ, United States",2022-06-14,25.7,18.3,22.4,25.7,18.3,22.4,16.1,68.7,0.58,100,8.33,rain,0,0,37.1,23.8,109.2,1012.7,9.5,15.8,193.0,16.8,7,30,2022-06-14T05:30:22,2022-06-14T20:26:30,0.5,Rain,Clear conditions throughout the day with morning rain.,rain,"KVAY,OCVN4,72407493780,72407513735,KMIV,72407093730,C8812,KACY",321
36,"Galloway Twp, NJ, United States",2022-06-15,27.2,15.6,21.0,27.3,15.6,21.1,15.2,71.6,0.0,0,0.0,,0,0,34.9,22.2,142.2,1018.3,0.1,16.0,317.5,27.4,9,10,2022-06-15T05:30:24,2022-06-15T20:26:53,0.51,Clear,Clear conditions throughout the day.,clear-day,"KVAY,OCVN4,72407493780,72407513735,KMIV,72407093730,C8812,KACY",321
37,"Galloway Twp, NJ, United States",2022-06-16,23.4,18.8,20.7,23.4,18.8,20.7,17.1,80.3,11.6,100,20.83,rain,0,0,38.8,23.8,164.9,1019.8,70.5,15.0,175.9,15.2,7,10,2022-06-16T05:30:27,2022-06-16T20:27:14,0.53,"Rain, Partially cloudy",Partly cloudy throughout the day with morning rain.,rain,"KVAY,OCVN4,72407493780,72407513735,KMIV,72407093730,C8812,KACY",321
38,"Galloway Twp, NJ, United States",2022-06-17,35.0,20.7,27.2,36.1,20.7,28.0,18.6,63.2,0.0,0,0.0,rain,0,0,61.0,31.5,238.7,1007.6,26.2,16.0,284.2,24.9,9,75,2022-06-17T05:30:32,2022-06-17T20:27:34,0.57,Partially cloudy,Partly cloudy throughout the day.,partly-cloudy-day,"KVAY,OCVN4,72407493780,72407513735,KMIV,72407093730,C8812,KACY",321
39,"Galloway Twp, NJ, United States",2022-06-18,23.8,16.2,20.9,23.8,16.2,20.9,10.2,50.9,0.0,0,0.0,rain,0,0,55.3,36.7,311.3,1007.1,33.2,16.0,262.3,22.5,8,10,2022-06-18T05:30:39,2022-06-18T20:27:52,0.62,Partially cloudy,Partly cloudy throughout the day.,partly-cloudy-day,"KVAY,OCVN4,72407493780,72407513735,KMIV,72407093730,C8812,KACY",321
40,"Galloway Twp, NJ, United States",2022-06-19,23.9,11.2,17.8,23.9,11.2,17.8,4.3,42.3,0.0,0,0.0,,0,0,50.4,38.0,317.0,1014.9,2.3,15.0,344.9,30.0,10,10,2022-06-19T05:30:48,2022-06-19T20:28:08,0.67,Clear,Clear conditions throughout the day.,clear-day,"KVAY,OCVN4,72407493780,72407513735,KMIV,72407093730,C8812,KACY",321
41,"Galloway Twp, NJ, United States",2022-06-20,25.7,10.6,18.6,25.7,10.6,18.6,6.9,49.6,0.0,0,0.0,,0,0,33.5,22.2,268.6,1020.3,20.0,13.8,259.8,22.6,7,10,2022-06-20T05:30:58,2022-06-20T20:28:23,0.72,Clear,Becoming cloudy in the afternoon.,clear-day,"KVAY,OCVN4,72407493780,72407513735,KMIV,72407093730,C8812,KACY",321
42,"Galloway Twp, NJ, United States",2022-06-21,27.2,12.2,21.2,26.8,12.2,21.1,12.8,62.3,0.0,0,0.0,,0,0,29.9,16.4,172.1,1019.9,21.5,16.0,218.5,18.9,7,10,2022-06-21T05:31:10,2022-06-21T20:28:36,0.77,Partially cloudy,Partly cloudy throughout the day.,partly-cloudy-day,"KVAY,OCVN4,72407493780,72407513735,KMIV,72407093730,C8812,KACY",321
43,"Galloway Twp, NJ, United States",2022-06-22,21.1,17.2,19.5,21.1,17.2,19.5,16.5,82.6,0.42,100,8.33,rain,0,0,46.0,27.4,141.1,1015.8,86.1,15.6,71.3,6.2,3,10,2022-06-22T05:31:24,2022-06-22T20:28:47,0.82,"Rain, Partially cloudy",Partly cloudy throughout the day with late afternoon rain.,rain,"KVAY,OCVN4,72407493780,72407513735,KMIV,72407093730,C8812,KACY",321
44,"Galloway Twp, NJ, United States",2022-06-23,22.2,17.2,19.5,22.2,17.2,19.5,16.6,84.2,4.34,100,33.33,rain,0,0,33.5,20.3,72.3,1014.0,67.1,15.1,199.8,17.3,5,10,2022-06-23T05:31:40,2022-06-23T20:28:56,0.87,"Rain, Partially cloudy",Partly cloudy throughout the day with rain.,rain,"KVAY,OCVN4,72407493780,72407513735,KMIV,72407093730,C8812,KACY",321
45,"Galloway Twp, NJ, United States",2022-06-24,25.7,15.0,21.0,25.7,15.0,21.0,16.6,77.8,0.0,0,0.0,,0,0,29.5,20.2,173.2,1016.9,50.2,12.7,318.0,27.6,9,30,2022-06-24T05:31:57,2022-06-24T20:29:03,0.91,Partially cloudy,Partly cloudy throughout the day.,partly-cloudy-day,"KVAY,OCVN4,72407493780,72407513735,KMIV,72407093730,C8812,KACY",321
46,"Galloway Twp, NJ, United States",2022-06-25,31.7,18.3,24.5,31.7,18.3,24.8,17.6,68.4,0.0,0,0.0,,0,0,34.9,18.1,229.5,1019.5,24.8,16.0,295.5,25.4,9,30,2022-06-25T05:32:16,2022-06-25T20:29:09,0.95,Partially cloudy,Becoming cloudy in the afternoon.,partly-cloudy-day,"KVAY,OCVN4,72407493780,72407513735,KMIV,72407093730,C8812,KACY",321
47,"Galloway Twp, NJ, United States",2022-06-26,30.7,20.6,24.9,30.9,20.6,24.9,16.7,62.9,0.0,0,0.0,,0,0,42.5,25.7,207.2,1019.4,0.1,16.0,333.4,28.7,9,10,2022-06-26T05:32:37,2022-06-26T20:29:13,0.97,Clear,Clear conditions throughout the day.,clear-day,"KVAY,OCVN4,72407493780,72407513735,KMIV,72407093730,C8812,KACY",321
48,"Galloway Twp, NJ, United States",2022-06-27,30.0,21.2,24.1,32.6,21.2,24.6,20.3,80.9,19.87,100,20.83,rain,0,0,52.2,25.6,230.8,1015.4,60.0,14.4,210.0,18.1,8,30,2022-06-27T05:32:59,2022-06-27T20:29:14,0.99,"Rain, Partially cloudy",Partly cloudy throughout the day with rain.,rain,"KVAY,OCVN4,72407493780,72407513735,KMIV,72407093730,C8812,KACY",321
49,"Galloway Twp, NJ, United States",2022-06-28,25.6,18.3,21.6,25.6,18.3,21.6,15.2,69.9,0.0,0,0.0,rain,0,0,28.4,18.2,211.5,1020.2,38.1,14.5,273.5,23.7,9,10,2022-06-28T05:33:23,2022-06-28T20:29:14,1.0,Partially cloudy,Partly cloudy throughout the day.,partly-cloudy-day,"KVAY,OCVN4,72407493780,72407513735,KMIV,72407093730,C8812,KACY",321
50,"Galloway Twp, NJ, United States",2022-06-29,28.8,16.1,22.7,28.2,16.1,22.6,14.6,63.9,0.0,0,0.0,,0,0,42.5,25.6,204.6,1023.2,5.5,16.0,353.2,30.5,10,10,2022-06-29T05:33:48,2022-06-29T20:29:12,0.0,Clear,Clear conditions throughout the day.,clear-day,"KVAY,72407493780,72407513735,KMIV,72407093730,C8812,KACY",321
51,"Galloway Twp, NJ, United States",2022-06-30,31.7,18.8,25.5,30.5,18.8,25.3,15.9,59.4,0.0,0,0.0,,0,0,35.3,25.6,235.2,1022.1,7.0,16.0,328.4,28.3,9,10,2022-06-30T05:34:14,2022-06-30T20:29:08,0.01,Clear,Clear conditions throughout the day.,clear-day,"KVAY,OCVN4,72407493780,72407513735,KMIV,72407093730,C8812,KACY",321
52,"Galloway Twp, NJ, United States",2022-07-01,32.2,21.1,26.0,35.6,21.1,27.1,20.7,74.0,0.0,0,0.0,rain,0,0,45.0,25.7,186.9,1018.2,15.8,16.0,283.8,24.3,9,100,2022-07-01T05:34:43,2022-07-01T20:29:02,0.03,Clear,Clear conditions throughout the day.,clear-day,"KVAY,OCVN4,72407493780,72407513735,KMIV,72407093730,C8812,KACY",321
53,"Galloway Twp, NJ, United States",2022-07-02,32.2,23.4,26.9,35.8,23.4,28.3,21.6,74.1,0.77,100,8.33,rain,0,0,92.5,22.1,216.4,1013.9,15.3,15.9,247.2,21.5,9,75,2022-07-02T05:35:12,2022-07-02T20:28:54,0.05,Rain,Clear conditions throughout the day with late afternoon rain.,rain,"KVAY,OCVN4,72407493780,72407513735,KMIV,72407093730,C8812,KACY",321
54,"Galloway Twp, NJ, United States",2022-07-03,29.4,18.9,24.6,30.3,18.9,24.8,19.4,75.5,3.86,100,20.83,rain,0,0,24.5,18.3,196.1,1015.9,38.4,15.8,206.5,17.8,8,60,2022-07-03T05:35:43,2022-07-03T20:28:44,0.08,"Rain, Partially cloudy",Partly cloudy throughout the day with rain clearing later.,rain,"KVAY,OCVN4,72407493780,72407513735,KMIV,72407093730,C8812,KACY",321
55,"Galloway Twp, NJ, United States",2022-07-04,27.9,16.1,22.5,27.3,16.1,22.3,11.7,54.6,0.0,0,0.0,,0,0,25.2,18.4,180.9,1020.6,0.0,16.0,330.7,28.5,9,10,2022-07-04T05:36:15,2022-07-04T20:28:33,0.12,Clear,Clear conditions throughout the day.,clear-day,"KVAY,OCVN4,72407493780,72407513735,KMIV,72407093730,C8812,KACY",321
56,"Galloway Twp, NJ, United States",2022-07-05,28.4,19.3,23.3,29.4,19.3,23.6,17.7,71.5,0.29,100,8.33,rain,0,0,50.4,27.4,201.2,1017.1,21.4,15.9,238.4,20.3,9,10,2022-07-05T05:36:49,2022-07-05T20:28:19,0.17,"Rain, Partially cloudy",Partly cloudy throughout the day with late afternoon rain.,rain,"KVAY,OCVN4,72407493780,72407513735,KMIV,72407093730,C8812,KACY",321
57,"Galloway Twp, NJ, United States",2022-07-06,33.3,21.7,26.5,36.6,21.7,27.8,21.6,77.0,5.97,100,4.17,rain,0,0,36.7,23.9,217.3,1011.0,33.6,15.0,192.8,16.7,8,60,2022-07-06T05:37:24,2022-07-06T20:28:03,0.22,"Rain, Partially cloudy",Partly cloudy throughout the day with late afternoon rain.,rain,"KVAY,OCVN4,72407493780,72407513735,KMIV,72407093730,C8812,KACY",321
58,"Galloway Twp, NJ, United States",2022-07-07,24.3,21.2,22.5,24.3,21.2,22.5,20.7,90.1,18.84,100,37.5,rain,0,0,36.4,22.2,73.1,1014.3,99.0,13.3,100.5,8.6,5,10,2022-07-07T05:38:00,2022-07-07T20:27:46,0.27,"Rain, Overcast",Cloudy skies throughout the day with a chance of rain throughout the day.,rain,"KVAY,OCVN4,72407493780,72407513735,KMIV,72407093730,C8812,KACY",321
59,"Galloway Twp, NJ, United States",2022-07-08,29.3,17.8,23.2,31.1,17.8,23.6,19.2,79.6,0.0,0,0.0,,0,0,25.9,16.5,154.3,1015.9,32.3,16.0,277.2,24.0,9,10,2022-07-08T05:38:37,2022-07-08T20:27:26,0.33,Partially cloudy,Clearing in the afternoon.,partly-cloudy-day,"KVAY,OCVN4,72407493780,72407513735,KMIV,72407093730,C8812,KACY",321
60,"Galloway Twp, NJ, United States",2022-07-09,23.4,20.0,22.4,23.4,20.0,22.4,19.4,83.3,0.36,100,20.83,rain,0,0,34.2,18.2,84.5,1016.2,61.6,15.7,82.8,7.1,3,10,2022-07-09T05:39:15,2022-07-09T20:27:05,0.38,"Rain, Partially cloudy",Partly cloudy throughout the day with a chance of rain throughout the day.,rain,"KVAY,OCVN4,72407493780,72407513735,KMIV,72407093730,C8812,KACY",321
61,"Galloway Twp, NJ, United States",2022-07-10,26.2,16.7,21.5,26.2,16.7,21.5,16.8,76.0,0.0,0,0.0,,0,0,25.9,22.2,104.0,1017.4,5.7,16.0,270.3,23.4,9,10,2022-07-10T05:39:55,2022-07-10T20:26:41,0.42,Clear,Clear conditions throughout the day.,clear-day,"KVAY,OCVN4,72407493780,72407513735,KMIV,72407093730,C8812,KACY",321
62,"Galloway Twp, NJ, United States",2022-07-11,26.7,13.4,20.8,27.0,13.4,20.9,14.1,68.4,0.0,0,0.0,,0,0,25.9,22.1,109.6,1014.7,0.0,16.0,345.1,29.9,9,10,2022-07-11T05:40:36,2022-07-11T20:26:16,0.46,Clear,Clear conditions throughout the day.,clear-day,"KVAY,OCVN4,72407493780,72407513735,KMIV,72407093730,C8812,KACY",321
63,"Galloway Twp, NJ, United States",2022-07-12,31.2,20.0,25.0,35.5,20.0,26.2,20.4,76.7,5.53,100,12.5,rain,0,0,62.7,29.2,209.2,1009.9,9.3,16.0,306.5,26.5,9,60,2022-07-12T05:41:17,2022-07-12T20:25:49,0.49,Rain,Clear conditions throughout the day with late afternoon rain.,rain,"KVAY,OCVN4,72407493780,72407513735,KMIV,72407093730,C8812,KACY",321
64,"Galloway Twp, NJ, United States",2022-07-13,30.1,22.2,26.2,33.1,22.2,27.4,20.9,73.3,0.0,0,0.0,rain,0,0,40.7,16.5,187.2,1011.7,11.0,16.0,308.5,26.5,9,60,2022-07-13T05:42:00,2022-07-13T20:25:19,0.5,Clear,Clear conditions throughout the day.,clear-day,"KVAY,OCVN4,72407493780,72407513735,KMIV,72407093730,C8812,KACY",321
65,"Galloway Twp, NJ, United States",2022-07-14,32.8,22.8,27.7,33.4,22.8,28.3,19.3,63.3,0.0,0,0.0,rain,0,0,31.7,20.5,208.5,1014.2,22.3,16.0,266.2,23.1,9,100,2022-07-14T05:42:43,2022-07-14T20:24:48,0.51,Partially cloudy,Partly cloudy throughout the day.,partly-cloudy-day,"KVAY,OCVN4,72407493780,72407513735,KMIV,72407093730,C8812,KACY",321
66,"Galloway Twp, NJ, United States",2022-07-15,28.9,20.6,24.5,29.7,20.6,24.8,18.9,72.1,0.1,100,16.67,rain,0,0,33.5,22.1,121.2,1019.4,35.3,15.8,249.3,21.5,9,75,2022-07-15T05:43:28,2022-07-15T20:24:16,0.53,"Rain, Partially cloudy",Becoming cloudy in the afternoon with rain.,rain,"KVAY,OCVN4,72407493780,72407513735,KMIV,72407093730,C8812,KACY",321
67,"Galloway Twp, NJ, United States",2022-07-16,28.9,21.2,24.8,31.0,21.2,25.4,21.1,81.0,0.63,100,12.5,rain,0,0,23.0,18.1,99.1,1018.6,58.2,12.6,271.3,23.2,9,60,2022-07-16T05:44:13,2022-07-16T20:23:41,0.55,"Rain, Partially cloudy",Partly cloudy throughout the day with late afternoon rain.,rain,"KVAY,OCVN4,72407493780,72407513735,KMIV,72407093730,C8812,KACY",321
68,"Galloway Twp, NJ, United States",2022-07-17,30.0,22.2,25.7,32.3,22.2,26.6,21.5,78.5,0.32,100,12.5,rain,0,0,31.7,18.2,157.1,1016.6,44.5,15.9,240.0,20.7,9,75,2022-07-17T05:44:59,2022-07-17T20:23:04,0.6,"Rain, Partially cloudy",Partly cloudy throughout the day with early morning rain.,rain,"KVAY,OCVN4,72407493780,72407513735,KMIV,72407093730,C8812,KACY",321
69,"Galloway Twp, NJ, United States",2022-07-18,31.7,24.3,27.0,36.8,24.3,28.7,22.8,78.3,0.03,100,8.33,rain,0,0,51.8,29.1,191.3,1013.0,15.8,16.0,241.9,20.9,7,100,2022-07-18T05:45:46,2022-07-18T20:22:26,0.65,Rain,Clear conditions throughout the day with late afternoon rain.,rain,"KVAY,OCVN4,72407493780,72407513735,KMIV,72407093730,C8812,KACY",321
70,"Galloway Twp, NJ, United States",2022-07-19,33.8,23.3,28.4,33.5,23.3,28.6,19.2,61.6,0.0,0,0.0,,0,0,44.4,25.7,268.2,1009.8,8.6,16.0,299.1,25.9,9,30,2022-07-19T05:46:33,2022-07-19T20:21:46,0.7,Clear,Clear conditions throughout the day.,clear-day,"KVAY,OCVN4,72407493780,72407513735,KMIV,72407093730,C8812,KACY",321
71,"Galloway Twp, NJ, United States",2022-07-20,35.6,23.8,29.0,37.9,23.8,30.4,21.0,64.6,0.0,0,0.0,,0,0,38.9,25.6,231.1,1008.9,8.4,15.9,300.3,26.0,9,60,2022-07-20T05:47:22,2022-07-20T20:21:04,0.75,Clear,Clear conditions throughout the day.,clear-day,"KVAY,OCVN4,72407493780,72407513735,KMIV,72407093730,C8812,KACY",321
72,"Galloway Twp, NJ, United States",2022-07-21,34.9,25.0,29.3,40.9,25.0,32.4,22.9,69.7,0.03,100,4.17,rain,0,0,45.7,25.7,214.1,1006.0,20.2,16.0,257.5,22.2,8,100,2022-07-21T05:48:11,2022-07-21T20:20:20,0.8,"Rain, Partially cloudy",Becoming cloudy in the afternoon with afternoon rain.,rain,"KVAY,OCVN4,72407493780,72407513735,KMIV,72407093730,C8812,KACY",321
73,"Galloway Twp, NJ, United States",2022-07-22,35.0,24.3,29.6,36.3,24.3,31.0,20.5,61.4,0.0,0,0.0,,0,0,37.1,24.0,244.7,1011.8,17.9,16.0,271.8,23.5,9,60,2022-07-22T05:49:00,2022-07-22T20:19:34,0.85,Clear,Clear conditions throughout the day.,clear-day,"KVAY,OCVN4,72407493780,72407513735,KMIV,72407093730,C8812,KACY",321
74,"Galloway Twp, NJ, United States",2022-07-23,35.0,25.6,29.8,36.4,25.6,31.3,20.7,60.9,0.0,0,0.0,,0,0,32.4,22.1,184.8,1016.1,1.2,16.0,296.6,25.6,9,75,2022-07-23T05:49:50,2022-07-23T20:18:47,0.89,Clear,Clear conditions throughout the day.,clear-day,"KVAY,OCVN4,72407493780,72407513735,KMIV,72407093730,C8812,KACY",321
75,"Galloway Twp, NJ, United States",2022-07-24,36.7,22.8,29.4,39.0,22.8,31.5,21.5,65.6,0.0,0,0.0,,0,0,40.0,27.5,216.5,1016.5,2.2,16.0,289.7,24.9,9,100,2022-07-24T05:50:41,2022-07-24T20:17:58,0.93,Clear,Clear conditions throughout the day.,clear-day,"KVAY,OCVN4,72407493780,72407513735,KMIV,72407093730,C8812,KACY",321
76,"Galloway Twp, NJ, United States",2022-07-25,32.8,23.4,27.6,38.2,23.4,29.7,22.9,76.5,78.62,100,29.17,rain,0,0,62.7,31.3,217.0,1013.3,30.7,15.3,187.0,16.1,7,100,2022-07-25T05:51:32,2022-07-25T20:17:07,0.96,"Rain, Partially cloudy",Becoming cloudy in the afternoon with rain.,rain,"KVAY,OCVN4,72407493780,72407513735,KMIV,72407093730,C8812,KACY",321
77,"Galloway Twp, NJ, United States",2022-07-26,25.7,22.2,23.8,25.7,22.2,23.8,20.6,83.1,0.29,100,4.17,rain,0,0,32.0,12.9,173.4,1015.6,49.6,16.0,96.5,8.2,3,30,2022-07-26T05:52:24,2022-07-26T20:16:15,0.98,"Rain, Partially cloudy",Partly cloudy throughout the day with afternoon rain.,rain,"KVAY,OCVN4,72407493780,72407513735,KMIV,72407093730,C8812,KACY",321
78,"Galloway Twp, NJ, United States",2022-07-27,28.9,21.7,24.9,30.3,21.7,25.3,20.0,75.8,0.0,0,0.0,rain,0,0,27.7,14.6,107.3,1014.1,50.1,15.4,250.0,21.7,8,10,2022-07-27T05:53:16,2022-07-27T20:15:21,1.0,Partially cloudy,Partly cloudy throughout the day.,partly-cloudy-day,"KVAY,OCVN4,72407493780,72407513735,KMIV,72407093730,C8812,KACY",321
79,"Galloway Twp, NJ, United States",2022-07-28,33.3,22.9,28.1,36.9,22.9,30.2,22.1,72.0,0.16,100,8.33,rain,0,0,57.2,22.1,214.5,1011.0,17.7,15.7,217.3,18.9,8,75,2022-07-28T05:54:09,2022-07-28T20:14:26,1.0,Rain,Clear conditions throughout the day with late afternoon rain.,rain,"KVAY,OCVN4,72407493780,72407513735,KMIV,72407093730,C8812,KACY",321
80,"Galloway Twp, NJ, United States",2022-07-29,30.7,23.3,26.3,32.6,23.3,26.9,20.8,72.7,0.02,100,4.17,rain,0,0,29.5,18.2,195.2,1013.0,32.8,16.0,148.0,12.9,7,30,2022-07-29T05:55:02,2022-07-29T20:13:29,0.0,"Rain, Partially cloudy",Becoming cloudy in the afternoon with late afternoon rain.,rain,"KVAY,OCVN4,72407493780,72407513735,KMIV,72407093730,C8812,KACY",321
81,"Galloway Twp, NJ, United States",2022-07-30,32.2,22.9,27.1,31.3,22.9,26.9,17.0,57.9,0.31,100,8.33,rain,0,0,40.7,22.1,301.3,1016.9,36.0,16.0,292.3,25.2,9,10,2022-07-30T05:55:55,2022-07-30T20:12:30,0.01,"Rain, Partially cloudy",Clearing in the afternoon with early morning rain.,rain,"KVAY,OCVN4,72407493780,72407513735,KMIV,72407093730,KACY",321
82,"Galloway Twp, NJ, United States",2022-07-31,30.0,18.9,25.4,32.3,18.9,25.8,17.5,63.0,0.0,0,0.0,,0,0,30.2,20.3,154.0,1020.6,20.8,16.0,245.0,21.0,8,10,2022-07-31T05:56:49,2022-07-31T20:11:30,0.04,Partially cloudy,Becoming cloudy in the afternoon.,partly-cloudy-day,"KVAY,OCVN4,72407493780,72407513735,KMIV,72407093730,C8812,KACY",321
83,"Galloway Twp, NJ, United States",2022-08-01,27.2,21.2,23.6,29.0,21.2,23.8,20.6,83.6,8.06,100,12.5,rain,0,0,17.3,14.5,219.5,1014.3,81.9,14.8,109.6,9.4,5,10,2022-08-01T05:57:43,2022-08-01T20:10:28,0.07,"Rain, Partially cloudy",Partly cloudy throughout the day with early morning rain.,rain,"KVAY,OCVN4,72407493780,72407513735,KMIV,72407093730,C8812,KACY",321
84,"Galloway Twp, NJ, United States",2022-08-02,33.3,21.7,27.4,35.7,21.7,28.8,20.8,69.9,0.85,100,8.33,rain,0,0,38.9,23.8,229.4,1010.8,20.3,15.7,268.6,23.0,8,60,2022-08-02T05:58:37,2022-08-02T20:09:25,0.1,"Rain, Partially cloudy",Becoming cloudy in the afternoon with early morning rain.,rain,"KVAY,OCVN4,72407493780,72407513735,KMIV,72407093730,C8812,KACY",321
85,"Galloway Twp, NJ, United States",2022-08-03,32.9,21.2,26.9,33.2,21.2,27.7,19.3,64.8,0.0,0,0.0,,0,0,37.1,16.4,200.8,1015.2,0.0,16.0,292.0,25.2,9,60,2022-08-03T05:59:31,2022-08-03T20:08:21,0.14,Clear,Clear conditions throughout the day.,clear-day,"KVAY,OCVN4,72407493780,72407513735,KMIV,72407093730,C8812,KACY",321
86,"Galloway Twp, NJ, United States",2022-08-04,32.9,22.8,27.8,37.1,22.8,29.7,21.8,71.7,0.05,100,8.33,rain,0,0,56.3,27.5,144.3,1017.8,7.1,15.2,285.6,24.5,8,100,2022-08-04T06:00:26,2022-08-04T20:07:15,0.2,Rain,Clear conditions throughout the day with late afternoon rain.,rain,"KVAY,OCVN4,72407493780,72407513735,KMIV,72407093730,C8812,KACY",321
87,"Galloway Twp, NJ, United States",2022-08-05,31.7,21.7,26.6,35.4,21.7,28.1,21.3,74.1,0.81,100,4.17,rain,0,0,33.5,20.3,228.0,1020.8,12.6,16.0,251.1,21.5,8,75,2022-08-05T06:01:21,2022-08-05T20:06:07,0.25,Rain,Clear conditions throughout the day with early morning rain.,rain,"KVAY,OCVN4,72407493780,D8565,72407513735,KMIV,72407093730,KACY",321
88,"Galloway Twp, NJ, United States",2022-08-06,32.8,22.8,27.2,36.0,22.8,28.6,21.4,72.3,0.0,0,0.0,rain,0,0,46.2,27.4,205.9,1023.3,10.2,16.0,257.5,22.2,9,60,2022-08-06T06:02:16,2022-08-06T20:04:59,0.31,Clear,Clear conditions throughout the day.,clear-day,"KVAY,OCVN4,72407493780,72407513735,KMIV,72407093730,C8812,KACY",321
89,"Galloway Twp, NJ, United States",2022-08-07,33.3,24.4,28.0,36.3,24.4,29.7,21.9,71.0,0.0,0,0.0,rain,0,0,42.9,27.4,208.8,1022.0,8.6,16.0,261.0,22.6,8,75,2022-08-07T06:03:11,2022-08-07T20:03:49,0.36,Clear,Clear conditions throughout the day.,clear-day,"KVAY,OCVN4,72407493780,D8565,72407513735,KMIV,72407093730,KACY",321
90,"Galloway Twp, NJ, United States",2022-08-08,32.2,24.4,28.1,36.3,24.4,30.3,22.7,73.7,0.0,0,0.0,,0,0,43.9,27.4,202.3,1017.2,11.7,16.0,284.5,24.5,8,30,2022-08-08T06:04:06,2022-08-08T20:02:37,0.41,Clear,Clear conditions throughout the day.,clear-day,"KVAY,OCVN4,72407493780,72407513735,KMIV,72407093730,C8812,KACY",321
91,"Galloway Twp, NJ, United States",2022-08-09,36.1,26.7,30.9,40.1,28.9,34.7,22.6,63.2,0.09,100,8.33,rain,0,0,40.5,24.0,230.0,1014.2,9.3,16.0,260.6,22.3,8,60,2022-08-09T06:05:02,2022-08-09T20:01:25,0.45,Rain,Clear conditions throughout the day with late afternoon rain.,rain,"KVAY,OCVN4,72407493780,D8565,72407513735,KMIV,72407093730,KACY",321
92,"Galloway Twp, NJ, United States",2022-08-10,30.7,23.9,27.1,34.2,23.9,28.4,21.6,73.0,0.0,0,0.0,rain,0,0,29.5,20.4,193.1,1016.2,22.0,16.0,268.6,23.1,8,60,2022-08-10T06:05:57,2022-08-10T20:00:11,0.48,Partially cloudy,Becoming cloudy in the afternoon.,partly-cloudy-day,"KVAY,OCVN4,72407493780,D8565,72407513735,KMIV,72407093730,KACY",321
93,"Galloway Twp, NJ, United States",2022-08-11,29.4,22.2,25.4,31.3,22.2,26.2,21.6,80.1,7.28,100,29.17,rain,0,0,29.9,18.2,238.3,1012.8,49.6,15.9,189.8,16.4,7,60,2022-08-11T06:06:53,2022-08-11T19:58:56,0.5,"Rain, Partially cloudy",Partly cloudy throughout the day with rain clearing later.,rain,"KVAY,OCVN4,72407493780,72407513735,KMIV,72407093730,C8812,KACY",321
94,"Galloway Twp, NJ, United States",2022-08-12,28.4,17.8,23.5,28.5,17.8,23.5,14.6,59.1,0.0,0,0.0,rain,0,0,39.6,25.7,208.0,1014.7,13.0,16.0,217.1,18.8,8,30,2022-08-12T06:07:49,2022-08-12T19:57:40,0.5,Clear,Clear conditions throughout the day.,clear-day,"KVAY,OCVN4,72407493780,72407513735,KMIV,72407093730,C8812,KACY",321
95,"Galloway Twp, NJ, United States",2022-08-13,27.2,13.9,20.3,26.5,13.9,20.2,10.9,58.1,0.0,0,0.0,,0,0,35.2,22.2,234.1,1018.4,0.0,16.0,273.0,23.5,9,10,2022-08-13T06:08:44,2022-08-13T19:56:23,0.52,Clear,Clear conditions throughout the day.,clear-day,"KVAY,OCVN4,72407493780,72407513735,KMIV,72407093730,C8812,KACY",321
96,"Galloway Twp, NJ, United States",2022-08-14,26.7,16.2,21.7,26.6,16.2,21.7,13.4,61.9,0.0,0,0.0,,0,0,29.5,18.2,110.1,1017.8,0.1,16.0,204.9,17.7,9,10,2022-08-14T06:09:40,2022-08-14T19:55:04,0.54,Clear,Clear conditions throughout the day.,clear-day,"KVAY,72407493780,D8565,72407513735,KMIV,72407093730,C8812,KACY",321
97,"Galloway Twp, NJ, United States",2022-08-15,26.7,16.7,21.0,27.2,16.7,21.1,14.4,67.8,0.0,0,0.0,,0,0,37.1,24.0,154.0,1015.3,14.4,16.0,253.4,21.9,10,10,2022-08-15T06:10:36,2022-08-15T19:53:45,0.58,Clear,Clear conditions throughout the day.,clear-day,"KVAY,OCVN4,72407493780,72407513735,KMIV,72407093730,C8812,KACY",321
98,"Galloway Twp, NJ, United States",2022-08-16,25.7,13.9,20.2,25.7,13.9,20.2,15.1,74.6,0.0,0,0.0,,0,0,40.6,25.7,176.4,1015.2,17.5,16.0,277.0,23.9,9,10,2022-08-16T06:11:32,2022-08-16T19:52:24,0.62,Clear,Clear conditions throughout the day.,clear-day,"KVAY,OCVN4,72407493780,72407513735,KMIV,72407093730,KACY",321
99,"Galloway Twp, NJ, United States",2022-08-17,26.2,15.0,20.9,26.2,15.0,20.9,14.3,68.3,0.0,0,0.0,rain,0,0,26.3,18.2,126.6,1015.4,22.9,16.0,226.0,19.5,8,10,2022-08-17T06:12:27,2022-08-17T19:51:03,0.67,Partially cloudy,Becoming cloudy in the afternoon.,partly-cloudy-day,"KVAY,OCVN4,72407493780,D8565,72407513735,KMIV,72407093730,KACY",321
100,"Galloway Twp, NJ, United States",2022-08-18,30.6,16.1,23.4,29.7,16.1,23.2,14.8,62.4,0.0,0,0.0,,0,0,35.3,18.3,252.6,1013.8,14.4,16.0,223.4,19.2,8,30,2022-08-18T06:13:23,2022-08-18T19:49:40,0.72,Clear,Clear conditions throughout the day.,clear-day,"KVAY,OCVN4,72407493780,72407513735,KMIV,72407093730,C8812,KACY",321
101,"Galloway Twp, NJ, United States",2022-08-19,31.7,19.3,25.2,30.8,19.3,25.2,17.6,66.2,0.0,0,0.0,,0,0,35.3,23.8,212.3,1018.1,3.8,15.7,257.5,22.2,8,30,2022-08-19T06:14:19,2022-08-19T19:48:17,0.77,Clear,Clear conditions throughout the day.,clear-day,"KVAY,OCVN4,72407493780,72407513735,KMIV,72407093730,KACY",321
102,"Galloway Twp, NJ, United States",2022-08-20,31.2,20.0,25.4,31.2,20.0,25.5,17.6,64.4,0.0,0,0.0,,0,0,29.5,20.4,114.8,1021.0,5.7,16.0,257.5,22.1,8,10,2022-08-20T06:15:15,2022-08-20T19:46:52,0.82,Clear,Clear conditions throughout the day.,clear-day,"KVAY,OCVN4,72407493780,72407513735,KMIV,72407093730,KACY",321
103,"Galloway Twp, NJ, United States",2022-08-21,29.3,17.2,23.3,31.2,17.2,23.9,19.5,80.5,0.0,0,0.0,rain,0,0,27.7,20.3,69.0,1019.0,43.8,13.6,195.1,16.8,6,60,2022-08-21T06:16:10,2022-08-21T19:45:27,0.86,Partially cloudy,Partly cloudy throughout the day.,partly-cloudy-day,"KVAY,OCVN4,72407493780,72407513735,KMIV,72407093730,KACY",321
104,"Galloway Twp, NJ, United States",2022-08-22,28.4,23.3,25.3,31.0,23.3,25.9,22.0,82.8,2.0,100,37.5,rain,0,0,40.7,22.0,175.1,1012.5,53.4,15.6,206.7,17.7,8,60,2022-08-22T06:17:06,2022-08-22T19:44:01,0.9,"Rain, Partially cloudy",Partly cloudy throughout the day with a chance of rain throughout the day.,rain,"KVAY,OCVN4,72407493780,72407513735,KMIV,72407093730,C8812,KACY",321
105,"Galloway Twp, NJ, United States",2022-08-23,30.6,21.2,26.2,31.6,21.2,26.6,19.8,70.7,0.02,100,4.17,rain,0,0,37.1,25.8,246.3,1010.3,41.3,14.6,207.4,18.0,7,60,2022-08-23T06:18:02,2022-08-23T19:42:34,0.94,"Rain, Partially cloudy",Partly cloudy throughout the day with early morning rain.,rain,"KVAY,OCVN4,72407493780,72407513735,KMIV,72407093730,KACY",321
106,"Galloway Twp, NJ, United States",2022-08-24,32.8,19.3,26.4,32.7,19.3,26.4,16.6,58.4,0.0,0,0.0,rain,0,0,35.3,20.4,246.6,1014.7,12.0,16.0,225.5,19.5,7,30,2022-08-24T06:18:57,2022-08-24T19:41:06,0.97,Clear,Clear conditions throughout the day.,clear-day,"KVAY,OCVN4,72407493780,72407513735,KMIV,72407093730,KACY",321
107,"Galloway Twp, NJ, United States",2022-08-25,32.9,18.8,26.0,31.9,18.8,26.1,17.3,62.5,0.0,0,0.0,,0,0,33.5,25.6,192.7,1017.1,3.3,16.0,238.6,20.7,8,30,2022-08-25T06:19:53,2022-08-25T19:39:38,0.99,Clear,Clear conditions throughout the day.,clear-day,"KVAY,OCVN4,72407493780,72407513735,KMIV,72407093730,KACY",321
108,"Galloway Twp, NJ, United States",2022-08-26,32.2,22.2,26.7,33.6,22.2,27.5,20.0,68.5,0.11,100,8.33,rain,0,0,40.7,23.9,193.8,1014.5,28.2,16.0,238.9,21.0,8,75,2022-08-26T06:20:48,2022-08-26T19:38:09,1.0,"Rain, Partially cloudy",Partly cloudy throughout the day with afternoon rain.,rain,"KVAY,OCVN4,72407493780,72407513735,KMIV,72407093730,C8812,KACY",321
109,"Galloway Twp, NJ, United States",2022-08-27,30.7,21.1,25.8,32.6,21.1,26.5,20.6,74.5,0.0,0,0.0,rain,0,0,27.7,22.0,132.9,1015.3,20.5,15.4,213.1,18.6,7,75,2022-08-27T06:21:43,2022-08-27T19:36:39,0.0,Partially cloudy,Partly cloudy throughout the day.,partly-cloudy-day,"KVAY,OCVN4,72407493780,72407513735,KMIV,72407093730,KACY",321
110,"Galloway Twp, NJ, United States",2022-08-28,30.0,22.2,24.8,33.4,22.2,25.2,22.6,88.6,44.98,100,12.5,rain,0,0,29.5,20.3,79.1,1019.5,85.5,11.0,107.6,9.2,6,100,2022-08-28T06:22:39,2022-08-28T19:35:08,0.01,"Rain, Partially cloudy",Partly cloudy throughout the day with afternoon rain.,rain,"KVAY,OCVN4,72407493780,D8565,72407513735,KMIV,72407093730,KACY",321
111,"Galloway Twp, NJ, United States",2022-08-29,29.4,21.2,25.3,32.3,21.2,26.4,21.8,81.8,0.04,100,4.17,rain,0,0,31.6,20.4,110.3,1019.4,31.3,12.5,250.6,21.8,8,60,2022-08-29T06:23:34,2022-08-29T19:33:37,0.02,"Rain, Partially cloudy",Partly cloudy throughout the day with late afternoon rain.,rain,"KVAY,OCVN4,72407493780,72407513735,KMIV,72407093730,C8812,KACY",321
112,"Galloway Twp, NJ, United States",2022-08-30,30.0,22.9,26.1,34.0,22.9,27.2,22.2,80.9,5.7,100,16.67,rain,0,0,72.2,25.8,171.7,1012.8,28.9,13.6,254.3,22.0,8,60,2022-08-30T06:24:29,2022-08-30T19:32:05,0.05,"Rain, Partially cloudy",Partly cloudy throughout the day with late afternoon rain.,rain,"KVAY,OCVN4,72407493780,72407513735,KMIV,72407093730,C8812,KACY",321
113,"Galloway Twp, NJ, United States",2022-08-31,30.6,21.7,25.2,30.3,21.7,25.1,17.0,64.3,0.0,0,0.0,,0,0,42.4,27.6,275.7,1010.2,11.3,16.0,251.9,21.6,8,10,2022-08-31T06:25:24,2022-08-31T19:30:32,0.09,Clear,Clear conditions throughout the day.,clear-day,"KVAY,OCVN4,72407493780,72407513735,KMIV,72407093730,C8812,KACY",321
114,"Galloway Twp, NJ, United States",2022-09-01,31.1,17.2,24.1,29.9,17.2,23.8,13.6,55.1,0.0,0,0.0,,0,0,37.0,20.6,242.7,1014.5,0.0,16.0,254.5,22.1,8,10,2022-09-01T06:26:20,2022-09-01T19:28:59,0.13,Clear,Clear conditions throughout the day.,clear-day,"KVAY,OCVN4,72407493780,72407513735,KMIV,72407093730,C8812,KACY",321
115,"Galloway Twp, NJ, United States",2022-09-02,25.7,15.0,20.9,25.7,15.0,20.9,14.2,66.6,0.0,0,0.0,,0,0,29.5,22.0,79.1,1022.4,1.2,16.0,249.1,21.6,8,10,2022-09-02T06:27:15,2022-09-02T19:27:26,0.18,Clear,Clear conditions throughout the day.,clear-day,"KVAY,OCVN4,72407493780,72407513735,KMIV,72407093730,C8812,KACY",321
116,"Galloway Twp, NJ, United States",2022-09-03,26.7,16.2,21.6,27.8,16.2,21.7,17.3,77.6,0.0,0,0.0,rain,0,0,21.6,20.3,106.1,1023.9,10.8,16.0,240.5,20.6,8,10,2022-09-03T06:28:10,2022-09-03T19:25:52,0.24,Clear,Clear conditions throughout the day.,clear-day,"KVAY,OCVN4,72407493780,72407513735,KMIV,72407093730,C8812,KACY",321
117,"Galloway Twp, NJ, United States",2022-09-04,30.0,18.3,24.1,31.5,18.3,24.5,18.5,72.8,0.0,0,0.0,,0,0,33.5,22.0,122.5,1020.3,2.4,16.0,234.9,20.4,8,10,2022-09-04T06:29:05,2022-09-04T19:24:17,0.29,Clear,Clear conditions throughout the day.,clear-day,"KVAY,OCVN4,72407493780,72407513735,KMIV,72407093730,C8812,KACY",321
118,"Galloway Twp, NJ, United States",2022-09-05,28.4,21.7,24.8,30.1,21.7,25.2,19.9,75.5,0.0,0,0.0,rain,0,0,26.3,20.3,151.0,1018.6,18.2,16.0,182.7,15.8,6,30,2022-09-05T06:30:00,2022-09-05T19:22:42,0.35,Clear,Clear conditions throughout the day.,clear-day,"KVAY,OCVN4,72407493780,72407513735,KMIV,72407093730,C8812,KACY",321
119,"Galloway Twp, NJ, United States",2022-09-06,24.3,18.9,22.0,24.3,18.9,22.0,20.3,90.3,72.28,100,62.5,rain,0,0,46.4,25.6,107.3,1014.6,72.8,9.4,21.6,1.9,2,30,2022-09-06T06:30:55,2022-09-06T19:21:07,0.4,"Rain, Partially cloudy",Partly cloudy throughout the day with rain.,rain,"KVAY,OCVN4,72407493780,72407513735,KMIV,72407093730,C8812,KACY",321
120,"Galloway Twp, NJ, United States",2022-09-07,22.8,20.0,21.0,22.8,20.0,21.0,18.9,88.2,3.88,100,37.5,rain,0,0,47.9,25.8,31.0,1013.5,100.0,12.5,71.3,6.0,3,10,2022-09-07T06:31:50,2022-09-07T19:19:31,0.44,"Rain, Overcast",Cloudy skies throughout the day with a chance of rain throughout the day.,rain,"KVAY,OCVN4,72407493780,72407513735,KMIV,72407093730,C8812,KACY",321
121,"Galloway Twp, NJ, United States",2022-09-08,23.4,16.7,20.1,23.4,16.7,20.1,16.3,80.1,0.29,100,4.17,rain,0,0,38.9,22.2,125.9,1012.6,67.4,15.5,181.6,15.6,7,10,2022-09-08T06:32:45,2022-09-08T19:17:55,0.47,"Rain, Partially cloudy",Partly cloudy throughout the day with early morning rain.,rain,"KVAY,OCVN4,72407493780,72407513735,KMIV,72407093730,C8812,KACY",321
122,"Galloway Twp, NJ, United States",2022-09-09,24.4,13.9,18.9,24.4,13.9,18.9,15.0,79.4,0.0,0,0.0,,0,0,31.7,20.4,90.2,1017.3,5.4,16.0,235.4,20.6,8,10,2022-09-09T06:33:40,2022-09-09T19:16:19,0.49,Clear,Clear conditions throughout the day.,clear-day,"KVAY,OCVN4,72407493780,72407513735,KMIV,72407093730,C8812,KACY",321
123,"Galloway Twp, NJ, United States",2022-09-10,25.7,13.8,20.2,25.7,13.8,20.2,15.8,77.5,0.0,0,0.0,,0,0,16.6,14.7,99.6,1023.3,2.3,16.0,233.1,20.0,8,10,2022-09-10T06:34:35,2022-09-10T19:14:42,0.5,Clear,Clear conditions throughout the day.,clear-day,"KVAY,OCVN4,72407493780,72407513735,F7263,KMIV,72407093730,KACY",321
124,"Galloway Twp, NJ, United States",2022-09-11,26.7,20.0,22.6,28.1,20.0,22.7,19.8,84.5,1.9,100,29.17,rain,0,0,33.5,18.2,119.0,1019.6,73.4,15.0,86.8,7.4,5,30,2022-09-11T06:35:30,2022-09-11T19:13:05,0.51,"Rain, Partially cloudy",Partly cloudy throughout the day with rain.,rain,"KVAY,OCVN4,72407493780,72407513735,F7263,KMIV,72407093730,KACY",321
125,"Galloway Twp, NJ, United States",2022-09-12,27.9,22.9,24.8,31.0,22.9,25.4,22.2,86.5,0.32,100,8.33,rain,0,0,34.9,18.1,203.1,1010.6,81.1,13.9,168.3,14.4,6,60,2022-09-12T06:36:25,2022-09-12T19:11:28,0.53,"Rain, Partially cloudy",Partly cloudy throughout the day with late afternoon rain.,rain,"KVAY,OCVN4,72407493780,72407513735,F7263,KMIV,72407093730,KACY",321
126,"Galloway Twp, NJ, United States",2022-09-13,28.4,20.6,24.6,30.9,20.6,25.0,19.6,75.2,0.6,100,12.5,rain,0,0,47.7,24.0,208.2,1008.2,34.0,15.5,210.6,18.2,8,60,2022-09-13T06:37:20,2022-09-13T19:09:50,0.56,"Rain, Partially cloudy",Partly cloudy throughout the day with rain clearing later.,rain,"KVAY,OCVN4,72407493780,72407513735,F7263,KMIV,72407093730,KACY",321
127,"Galloway Twp, NJ, United States",2022-09-14,27.2,15.0,20.7,27.1,15.0,20.7,13.0,63.7,0.0,0,0.0,,0,0,38.9,20.4,293.3,1014.9,0.0,16.0,234.5,20.2,8,10,2022-09-14T06:38:15,2022-09-14T19:08:13,0.6,Clear,Clear conditions throughout the day.,clear-day,"KVAY,OCVN4,72407493780,72407513735,F7263,KMIV,72407093730,KACY",321
128,"Galloway Twp, NJ, United States",2022-09-15,23.9,12.8,19.3,23.9,12.8,19.3,13.0,69.6,0.0,0,0.0,,0,0,31.7,23.9,221.5,1020.3,1.1,16.0,231.0,20.1,7,10,2022-09-15T06:39:10,2022-09-15T19:06:35,0.64,Clear,Clear conditions throughout the day.,clear-day,"KVAY,OCVN4,72407493780,72407513735,F7263,KMIV,72407093730,KACY",321
129,"Galloway Twp, NJ, United States",2022-09-16,25.0,10.0,17.3,25.0,9.7,17.3,9.9,65.0,0.0,0,0.0,,0,0,19.1,16.5,244.9,1022.1,0.0,16.0,212.3,18.4,7,10,2022-09-16T06:40:05,2022-09-16T19:04:57,0.69,Clear,Clear conditions throughout the day.,clear-day,"KVAY,OCVN4,72407493780,72407513735,F7263,KMIV,72407093730,KACY",321
130,"Galloway Twp, NJ, United States",2022-09-17,25.0,13.8,20.0,25.0,13.8,20.0,15.0,74.2,0.0,0,0.0,,0,0,19.1,16.5,105.5,1023.3,6.1,16.0,211.0,18.3,7,10,2022-09-17T06:41:00,2022-09-17T19:03:19,0.74,Clear,Clear conditions throughout the day.,clear-day,"KVAY,OCVN4,72407493780,72407513735,F7263,KMIV,72407093730,KACY",321
131,"Galloway Twp, NJ, United States",2022-09-18,27.9,16.1,22.1,27.8,16.1,22.1,16.8,74.3,0.0,0,0.0,,0,0,29.5,20.4,183.9,1019.3,1.2,16.0,210.2,18.0,7,30,2022-09-18T06:41:56,2022-09-18T19:01:41,0.78,Clear,Clear conditions throughout the day.,clear-day,"KVAY,OCVN4,72407493780,72407513735,F7263,KMIV,72407093730,C8812,KACY",321
132,"Galloway Twp, NJ, United States",2022-09-19,30.0,20.6,24.6,30.1,20.6,24.8,17.9,68.7,0.0,0,0.0,,0,0,38.9,27.4,229.1,1014.0,6.1,16.0,184.9,15.9,7,30,2022-09-19T06:42:51,2022-09-19T19:00:03,0.83,Clear,Clear conditions throughout the day.,clear-day,"KVAY,OCVN4,72407493780,72407513735,F7263,KMIV,72407093730,KACY",321
133,"Galloway Twp, NJ, United States",2022-09-20,27.8,18.3,22.8,27.4,18.3,22.7,15.4,66.0,0.0,0,0.0,,0,0,38.9,25.8,272.5,1012.6,9.1,16.0,214.7,18.4,7,30,2022-09-20T06:43:47,2022-09-20T18:58:25,0.87,Clear,Clear conditions throughout the day.,clear-day,"KVAY,OCVN4,72407493780,72407513735,F7263,KMIV,72407093730,KACY",321
134,"Galloway Twp, NJ, United States",2022-09-21,27.8,12.8,20.7,27.7,12.8,20.7,14.6,70.1,0.0,0,0.0,,0,0,27.7,16.4,164.9,1013.7,0.1,16.0,209.8,18.0,7,10,2022-09-21T06:44:42,2022-09-21T18:56:47,0.91,Clear,Clear conditions throughout the day.,clear-day,"KVAY,OCVN4,72407493780,72407513735,F7263,KMIV,72407093730,KACY",321
135,"Galloway Twp, NJ, United States",2022-09-22,27.8,15.0,21.1,29.5,15.0,21.3,16.8,77.4,5.28,100,16.67,rain,0,0,58.7,27.4,253.2,1005.5,34.1,15.0,102.4,8.7,6,60,2022-09-22T06:45:38,2022-09-22T18:55:09,0.95,"Rain, Partially cloudy",Becoming cloudy in the afternoon with afternoon rain.,rain,"KVAY,OCVN4,72407493780,72407513735,F7263,KMIV,72407093730,KACY",321
136,"Galloway Twp, NJ, United States",2022-09-23,19.3,9.4,13.8,19.3,7.7,13.8,4.1,54.3,0.0,0,0.0,,0,0,56.1,36.9,321.7,1013.2,10.0,16.0,223.9,19.2,7,10,2022-09-23T06:46:34,2022-09-23T18:53:31,0.97,Clear,Clear conditions throughout the day.,clear-day,"KVAY,OCVN4,72407493780,72407513735,F7263,KMIV,72407093730,KACY",321
137,"Galloway Twp, NJ, United States",2022-09-24,20.6,4.4,13.1,20.6,4.4,12.6,4.8,59.3,0.0,0,0.0,,0,0,46.4,20.3,285.7,1016.8,5.3,16.0,166.0,14.2,6,10,2022-09-24T06:47:30,2022-09-24T18:51:53,0.99,Clear,Clear conditions throughout the day.,clear-day,"KVAY,OCVN4,72407493780,72407513735,F7263,KMIV,72407093730,KACY",321
138,"Galloway Twp, NJ, United States",2022-09-25,25.6,14.4,19.3,25.6,14.4,19.3,13.2,69.0,0.8,100,8.33,rain,0,0,46.1,25.6,185.0,1007.9,45.7,16.0,146.7,12.7,6,30,2022-09-25T06:48:26,2022-09-25T18:50:15,1.0,"Rain, Partially cloudy",Partly cloudy throughout the day with rain.,rain,"KVAY,OCVN4,72407493780,72407513735,F7263,KMIV,72407093730,KACY",321
139,"Galloway Twp, NJ, United States",2022-09-26,24.3,15.6,20.2,24.3,15.6,20.2,13.0,64.8,0.0,0,0.0,rain,0,0,38.8,23.9,245.6,1006.8,29.5,16.0,178.7,15.4,7,30,2022-09-26T06:49:22,2022-09-26T18:48:38,0.0,Partially cloudy,Becoming cloudy in the afternoon.,partly-cloudy-day,"KVAY,OCVN4,72407493780,72407513735,KMIV,72407093730,C8812,KACY",321
140,"Galloway Twp, NJ, United States",2022-09-27,22.8,13.8,18.2,22.8,13.8,18.2,7.0,49.6,0.0,0,0.0,,0,0,45.9,25.8,256.6,1012.1,15.9,16.0,197.7,17.0,7,10,2022-09-27T06:50:19,2022-09-27T18:47:00,0.01,Clear,Clear conditions throughout the day.,clear-day,"KVAY,OCVN4,72407493780,72407513735,KMIV,72407093730,C8812,KACY",321
141,"Galloway Twp, NJ, United States",2022-09-28,21.2,9.3,14.6,21.2,8.0,14.5,7.6,64.5,0.0,0,0.0,,0,0,32.4,20.4,289.3,1020.0,12.9,16.0,194.7,16.9,7,10,2022-09-28T06:51:16,2022-09-28T18:45:23,0.04,Clear,Clear conditions throughout the day.,clear-day,"KVAY,OCVN4,72407493780,72407513735,KMIV,72407093730,C8812,KACY",321
142,"Galloway Twp, NJ, United States",2022-09-29,19.9,10.7,14.7,19.9,10.7,14.7,8.9,69.5,0.0,0,0.0,,0,0,44.5,24.1,159.8,1025.9,4.2,16.0,178.2,15.4,6,10,2022-09-29T06:52:13,2022-09-29T18:43:47,0.07,Clear,Clear conditions throughout the day.,clear-day,"KVAY,OCVN4,72407493780,72407513735,KMIV,72407093730,C8812,KACY",321
143,"Galloway Twp, NJ, United States",2022-09-30,18.3,10.7,14.8,18.3,10.7,14.8,10.8,77.5,2.0,100,25.0,rain,0,0,50.4,31.4,37.5,1023.0,62.1,17.1,58.1,5.1,3,10,2022-09-30T06:53:10,2022-09-30T18:42:10,0.12,"Rain, Partially cloudy",Partly cloudy throughout the day with late afternoon rain.,rain,"KVAY,OCVN4,KMIV,C8812,KACY",321
