,name,datetime,tempmax,tempmin,temp,feelslikemax,feelslikemin,feelslike,dew,humidity,precip,precipprob,precipcover,preciptype,snow,snowdepth,windgust,windspeed,winddir,sealevelpressure,cloudcover,visibility,solarradiation,solarenergy,uvindex,severerisk,sunrise,sunset,moonphase,conditions,description,icon,stations,skey
0,"Absecon, NJ, United States",2022-05-10,18.9,10.7,14.4,18.9,10.7,14.4,-1.5,34.0,0.0,0,0.0,,0,0,74.2,49.8,42.1,1024.9,86.6,16.0,263.5,22.7,9,10,2022-05-10T05:49:01,2022-05-10T20:00:30,0.32,Partially cloudy,Partly cloudy throughout the day.,wind,"OCVN4,72407513735,KWWD,74596603726,KMIV,72407093730,C8812,KACY",326
1,"Absecon, NJ, United States",2022-05-11,17.8,10.0,13.4,17.8,10.0,13.4,5.1,59.7,0.0,0,0.0,rain,0,0,55.3,37.0,86.3,1023.7,69.8,16.0,98.0,8.2,3,10,2022-05-11T05:48:01,2022-05-11T20:01:27,0.37,Partially cloudy,Partly cloudy throughout the day.,partly-cloudy-day,"OCVN4,72407513735,KWWD,74596603726,KMIV,72407093730,C8812,KACY",326
2,"Absecon, NJ, United States",2022-05-12,17.2,11.7,13.9,17.2,11.7,13.9,12.6,92.3,0.58,100,8.33,rain,0,0,44.6,29.4,56.7,1024.4,94.0,8.9,80.5,7.1,3,10,2022-05-12T05:47:01,2022-05-12T20:02:23,0.41,"Rain, Overcast",Cloudy skies throughout the day with early morning rain.,rain,"OCVN4,72407513735,KWWD,74596603726,KMIV,72407093730,C8812,KACY",326
3,"Absecon, NJ, United States",2022-05-13,18.9,12.2,15.1,18.9,12.2,15.1,14.3,95.2,2.6,100,16.67,rain,0,0,29.2,16.6,61.3,1023.3,82.0,2.9,116.3,10.0,4,10,2022-05-13T05:46:04,2022-05-13T20:03:19,0.45,"Rain, Partially cloudy",Partly cloudy throughout the day with rain in the morning and afternoon.,rain,"OCVN4,72407513735,KWWD,74596603726,KMIV,72407093730,C8812,KACY",326
4,"Absecon, NJ, United States",2022-05-14,18.3,13.4,15.6,18.3,13.4,15.6,15.4,98.5,35.74,100,16.67,rain,0,0,33.8,20.3,95.0,1018.1,76.4,2.0,48.9,4.0,2,10,2022-05-14T05:45:07,2022-05-14T20:04:15,0.48,"Rain, Partially cloudy",Partly cloudy throughout the day with afternoon rain.,rain,"OCVN4,72407513735,KWWD,74596603726,KMIV,72407093730,C8812,KACY",326
5,"Absecon, NJ, United States",2022-05-15,26.1,13.9,18.9,26.1,13.9,18.9,15.9,84.4,0.0,0,0.0,rain,0,0,29.5,20.4,154.3,1012.1,65.9,11.3,271.9,23.4,9,10,2022-05-15T05:44:13,2022-05-15T20:05:11,0.5,Partially cloudy,Partly cloudy throughout the day.,partly-cloudy-day,"OCVN4,72407513735,KWWD,74596603726,KMIV,72407093730,C8812,KACY",326
6,"Absecon, NJ, United States",2022-05-16,24.4,15.7,19.6,24.4,15.7,19.6,16.2,81.6,4.54,100,20.83,rain,0,0,43.5,20.4,189.0,1006.2,54.2,15.6,195.3,16.8,6,30,2022-05-16T05:43:20,2022-05-16T20:06:06,0.5,"Rain, Partially cloudy",Partly cloudy throughout the day with rain.,rain,"OCVN4,72407513735,KWWD,74596603726,KMIV,72407093730,C8812,KACY",326
7,"Absecon, NJ, United States",2022-05-17,26.7,10.7,20.1,26.2,10.7,20.1,8.2,50.1,0.0,0,0.0,,0,0,53.5,31.6,292.5,1009.1,18.1,16.0,279.9,24.4,9,10,2022-05-17T05:42:28,2022-05-17T20:07:00,0.52,Clear,Clear conditions throughout the day.,clear-day,"OCVN4,72407513735,KWWD,74596603726,KMIV,72407093730,WOBN4,KACY",326
8,"Absecon, NJ, United States",2022-05-18,23.3,10.0,17.2,23.3,8.4,17.1,5.8,48.8,0.0,0,0.0,,0,0,46.8,20.3,269.5,1014.5,12.2,16.0,309.5,26.8,9,10,2022-05-18T05:41:39,2022-05-18T20:07:54,0.54,Clear,Clear conditions throughout the day.,clear-day,"OCVN4,72407513735,KWWD,74596603726,KMIV,72407093730,C8812,KACY",326
9,"Absecon, NJ, United States",2022-05-19,25.6,13.3,18.0,25.6,13.3,18.0,13.9,78.6,14.29,100,29.17,rain,0,0,46.1,25.8,221.0,1008.1,67.6,14.3,230.5,19.8,8,30,2022-05-19T05:40:50,2022-05-19T20:08:47,0.58,"Rain, Partially cloudy",Partly cloudy throughout the day with rain clearing later.,rain,"OCVN4,72407513735,KWWD,74596603726,KMIV,72407093730,KACY",326
10,"Absecon, NJ, United States",2022-05-20,25.7,13.4,19.8,25.7,13.4,19.8,16.7,83.2,0.0,0,0.0,rain,0,0,51.8,27.6,144.8,1012.4,18.4,14.9,233.9,20.1,9,30,2022-05-20T05:40:04,2022-05-20T20:09:40,0.63,Clear,Clear conditions throughout the day.,clear-day,"OCVN4,72407513735,KWWD,74596603726,KMIV,72407093730,C8812,KACY",326
11,"Absecon, NJ, United States",2022-05-21,33.3,20.0,26.8,36.2,20.0,27.7,18.9,64.2,0.0,0,0.0,rain,0,0,33.5,22.1,223.8,1015.8,0.0,15.2,306.6,26.5,9,75,2022-05-21T05:39:19,2022-05-21T20:10:32,0.68,Clear,Clear conditions throughout the day.,clear-day,"OCVN4,72407513735,KWWD,74596603726,KMIV,72407093730,C8812,KACY",326
12,"Absecon, NJ, United States",2022-05-22,30.6,21.7,26.3,31.9,21.7,27.1,19.5,67.0,0.02,100,4.17,rain,0,0,38.9,22.4,223.9,1016.7,5.3,16.0,297.1,25.5,9,60,2022-05-22T05:38:36,2022-05-22T20:11:23,0.74,Rain,Clear conditions throughout the day with late afternoon rain.,rain,"OCVN4,72407513735,KWWD,74596603726,KMIV,72407093730,C8812,KACY",326
13,"Absecon, NJ, United States",2022-05-23,23.8,16.7,19.7,23.8,16.7,19.7,12.4,64.3,3.58,100,8.33,rain,0,0,47.0,29.3,239.3,1020.7,22.5,16.0,289.0,24.9,9,10,2022-05-23T05:37:55,2022-05-23T20:12:14,0.79,"Rain, Partially cloudy",Clearing in the afternoon with early morning rain.,rain,"OCVN4,72407513735,KWWD,74596603726,KMIV,72407093730,C8812,KACY",326
14,"Absecon, NJ, United States",2022-05-24,17.8,13.9,15.7,17.8,13.9,15.7,10.9,73.9,0.92,100,12.5,rain,0,0,42.5,27.6,72.9,1024.5,95.6,16.0,176.8,15.3,6,10,2022-05-24T05:37:15,2022-05-24T20:13:04,0.85,"Rain, Overcast",Cloudy skies throughout the day with morning rain.,rain,"OCVN4,72407513735,KWWD,74596603726,KMIV,72407093730,C8812,KACY",326
15,"Absecon, NJ, United States",2022-05-25,19.4,10.7,15.2,19.4,10.7,15.2,8.5,66.8,0.0,0,0.0,,0,0,36.7,25.9,69.8,1027.3,33.4,16.0,312.2,27.1,9,10,2022-05-25T05:36:37,2022-05-25T20:13:53,0.89,Partially cloudy,Partly cloudy throughout the day.,partly-cloudy-day,"OCVN4,72407513735,KWWD,74596603726,KMIV,72407093730,C8812,KACY",326
16,"Absecon, NJ, United States",2022-05-26,21.7,10.7,16.8,21.7,10.7,16.8,13.5,81.9,0.3,100,4.17,rain,0,0,31.7,22.2,115.5,1024.1,75.3,15.4,247.6,21.3,9,10,2022-05-26T05:36:01,2022-05-26T20:14:41,0.93,"Rain, Partially cloudy",Partly cloudy throughout the day with late afternoon rain.,rain,"OCVN4,72407513735,KWWD,74596603726,KMIV,72407093730,C8812,KACY",326
17,"Absecon, NJ, United States",2022-05-27,25.0,17.2,19.3,25.0,17.2,19.3,18.0,92.1,5.03,100,12.5,rain,0,0,49.8,23.2,181.0,1013.9,88.8,9.1,117.3,10.0,6,10,2022-05-27T05:35:27,2022-05-27T20:15:28,0.96,"Rain, Partially cloudy",Partly cloudy throughout the day with afternoon rain.,rain,"OCVN4,72407513735,KWWD,74596603726,KMIV,72407093730,C8812,KACY",326
18,"Absecon, NJ, United States",2022-05-28,26.7,18.3,21.3,26.9,18.3,21.4,16.6,76.2,0.01,100,4.17,rain,0,0,48.2,27.5,251.5,1008.2,51.9,15.2,255.0,22.0,9,30,2022-05-28T05:34:54,2022-05-28T20:16:15,0.99,"Rain, Partially cloudy",Partly cloudy throughout the day with late afternoon rain.,rain,"OCVN4,72407513735,KWWD,74596603726,KMIV,72407093730,C8812,KACY",326
19,"Absecon, NJ, United States",2022-05-29,26.1,16.1,20.8,26.1,16.1,20.8,14.4,69.0,0.0,0,0.0,,0,0,26.3,20.4,163.6,1016.9,25.9,16.0,314.5,27.3,9,10,2022-05-29T05:34:24,2022-05-29T20:17:00,1.0,Partially cloudy,Partly cloudy throughout the day.,partly-cloudy-day,"OCVN4,72407513735,KWWD,74596603726,KMIV,72407093730,C8812,KACY",326
20,"Absecon, NJ, United States",2022-05-30,28.8,16.2,22.7,29.4,16.2,23.0,17.0,72.2,0.0,0,0.0,,0,0,33.5,22.2,177.6,1019.3,8.5,15.9,321.6,27.9,10,10,2022-05-30T05:33:55,2022-05-30T20:17:45,0.0,Clear,Clear conditions throughout the day.,clear-day,"OCVN4,72407513735,KWWD,74596603726,KMIV,72407093730,C8812,KACY",326
21,"Absecon, NJ, United States",2022-05-31,35.0,20.6,27.9,35.0,20.6,28.4,18.1,58.9,0.0,0,0.0,,0,0,31.7,18.3,269.0,1015.5,0.0,16.0,319.6,27.6,9,100,2022-05-31T05:33:28,2022-05-31T20:18:28,0.0,Clear,Clear conditions throughout the day.,clear-day,"OCVN4,72407513735,KWWD,74596603726,KMIV,72407093730,C8812,KACY",326
22,"Absecon, NJ, United States",2022-06-01,25.6,17.9,20.6,25.6,17.9,20.6,17.3,82.3,0.0,0,0.0,rain,0,0,31.7,18.2,114.0,1012.9,68.9,13.0,133.9,11.4,6,10,2022-06-01T05:33:03,2022-06-01T20:19:10,0.02,Partially cloudy,Partly cloudy throughout the day.,partly-cloudy-day,"OCVN4,72407513735,KWWD,74596603726,KMIV,72407093730,C8812,KACY",326
23,"Absecon, NJ, United States",2022-06-02,30.6,17.2,23.5,32.3,17.2,24.0,18.6,76.6,10.28,100,12.5,rain,0,0,47.9,24.0,175.6,1007.6,55.7,14.6,283.7,24.8,9,60,2022-06-02T05:32:40,2022-06-02T20:19:52,0.04,"Rain, Partially cloudy",Partly cloudy throughout the day with late afternoon rain.,rain,"OCVN4,72407513735,KWWD,74596603726,KMIV,72407093730,C8812,KACY",326
24,"Absecon, NJ, United States",2022-06-03,24.3,18.3,21.4,24.3,18.3,21.4,19.0,86.4,0.3,100,8.33,rain,0,0,32.7,14.7,172.2,1007.8,68.2,15.4,197.6,16.9,6,10,2022-06-03T05:32:19,2022-06-03T20:20:32,0.07,"Rain, Partially cloudy",Partly cloudy throughout the day with afternoon rain.,rain,"OCVN4,72407513735,KWWD,74596603726,KMIV,72407093730,C8812,KACY",326
25,"Absecon, NJ, United States",2022-06-04,26.7,13.4,20.9,26.5,13.4,20.9,11.9,59.9,0.0,0,0.0,rain,0,0,29.5,22.2,153.0,1011.6,13.2,15.3,342.8,29.7,10,10,2022-06-04T05:32:00,2022-06-04T20:21:11,0.11,Clear,Clear conditions throughout the day.,clear-day,"OCVN4,72407513735,KWWD,74596603726,KMIV,72407093730,C8812,KACY",326
26,"Absecon, NJ, United States",2022-06-05,22.9,12.9,18.3,22.9,12.9,18.3,8.0,53.3,0.0,0,0.0,,0,0,38.9,27.6,115.2,1015.1,0.0,16.0,332.9,28.8,9,10,2022-06-05T05:31:42,2022-06-05T20:21:48,0.14,Clear,Clear conditions throughout the day.,clear-day,"OCVN4,72407513735,KWWD,74596603726,KMIV,72407093730,KACY",326
27,"Absecon, NJ, United States",2022-06-06,26.1,9.3,18.7,26.1,9.3,18.7,7.7,53.9,0.0,0,0.0,,0,0,31.7,23.9,120.5,1017.6,0.0,16.0,336.5,29.3,9,10,2022-06-06T05:31:27,2022-06-06T20:22:25,0.19,Clear,Clear conditions throughout the day.,clear-day,"OCVN4,72407513735,KWWD,74596603726,KMIV,72407093730,C8812,KACY",326
28,"Absecon, NJ, United States",2022-06-07,25.0,16.6,21.0,25.0,16.6,21.0,15.5,71.6,0.3,100,4.17,rain,0,0,52.6,27.7,172.2,1017.0,15.9,16.0,242.7,21.0,8,10,2022-06-07T05:31:13,2022-06-07T20:23:00,0.24,Rain,Clear conditions throughout the day with late afternoon rain.,rain,"OCVN4,72407513735,KWWD,74596603726,KMIV,72407093730,C8812,KACY",326
29,"Absecon, NJ, United States",2022-06-08,31.7,20.0,25.0,32.2,20.0,25.5,19.4,73.4,0.0,0,0.0,rain,0,0,43.6,20.4,217.6,1011.7,55.3,15.5,252.4,21.8,8,60,2022-06-08T05:31:01,2022-06-08T20:23:33,0.29,Partially cloudy,Partly cloudy throughout the day.,partly-cloudy-day,"OCVN4,72407513735,KWWD,74596603726,KMIV,72407093730,C8812,KACY",326
30,"Absecon, NJ, United States",2022-06-09,28.9,20.0,24.5,28.9,20.0,24.5,17.0,66.6,5.5,100,20.83,rain,0,0,58.7,36.9,248.0,1005.7,49.8,15.9,284.5,24.8,9,60,2022-06-09T05:30:52,2022-06-09T20:24:05,0.35,"Rain, Partially cloudy",Partly cloudy throughout the day with rain clearing later.,rain,"OCVN4,72407513735,KWWD,74596603726,KMIV,72407093730,C8812,KACY",326
31,"Absecon, NJ, United States",2022-06-10,27.8,13.4,21.3,27.2,13.4,21.3,11.5,56.6,0.0,0,0.0,,0,0,35.2,22.1,280.0,1011.2,4.5,16.0,299.6,26.1,9,10,2022-06-10T05:30:44,2022-06-10T20:24:36,0.39,Clear,Clear conditions throughout the day.,clear-day,"OCVN4,72407513735,KWWD,74596603726,KMIV,72407093730,C8812,KACY",326
32,"Absecon, NJ, United States",2022-06-11,24.9,17.2,21.0,24.9,17.2,21.0,15.4,71.2,0.0,0,0.0,rain,0,0,25.2,18.3,190.2,1013.4,47.7,16.0,157.9,13.5,6,30,2022-06-11T05:30:38,2022-06-11T20:25:06,0.44,Partially cloudy,Becoming cloudy in the afternoon.,partly-cloudy-day,"OCVN4,72407513735,KWWD,74596603726,KMIV,72407093730,C8812,KACY",326
33,"Absecon, NJ, United States",2022-06-12,25.0,17.2,20.6,25.0,17.2,20.6,17.7,83.6,8.39,100,20.83,rain,0,0,33.5,24.0,149.7,1014.3,66.1,15.4,156.8,13.7,5,10,2022-06-12T05:30:33,2022-06-12T20:25:33,0.47,"Rain, Partially cloudy",Partly cloudy throughout the day with a chance of rain throughout the day.,rain,"OCVN4,C2530,72407513735,KWWD,74596603726,KMIV,72407093730,KACY",326
34,"Absecon, NJ, United States",2022-06-13,31.7,19.4,25.2,34.0,19.4,26.1,20.4,76.9,0.03,100,8.33,rain,0,0,31.7,18.5,211.2,1012.9,26.7,15.5,227.6,20.0,9,75,2022-06-13T05:30:31,2022-06-13T20:26:00,0.49,"Rain, Partially cloudy",Partly cloudy throughout the day with rain clearing later.,rain,"OCVN4,72407513735,KWWD,74596603726,KMIV,72407093730,C8812,KACY",326
35,"Absecon, NJ, United States",2022-06-14,25.6,18.3,22.3,25.6,18.3,22.3,16.1,68.8,0.55,100,8.33,rain,0,0,37.1,23.9,112.3,1012.7,9.5,15.8,193.0,16.8,7,30,2022-06-14T05:30:31,2022-06-14T20:26:24,0.5,Rain,Clear conditions throughout the day with morning rain.,rain,"OCVN4,72407513735,KWWD,74596603726,KMIV,72407093730,C8812,KACY",326
36,"Absecon, NJ, United States",2022-06-15,27.2,15.6,21.0,27.3,15.6,21.0,15.2,71.7,0.0,0,0.0,,0,0,34.9,22.3,142.1,1018.3,0.1,16.0,317.5,27.4,9,10,2022-06-15T05:30:32,2022-06-15T20:26:47,0.51,Clear,Clear conditions throughout the day.,clear-day,"OCVN4,72407513735,KWWD,74596603726,KMIV,72407093730,C8812,KACY",326
37,"Absecon, NJ, United States",2022-06-16,23.3,18.9,20.7,23.3,18.9,20.7,17.2,80.4,11.54,100,20.83,rain,0,0,38.8,24.0,165.4,1019.8,70.4,15.1,175.9,15.2,7,10,2022-06-16T05:30:35,2022-06-16T20:27:09,0.53,"Rain, Partially cloudy",Partly cloudy throughout the day with morning rain.,rain,"OCVN4,72407513735,KWWD,74596603726,KMIV,72407093730,C8812,KACY",326
38,"Absecon, NJ, United States",2022-06-17,35.0,20.6,27.2,36.1,20.6,28.0,18.7,63.4,0.0,0,0.0,rain,0,0,61.0,31.6,238.7,1007.6,25.9,16.0,284.2,24.9,9,75,2022-06-17T05:30:40,2022-06-17T20:27:29,0.57,Partially cloudy,Partly cloudy throughout the day.,partly-cloudy-day,"OCVN4,72407513735,KWWD,74596603726,KMIV,72407093730,C8812,KACY",326
39,"Absecon, NJ, United States",2022-06-18,23.8,16.1,20.9,23.8,16.1,20.9,10.3,51.0,0.0,0,0.0,rain,0,0,55.3,36.7,311.3,1007.1,33.2,16.0,262.3,22.5,8,10,2022-06-18T05:30:47,2022-06-18T20:27:47,0.62,Partially cloudy,Partly cloudy throughout the day.,partly-cloudy-day,"OCVN4,72407513735,KWWD,74596603726,KMIV,72407093730,C8812,KACY",326
40,"Absecon, NJ, United States",2022-06-19,23.8,11.2,17.8,23.8,11.2,17.8,4.4,42.4,0.0,0,0.0,,0,0,50.4,38.1,317.1,1014.9,2.3,15.0,344.9,30.0,10,10,2022-06-19T05:30:56,2022-06-19T20:28:03,0.67,Clear,Clear conditions throughout the day.,clear-day,"OCVN4,72407513735,KWWD,74596603726,KMIV,72407093730,C8812,KACY",326
41,"Absecon, NJ, United States",2022-06-20,25.7,10.7,18.6,25.7,10.7,18.6,6.9,49.6,0.0,0,0.0,,0,0,33.5,22.3,283.9,1020.3,20.1,13.8,259.8,22.6,7,10,2022-06-20T05:31:06,2022-06-20T20:28:18,0.72,Partially cloudy,Becoming cloudy in the afternoon.,partly-cloudy-day,"OCVN4,72407513735,KWWD,74596603726,KMIV,72407093730,C8812,KACY",326
42,"Absecon, NJ, United States",2022-06-21,27.2,12.2,21.2,26.8,12.2,21.1,12.8,62.5,0.0,0,0.0,,0,0,29.9,16.4,184.7,1019.9,21.5,16.0,218.5,18.9,7,10,2022-06-21T05:31:19,2022-06-21T20:28:31,0.77,Partially cloudy,Partly cloudy throughout the day.,partly-cloudy-day,"OCVN4,72407513735,KWWD,74596603726,KMIV,72407093730,C8812,KACY",326
43,"Absecon, NJ, United States",2022-06-22,21.1,17.2,19.5,21.1,17.2,19.5,16.5,82.7,0.43,100,8.33,rain,0,0,46.1,27.5,157.3,1015.8,86.0,15.6,71.3,6.2,3,10,2022-06-22T05:31:33,2022-06-22T20:28:42,0.82,"Rain, Partially cloudy",Partly cloudy throughout the day with late afternoon rain.,rain,"OCVN4,72407513735,KWWD,74596603726,KMIV,72407093730,C8812,KACY",326
44,"Absecon, NJ, United States",2022-06-23,22.2,17.2,19.5,22.2,17.2,19.5,16.6,84.3,4.34,100,29.17,rain,0,0,33.5,20.4,72.6,1014.0,66.9,15.1,199.8,17.3,5,10,2022-06-23T05:31:48,2022-06-23T20:28:51,0.87,"Rain, Partially cloudy",Partly cloudy throughout the day with rain.,rain,"OCVN4,72407513735,KWWD,74596603726,KMIV,72407093730,C8812,KACY",326
45,"Absecon, NJ, United States",2022-06-24,25.7,15.0,20.9,25.7,15.0,20.9,16.6,77.9,0.0,0,0.0,,0,0,29.5,20.2,176.4,1016.9,50.2,12.7,318.0,27.6,9,30,2022-06-24T05:32:05,2022-06-24T20:28:58,0.91,Partially cloudy,Partly cloudy throughout the day.,partly-cloudy-day,"OCVN4,72407513735,KWWD,74596603726,KMIV,72407093730,C8812,KACY",326
46,"Absecon, NJ, United States",2022-06-25,31.7,18.3,24.5,31.7,18.3,24.8,17.7,68.5,0.0,0,0.0,,0,0,34.9,18.3,231.9,1019.5,24.7,16.0,295.5,25.4,9,30,2022-06-25T05:32:24,2022-06-25T20:29:04,0.95,Partially cloudy,Becoming cloudy in the afternoon.,partly-cloudy-day,"OCVN4,72407513735,KWWD,74596603726,KMIV,72407093730,C8812,KACY",326
47,"Absecon, NJ, United States",2022-06-26,30.6,20.6,24.8,30.9,20.6,24.8,16.7,63.1,0.0,0,0.0,,0,0,42.5,25.9,208.9,1019.4,0.1,16.0,333.4,28.7,9,10,2022-06-26T05:32:45,2022-06-26T20:29:07,0.97,Clear,Clear conditions throughout the day.,clear-day,"OCVN4,72407513735,KWWD,74596603726,KMIV,72407093730,C8812,KACY",326
48,"Absecon, NJ, United States",2022-06-27,30.0,21.2,24.1,32.6,21.2,24.6,20.4,80.9,19.99,100,20.83,rain,0,0,52.2,25.8,230.3,1015.4,59.7,14.4,210.0,18.1,8,30,2022-06-27T05:33:07,2022-06-27T20:29:09,0.99,"Rain, Partially cloudy",Partly cloudy throughout the day with rain.,rain,"OCVN4,72407513735,KWWD,74596603726,KMIV,72407093730,C8812,KACY",326
49,"Absecon, NJ, United States",2022-06-28,25.6,18.3,21.6,25.6,18.3,21.6,15.3,70.0,0.0,0,0.0,rain,0,0,27.7,18.3,222.3,1020.2,38.3,14.5,273.5,23.7,9,10,2022-06-28T05:33:31,2022-06-28T20:29:09,1.0,Partially cloudy,Partly cloudy throughout the day.,partly-cloudy-day,"OCVN4,72407513735,KWWD,74596603726,KMIV,72407093730,C8812,KACY",326
50,"Absecon, NJ, United States",2022-06-29,28.8,16.1,22.7,28.2,16.1,22.6,14.6,64.0,0.0,0,0.0,,0,0,42.5,25.8,203.6,1023.2,5.4,16.0,353.2,30.5,10,10,2022-06-29T05:33:56,2022-06-29T20:29:07,0.0,Clear,Clear conditions throughout the day.,clear-day,"72407513735,KWWD,74596603726,KMIV,72407093730,C8812,KACY",326
51,"Absecon, NJ, United States",2022-06-30,31.7,18.8,25.5,30.5,18.8,25.3,15.9,59.5,0.0,0,0.0,,0,0,35.3,25.7,246.5,1022.1,7.0,16.0,328.4,28.3,9,10,2022-06-30T05:34:23,2022-06-30T20:29:03,0.01,Clear,Clear conditions throughout the day.,clear-day,"OCVN4,72407513735,KWWD,74596603726,KMIV,72407093730,C8812,KACY",326
52,"Absecon, NJ, United States",2022-07-01,32.2,21.1,26.0,35.6,21.1,27.1,20.7,74.1,0.0,0,0.0,rain,0,0,45.0,25.8,201.7,1018.2,15.7,16.0,283.8,24.3,9,100,2022-07-01T05:34:51,2022-07-01T20:28:57,0.03,Clear,Clear conditions throughout the day.,clear-day,"OCVN4,72407513735,KWWD,74596603726,KMIV,72407093730,C8812,KACY",326
53,"Absecon, NJ, United States",2022-07-02,32.2,23.4,26.9,35.8,23.4,28.3,21.6,74.2,0.74,100,8.33,rain,0,0,92.5,22.2,216.3,1013.9,15.2,15.9,247.2,21.5,9,75,2022-07-02T05:35:20,2022-07-02T20:28:49,0.05,Rain,Clear conditions throughout the day with late afternoon rain.,rain,"OCVN4,72407513735,KWWD,74596603726,KMIV,72407093730,C8812,KACY",326
54,"Absecon, NJ, United States",2022-07-03,29.3,18.8,24.6,30.2,18.8,24.8,19.5,75.7,3.91,100,20.83,rain,0,0,29.5,18.3,196.3,1015.9,38.5,15.8,206.5,17.8,8,60,2022-07-03T05:35:51,2022-07-03T20:28:39,0.08,"Rain, Partially cloudy",Partly cloudy throughout the day with rain clearing later.,rain,"OCVN4,72407513735,KWWD,74596603726,KMIV,72407093730,C8812,KACY",326
55,"Absecon, NJ, United States",2022-07-04,27.9,16.2,22.5,27.3,16.2,22.4,11.7,54.7,0.0,0,0.0,,0,0,25.2,18.3,171.5,1020.6,0.0,16.0,330.7,28.5,9,10,2022-07-04T05:36:23,2022-07-04T20:28:27,0.12,Clear,Clear conditions throughout the day.,clear-day,"OCVN4,72407513735,KWWD,74596603726,KMIV,72407093730,C8812,KACY",326
56,"Absecon, NJ, United States",2022-07-05,28.3,19.3,23.3,29.4,19.3,23.5,17.7,71.6,0.39,100,16.67,rain,0,0,50.4,27.6,200.9,1017.1,21.3,15.9,238.4,20.3,9,10,2022-07-05T05:36:57,2022-07-05T20:28:14,0.17,"Rain, Partially cloudy",Partly cloudy throughout the day with late afternoon rain.,rain,"OCVN4,72407513735,KWWD,74596603726,KMIV,72407093730,C8812,KACY",326
57,"Absecon, NJ, United States",2022-07-06,33.3,21.7,26.5,36.6,21.7,27.8,21.6,77.1,5.98,100,4.17,rain,0,0,36.7,24.0,217.0,1011.0,33.4,15.0,192.8,16.7,8,60,2022-07-06T05:37:32,2022-07-06T20:27:58,0.22,"Rain, Partially cloudy",Partly cloudy throughout the day with late afternoon rain.,rain,"OCVN4,72407513735,KWWD,74596603726,KMIV,72407093730,C8812,KACY",326
58,"Absecon, NJ, United States",2022-07-07,24.3,21.2,22.5,24.3,21.2,22.5,20.7,90.2,18.75,100,33.33,rain,0,0,37.1,22.2,73.2,1014.3,99.0,13.3,100.5,8.6,5,10,2022-07-07T05:38:08,2022-07-07T20:27:41,0.27,"Rain, Overcast",Cloudy skies throughout the day with a chance of rain throughout the day.,rain,"OCVN4,72407513735,KWWD,74596603726,KMIV,72407093730,C8812,KACY",326
59,"Absecon, NJ, United States",2022-07-08,29.3,17.9,23.1,31.1,17.9,23.6,19.2,79.7,0.0,0,0.0,,0,0,25.9,16.4,154.1,1015.9,32.7,16.0,277.2,24.0,9,10,2022-07-08T05:38:45,2022-07-08T20:27:21,0.33,Partially cloudy,Clearing in the afternoon.,partly-cloudy-day,"OCVN4,72407513735,KWWD,74596603726,KMIV,72407093730,C8812,KACY",326
60,"Absecon, NJ, United States",2022-07-09,23.3,20.0,22.4,23.3,20.0,22.4,19.4,83.4,0.38,100,29.17,rain,0,0,34.2,18.2,89.0,1016.2,61.7,15.7,82.8,7.1,3,10,2022-07-09T05:39:23,2022-07-09T20:27:00,0.38,"Rain, Partially cloudy",Partly cloudy throughout the day with a chance of rain throughout the day.,rain,"OCVN4,72407513735,KWWD,74596603726,KMIV,72407093730,C8812,KACY",326
61,"Absecon, NJ, United States",2022-07-10,26.1,16.7,21.5,26.1,16.7,21.5,16.8,76.1,0.0,0,0.0,,0,0,25.9,22.2,118.8,1017.4,5.9,16.0,270.3,23.4,9,10,2022-07-10T05:40:03,2022-07-10T20:26:36,0.42,Clear,Clear conditions throughout the day.,clear-day,"OCVN4,72407513735,KWWD,74596603726,KMIV,72407093730,C8812,KACY",326
62,"Absecon, NJ, United States",2022-07-11,26.7,13.3,20.8,27.0,13.3,20.8,14.1,68.6,0.0,0,0.0,,0,0,25.9,22.2,108.3,1014.7,0.0,16.0,345.1,29.9,9,10,2022-07-11T05:40:43,2022-07-11T20:26:11,0.46,Clear,Clear conditions throughout the day.,clear-day,"OCVN4,72407513735,KWWD,74596603726,KMIV,72407093730,C8812,KACY",326
63,"Absecon, NJ, United States",2022-07-12,31.1,20.0,25.0,35.5,20.0,26.2,20.4,76.9,5.53,100,12.5,rain,0,0,63.0,29.3,208.8,1009.9,9.2,16.0,306.5,26.5,9,60,2022-07-12T05:41:25,2022-07-12T20:25:44,0.49,Rain,Clear conditions throughout the day with late afternoon rain.,rain,"OCVN4,72407513735,KWWD,74596603726,KMIV,72407093730,C8812,KACY",326
64,"Absecon, NJ, United States",2022-07-13,30.0,22.2,26.2,33.1,22.2,27.3,20.9,73.5,0.0,0,0.0,rain,0,0,40.7,16.6,202.6,1011.7,11.0,16.0,308.5,26.5,9,60,2022-07-13T05:42:07,2022-07-13T20:25:15,0.5,Clear,Clear conditions throughout the day.,clear-day,"OCVN4,72407513735,KWWD,74596603726,KMIV,72407093730,C8812,KACY",326
65,"Absecon, NJ, United States",2022-07-14,32.8,22.8,27.7,33.4,22.8,28.3,19.4,63.4,0.0,0,0.0,rain,0,0,31.7,20.5,283.0,1014.2,22.1,16.0,266.2,23.1,9,100,2022-07-14T05:42:51,2022-07-14T20:24:44,0.51,Partially cloudy,Partly cloudy throughout the day.,partly-cloudy-day,"OCVN4,72407513735,KWWD,74596603726,KMIV,72407093730,C8812,KACY",326
66,"Absecon, NJ, United States",2022-07-15,28.8,20.6,24.5,29.7,20.6,24.8,18.9,72.2,0.06,100,16.67,rain,0,0,33.5,22.2,150.2,1019.4,35.5,15.8,249.3,21.5,9,75,2022-07-15T05:43:35,2022-07-15T20:24:11,0.53,"Rain, Partially cloudy",Becoming cloudy in the afternoon with rain.,rain,"OCVN4,72407513735,KWWD,74596603726,KMIV,72407093730,C8812,KACY",326
67,"Absecon, NJ, United States",2022-07-16,28.8,21.1,24.8,31.0,21.1,25.4,21.1,81.1,0.63,100,12.5,rain,0,0,23.0,18.3,110.3,1018.6,58.2,12.6,271.3,23.2,9,60,2022-07-16T05:44:20,2022-07-16T20:23:36,0.55,"Rain, Partially cloudy",Partly cloudy throughout the day with late afternoon rain.,rain,"OCVN4,72407513735,KWWD,74596603726,KMIV,72407093730,C8812,KACY",326
68,"Absecon, NJ, United States",2022-07-17,30.0,22.2,25.7,32.3,22.2,26.6,21.5,78.5,0.29,100,4.17,rain,0,0,31.7,18.3,160.7,1016.6,44.4,15.9,240.0,20.7,9,75,2022-07-17T05:45:06,2022-07-17T20:23:00,0.6,"Rain, Partially cloudy",Partly cloudy throughout the day with early morning rain.,rain,"OCVN4,72407513735,KWWD,74596603726,KMIV,72407093730,C8812,KACY",326
69,"Absecon, NJ, United States",2022-07-18,31.7,24.3,27.0,36.8,24.3,28.7,22.8,78.4,0.0,0,0.0,rain,0,0,51.8,29.3,191.1,1013.0,15.7,16.0,241.9,20.9,7,100,2022-07-18T05:45:53,2022-07-18T20:22:21,0.65,Clear,Clear conditions throughout the day.,clear-day,"OCVN4,72407513735,KWWD,74596603726,KMIV,72407093730,C8812,KACY",326
70,"Absecon, NJ, United States",2022-07-19,33.8,23.3,28.4,33.5,23.3,28.6,19.2,61.7,0.0,0,0.0,,0,0,44.5,25.8,268.2,1009.8,8.7,16.0,299.1,25.9,9,30,2022-07-19T05:46:41,2022-07-19T20:21:41,0.7,Clear,Clear conditions throughout the day.,clear-day,"OCVN4,72407513735,KWWD,74596603726,KMIV,72407093730,C8812,KACY",326
71,"Absecon, NJ, United States",2022-07-20,35.6,23.8,29.0,37.9,23.8,30.3,21.0,64.7,0.0,0,0.0,,0,0,40.7,25.7,231.7,1008.9,8.4,15.9,300.3,26.0,9,60,2022-07-20T05:47:29,2022-07-20T20:20:59,0.75,Clear,Clear conditions throughout the day.,clear-day,"OCVN4,72407513735,KWWD,74596603726,KMIV,72407093730,C8812,KACY",326
72,"Absecon, NJ, United States",2022-07-21,35.0,25.0,29.3,41.1,25.0,32.4,22.9,69.8,0.0,0,0.0,rain,0,0,45.7,25.7,214.0,1006.0,20.3,16.0,257.5,22.2,8,100,2022-07-21T05:48:18,2022-07-21T20:20:16,0.8,Partially cloudy,Becoming cloudy in the afternoon.,partly-cloudy-day,"OCVN4,72407513735,KWWD,74596603726,KMIV,72407093730,C8812,KACY",326
73,"Absecon, NJ, United States",2022-07-22,35.0,24.3,29.6,36.3,24.3,30.9,20.5,61.5,0.0,0,0.0,,0,0,37.1,24.0,243.1,1011.8,17.9,16.0,271.8,23.5,9,60,2022-07-22T05:49:07,2022-07-22T20:19:30,0.85,Clear,Clear conditions throughout the day.,clear-day,"OCVN4,72407513735,KWWD,74596603726,KMIV,72407093730,C8812,KACY",326
74,"Absecon, NJ, United States",2022-07-23,35.0,25.6,29.7,36.4,25.6,31.3,20.8,61.1,0.0,0,0.0,,0,0,32.4,22.2,214.7,1016.1,1.3,16.0,296.6,25.6,9,75,2022-07-23T05:49:57,2022-07-23T20:18:43,0.89,Clear,Clear conditions throughout the day.,clear-day,"OCVN4,72407513735,KWWD,74596603726,KMIV,72407093730,C8812,KACY",326
75,"Absecon, NJ, United States",2022-07-24,36.7,22.8,29.4,39.1,22.8,31.5,21.6,65.8,0.0,0,0.0,,0,0,40.0,27.5,215.8,1016.5,2.3,16.0,289.7,24.9,9,100,2022-07-24T05:50:48,2022-07-24T20:17:54,0.93,Clear,Clear conditions throughout the day.,clear-day,"OCVN4,72407513735,KWWD,74596603726,KMIV,72407093730,C8812,KACY",326
76,"Absecon, NJ, United States",2022-07-25,32.8,23.4,27.6,38.2,23.4,29.7,22.9,76.6,78.68,100,25.0,rain,0,0,63.0,31.4,217.0,1013.3,30.7,15.3,187.0,16.1,7,100,2022-07-25T05:51:39,2022-07-25T20:17:04,0.96,"Rain, Partially cloudy",Becoming cloudy in the afternoon with rain.,rain,"OCVN4,72407513735,KWWD,74596603726,KMIV,72407093730,C8812,KACY",326
77,"Absecon, NJ, United States",2022-07-26,25.7,22.2,23.7,25.7,22.2,23.7,20.7,83.3,0.31,100,8.33,rain,0,0,32.0,12.9,173.4,1015.6,50.1,16.0,96.5,8.2,3,30,2022-07-26T05:52:31,2022-07-26T20:16:11,0.98,"Rain, Partially cloudy",Partly cloudy throughout the day with afternoon rain.,rain,"OCVN4,72407513735,KWWD,74596603726,KMIV,72407093730,C8812,KACY",326
78,"Absecon, NJ, United States",2022-07-27,28.9,21.7,24.9,30.3,21.7,25.2,20.0,76.0,0.03,100,8.33,rain,0,0,27.7,14.7,112.4,1014.1,50.0,15.4,250.0,21.7,8,10,2022-07-27T05:53:23,2022-07-27T20:15:17,1.0,"Rain, Partially cloudy",Partly cloudy throughout the day with rain clearing later.,rain,"OCVN4,72407513735,KWWD,74596603726,KMIV,72407093730,C8812,KACY",326
79,"Absecon, NJ, United States",2022-07-28,32.9,22.9,28.1,36.6,22.9,30.1,22.1,72.2,0.01,100,4.17,rain,0,0,34.6,22.1,244.4,1011.1,18.1,15.7,217.3,18.9,8,75,2022-07-28T05:54:15,2022-07-28T20:14:22,1.0,Rain,Clear conditions throughout the day with late afternoon rain.,rain,"OCVN4,72407513735,KWWD,74596603726,KMIV,72407093730,C8812,KACY",326
80,"Absecon, NJ, United States",2022-07-29,30.6,23.3,26.3,32.6,23.3,26.9,20.8,72.7,0.0,0,0.0,rain,0,0,29.5,18.3,213.0,1013.0,32.7,16.0,148.0,12.9,7,30,2022-07-29T05:55:08,2022-07-29T20:13:25,0.0,Partially cloudy,Becoming cloudy in the afternoon.,partly-cloudy-day,"OCVN4,72407513735,KWWD,74596603726,KMIV,72407093730,C8812,KACY",326
81,"Absecon, NJ, United States",2022-07-30,32.2,22.9,27.1,31.3,22.9,26.9,17.0,58.0,0.32,100,8.33,rain,0,0,40.7,22.2,301.2,1016.9,36.0,16.0,292.3,25.2,9,10,2022-07-30T05:56:02,2022-07-30T20:12:26,0.01,"Rain, Partially cloudy",Clearing in the afternoon with early morning rain.,rain,"OCVN4,72407513735,KWWD,74596603726,KMIV,72407093730,WOBN4,KACY",326
82,"Absecon, NJ, United States",2022-07-31,30.0,18.9,25.4,32.3,18.9,25.8,17.5,63.0,0.0,0,0.0,,0,0,30.2,20.4,168.9,1020.6,20.7,16.0,245.0,21.0,8,10,2022-07-31T05:56:55,2022-07-31T20:11:26,0.04,Partially cloudy,Becoming cloudy in the afternoon.,partly-cloudy-day,"OCVN4,72407513735,KWWD,74596603726,KMIV,72407093730,C8812,KACY",326
83,"Absecon, NJ, United States",2022-08-01,27.2,21.2,23.6,29.0,21.2,23.8,20.6,83.6,8.02,100,12.5,rain,0,0,25.9,14.7,219.4,1014.3,81.7,14.8,109.6,9.4,5,10,2022-08-01T05:57:49,2022-08-01T20:10:25,0.07,"Rain, Partially cloudy",Partly cloudy throughout the day with early morning rain.,rain,"OCVN4,72407513735,KWWD,74596603726,KMIV,72407093730,C8812,KACY",326
84,"Absecon, NJ, United States",2022-08-02,33.3,21.7,27.4,35.7,21.7,28.8,20.8,70.0,0.85,100,8.33,rain,0,0,38.9,23.8,244.1,1010.8,20.2,15.7,268.6,23.0,8,60,2022-08-02T05:58:43,2022-08-02T20:09:22,0.1,"Rain, Partially cloudy",Becoming cloudy in the afternoon with early morning rain.,rain,"OCVN4,72407513735,KWWD,74596603726,KMIV,72407093730,C8812,KACY",326
85,"Absecon, NJ, United States",2022-08-03,32.8,21.2,26.9,33.2,21.2,27.7,19.4,65.0,0.0,0,0.0,,0,0,37.1,16.5,223.0,1015.2,0.0,16.0,292.0,25.2,9,60,2022-08-03T05:59:38,2022-08-03T20:08:17,0.14,Clear,Clear conditions throughout the day.,clear-day,"OCVN4,72407513735,KWWD,74596603726,KMIV,72407093730,C8812,KACY",326
86,"Absecon, NJ, United States",2022-08-04,32.9,22.8,27.8,37.1,22.8,29.7,21.8,71.8,0.09,100,8.33,rain,0,0,56.3,27.6,189.3,1017.8,7.1,15.2,285.6,24.5,8,100,2022-08-04T06:00:32,2022-08-04T20:07:11,0.2,Rain,Clear conditions throughout the day with late afternoon rain.,rain,"OCVN4,72407513735,KWWD,74596603726,KMIV,72407093730,C8812,KACY",326
87,"Absecon, NJ, United States",2022-08-05,31.7,21.7,26.6,35.3,21.7,28.1,21.3,74.2,0.82,100,8.33,rain,0,0,38.9,20.4,213.0,1020.8,12.6,16.0,250.9,21.5,8,75,2022-08-05T06:01:27,2022-08-05T20:06:04,0.25,Rain,Clear conditions throughout the day with early morning rain.,rain,"OCVN4,72407513735,KWWD,74596603726,KMIV,72407093730,KACY",326
88,"Absecon, NJ, United States",2022-08-06,32.8,22.8,27.2,36.0,22.8,28.6,21.4,72.4,0.0,0,0.0,rain,0,0,46.2,27.5,206.0,1023.3,10.2,16.0,257.5,22.2,9,60,2022-08-06T06:02:22,2022-08-06T20:04:56,0.31,Clear,Clear conditions throughout the day.,clear-day,"OCVN4,72407513735,KWWD,74596603726,KMIV,72407093730,C8812,KACY",326
89,"Absecon, NJ, United States",2022-08-07,33.3,24.3,27.9,36.2,24.3,29.7,21.9,71.1,0.0,0,0.0,rain,0,0,42.7,27.5,208.6,1022.0,8.5,16.0,260.8,22.6,8,75,2022-08-07T06:03:17,2022-08-07T20:03:46,0.36,Clear,Clear conditions throughout the day.,clear-day,"OCVN4,72407513735,KWWD,74596603726,KMIV,72407093730,WOBN4,KACY",326
90,"Absecon, NJ, United States",2022-08-08,32.2,24.3,28.1,36.3,24.3,30.3,22.7,73.8,0.0,0,0.0,,0,0,43.9,27.6,201.9,1017.2,11.6,16.0,284.5,24.5,8,30,2022-08-08T06:04:12,2022-08-08T20:02:34,0.41,Clear,Clear conditions throughout the day.,clear-day,"OCVN4,72407513735,KWWD,74596603726,KMIV,72407093730,C8812,KACY",326
91,"Absecon, NJ, United States",2022-08-09,36.1,26.7,30.9,40.1,28.8,34.7,22.6,63.2,0.0,0,0.0,rain,0,0,40.6,24.1,242.3,1014.2,9.2,16.0,260.4,22.3,8,60,2022-08-09T06:05:08,2022-08-09T20:01:22,0.45,Clear,Clear conditions throughout the day.,clear-day,"OCVN4,72407513735,KWWD,74596603726,KMIV,72407093730,KACY",326
92,"Absecon, NJ, United States",2022-08-10,30.7,23.9,27.1,34.2,23.9,28.5,21.6,73.2,0.04,100,4.17,rain,0,0,59.2,20.5,207.4,1016.2,21.9,16.0,268.3,23.1,8,60,2022-08-10T06:06:03,2022-08-10T20:00:08,0.48,"Rain, Partially cloudy",Becoming cloudy in the afternoon with late afternoon rain.,rain,"OCVN4,72407513735,KWWD,74596603726,KMIV,72407093730,WOBN4,KACY",326
93,"Absecon, NJ, United States",2022-08-11,29.3,22.2,25.4,31.3,22.2,26.2,21.6,80.2,7.2,100,29.17,rain,0,0,29.9,18.3,253.8,1012.8,49.6,15.9,189.8,16.4,7,60,2022-08-11T06:06:59,2022-08-11T19:58:53,0.5,"Rain, Partially cloudy",Partly cloudy throughout the day with rain clearing later.,rain,"OCVN4,72407513735,KWWD,74596603726,KMIV,72407093730,C8812,KACY",326
94,"Absecon, NJ, United States",2022-08-12,28.3,17.8,23.4,28.5,17.8,23.5,14.6,59.3,0.0,0,0.0,rain,0,0,39.6,25.8,208.0,1014.7,12.9,16.0,217.1,18.8,8,30,2022-08-12T06:07:54,2022-08-12T19:57:37,0.5,Clear,Clear conditions throughout the day.,clear-day,"OCVN4,72407513735,KWWD,74596603726,KMIV,72407093730,C8812,KACY",326
95,"Absecon, NJ, United States",2022-08-13,27.2,13.9,20.3,26.5,13.9,20.2,11.0,58.3,0.0,0,0.0,,0,0,35.3,22.2,235.9,1018.4,0.0,16.0,273.0,23.5,9,10,2022-08-13T06:08:50,2022-08-13T19:56:20,0.52,Clear,Clear conditions throughout the day.,clear-day,"OCVN4,72407513735,KWWD,74596603726,KMIV,72407093730,C8812,KACY",326
96,"Absecon, NJ, United States",2022-08-14,26.7,16.2,21.7,26.6,16.2,21.7,13.5,62.0,0.0,0,0.0,,0,0,29.5,18.3,110.2,1017.8,0.0,16.0,204.6,17.7,9,10,2022-08-14T06:09:45,2022-08-14T19:55:02,0.54,Clear,Clear conditions throughout the day.,clear-day,"72407513735,KWWD,74596603726,KMIV,72407093730,C8812,KACY",326
97,"Absecon, NJ, United States",2022-08-15,26.7,16.7,21.0,27.2,16.7,21.1,14.5,67.9,0.0,0,0.0,,0,0,37.1,24.0,139.3,1015.3,14.5,16.0,253.4,21.9,10,10,2022-08-15T06:10:41,2022-08-15T19:53:43,0.58,Clear,Clear conditions throughout the day.,clear-day,"OCVN4,72407513735,KWWD,74596603726,KMIV,72407093730,C8812,KACY",326
98,"Absecon, NJ, United States",2022-08-16,25.7,13.9,20.2,25.7,13.9,20.2,15.1,74.7,0.0,0,0.0,,0,0,40.6,25.9,176.3,1015.2,17.6,16.0,277.0,23.9,9,10,2022-08-16T06:11:37,2022-08-16T19:52:22,0.62,Clear,Clear conditions throughout the day.,clear-day,"OCVN4,72407513735,KWWD,74596603726,KMIV,72407093730,KACY",326
99,"Absecon, NJ, United States",2022-08-17,26.1,15.0,20.9,26.1,15.0,20.9,14.3,68.5,0.0,0,0.0,rain,0,0,26.3,18.3,126.9,1015.4,22.7,16.0,225.8,19.5,8,10,2022-08-17T06:12:32,2022-08-17T19:51:01,0.67,Partially cloudy,Becoming cloudy in the afternoon.,partly-cloudy-day,"OCVN4,72407513735,KWWD,74596603726,KMIV,72407093730,KACY",326
100,"Absecon, NJ, United States",2022-08-18,30.6,16.2,23.4,29.7,16.2,23.2,14.9,62.5,0.0,0,0.0,,0,0,35.3,18.3,252.3,1013.8,14.3,16.0,223.4,19.2,8,30,2022-08-18T06:13:28,2022-08-18T19:49:38,0.72,Clear,Clear conditions throughout the day.,clear-day,"OCVN4,72407513735,KWWD,74596603726,KMIV,72407093730,C8812,KACY",326
101,"Absecon, NJ, United States",2022-08-19,31.7,19.3,25.2,30.8,19.3,25.2,17.6,66.3,0.0,0,0.0,,0,0,35.3,24.0,223.5,1018.1,3.8,15.7,257.5,22.2,8,30,2022-08-19T06:14:24,2022-08-19T19:48:15,0.77,Clear,Clear conditions throughout the day.,clear-day,"OCVN4,72407513735,KWWD,74596603726,KMIV,72407093730,KACY",326
102,"Absecon, NJ, United States",2022-08-20,31.1,20.0,25.4,31.2,20.0,25.5,17.6,64.5,0.0,0,0.0,,0,0,29.5,20.5,128.9,1021.0,5.7,16.0,257.5,22.1,8,10,2022-08-20T06:15:19,2022-08-20T19:46:51,0.82,Clear,Clear conditions throughout the day.,clear-day,"OCVN4,72407513735,KWWD,74596603726,KMIV,72407093730,KACY",326
103,"Absecon, NJ, United States",2022-08-21,29.3,17.2,23.3,31.2,17.2,23.9,19.5,80.6,0.0,0,0.0,rain,0,0,27.7,20.4,69.0,1019.0,44.2,13.6,195.1,16.8,6,60,2022-08-21T06:16:15,2022-08-21T19:45:25,0.86,Partially cloudy,Partly cloudy throughout the day.,partly-cloudy-day,"OCVN4,72407513735,KWWD,74596603726,KMIV,72407093730,KACY",326
104,"Absecon, NJ, United States",2022-08-22,28.4,23.3,25.3,31.0,23.3,25.9,22.0,82.9,1.94,100,29.17,rain,0,0,29.5,22.2,173.1,1012.5,53.3,15.6,206.7,17.7,8,60,2022-08-22T06:17:11,2022-08-22T19:43:59,0.9,"Rain, Partially cloudy",Partly cloudy throughout the day with a chance of rain throughout the day.,rain,"OCVN4,72407513735,KWWD,74596603726,KMIV,72407093730,C8812,KACY",326
105,"Absecon, NJ, United States",2022-08-23,30.6,21.2,26.2,31.7,21.2,26.6,19.8,70.8,0.02,100,4.17,rain,0,0,37.1,25.8,276.0,1010.3,41.0,14.6,207.4,18.0,7,60,2022-08-23T06:18:06,2022-08-23T19:42:33,0.94,"Rain, Partially cloudy",Partly cloudy throughout the day with early morning rain.,rain,"OCVN4,72407513735,KWWD,74596603726,KMIV,72407093730,KACY",326
106,"Absecon, NJ, United States",2022-08-24,32.8,19.3,26.4,32.7,19.3,26.4,16.6,58.4,0.0,0,0.0,rain,0,0,35.3,20.4,281.3,1014.7,12.0,16.0,225.5,19.5,7,30,2022-08-24T06:19:01,2022-08-24T19:41:05,0.97,Clear,Clear conditions throughout the day.,clear-day,"OCVN4,72407513735,KWWD,74596603726,KMIV,72407093730,KACY",326
107,"Absecon, NJ, United States",2022-08-25,32.8,18.8,26.0,31.9,18.8,26.1,17.4,62.6,0.0,0,0.0,,0,0,33.5,25.7,204.4,1017.1,3.2,16.0,238.6,20.7,8,30,2022-08-25T06:19:57,2022-08-25T19:39:37,0.99,Clear,Clear conditions throughout the day.,clear-day,"OCVN4,72407513735,KWWD,74596603726,KMIV,72407093730,KACY",326
108,"Absecon, NJ, United States",2022-08-26,32.2,22.2,26.7,33.6,22.2,27.5,20.1,68.6,0.1,100,8.33,rain,0,0,40.7,24.1,208.4,1014.5,28.0,16.0,238.9,21.0,8,75,2022-08-26T06:20:52,2022-08-26T19:38:07,1.0,"Rain, Partially cloudy",Partly cloudy throughout the day with afternoon rain.,rain,"OCVN4,72407513735,KWWD,74596603726,KMIV,72407093730,C8812,KACY",326
109,"Absecon, NJ, United States",2022-08-27,30.7,21.1,25.8,32.7,21.1,26.5,20.6,74.7,0.0,0,0.0,rain,0,0,27.7,22.2,133.3,1015.3,20.4,15.4,213.1,18.6,7,75,2022-08-27T06:21:48,2022-08-27T19:36:38,0.0,Partially cloudy,Partly cloudy throughout the day.,partly-cloudy-day,"OCVN4,72407513735,KWWD,74596603726,KMIV,72407093730,KACY",326
110,"Absecon, NJ, United States",2022-08-28,30.0,22.2,24.8,33.4,22.2,25.2,22.6,88.7,43.65,100,12.5,rain,0,0,31.7,20.4,79.2,1019.5,85.3,11.0,107.8,9.2,6,100,2022-08-28T06:22:43,2022-08-28T19:35:07,0.01,"Rain, Partially cloudy",Partly cloudy throughout the day with afternoon rain.,rain,"OCVN4,72407513735,KWWD,74596603726,KMIV,72407093730,WOBN4,KACY",326
111,"Absecon, NJ, United States",2022-08-29,29.4,21.2,25.3,32.3,21.2,26.4,21.8,81.9,0.0,0,0.0,,0,0,31.6,20.5,110.4,1019.4,31.4,12.6,250.6,21.8,8,60,2022-08-29T06:23:38,2022-08-29T19:33:36,0.02,Partially cloudy,Partly cloudy throughout the day.,partly-cloudy-day,"OCVN4,72407513735,KWWD,74596603726,KMIV,72407093730,C8812,KACY",326
112,"Absecon, NJ, United States",2022-08-30,30.0,22.8,26.0,34.0,22.8,27.2,22.3,81.1,5.63,100,16.67,rain,0,0,72.2,25.8,186.8,1012.8,28.8,13.6,254.3,22.0,8,60,2022-08-30T06:24:33,2022-08-30T19:32:04,0.05,"Rain, Partially cloudy",Partly cloudy throughout the day with late afternoon rain.,rain,"OCVN4,72407513735,KWWD,74596603726,KMIV,72407093730,C8812,KACY",326
113,"Absecon, NJ, United States",2022-08-31,30.6,21.7,25.2,30.3,21.7,25.1,17.0,64.3,0.0,0,0.0,,0,0,42.4,27.6,275.0,1010.2,11.2,16.0,251.9,21.6,8,10,2022-08-31T06:25:28,2022-08-31T19:30:32,0.09,Clear,Clear conditions throughout the day.,clear-day,"OCVN4,72407513735,KWWD,74596603726,KMIV,72407093730,C8812,KACY",326
114,"Absecon, NJ, United States",2022-09-01,31.1,17.2,24.1,29.9,17.2,23.8,13.6,55.1,0.0,0,0.0,,0,0,37.0,20.5,242.6,1014.5,0.0,16.0,254.5,22.1,8,10,2022-09-01T06:26:23,2022-09-01T19:28:59,0.13,Clear,Clear conditions throughout the day.,clear-day,"OCVN4,72407513735,KWWD,74596603726,KMIV,72407093730,C8812,KACY",326
115,"Absecon, NJ, United States",2022-09-02,25.7,15.0,20.9,25.7,15.0,20.9,14.2,66.7,0.0,0,0.0,,0,0,37.1,22.2,79.3,1022.4,1.2,16.0,249.1,21.6,8,10,2022-09-02T06:27:18,2022-09-02T19:27:25,0.18,Clear,Clear conditions throughout the day.,clear-day,"OCVN4,72407513735,KWWD,74596603726,KMIV,72407093730,C8812,KACY",326
116,"Absecon, NJ, United States",2022-09-03,26.7,16.2,21.6,27.8,16.2,21.7,17.3,77.7,0.0,0,0.0,rain,0,0,27.7,20.4,106.3,1023.9,10.7,16.0,240.5,20.6,8,10,2022-09-03T06:28:13,2022-09-03T19:25:51,0.24,Clear,Clear conditions throughout the day.,clear-day,"OCVN4,72407513735,KWWD,74596603726,KMIV,72407093730,C8812,KACY",326
117,"Absecon, NJ, United States",2022-09-04,30.0,18.3,24.1,31.5,18.3,24.5,18.5,72.9,0.0,0,0.0,,0,0,33.5,22.2,123.1,1020.3,2.3,16.0,234.9,20.4,8,10,2022-09-04T06:29:08,2022-09-04T19:24:17,0.29,Clear,Clear conditions throughout the day.,clear-day,"OCVN4,72407513735,KWWD,74596603726,KMIV,72407093730,C8812,KACY",326
118,"Absecon, NJ, United States",2022-09-05,28.4,21.7,24.8,30.0,21.7,25.2,20.0,75.6,0.0,0,0.0,rain,0,0,26.3,20.4,150.7,1018.6,18.1,16.0,182.7,15.8,6,30,2022-09-05T06:30:03,2022-09-05T19:22:42,0.35,Clear,Clear conditions throughout the day.,clear-day,"OCVN4,72407513735,KWWD,74596603726,KMIV,72407093730,C8812,KACY",326
119,"Absecon, NJ, United States",2022-09-06,24.3,18.9,22.0,24.3,18.9,22.0,20.3,90.4,72.34,100,66.67,rain,0,0,51.8,25.8,107.7,1014.6,72.6,9.4,21.6,1.9,2,30,2022-09-06T06:30:58,2022-09-06T19:21:07,0.4,"Rain, Partially cloudy",Partly cloudy throughout the day with rain.,rain,"OCVN4,72407513735,KWWD,74596603726,KMIV,72407093730,C8812,KACY",326
120,"Absecon, NJ, United States",2022-09-07,22.8,20.0,21.0,22.8,20.0,21.0,19.0,88.3,3.93,100,41.67,rain,0,0,47.5,25.9,31.0,1013.5,100.0,12.5,71.3,6.0,3,10,2022-09-07T06:31:53,2022-09-07T19:19:31,0.44,"Rain, Overcast",Cloudy skies throughout the day with a chance of rain throughout the day.,rain,"OCVN4,72407513735,KWWD,74596603726,KMIV,72407093730,C8812,KACY",326
121,"Absecon, NJ, United States",2022-09-08,23.4,16.7,20.1,23.4,16.7,20.1,16.4,80.2,0.29,100,4.17,rain,0,0,38.8,22.3,140.9,1012.6,67.5,15.5,181.6,15.6,7,10,2022-09-08T06:32:48,2022-09-08T19:17:55,0.47,"Rain, Partially cloudy",Partly cloudy throughout the day with early morning rain.,rain,"OCVN4,72407513735,KWWD,74596603726,KMIV,72407093730,C8812,KACY",326
122,"Absecon, NJ, United States",2022-09-09,24.4,13.9,18.9,24.4,13.9,18.9,15.0,79.6,0.0,0,0.0,,0,0,35.3,20.5,90.2,1017.3,5.4,16.0,235.4,20.6,8,10,2022-09-09T06:33:43,2022-09-09T19:16:19,0.49,Clear,Clear conditions throughout the day.,clear-day,"OCVN4,72407513735,KWWD,74596603726,KMIV,72407093730,C8812,KACY",326
123,"Absecon, NJ, United States",2022-09-10,25.7,13.9,20.2,25.7,13.9,20.2,15.8,77.6,0.0,0,0.0,,0,0,16.6,14.7,101.5,1023.3,2.4,16.0,233.1,20.0,8,10,2022-09-10T06:34:38,2022-09-10T19:14:42,0.5,Clear,Clear conditions throughout the day.,clear-day,"OCVN4,72407513735,KWWD,74596603726,F7263,KMIV,72407093730,KACY",326
124,"Absecon, NJ, United States",2022-09-11,26.7,20.0,22.6,28.1,20.0,22.7,19.8,84.6,1.94,100,25.0,rain,0,0,33.5,18.3,119.9,1019.6,73.3,15.0,86.8,7.4,5,30,2022-09-11T06:35:32,2022-09-11T19:13:05,0.51,"Rain, Partially cloudy",Partly cloudy throughout the day with rain.,rain,"OCVN4,72407513735,KWWD,74596603726,F7263,KMIV,72407093730,KACY",326
125,"Absecon, NJ, United States",2022-09-12,27.9,22.9,24.7,30.9,22.9,25.3,22.3,86.6,0.32,100,8.33,rain,0,0,34.9,18.3,203.2,1010.6,81.2,13.9,168.3,14.4,6,60,2022-09-12T06:36:27,2022-09-12T19:11:28,0.53,"Rain, Partially cloudy",Partly cloudy throughout the day with late afternoon rain.,rain,"OCVN4,72407513735,KWWD,74596603726,F7263,KMIV,72407093730,KACY",326
126,"Absecon, NJ, United States",2022-09-13,28.3,20.6,24.6,30.9,20.6,25.0,19.6,75.3,0.64,100,16.67,rain,0,0,47.9,24.0,238.4,1008.2,33.9,15.5,210.6,18.2,8,60,2022-09-13T06:37:22,2022-09-13T19:09:51,0.56,"Rain, Partially cloudy",Partly cloudy throughout the day with rain clearing later.,rain,"OCVN4,72407513735,KWWD,74596603726,F7263,KMIV,72407093730,KACY",326
127,"Absecon, NJ, United States",2022-09-14,27.2,15.0,20.7,27.1,15.0,20.7,13.0,63.8,0.0,0,0.0,,0,0,38.9,20.5,293.4,1014.9,0.0,16.0,234.5,20.2,8,10,2022-09-14T06:38:17,2022-09-14T19:08:13,0.6,Clear,Clear conditions throughout the day.,clear-day,"OCVN4,72407513735,KWWD,74596603726,F7263,KMIV,72407093730,KACY",326
128,"Absecon, NJ, United States",2022-09-15,23.9,12.9,19.3,23.9,12.9,19.3,13.0,69.7,0.0,0,0.0,,0,0,31.7,24.0,236.6,1020.3,1.1,16.0,231.0,20.1,7,10,2022-09-15T06:39:12,2022-09-15T19:06:36,0.64,Clear,Clear conditions throughout the day.,clear-day,"OCVN4,72407513735,KWWD,74596603726,F7263,KMIV,72407093730,KACY",326
129,"Absecon, NJ, United States",2022-09-16,25.0,10.0,17.3,25.0,9.6,17.2,10.0,65.0,0.0,0,0.0,,0,0,19.1,16.5,244.9,1022.1,0.0,16.0,212.3,18.4,7,10,2022-09-16T06:40:07,2022-09-16T19:04:58,0.69,Clear,Clear conditions throughout the day.,clear-day,"OCVN4,72407513735,KWWD,74596603726,F7263,KMIV,72407093730,KACY",326
130,"Absecon, NJ, United States",2022-09-17,25.0,13.8,20.0,25.0,13.8,20.0,15.0,74.3,0.0,0,0.0,,0,0,19.1,16.5,105.9,1023.3,5.9,16.0,211.0,18.3,7,10,2022-09-17T06:41:02,2022-09-17T19:03:20,0.74,Clear,Clear conditions throughout the day.,clear-day,"OCVN4,72407513735,KWWD,74596603726,F7263,KMIV,72407093730,KACY",326
131,"Absecon, NJ, United States",2022-09-18,27.8,16.1,22.1,27.8,16.1,22.1,16.8,74.4,0.0,0,0.0,,0,0,29.5,20.4,228.4,1019.3,1.3,16.0,210.2,18.0,7,30,2022-09-18T06:41:58,2022-09-18T19:01:42,0.78,Clear,Clear conditions throughout the day.,clear-day,"OCVN4,72407513735,KWWD,74596603726,F7263,KMIV,72407093730,C8812,KACY",326
132,"Absecon, NJ, United States",2022-09-19,30.0,20.6,24.6,30.1,20.6,24.8,18.0,68.8,0.0,0,0.0,,0,0,38.9,27.4,228.6,1014.0,6.0,16.0,184.9,15.9,7,30,2022-09-19T06:42:53,2022-09-19T19:00:04,0.83,Clear,Clear conditions throughout the day.,clear-day,"OCVN4,72407513735,KWWD,74596603726,F7263,KMIV,72407093730,KACY",326
133,"Absecon, NJ, United States",2022-09-20,27.8,18.3,22.8,27.4,18.3,22.7,15.4,66.0,0.0,0,0.0,,0,0,38.9,25.8,272.1,1012.6,8.9,16.0,214.7,18.4,7,30,2022-09-20T06:43:48,2022-09-20T18:58:26,0.87,Clear,Clear conditions throughout the day.,clear-day,"OCVN4,72407513735,KWWD,74596603726,F7263,KMIV,72407093730,KACY",326
134,"Absecon, NJ, United States",2022-09-21,27.8,12.9,20.7,27.7,12.9,20.7,14.6,70.1,0.0,0,0.0,,0,0,27.7,16.5,164.2,1013.7,0.1,16.0,209.8,18.0,7,10,2022-09-21T06:44:44,2022-09-21T18:56:48,0.91,Clear,Clear conditions throughout the day.,clear-day,"OCVN4,72407513735,KWWD,74596603726,F7263,KMIV,72407093730,KACY",326
135,"Absecon, NJ, United States",2022-09-22,27.8,15.0,21.1,29.5,15.0,21.3,16.9,77.5,5.35,100,20.83,rain,0,0,58.5,27.5,253.2,1005.5,34.2,15.0,102.4,8.7,6,60,2022-09-22T06:45:40,2022-09-22T18:55:10,0.95,"Rain, Partially cloudy",Becoming cloudy in the afternoon with afternoon rain.,rain,"OCVN4,72407513735,KWWD,74596603726,F7263,KMIV,72407093730,KACY",326
136,"Absecon, NJ, United States",2022-09-23,19.3,9.4,13.9,19.3,7.7,13.8,4.1,54.3,0.0,0,0.0,,0,0,56.1,36.9,321.7,1013.2,9.8,16.0,223.9,19.2,7,10,2022-09-23T06:46:35,2022-09-23T18:53:32,0.97,Clear,Clear conditions throughout the day.,clear-day,"OCVN4,72407513735,KWWD,74596603726,F7263,KMIV,72407093730,KACY",326
137,"Absecon, NJ, United States",2022-09-24,20.6,4.4,13.1,20.6,4.4,12.6,4.8,59.3,0.0,0,0.0,,0,0,46.4,20.3,286.0,1016.8,5.3,16.0,166.0,14.2,6,10,2022-09-24T06:47:31,2022-09-24T18:51:54,0.99,Clear,Clear conditions throughout the day.,clear-day,"OCVN4,72407513735,KWWD,74596603726,F7263,KMIV,72407093730,KACY",326
138,"Absecon, NJ, United States",2022-09-25,25.6,14.4,19.3,25.6,14.4,19.3,13.2,69.0,0.79,100,8.33,rain,0,0,46.1,25.8,214.4,1007.9,45.7,16.0,146.7,12.7,6,30,2022-09-25T06:48:27,2022-09-25T18:50:17,1.0,"Rain, Partially cloudy",Partly cloudy throughout the day with rain.,rain,"OCVN4,72407513735,KWWD,74596603726,F7263,KMIV,72407093730,KACY",326
139,"Absecon, NJ, United States",2022-09-26,24.3,15.6,20.2,24.3,15.6,20.2,13.0,64.8,0.0,0,0.0,rain,0,0,38.8,23.9,215.8,1006.8,29.4,16.0,178.7,15.4,7,30,2022-09-26T06:49:24,2022-09-26T18:48:39,0.0,Partially cloudy,Becoming cloudy in the afternoon.,partly-cloudy-day,"OCVN4,72407513735,KWWD,74596603726,KMIV,72407093730,C8812,KACY",326
140,"Absecon, NJ, United States",2022-09-27,22.8,13.8,18.2,22.8,13.8,18.2,7.0,49.6,0.0,0,0.0,,0,0,45.8,25.8,256.7,1012.1,15.7,16.0,197.7,17.0,7,10,2022-09-27T06:50:20,2022-09-27T18:47:02,0.01,Clear,Clear conditions throughout the day.,clear-day,"OCVN4,72407513735,KWWD,74596603726,KMIV,72407093730,C8812,KACY",326
141,"Absecon, NJ, United States",2022-09-28,21.1,9.4,14.6,21.1,8.4,14.6,7.6,64.5,0.0,0,0.0,,0,0,32.4,20.4,289.3,1020.0,12.7,16.0,194.7,16.9,7,10,2022-09-28T06:51:17,2022-09-28T18:45:25,0.04,Clear,Clear conditions throughout the day.,clear-day,"OCVN4,72407513735,KWWD,74596603726,KMIV,72407093730,C8812,KACY",326
142,"Absecon, NJ, United States",2022-09-29,19.9,10.7,14.7,19.9,10.7,14.7,8.9,69.6,0.0,0,0.0,,0,0,44.6,24.1,159.9,1025.9,4.2,16.0,178.2,15.4,6,10,2022-09-29T06:52:13,2022-09-29T18:43:48,0.07,Clear,Clear conditions throughout the day.,clear-day,"OCVN4,72407513735,KWWD,74596603726,KMIV,72407093730,C8812,KACY",326
143,"Absecon, NJ, United States",2022-09-30,18.3,10.7,14.9,18.3,10.7,14.9,10.9,77.6,2.0,100,25.0,rain,0,0,50.4,31.5,37.6,1023.0,62.3,17.1,58.1,5.1,3,10,2022-09-30T06:53:11,2022-09-30T18:42:12,0.12,"Rain, Partially cloudy",Partly cloudy throughout the day with late afternoon rain.,rain,"OCVN4,KWWD,KMIV,C8812,KACY",326
