,name,datetime,tempmax,tempmin,temp,feelslikemax,feelslikemin,feelslike,dew,humidity,precip,precipprob,precipcover,preciptype,snow,snowdepth,windgust,windspeed,winddir,sealevelpressure,cloudcover,visibility,solarradiation,solarenergy,uvindex,severerisk,sunrise,sunset,moonphase,conditions,description,icon,stations,skey
0,"Avalon, NJ, United States",2022-05-10,18.5,11.4,14.3,18.5,11.4,14.3,0.4,39.2,0.0,0,0.0,rain,0,0,66.4,45.4,39.8,1024.8,83.7,16.0,83.2,7.2,2,10,2022-05-10T05:50:39,2022-05-10T20:00:35,0.32,Partially cloudy,Partly cloudy throughout the day.,partly-cloudy-day,"72407513735,74596603726,KWWD,KMIV,72407093730,WOBN4,C8812,KACY,D8913",343
1,"Avalon, NJ, United States",2022-05-11,16.4,11.1,13.4,16.4,11.1,13.4,5.8,62.7,0.21,100,4.17,rain,0,0,60.1,34.7,39.5,1023.7,64.5,15.6,179.4,15.4,10,10,2022-05-11T05:49:39,2022-05-11T20:01:31,0.37,"Rain, Partially cloudy",Partly cloudy throughout the day with afternoon rain.,rain,"72407513735,74596603726,KWWD,KMIV,72407093730,WOBN4,C8812,KACY,D8913",343
2,"Avalon, NJ, United States",2022-05-12,17.8,11.5,14.1,17.8,11.5,14.1,12.7,91.9,0.08,100,8.33,rain,0,0,45.4,30.0,51.5,1024.1,98.0,12.1,366.2,31.6,10,10,2022-05-12T05:48:41,2022-05-12T20:02:27,0.41,"Rain, Overcast",Cloudy skies throughout the day with early morning rain.,rain,"72407513735,74596603726,KWWD,KMIV,72407093730,WOBN4,C8812,KACY,D8913",343
3,"Avalon, NJ, United States",2022-05-13,18.6,12.4,15.3,18.6,12.4,15.3,14.5,95.3,0.77,100,20.83,rain,0,0,40.7,21.5,65.3,1023.1,96.5,6.1,365.6,31.6,10,10,2022-05-13T05:47:44,2022-05-13T20:03:22,0.45,"Rain, Overcast",Cloudy skies throughout the day with rain in the morning and afternoon.,rain,"72407513735,74596603726,KWWD,KMIV,72407093730,WOBN4,C8812,KACY,D8913",343
4,"Avalon, NJ, United States",2022-05-14,17.2,14.2,15.7,17.2,14.2,15.7,15.5,99.1,13.32,100,29.17,rain,0,0,28.8,12.0,101.5,1018.1,94.4,4.9,335.1,28.9,10,10,2022-05-14T05:46:49,2022-05-14T20:04:18,0.48,"Rain, Overcast",Cloudy skies throughout the day with rain in the morning and afternoon.,rain,"OCVN4,72407513735,74596603726,KWWD,KMIV,72407093730,WOBN4,KACY,D8913",343
5,"Avalon, NJ, United States",2022-05-15,24.2,13.8,17.9,24.2,13.8,17.9,16.1,90.3,0.23,100,4.17,rain,0,0,32.8,16.1,168.5,1012.8,71.7,10.1,396.1,34.3,10,10,2022-05-15T05:45:55,2022-05-15T20:05:12,0.5,"Rain, Partially cloudy",Partly cloudy throughout the day with early morning rain.,rain,"72407513735,74596603726,KWWD,KMIV,72407093730,WOBN4,C8812,KACY,D8913",343
6,"Avalon, NJ, United States",2022-05-16,25.5,15.7,19.7,25.5,15.7,19.7,16.9,84.9,1.57,100,20.83,rain,0,0,42.8,20.7,199.0,1006.8,56.6,15.7,383.0,33.0,10,30,2022-05-16T05:45:02,2022-05-16T20:06:06,0.5,"Rain, Partially cloudy",Partly cloudy throughout the day with rain.,rain,"72407513735,74596603726,KWWD,KMIV,72407093730,WOBN4,C8812,KACY,D8913",343
7,"Avalon, NJ, United States",2022-05-17,26.2,13.3,20.5,26.2,13.3,20.5,10.3,55.5,0.0,0,0.0,,0,0,50.0,26.7,274.8,1010.0,15.0,16.0,352.0,30.2,10,10,2022-05-17T05:44:12,2022-05-17T20:07:00,0.52,Clear,Clear conditions throughout the day.,clear-day,"72407513735,74596603726,KWWD,KMIV,72407093730,WOBN4,C8812,KACY,D8913",343
8,"Avalon, NJ, United States",2022-05-18,21.7,9.5,16.5,21.7,9.5,16.5,7.5,56.6,0.0,0,0.0,,0,0,50.8,20.5,261.8,1015.3,9.6,16.0,378.7,32.6,10,10,2022-05-18T05:43:22,2022-05-18T20:07:53,0.54,Clear,Clear conditions throughout the day.,clear-day,"72407513735,74596603726,KWWD,KMIV,72407093730,WOBN4,C8812,KACY,D8913",343
9,"Avalon, NJ, United States",2022-05-19,25.1,13.2,18.0,25.1,13.2,18.0,14.6,81.6,13.57,100,29.17,rain,0,0,40.0,19.1,227.2,1008.4,53.2,14.3,390.6,33.7,10,60,2022-05-19T05:42:35,2022-05-19T20:08:46,0.58,"Rain, Partially cloudy",Partly cloudy throughout the day with rain clearing later.,rain,"72407513735,74596603726,KWWD,KMIV,72407093730,WOBN4,C8812,KACY,D8913",343
10,"Avalon, NJ, United States",2022-05-20,24.8,15.1,20.4,24.8,15.1,20.4,17.8,85.5,0.0,0,0.0,rain,0,0,51.8,27.7,148.8,1012.5,19.8,15.2,373.3,32.1,10,30,2022-05-20T05:41:49,2022-05-20T20:09:38,0.63,Clear,Clear conditions throughout the day.,clear-day,"72407513735,74596603726,KWWD,KMIV,72407093730,WOBN4,C8812,KACY,D8913",343
11,"Avalon, NJ, United States",2022-05-21,33.0,19.8,26.6,35.7,19.8,27.5,19.7,67.5,0.0,0,0.0,,0,0,42.5,18.1,217.7,1016.4,0.0,15.7,396.6,34.4,10,100,2022-05-21T05:41:05,2022-05-21T20:10:29,0.68,Clear,Clear conditions throughout the day.,clear-day,"72407513735,74596603726,KWWD,KMIV,72407093730,WOBN4,C8812,KACY,D8913",343
12,"Avalon, NJ, United States",2022-05-22,29.1,21.0,25.4,31.7,21.0,26.1,20.0,72.4,1.92,100,4.17,rain,0,0,40.0,22.5,220.1,1017.4,5.4,15.7,397.5,34.4,10,100,2022-05-22T05:40:22,2022-05-22T20:11:20,0.74,Rain,Clear conditions throughout the day with late afternoon rain.,rain,"72407513735,74596603726,KWWD,KMIV,72407093730,WOBN4,C8812,KACY,D8913",343
13,"Avalon, NJ, United States",2022-05-23,22.3,16.4,19.5,22.3,16.4,19.5,13.5,69.6,3.42,100,8.33,rain,0,0,47.3,20.2,205.6,1021.2,35.5,16.0,403.4,34.9,10,10,2022-05-23T05:39:42,2022-05-23T20:12:10,0.79,"Rain, Partially cloudy",Partly cloudy throughout the day with early morning rain.,rain,"72407513735,74596603726,KWWD,KMIV,72407093730,WOBN4,C8812,KACY,D8913",343
14,"Avalon, NJ, United States",2022-05-24,16.6,14.2,15.3,16.6,14.2,15.3,11.5,78.8,3.18,100,29.17,rain,0,0,42.8,26.1,63.0,1024.5,95.4,16.0,349.4,30.3,10,10,2022-05-24T05:39:03,2022-05-24T20:12:59,0.85,"Rain, Overcast",Cloudy skies throughout the day with rain clearing later.,rain,"72407513735,74596603726,KWWD,KMIV,72407093730,WOBN4,KACY,D8913",343
15,"Avalon, NJ, United States",2022-05-25,19.1,12.5,15.6,19.1,12.5,15.6,10.3,72.3,0.0,0,0.0,,0,0,39.2,26.1,65.9,1027.2,62.9,16.0,385.5,33.4,10,10,2022-05-25T05:38:25,2022-05-25T20:13:48,0.89,Partially cloudy,Partly cloudy throughout the day.,partly-cloudy-day,"72407513735,74596603726,KWWD,KMIV,72407093730,WOBN4,KACY,D8913",343
16,"Avalon, NJ, United States",2022-05-26,21.7,12.7,17.2,21.7,12.7,17.2,14.6,85.3,0.05,100,4.17,rain,0,0,35.6,21.7,108.0,1024.2,88.7,14.4,370.5,32.1,10,10,2022-05-26T05:37:50,2022-05-26T20:14:36,0.93,"Rain, Partially cloudy",Partly cloudy throughout the day with late afternoon rain.,rain,"72407513735,74596603726,KWWD,KMIV,72407093730,WOBN4,C8812,KACY,D8913",343
17,"Avalon, NJ, United States",2022-05-27,24.1,16.8,18.8,24.1,16.8,18.8,18.0,95.1,7.72,100,16.67,rain,0,0,59.3,26.0,164.0,1014.1,92.9,8.2,357.4,31.0,10,10,2022-05-27T05:37:16,2022-05-27T20:15:22,0.96,"Rain, Overcast",Cloudy skies throughout the day with rain.,rain,"72407513735,74596603726,KWWD,KMIV,72407093730,WOBN4,KACY,D8913",343
18,"Avalon, NJ, United States",2022-05-28,25.7,17.5,21.0,25.7,17.5,21.0,17.0,79.7,0.22,100,12.5,rain,0,0,49.0,21.5,250.3,1009.0,41.9,14.9,391.0,33.8,10,30,2022-05-28T05:36:44,2022-05-28T20:16:08,0.99,"Rain, Partially cloudy",Partly cloudy throughout the day with rain.,rain,"72407513735,74596603726,KWWD,KMIV,72407093730,WOBN4,KACY,D8913",343
19,"Avalon, NJ, United States",2022-05-29,24.9,15.5,20.5,24.9,15.5,20.5,15.0,72.8,0.0,0,0.0,,0,0,28.8,19.1,132.8,1017.2,22.1,15.5,376.1,32.6,10,10,2022-05-29T05:36:14,2022-05-29T20:16:53,1.0,Partially cloudy,Partly cloudy throughout the day.,partly-cloudy-day,"72407513735,74596603726,KWWD,KMIV,72407093730,WOBN4,KACY,D8913",343
20,"Avalon, NJ, United States",2022-05-30,28.1,16.4,22.5,29.4,16.4,22.9,18.0,76.7,0.0,0,0.0,rain,0,0,40.7,23.0,180.3,1019.8,3.4,15.9,402.1,34.8,10,15,2022-05-30T05:35:46,2022-05-30T20:17:37,0.0,Clear,Clear conditions throughout the day.,clear-day,"72407513735,74596603726,KWWD,KMIV,72407093730,WOBN4,KACY,D8913",343
21,"Avalon, NJ, United States",2022-05-31,34.1,20.6,26.5,34.4,20.6,27.0,19.2,67.3,0.0,0,0.0,,0,0,31.7,16.0,256.4,1016.2,0.8,16.0,400.7,34.4,10,100,2022-05-31T05:35:20,2022-05-31T20:18:20,0.0,Clear,Clear conditions throughout the day.,clear-day,"72407513735,74596603726,KWWD,KMIV,72407093730,WOBN4,KACY,D8913",343
22,"Avalon, NJ, United States",2022-06-01,25.2,17.4,21.4,25.2,17.4,21.4,18.3,83.3,0.0,0,0.0,rain,0,0,33.1,20.2,139.1,1013.0,46.6,13.2,407.9,35.3,10,100,2022-06-01T05:34:55,2022-06-01T20:19:02,0.02,Partially cloudy,Partly cloudy throughout the day.,partly-cloudy-day,"72407513735,74596603726,KWWD,KMIV,72407093730,WOBN4,C8812,KACY,D8913",343
23,"Avalon, NJ, United States",2022-06-02,29.5,17.8,22.7,30.8,17.8,23.0,19.2,82.8,3.29,100,20.83,rain,0,0,47.9,18.9,148.3,1008.0,49.1,13.4,386.0,33.2,10,10,2022-06-02T05:34:33,2022-06-02T20:19:43,0.04,"Rain, Partially cloudy",Partly cloudy throughout the day with rain.,rain,"72407513735,74596603726,KWWD,KMIV,72407093730,WOBN4,KACY,D8913",343
24,"Avalon, NJ, United States",2022-06-03,25.3,17.0,22.1,25.3,17.0,22.1,18.5,81.8,0.25,100,12.5,rain,0,0,33.7,17.3,223.8,1008.2,56.4,13.6,353.1,30.5,10,10,2022-06-03T05:34:12,2022-06-03T20:20:23,0.07,"Rain, Partially cloudy",Partly cloudy throughout the day with rain.,rain,"72407513735,74596603726,KWWD,KMIV,72407093730,WOBN4,KACY,D8913",343
25,"Avalon, NJ, United States",2022-06-04,28.0,14.5,21.4,27.3,14.5,21.3,12.3,60.1,0.0,0,0.0,,0,0,32.0,19.7,155.0,1012.1,2.3,15.8,388.1,33.4,10,10,2022-06-04T05:33:53,2022-06-04T20:21:01,0.11,Clear,Clear conditions throughout the day.,clear-day,"72407513735,74596603726,KWWD,KMIV,72407093730,WOBN4,KACY,D8913",343
26,"Avalon, NJ, United States",2022-06-05,22.5,12.8,18.9,22.5,12.8,18.9,9.5,56.2,0.0,0,0.0,,0,0,44.3,26.4,121.8,1015.3,0.0,15.7,407.6,35.2,10,10,2022-06-05T05:33:36,2022-06-05T20:21:38,0.14,Clear,Clear conditions throughout the day.,clear-day,"72407513735,74596603726,KWWD,KMIV,72407093730,WOBN4,KACY,D8913",343
27,"Avalon, NJ, United States",2022-06-06,25.2,9.6,18.2,25.2,9.6,18.2,8.8,60.1,0.0,0,0.0,,0,0,31.7,19.9,107.9,1018.1,0.0,15.8,400.9,34.6,10,10,2022-06-06T05:33:21,2022-06-06T20:22:14,0.19,Clear,Clear conditions throughout the day.,clear-day,"72407513735,74596603726,KWWD,KMIV,72407093730,WOBN4,KACY,D8913",343
28,"Avalon, NJ, United States",2022-06-07,25.6,15.6,20.9,25.6,15.6,20.9,16.4,76.6,0.34,100,12.5,rain,0,0,48.6,30.0,162.3,1017.2,21.2,15.8,379.0,33.1,10,10,2022-06-07T05:33:07,2022-06-07T20:22:49,0.24,"Rain, Partially cloudy",Partly cloudy throughout the day with late afternoon rain.,rain,"72407513735,74596603726,KWWD,KMIV,72407093730,WOBN4,KACY,D8913",343
29,"Avalon, NJ, United States",2022-06-08,29.5,20.6,24.5,31.9,20.6,25.1,20.5,80.2,0.0,0,0.0,rain,0,0,43.6,21.2,202.1,1012.1,33.5,15.7,408.2,35.3,10,60,2022-06-08T05:32:56,2022-06-08T20:23:22,0.29,Partially cloudy,Partly cloudy throughout the day.,partly-cloudy-day,"72407513735,74596603726,KWWD,KMIV,72407093730,WOBN4,KACY,D8913",343
30,"Avalon, NJ, United States",2022-06-09,28.9,21.5,24.5,29.4,21.5,24.7,18.4,71.5,1.62,100,20.83,rain,0,0,51.8,29.5,250.9,1006.5,39.3,15.9,398.8,34.5,10,30,2022-06-09T05:32:46,2022-06-09T20:23:54,0.35,"Rain, Partially cloudy",Clearing in the afternoon with rain clearing later.,rain,"72407513735,74596603726,KWWD,KMIV,72407093730,WOBN4,KACY,D8913",343
31,"Avalon, NJ, United States",2022-06-10,26.1,17.1,21.6,26.1,17.1,21.6,13.1,59.9,0.0,0,0.0,,0,0,41.0,18.9,273.3,1012.0,1.3,16.0,399.6,34.4,10,10,2022-06-10T05:32:39,2022-06-10T20:24:25,0.39,Clear,Clear conditions throughout the day.,clear-day,"72407513735,74596603726,KWWD,KMIV,72407093730,WOBN4,KACY,D8913",343
32,"Avalon, NJ, United States",2022-06-11,23.8,16.8,20.5,23.8,16.8,20.5,16.0,76.4,0.0,0,0.0,rain,0,0,38.5,20.4,203.6,1013.9,45.6,15.6,339.7,29.4,10,30,2022-06-11T05:32:33,2022-06-11T20:24:54,0.44,Partially cloudy,Partly cloudy throughout the day.,partly-cloudy-day,"72407513735,74596603726,KWWD,KMIV,72407093730,WOBN4,KACY,D8913",343
33,"Avalon, NJ, United States",2022-06-12,25.4,16.9,21.3,25.4,16.9,21.3,18.5,84.4,3.11,100,20.83,rain,0,0,39.6,21.2,171.4,1014.5,62.5,15.9,352.3,30.4,10,30,2022-06-12T05:32:29,2022-06-12T20:25:21,0.47,"Rain, Partially cloudy",Partly cloudy throughout the day with a chance of rain throughout the day.,rain,"72407513735,74596603726,KWWD,KMIV,72407093730,WOBN4,KACY,D8913",343
34,"Avalon, NJ, United States",2022-06-13,31.1,19.4,24.6,35.1,19.4,25.8,21.2,82.6,2.4,100,12.5,rain,0,0,39.6,16.8,229.6,1013.5,28.8,14.4,403.7,34.8,10,60,2022-06-13T05:32:27,2022-06-13T20:25:48,0.49,"Rain, Partially cloudy",Partly cloudy throughout the day with rain clearing later.,rain,"72407513735,74596603726,KWWD,KMIV,72407093730,WOBN4,KACY,D8913",343
35,"Avalon, NJ, United States",2022-06-14,25.3,16.9,22.1,25.3,16.9,22.1,16.9,73.8,0.48,100,12.5,rain,0,0,49.7,20.7,95.2,1012.8,13.8,15.8,357.3,30.9,10,30,2022-06-14T05:32:27,2022-06-14T20:26:12,0.5,Rain,Clear conditions throughout the day with morning rain.,rain,"OCVN4,72407513735,74596603726,KWWD,KMIV,72407093730,WOBN4,KACY,D8913",343
36,"Avalon, NJ, United States",2022-06-15,27.8,15.5,21.4,27.6,15.5,21.4,16.3,75.5,0.0,0,0.0,,0,0,39.2,21.8,159.1,1018.5,1.1,15.6,398.8,34.6,10,10,2022-06-15T05:32:28,2022-06-15T20:26:35,0.51,Clear,Clear conditions throughout the day.,clear-day,"OCVN4,72407513735,74596603726,KWWD,KMIV,72407093730,WOBN4,KACY,D8913",343
37,"Avalon, NJ, United States",2022-06-16,23.3,19.0,20.8,23.3,19.0,20.8,18.0,84.3,7.46,100,25.0,rain,0,0,36.7,24.3,160.5,1020.1,71.1,15.7,331.5,28.6,10,10,2022-06-16T05:32:32,2022-06-16T20:26:56,0.53,"Rain, Partially cloudy",Partly cloudy throughout the day with rain in the morning and afternoon.,rain,"72407513735,74596603726,KWWD,KMIV,72407093730,WOBN4,KACY,D8913",343
38,"Avalon, NJ, United States",2022-06-17,33.4,20.1,26.8,37.7,20.1,28.4,20.7,71.6,0.0,0,0.0,rain,0,0,50.0,29.1,221.4,1008.3,16.2,15.8,407.0,35.0,10,100,2022-06-17T05:32:37,2022-06-17T20:27:16,0.57,Clear,Clear conditions throughout the day.,clear-day,"OCVN4,72407513735,74596603726,KWWD,KMIV,72407093730,WOBN4,KACY,D8913",343
39,"Avalon, NJ, United States",2022-06-18,25.1,16.0,21.5,25.1,16.0,21.5,12.3,56.1,0.0,0,0.0,rain,0,0,55.4,29.7,282.5,1007.9,31.6,16.0,366.4,31.7,10,10,2022-06-18T05:32:44,2022-06-18T20:27:34,0.62,Partially cloudy,Becoming cloudy in the afternoon.,partly-cloudy-day,"OCVN4,72407513735,74596603726,KWWD,KMIV,72407093730,WOBN4,KACY,D8913",343
40,"Avalon, NJ, United States",2022-06-19,23.5,15.0,18.8,23.5,15.0,18.8,5.9,43.4,0.0,0,0.0,,0,0,58.7,25.5,307.8,1015.9,0.3,15.9,415.2,36.0,10,10,2022-06-19T05:32:53,2022-06-19T20:27:50,0.67,Clear,Clear conditions throughout the day.,clear-day,"OCVN4,72407513735,74596603726,KWWD,KMIV,72407093730,WOBN4,KACY,D8913",343
41,"Avalon, NJ, United States",2022-06-20,25.6,13.7,19.7,25.6,13.7,19.7,8.0,48.5,0.0,0,0.0,,0,0,41.4,20.5,299.9,1020.9,4.1,15.8,403.0,34.8,10,10,2022-06-20T05:33:03,2022-06-20T20:28:05,0.72,Clear,Clear conditions throughout the day.,clear-day,"OCVN4,72407513735,74596603726,KWWD,KMIV,72407093730,WOBN4,KACY,D8913",343
42,"Avalon, NJ, United States",2022-06-21,26.5,13.7,20.9,26.5,13.7,20.9,15.0,71.2,0.0,0,0.0,rain,0,0,32.0,16.1,181.1,1020.4,15.4,16.0,357.1,30.9,10,10,2022-06-21T05:33:15,2022-06-21T20:28:18,0.77,Clear,Clear conditions throughout the day.,clear-day,"72407513735,74596603726,KWWD,KMIV,72407093730,WOBN4,KACY,D8913",343
43,"Avalon, NJ, United States",2022-06-22,22.4,18.2,20.0,22.4,18.2,20.0,17.3,84.3,0.28,100,8.33,rain,0,0,49.9,33.9,147.2,1015.5,70.6,15.7,339.2,29.3,10,10,2022-06-22T05:33:29,2022-06-22T20:28:29,0.82,"Rain, Partially cloudy",Partly cloudy throughout the day with late afternoon rain.,rain,"72407513735,74596603726,KWWD,KMIV,72407093730,WOBN4,KACY,D8913",343
44,"Avalon, NJ, United States",2022-06-23,22.8,17.6,19.5,22.8,17.6,19.5,17.3,87.4,3.17,100,29.17,rain,0,0,46.8,18.9,74.3,1013.9,71.4,15.3,356.1,30.7,10,10,2022-06-23T05:33:45,2022-06-23T20:28:38,0.87,"Rain, Partially cloudy",Partly cloudy throughout the day with rain.,rain,"OCVN4,72407513735,74596603726,KWWD,KMIV,72407093730,WOBN4,KACY,D8913",343
45,"Avalon, NJ, United States",2022-06-24,25.3,15.6,20.2,25.3,15.6,20.2,17.1,84.1,0.0,0,0.0,,0,0,29.5,14.0,183.4,1017.4,46.6,12.4,382.1,32.8,10,10,2022-06-24T05:34:02,2022-06-24T20:28:46,0.91,Partially cloudy,Clearing in the afternoon.,partly-cloudy-day,"OCVN4,72407513735,74596603726,KWWD,KMIV,72407093730,WOBN4,KACY,D8913",343
46,"Avalon, NJ, United States",2022-06-25,30.2,18.0,23.5,31.4,18.0,23.9,18.6,76.1,0.0,0,0.0,,0,0,33.8,19.3,226.5,1020.2,5.3,15.9,410.0,35.4,10,30,2022-06-25T05:34:21,2022-06-25T20:28:51,0.95,Clear,Clear conditions throughout the day.,clear-day,"72407513735,74596603726,KWWD,KMIV,72407093730,WOBN4,KACY,D8913",343
47,"Avalon, NJ, United States",2022-06-26,28.8,18.8,23.9,29.4,18.8,24.2,17.9,70.9,0.0,0,0.0,,0,0,45.4,27.6,207.5,1019.8,2.3,16.0,409.8,35.4,10,10,2022-06-26T05:34:41,2022-06-26T20:28:55,0.97,Clear,Clear conditions throughout the day.,clear-day,"72407513735,74596603726,KWWD,KMIV,72407093730,WOBN4,KACY,D8913",343
48,"Avalon, NJ, United States",2022-06-27,29.2,21.5,23.9,32.5,21.5,24.5,20.9,84.2,22.15,100,20.83,rain,0,0,55.8,22.8,212.8,1015.8,50.3,15.2,330.8,28.6,10,30,2022-06-27T05:35:03,2022-06-27T20:28:57,0.99,"Rain, Partially cloudy",Partly cloudy throughout the day with rain.,rain,"OCVN4,72407513735,74596603726,KWWD,KMIV,72407093730,WOBN4,KACY,D8913",343
49,"Avalon, NJ, United States",2022-06-28,25.5,17.8,21.7,25.5,17.8,21.7,15.3,69.1,0.0,0,0.0,rain,0,0,40.0,21.5,206.1,1020.7,28.4,15.0,388.2,33.6,10,10,2022-06-28T05:35:27,2022-06-28T20:28:57,1.0,Partially cloudy,Partly cloudy throughout the day.,partly-cloudy-day,"72407513735,74596603726,KWWD,KMIV,72407093730,WOBN4,C8812,KACY,D8913",343
50,"Avalon, NJ, United States",2022-06-29,28.1,15.9,22.2,27.6,15.9,22.3,15.6,68.7,0.0,0,0.0,,0,0,42.5,26.4,213.3,1023.7,1.3,16.0,412.2,35.7,10,10,2022-06-29T05:35:52,2022-06-29T20:28:55,0.0,Clear,Clear conditions throughout the day.,clear-day,"72407513735,74596603726,KWWD,KMIV,72407093730,C8812,KACY,D8913",343
51,"Avalon, NJ, United States",2022-06-30,30.9,19.8,24.9,30.9,19.8,25.0,18.0,68.1,0.0,0,0.0,rain,0,0,35.3,22.4,201.1,1022.6,6.7,15.9,405.3,35.1,10,60,2022-06-30T05:36:18,2022-06-30T20:28:51,0.01,Clear,Clear conditions throughout the day.,clear-day,"OCVN4,72407513735,74596603726,KWWD,KMIV,72407093730,WOBN4,KACY,D8913",343
52,"Avalon, NJ, United States",2022-07-01,31.1,20.3,25.5,35.5,20.3,26.7,21.5,80.0,0.0,0,0.0,rain,0,0,50.0,25.1,191.1,1018.7,3.4,15.7,401.3,34.8,10,75,2022-07-01T05:36:46,2022-07-01T20:28:45,0.03,Clear,Clear conditions throughout the day.,clear-day,"OCVN4,72407513735,74596603726,KWWD,KMIV,72407093730,WOBN4,KACY,D8913",343
53,"Avalon, NJ, United States",2022-07-02,31.0,23.1,26.4,35.1,23.1,27.8,22.1,78.1,3.38,100,12.5,rain,0,0,92.5,22.7,213.1,1014.6,14.8,15.9,403.8,34.9,10,60,2022-07-02T05:37:15,2022-07-02T20:28:38,0.05,Rain,Clear conditions throughout the day with late afternoon rain.,rain,"72407513735,74596603726,KWWD,KMIV,72407093730,WOBN4,C8812,KACY,D8913",343
54,"Avalon, NJ, United States",2022-07-03,27.8,19.1,24.0,30.0,19.1,24.2,20.4,81.8,5.85,100,29.17,rain,0,0,29.5,18.4,194.8,1016.4,46.1,15.4,363.3,31.5,10,30,2022-07-03T05:37:46,2022-07-03T20:28:28,0.08,"Rain, Partially cloudy",Partly cloudy throughout the day with rain clearing later.,rain,"OCVN4,72407513735,74596603726,KWWD,KMIV,72407093730,WOBN4,KACY,D8913",343
55,"Avalon, NJ, United States",2022-07-04,27.6,16.8,22.6,27.1,16.8,22.5,13.5,61.1,0.0,0,0.0,,0,0,30.6,15.8,138.7,1021.0,0.0,15.6,415.8,36.1,10,10,2022-07-04T05:38:18,2022-07-04T20:28:17,0.12,Clear,Clear conditions throughout the day.,clear-day,"OCVN4,72407513735,74596603726,KWWD,KMIV,72407093730,WOBN4,KACY,D8913",343
56,"Avalon, NJ, United States",2022-07-05,28.0,18.2,22.8,30.2,18.2,23.1,19.2,80.8,11.34,100,16.67,rain,0,0,49.0,28.2,193.2,1017.4,27.4,15.5,387.8,33.8,10,30,2022-07-05T05:38:51,2022-07-05T20:28:04,0.17,"Rain, Partially cloudy",Becoming cloudy in the afternoon with late afternoon rain.,rain,"OCVN4,72407513735,74596603726,KWWD,KMIV,72407093730,WOBN4,KACY,D8913",343
57,"Avalon, NJ, United States",2022-07-06,30.5,22.1,25.9,34.6,22.1,27.6,22.7,83.2,0.95,100,12.5,rain,0,0,46.8,18.7,218.6,1011.6,23.0,15.2,365.3,31.6,10,60,2022-07-06T05:39:26,2022-07-06T20:27:48,0.22,"Rain, Partially cloudy",Partly cloudy throughout the day with late afternoon rain.,rain,"72407513735,74596603726,KWWD,KMIV,72407093730,WOBN4,KACY,D8913",343
58,"Avalon, NJ, United States",2022-07-07,24.7,21.2,22.8,24.7,21.2,22.8,21.1,90.2,14.57,100,37.5,rain,0,0,40.3,25.1,67.8,1014.2,90.6,15.0,332.9,29.0,10,10,2022-07-07T05:40:01,2022-07-07T20:27:31,0.27,"Rain, Overcast",Cloudy skies throughout the day with a chance of rain throughout the day.,rain,"OCVN4,72407513735,74596603726,KWWD,KMIV,72407093730,WOBN4,KACY,D8913",343
59,"Avalon, NJ, United States",2022-07-08,27.6,19.8,23.2,29.6,19.8,23.3,20.1,83.3,0.0,0,0.0,,0,0,31.3,15.0,123.5,1016.4,47.7,16.0,388.4,33.7,10,10,2022-07-08T05:40:38,2022-07-08T20:27:12,0.33,Partially cloudy,Partly cloudy throughout the day.,partly-cloudy-day,"72407513735,74596603726,KWWD,KMIV,72407093730,WOBN4,KACY,D8913",343
60,"Avalon, NJ, United States",2022-07-09,23.3,20.0,21.8,23.3,20.0,21.8,20.5,92.6,4.54,100,58.33,rain,0,0,39.2,11.4,108.1,1016.4,74.9,15.1,326.9,28.3,10,10,2022-07-09T05:41:16,2022-07-09T20:26:51,0.38,"Rain, Partially cloudy",Partly cloudy throughout the day with a chance of rain throughout the day.,rain,"72407513735,74596603726,KWWD,KMIV,72407093730,WOBN4,KACY,D8913",343
61,"Avalon, NJ, United States",2022-07-10,25.3,17.0,21.5,25.3,17.0,21.5,17.7,80.1,0.21,100,4.17,rain,0,0,32.8,19.4,78.1,1017.5,30.9,15.9,383.2,33.1,10,10,2022-07-10T05:41:55,2022-07-10T20:26:28,0.42,"Rain, Partially cloudy",Partly cloudy throughout the day with early morning rain.,rain,"72407513735,74596603726,KWWD,KMIV,72407093730,WOBN4,KACY,D8913",343
62,"Avalon, NJ, United States",2022-07-11,25.6,13.2,20.6,25.6,13.2,20.6,15.3,74.4,0.0,0,0.0,,0,0,28.8,17.3,94.8,1015.1,0.0,16.0,407.6,35.3,10,10,2022-07-11T05:42:35,2022-07-11T20:26:03,0.46,Clear,Clear conditions throughout the day.,clear-day,"OCVN4,72407513735,74596603726,KWWD,KMIV,72407093730,WOBN4,KACY,D8913",343
63,"Avalon, NJ, United States",2022-07-12,30.3,20.1,24.8,34.6,20.1,26.1,21.3,81.5,1.3,100,16.67,rain,0,0,63.0,22.3,196.5,1010.4,9.3,15.9,376.5,32.4,10,30,2022-07-12T05:43:16,2022-07-12T20:25:37,0.49,Rain,Clear conditions throughout the day with late afternoon rain.,rain,"OCVN4,72407513735,74596603726,KWWD,KMIV,72407093730,WOBN4,KACY,D8913",343
64,"Avalon, NJ, United States",2022-07-13,31.4,22.1,26.4,33.7,22.1,27.4,21.4,75.7,0.21,100,4.17,rain,0,0,37.1,21.5,229.7,1012.1,13.3,16.0,406.0,35.0,10,75,2022-07-13T05:43:58,2022-07-13T20:25:08,0.5,Rain,Clear conditions throughout the day with early morning rain.,rain,"72407513735,74596603726,KWWD,KMIV,72407093730,WOBN4,KACY,D8913",343
65,"Avalon, NJ, United States",2022-07-14,31.0,22.9,26.8,32.6,22.9,27.7,21.0,72.5,0.0,0,0.0,rain,0,0,31.5,15.5,270.5,1014.9,17.3,15.8,414.7,35.8,10,100,2022-07-14T05:44:41,2022-07-14T20:24:37,0.51,Clear,Clear conditions throughout the day.,clear-day,"OCVN4,72407513735,74596603726,KWWD,KMIV,72407093730,WOBN4,KACY,D8913",343
66,"Avalon, NJ, United States",2022-07-15,28.1,21.1,24.5,30.6,21.1,24.9,21.1,81.8,1.0,100,20.83,rain,0,0,52.2,16.9,141.5,1019.6,50.2,15.9,403.5,34.8,10,60,2022-07-15T05:45:25,2022-07-15T20:24:05,0.53,"Rain, Partially cloudy",Partly cloudy throughout the day with rain.,rain,"72407513735,74596603726,KWWD,KMIV,72407093730,WOBN4,KACY,D8913",343
67,"Avalon, NJ, United States",2022-07-16,28.4,20.8,24.3,31.2,20.8,25.1,21.6,85.8,0.9,100,16.67,rain,0,0,28.1,16.1,127.9,1019.0,49.8,12.8,385.8,33.5,10,60,2022-07-16T05:46:10,2022-07-16T20:23:31,0.55,"Rain, Partially cloudy",Partly cloudy throughout the day with late afternoon rain.,rain,"72407513735,74596603726,KWWD,KMIV,72407093730,WOBN4,KACY,D8913",343
68,"Avalon, NJ, United States",2022-07-17,28.8,21.7,25.2,31.5,21.7,26.1,22.1,83.7,0.1,100,12.5,rain,0,0,31.7,22.2,168.7,1017.0,36.1,15.7,300.8,26.1,10,60,2022-07-17T05:46:55,2022-07-17T20:22:55,0.6,"Rain, Partially cloudy",Clearing in the afternoon with early morning rain.,rain,"72407513735,74596603726,KWWD,KMIV,72407093730,WOBN4,KACY,D8913",343
69,"Avalon, NJ, United States",2022-07-18,30.9,23.9,26.7,37.0,23.9,28.7,23.6,83.7,0.0,0,0.0,rain,0,0,51.1,29.2,197.3,1013.4,16.6,16.0,257.7,22.1,9,75,2022-07-18T05:47:42,2022-07-18T20:22:17,0.65,Clear,Clear conditions throughout the day.,clear-day,"72407513735,74596603726,KWWD,KMIV,72407093730,WOBN4,KACY",343
70,"Avalon, NJ, United States",2022-07-19,32.1,23.6,27.3,34.1,23.6,28.3,21.4,72.3,0.0,0,0.0,,0,0,43.9,19.4,261.5,1010.6,17.8,15.9,303.0,26.1,9,60,2022-07-19T05:48:29,2022-07-19T20:21:38,0.7,Clear,Clear conditions throughout the day.,clear-day,"72407513735,74596603726,KWWD,KMIV,72407093730,WOBN4,KACY",343
71,"Avalon, NJ, United States",2022-07-20,34.1,23.9,28.1,36.8,23.9,29.9,22.4,73.1,0.0,0,0.0,,0,0,40.7,25.9,231.1,1009.6,1.2,15.6,315.8,27.1,9,75,2022-07-20T05:49:16,2022-07-20T20:20:56,0.75,Clear,Clear conditions throughout the day.,clear-day,"72407513735,74596603726,KWWD,KMIV,72407093730,WOBN4,KACY",343
72,"Avalon, NJ, United States",2022-07-21,34.4,25.1,28.5,42.6,25.1,31.8,24.0,77.6,0.21,100,4.17,rain,0,0,48.2,22.5,216.4,1006.7,20.8,16.0,255.3,21.8,9,100,2022-07-21T05:50:04,2022-07-21T20:20:13,0.8,"Rain, Partially cloudy",Partly cloudy throughout the day with late afternoon rain.,rain,"72407513735,74596603726,KWWD,KMIV,72407093730,WOBN4,KACY",343
73,"Avalon, NJ, United States",2022-07-22,34.4,23.9,28.5,37.3,23.9,30.4,22.1,70.8,0.0,0,0.0,,0,0,37.1,19.2,246.4,1012.5,3.6,15.9,305.4,26.2,9,75,2022-07-22T05:50:53,2022-07-22T20:19:28,0.85,Clear,Clear conditions throughout the day.,clear-day,"OCVN4,72407513735,74596603726,KWWD,KMIV,72407093730,WOBN4,KACY",343
74,"Avalon, NJ, United States",2022-07-23,34.9,24.7,28.9,38.5,24.7,31.1,22.4,70.1,0.0,0,0.0,,0,0,33.8,19.7,224.5,1016.6,5.8,15.9,312.2,27.0,10,100,2022-07-23T05:51:43,2022-07-23T20:18:42,0.89,Clear,Clear conditions throughout the day.,clear-day,"72407513735,74596603726,KWWD,KMIV,72407093730,WOBN4,KACY",343
75,"Avalon, NJ, United States",2022-07-24,33.9,22.7,28.2,40.7,22.7,31.2,23.3,76.3,0.0,0,0.0,,0,0,55.1,23.0,220.7,1017.1,4.1,15.4,294.9,25.5,9,100,2022-07-24T05:52:33,2022-07-24T20:17:54,0.93,Clear,Clear conditions throughout the day.,clear-day,"72407513735,74596603726,KWWD,KMIV,72407093730,WOBN4,KACY",343
76,"Avalon, NJ, United States",2022-07-25,33.0,24.4,28.0,40.0,24.4,30.6,23.7,78.5,11.76,100,25.0,rain,0,0,63.0,22.2,207.7,1013.9,16.7,15.9,240.8,20.7,8,75,2022-07-25T05:53:23,2022-07-25T20:17:04,0.96,Rain,Clear conditions throughout the day with rain.,rain,"72407513735,74596603726,KWWD,KMIV,72407093730,WOBN4,KACY",343
77,"Avalon, NJ, United States",2022-07-26,26.1,21.8,24.0,26.1,21.8,24.0,21.8,87.7,2.04,100,8.33,rain,0,0,40.7,14.3,169.4,1016.1,67.2,15.8,90.2,7.8,4,30,2022-07-26T05:54:14,2022-07-26T20:16:12,0.98,"Rain, Partially cloudy",Partly cloudy throughout the day with afternoon rain.,rain,"72407513735,74596603726,KWWD,KMIV,72407093730,WOBN4,C8812,KACY",343
78,"Avalon, NJ, United States",2022-07-27,28.6,21.4,24.4,31.0,21.4,24.9,21.2,83.4,3.58,100,12.5,rain,0,0,27.7,14.2,111.2,1014.5,55.0,14.6,309.0,26.8,10,10,2022-07-27T05:55:06,2022-07-27T20:15:19,1.0,"Rain, Partially cloudy",Partly cloudy throughout the day with rain clearing later.,rain,"72407513735,74596603726,KWWD,KMIV,72407093730,WOBN4,C8812,KACY,D8913",343
79,"Avalon, NJ, United States",2022-07-28,32.9,23.3,27.7,37.9,23.3,30.1,23.1,77.9,0.06,100,4.17,rain,0,0,33.5,20.5,235.4,1011.6,11.1,15.7,341.3,29.5,10,60,2022-07-28T05:55:57,2022-07-28T20:14:24,1.0,Rain,Clear conditions throughout the day with late afternoon rain.,rain,"72407513735,74596603726,KWWD,KMIV,72407093730,WOBN4,KACY,D8913",343
80,"Avalon, NJ, United States",2022-07-29,30.6,24.6,26.6,33.5,24.6,27.3,22.1,77.3,0.0,0,0.0,rain,0,0,38.5,18.9,214.1,1013.4,31.1,15.6,265.3,23.0,10,60,2022-07-29T05:56:50,2022-07-29T20:13:28,0.0,Partially cloudy,Partly cloudy throughout the day.,partly-cloudy-day,"72407513735,74596603726,KWWD,KMIV,72407093730,WOBN4,KACY,D8913",343
81,"Avalon, NJ, United States",2022-07-30,30.9,22.3,26.5,30.9,22.3,26.6,18.8,65.4,0.33,100,8.33,rain,0,0,40.7,21.3,291.3,1017.7,31.0,15.8,360.5,31.2,10,10,2022-07-30T05:57:42,2022-07-30T20:12:30,0.01,"Rain, Partially cloudy",Clearing in the afternoon with early morning rain.,rain,"72407513735,74596603726,KWWD,KMIV,72407093730,WOBN4,KACY,D8913",343
82,"Avalon, NJ, United States",2022-07-31,31.2,19.8,25.8,31.7,19.8,26.3,18.8,67.2,0.0,0,0.0,,0,0,35.6,20.9,170.0,1021.0,17.4,16.0,307.5,26.7,10,10,2022-07-31T05:58:35,2022-07-31T20:11:31,0.04,Clear,Clear conditions throughout the day.,clear-day,"72407513735,74596603726,KWWD,KMIV,72407093730,WOBN4,C8812,KACY,D8913",343
83,"Avalon, NJ, United States",2022-08-01,27.8,21.4,24.2,29.7,21.4,24.6,21.4,84.8,1.42,100,12.5,rain,0,0,25.9,16.6,217.3,1014.5,68.5,15.5,303.8,26.3,10,30,2022-08-01T05:59:28,2022-08-01T20:10:30,0.07,"Rain, Partially cloudy",Partly cloudy throughout the day with early morning rain.,rain,"72407513735,74596603726,KWWD,KMIV,72407093730,WOBN4,C8812,KACY,D8913",343
84,"Avalon, NJ, United States",2022-08-02,32.8,21.4,27.0,36.8,21.4,28.5,21.5,74.2,1.48,100,8.33,rain,0,0,38.9,18.6,253.2,1011.2,17.5,15.6,344.5,29.8,10,75,2022-08-02T06:00:22,2022-08-02T20:09:28,0.1,Rain,Clear conditions throughout the day with early morning rain.,rain,"72407513735,74596603726,KWWD,KMIV,72407093730,WOBN4,KACY,D8913",343
85,"Avalon, NJ, United States",2022-08-03,32.0,21.5,26.9,34.6,21.5,27.9,20.5,69.7,0.0,0,0.0,,0,0,37.1,17.1,228.3,1015.7,0.2,16.0,347.0,30.0,10,75,2022-08-03T06:01:15,2022-08-03T20:08:24,0.14,Clear,Clear conditions throughout the day.,clear-day,"72407513735,74596603726,KWWD,KMIV,72407093730,WOBN4,C8812,KACY,D8913",343
86,"Avalon, NJ, United States",2022-08-04,32.9,21.5,27.2,39.4,21.5,29.8,23.0,79.2,4.61,100,8.33,rain,0,0,56.2,23.8,178.5,1018.3,10.4,15.0,341.3,29.5,10,100,2022-08-04T06:02:09,2022-08-04T20:07:19,0.2,Rain,Clear conditions throughout the day with late afternoon rain.,rain,"72407513735,74596603726,KWWD,KMIV,72407093730,WOBN4,C8812,KACY,D8913",343
87,"Avalon, NJ, United States",2022-08-05,30.9,22.1,26.2,36.1,22.1,27.7,22.1,79.6,2.66,100,20.83,rain,0,0,38.9,19.2,216.7,1021.3,26.2,15.9,344.6,29.7,10,60,2022-08-05T06:03:03,2022-08-05T20:06:13,0.25,"Rain, Partially cloudy",Partly cloudy throughout the day with early morning rain.,rain,"72407513735,74596603726,KWWD,KMIV,72407093730,WOBN4,C8812,KACY,D8913",343
88,"Avalon, NJ, United States",2022-08-06,31.4,21.9,26.4,35.5,21.9,28.1,22.5,80.1,0.0,0,0.0,,0,0,45.4,21.8,197.2,1023.7,7.8,16.0,338.9,29.3,10,75,2022-08-06T06:03:57,2022-08-06T20:05:05,0.31,Clear,Clear conditions throughout the day.,clear-day,"72407513735,74596603726,KWWD,KMIV,72407093730,WOBN4,C8812,KACY,D8913",343
89,"Avalon, NJ, United States",2022-08-07,31.9,23.9,27.4,37.0,23.9,29.4,23.2,78.9,0.0,0,0.0,rain,0,0,43.2,24.6,201.5,1022.5,4.6,16.0,333.8,28.7,10,60,2022-08-07T06:04:51,2022-08-07T20:03:56,0.36,Clear,Clear conditions throughout the day.,clear-day,"72407513735,74596603726,KWWD,KMIV,72407093730,WOBN4,C8812,KACY,D8913",343
90,"Avalon, NJ, United States",2022-08-08,31.9,23.6,27.7,37.6,23.6,30.4,23.5,79.0,0.0,0,0.0,,0,0,52.9,25.6,199.5,1017.8,5.0,16.0,345.3,29.8,10,30,2022-08-08T06:05:46,2022-08-08T20:02:45,0.41,Clear,Clear conditions throughout the day.,clear-day,"72407513735,74596603726,KWWD,KMIV,72407093730,WOBN4,C8812,KACY,D8913",343
91,"Avalon, NJ, United States",2022-08-09,36.0,25.9,30.2,42.9,25.9,34.1,23.6,69.5,0.0,0,0.0,,0,0,37.1,22.5,224.0,1015.0,13.3,16.0,343.1,29.6,10,75,2022-08-09T06:06:40,2022-08-09T20:01:34,0.45,Clear,Clear conditions throughout the day.,clear-day,"72407513735,74596603726,KWWD,KMIV,72407093730,WOBN4,C8812,KACY,D8913",343
92,"Avalon, NJ, United States",2022-08-10,31.2,23.3,27.4,33.9,23.3,29.4,22.8,77.0,4.07,100,4.17,rain,0,0,59.2,35.3,229.0,1016.6,24.0,15.7,274.3,23.6,10,60,2022-08-10T06:07:35,2022-08-10T20:00:21,0.48,"Rain, Partially cloudy",Partly cloudy throughout the day with late afternoon rain.,rain,"72407513735,74596603726,KWWD,KMIV,72407093730,WOBN4,C8812,KACY,D8913",343
93,"Avalon, NJ, United States",2022-08-11,29.3,23.0,25.4,32.4,23.0,26.1,22.2,83.6,8.39,100,29.17,rain,0,0,31.0,17.1,267.4,1013.4,53.1,15.7,253.6,21.7,10,60,2022-08-11T06:08:30,2022-08-11T19:59:07,0.5,"Rain, Partially cloudy",Partly cloudy throughout the day with rain clearing later.,rain,"72407513735,74596603726,KWWD,KMIV,72407093730,WOBN4,C8812,KACY,D8913",343
94,"Avalon, NJ, United States",2022-08-12,27.2,18.4,23.6,27.7,18.4,23.7,16.5,65.6,0.0,0,0.0,rain,0,0,36.0,20.7,181.1,1015.1,13.7,16.0,280.8,24.0,10,30,2022-08-12T06:09:25,2022-08-12T19:57:51,0.5,Clear,Clear conditions throughout the day.,clear-day,"72407513735,74596603726,KWWD,KMIV,72407093730,WOBN4,C8812,KACY,D8913",343
95,"Avalon, NJ, United States",2022-08-13,26.5,16.3,20.9,26.5,16.3,20.9,12.5,61.6,0.0,0,0.0,,0,0,36.0,20.2,141.7,1018.7,0.0,15.9,335.4,28.9,10,30,2022-08-13T06:10:19,2022-08-13T19:56:35,0.52,Clear,Clear conditions throughout the day.,clear-day,"72407513735,74596603726,KWWD,KMIV,72407093730,C8812,KACY,D8913",343
96,"Avalon, NJ, United States",2022-08-14,26.8,16.5,21.3,27.1,16.5,21.3,14.7,68.8,0.0,0,0.0,rain,0,0,29.5,17.5,98.0,1018.1,0.0,16.0,296.4,25.6,10,10,2022-08-14T06:11:14,2022-08-14T19:55:18,0.54,Clear,Clear conditions throughout the day.,clear-day,"72407513735,74596603726,KWWD,KMIV,72407093730,C8812,KACY,D8913",343
97,"Avalon, NJ, United States",2022-08-15,26.6,17.5,21.6,26.6,17.5,21.6,16.0,72.1,0.08,100,8.33,rain,0,0,35.6,21.5,136.7,1015.4,22.0,15.8,310.8,26.8,10,30,2022-08-15T06:12:09,2022-08-15T19:53:59,0.58,"Rain, Partially cloudy",Partly cloudy throughout the day with morning rain.,rain,"OCVN4,72407513735,74596603726,KWWD,KMIV,72407093730,WOBN4,KACY,D8913",343
98,"Avalon, NJ, United States",2022-08-16,25.8,16.0,21.0,25.8,16.0,21.0,16.3,75.9,0.0,0,0.0,rain,0,0,39.0,27.5,45.6,1015.3,16.3,16.0,335.5,28.9,10,30,2022-08-16T06:13:04,2022-08-16T19:52:39,0.62,Clear,Clear conditions throughout the day.,clear-day,"OCVN4,72407513735,74596603726,KWWD,KMIV,72407093730,WOBN4,KACY,D8913",343
99,"Avalon, NJ, United States",2022-08-17,26.1,16.7,21.2,26.1,16.7,21.2,15.6,72.9,0.0,0,0.0,,0,0,33.5,20.7,145.0,1015.7,20.9,16.0,285.6,24.7,10,10,2022-08-17T06:13:59,2022-08-17T19:51:19,0.67,Partially cloudy,Partly cloudy throughout the day.,partly-cloudy-day,"OCVN4,72407513735,74596603726,KWWD,KMIV,72407093730,WOBN4,KACY,D8913",343
100,"Avalon, NJ, United States",2022-08-18,28.9,16.7,22.5,29.1,16.7,22.5,16.7,72.7,0.0,0,0.0,rain,0,0,35.3,18.9,272.1,1014.5,4.1,15.9,348.6,29.8,10,60,2022-08-18T06:14:53,2022-08-18T19:49:57,0.72,Clear,Clear conditions throughout the day.,clear-day,"OCVN4,72407513735,74596603726,KWWD,KMIV,72407093730,WOBN4,C8812,KACY,D8913",343
101,"Avalon, NJ, United States",2022-08-19,30.6,20.0,25.0,31.0,20.0,25.3,18.8,70.8,0.0,0,0.0,rain,0,0,35.3,22.0,223.4,1018.6,2.2,15.8,317.0,27.6,10,60,2022-08-19T06:15:48,2022-08-19T19:48:35,0.77,Clear,Clear conditions throughout the day.,clear-day,"OCVN4,72407513735,74596603726,KWWD,KMIV,72407093730,WOBN4,KACY,D8913",343
102,"Avalon, NJ, United States",2022-08-20,30.3,20.7,25.0,30.9,20.7,25.3,19.1,72.2,0.0,0,0.0,,0,0,29.5,20.0,130.6,1021.2,1.0,15.9,327.8,28.4,10,30,2022-08-20T06:16:43,2022-08-20T19:47:11,0.82,Clear,Clear conditions throughout the day.,clear-day,"OCVN4,72407513735,74596603726,KWWD,KMIV,72407093730,WOBN4,KACY,D8913",343
103,"Avalon, NJ, United States",2022-08-21,28.6,17.9,23.5,31.3,17.9,24.2,20.8,85.8,0.0,0,0.0,rain,0,0,27.7,18.9,69.7,1019.1,53.7,13.7,247.5,21.3,10,60,2022-08-21T06:17:38,2022-08-21T19:45:47,0.86,Partially cloudy,Partly cloudy throughout the day.,partly-cloudy-day,"OCVN4,72407513735,74596603726,KWWD,KMIV,72407093730,WOBN4,KACY,D8913",343
104,"Avalon, NJ, United States",2022-08-22,28.3,22.6,24.7,31.5,22.6,25.3,22.8,89.7,5.16,100,33.33,rain,0,0,36.4,22.0,161.5,1012.8,55.2,15.1,185.4,15.9,8,75,2022-08-22T06:18:32,2022-08-22T19:44:22,0.9,"Rain, Partially cloudy",Partly cloudy throughout the day with a chance of rain throughout the day.,rain,"OCVN4,72407513735,74596603726,KWWD,KMIV,72407093730,WOBN4,KACY,D8913",343
105,"Avalon, NJ, United States",2022-08-23,29.5,21.8,25.3,31.4,21.8,25.9,21.3,80.3,0.26,100,4.17,rain,0,0,36.2,17.8,278.4,1011.0,36.7,14.9,284.0,24.4,10,75,2022-08-23T06:19:27,2022-08-23T19:42:56,0.94,"Rain, Partially cloudy",Partly cloudy throughout the day with early morning rain.,rain,"OCVN4,72407513735,74596603726,KWWD,KMIV,72407093730,WOBN4,KACY,D8913",343
106,"Avalon, NJ, United States",2022-08-24,31.0,19.7,25.4,31.7,19.7,25.9,19.3,71.3,0.0,0,0.0,rain,0,0,35.3,15.5,279.3,1015.3,2.6,16.0,306.6,26.5,10,60,2022-08-24T06:20:22,2022-08-24T19:41:29,0.97,Clear,Clear conditions throughout the day.,clear-day,"OCVN4,72407513735,74596603726,KWWD,KMIV,72407093730,WOBN4,KACY,D8913",343
107,"Avalon, NJ, United States",2022-08-25,31.6,19.4,25.7,31.9,19.4,26.0,19.1,70.4,0.0,0,0.0,rain,0,0,34.2,18.7,230.0,1017.5,1.2,15.8,265.2,23.0,10,75,2022-08-25T06:21:16,2022-08-25T19:40:02,0.99,Clear,Clear conditions throughout the day.,clear-day,"OCVN4,72407513735,74596603726,KWWD,KMIV,72407093730,WOBN4,KACY,D8913",343
108,"Avalon, NJ, United States",2022-08-26,31.6,22.1,26.5,35.4,22.1,27.8,21.3,74.3,1.22,100,8.33,rain,0,0,40.7,27.9,211.9,1015.0,8.9,15.9,280.6,24.1,10,75,2022-08-26T06:22:11,2022-08-26T19:38:34,1.0,Rain,Clear conditions throughout the day with afternoon rain.,rain,"OCVN4,72407513735,74596603726,KWWD,KMIV,72407093730,WOBN4,KACY,D8913",343
109,"Avalon, NJ, United States",2022-08-27,31.0,21.5,25.8,35.6,21.5,27.2,22.3,82.0,0.0,0,0.0,rain,0,0,33.8,17.5,151.7,1015.5,18.3,15.1,263.3,22.6,10,100,2022-08-27T06:23:05,2022-08-27T19:37:05,0.0,Clear,Clear conditions throughout the day.,clear-day,"OCVN4,72407513735,74596603726,KWWD,KMIV,72407093730,WOBN4,KACY,D8913",343
110,"Avalon, NJ, United States",2022-08-28,29.3,22.8,25.4,33.1,22.8,26.6,23.2,88.3,7.89,100,12.5,rain,0,0,33.1,17.0,80.8,1019.5,64.8,11.3,184.0,15.8,7,100,2022-08-28T06:23:59,2022-08-28T19:35:35,0.01,"Rain, Partially cloudy",Partly cloudy throughout the day with afternoon rain.,rain,"OCVN4,72407513735,74596603726,KWWD,KMIV,72407093730,WOBN4,KACY,D8913",343
111,"Avalon, NJ, United States",2022-08-29,29.8,21.3,25.6,33.8,21.3,27.2,22.7,85.0,0.0,0,0.0,rain,0,0,29.7,21.7,111.5,1019.6,29.8,14.6,297.0,25.8,10,75,2022-08-29T06:24:54,2022-08-29T19:34:05,0.02,Partially cloudy,Partly cloudy throughout the day.,partly-cloudy-day,"OCVN4,72407513735,74596603726,KWWD,KMIV,72407093730,WOBN4,KACY,D8913",343
112,"Avalon, NJ, United States",2022-08-30,30.2,22.2,25.8,34.8,22.2,27.4,23.1,86.4,5.55,100,16.67,rain,0,0,72.4,29.2,170.6,1013.1,34.8,13.9,290.9,25.0,10,75,2022-08-30T06:25:48,2022-08-30T19:32:34,0.05,"Rain, Partially cloudy",Partly cloudy throughout the day with late afternoon rain.,rain,"OCVN4,72407513735,74596603726,KWWD,KMIV,72407093730,WOBN4,KACY,D8913",343
113,"Avalon, NJ, United States",2022-08-31,28.7,22.6,25.2,29.2,22.6,25.4,18.6,69.3,0.21,100,4.17,rain,0,0,37.1,23.8,281.9,1011.0,11.0,15.9,303.9,26.4,10,30,2022-08-31T06:26:42,2022-08-31T19:31:02,0.09,Rain,Clear conditions throughout the day with early morning rain.,rain,"OCVN4,72407513735,74596603726,KWWD,KMIV,72407093730,WOBN4,KACY,D8913",343
114,"Avalon, NJ, United States",2022-09-01,30.2,19.8,24.4,29.8,19.8,24.5,16.4,63.0,0.0,0,0.0,,0,0,35.3,18.5,251.0,1015.2,0.0,16.0,309.2,26.5,10,30,2022-09-01T06:27:36,2022-09-01T19:29:30,0.13,Clear,Clear conditions throughout the day.,clear-day,"OCVN4,72407513735,74596603726,KWWD,KMIV,72407093730,WOBN4,KACY,D8913",343
115,"Avalon, NJ, United States",2022-09-02,26.1,16.6,21.8,26.1,16.6,21.8,16.0,70.3,0.0,0,0.0,,0,0,37.1,21.5,64.4,1022.4,0.7,16.0,247.0,21.3,9,10,2022-09-02T06:28:30,2022-09-02T19:27:58,0.18,Clear,Clear conditions throughout the day.,clear-day,"72407513735,74596603726,KWWD,KMIV,72407093730,WOBN4,KACY,D8913",343
116,"Avalon, NJ, United States",2022-09-03,27.8,17.1,22.5,29.1,17.1,22.7,18.7,80.3,0.0,0,0.0,,0,0,27.7,16.6,112.8,1024.1,12.3,16.0,265.8,23.0,10,10,2022-09-03T06:29:24,2022-09-03T19:26:25,0.24,Clear,Clear conditions throughout the day.,clear-day,"OCVN4,72407513735,74596603726,KWWD,KMIV,72407093730,WOBN4,KACY,D8913",343
117,"Avalon, NJ, United States",2022-09-04,30.6,18.6,24.2,32.2,18.6,24.6,19.1,75.6,0.0,0,0.0,,0,0,33.5,21.8,127.4,1020.6,2.9,16.0,303.0,26.2,10,30,2022-09-04T06:30:18,2022-09-04T19:24:51,0.29,Clear,Clear conditions throughout the day.,clear-day,"72407513735,74596603726,KWWD,KMIV,72407093730,WOBN4,KACY,D8913",343
118,"Avalon, NJ, United States",2022-09-05,28.7,20.5,24.5,30.5,20.5,25.0,20.9,81.4,0.0,0,0.0,,0,0,28.1,20.9,144.1,1018.9,12.4,16.0,260.9,22.5,10,30,2022-09-05T06:31:12,2022-09-05T19:23:17,0.35,Clear,Clear conditions throughout the day.,clear-day,"72407513735,74596603726,KWWD,KMIV,72407093730,WOBN4,C8812,KACY,D8913",343
119,"Avalon, NJ, United States",2022-09-06,24.0,21.1,22.8,24.0,21.1,22.8,21.6,93.2,47.12,100,66.67,rain,0,0,51.8,28.5,99.3,1014.1,75.5,12.6,144.0,12.3,8,60,2022-09-06T06:32:06,2022-09-06T19:21:43,0.4,"Rain, Partially cloudy",Partly cloudy throughout the day with rain.,rain,"72407513735,74596603726,KWWD,KMIV,72407093730,WOBN4,C8812,KACY,D8913",343
120,"Avalon, NJ, United States",2022-09-07,23.3,19.9,21.1,23.3,19.9,21.1,20.0,93.8,4.06,100,58.33,rain,0,0,50.4,31.3,52.5,1013.6,99.7,14.0,158.4,13.6,10,10,2022-09-07T06:33:00,2022-09-07T19:20:08,0.44,"Rain, Overcast",Cloudy skies throughout the day with a chance of rain throughout the day.,rain,"72407513735,74596603726,KWWD,KMIV,72407093730,WOBN4,KACY,D8913",343
121,"Avalon, NJ, United States",2022-09-08,23.6,17.4,20.7,23.6,17.4,20.7,17.2,81.4,0.04,100,4.17,rain,0,0,42.8,21.0,58.5,1012.8,60.4,15.9,228.5,19.6,10,10,2022-09-08T06:33:54,2022-09-08T19:18:33,0.47,"Rain, Partially cloudy",Partly cloudy throughout the day with early morning rain.,rain,"72407513735,74596603726,KWWD,KMIV,72407093730,WOBN4,KACY,D8913",343
122,"Avalon, NJ, United States",2022-09-09,25.1,15.5,19.8,25.1,15.5,19.8,16.1,81.1,0.0,0,0.0,,0,0,35.3,24.3,78.8,1017.4,6.6,15.8,289.6,25.2,10,10,2022-09-09T06:34:48,2022-09-09T19:16:57,0.49,Clear,Clear conditions throughout the day.,clear-day,"72407513735,74596603726,KWWD,KMIV,72407093730,WOBN4,KACY,D8913",343
123,"Avalon, NJ, United States",2022-09-10,26.1,14.2,20.6,26.1,14.2,20.6,16.9,81.0,0.0,0,0.0,,0,0,19.1,13.2,86.3,1023.4,8.8,15.9,286.8,24.7,10,10,2022-09-10T06:35:42,2022-09-10T19:15:22,0.5,Clear,Clear conditions throughout the day.,clear-day,"72407513735,74596603726,KWWD,KMIV,72407093730,WOBN4,KACY,D8913",343
124,"Avalon, NJ, United States",2022-09-11,25.5,21.1,22.9,25.5,21.1,22.9,21.2,90.4,7.83,100,41.67,rain,0,0,43.9,17.6,142.0,1019.6,74.5,15.0,187.0,16.1,10,30,2022-09-11T06:36:36,2022-09-11T19:13:46,0.51,"Rain, Partially cloudy",Partly cloudy throughout the day with rain.,rain,"OCVN4,72407513735,74596603726,KWWD,KMIV,72407093730,WOBN4,KACY,D8913",343
125,"Avalon, NJ, United States",2022-09-12,28.3,23.2,24.8,31.8,23.2,25.4,23.0,90.7,0.52,100,12.5,rain,0,0,36.7,20.9,198.0,1011.0,83.4,14.4,274.1,23.7,10,60,2022-09-12T06:37:30,2022-09-12T19:12:10,0.53,"Rain, Partially cloudy",Partly cloudy throughout the day with rain.,rain,"72407513735,74596603726,KWWD,KMIV,72407093730,WOBN4,C8812,KACY,D8913",343
126,"Avalon, NJ, United States",2022-09-13,27.4,20.7,24.0,28.8,20.7,24.1,20.3,81.1,3.88,100,16.67,rain,0,0,47.9,18.7,262.7,1008.8,40.4,15.6,273.0,23.5,10,60,2022-09-13T06:38:24,2022-09-13T19:10:33,0.56,"Rain, Partially cloudy",Partly cloudy throughout the day with rain clearing later.,rain,"72407513735,74596603726,KWWD,KMIV,72407093730,WOBN4,KACY,D8913",343
127,"Avalon, NJ, United States",2022-09-14,25.6,17.2,21.0,25.6,17.2,21.0,14.6,67.6,0.0,0,0.0,,0,0,40.0,16.1,305.0,1015.6,1.5,16.0,293.7,25.4,10,10,2022-09-14T06:39:18,2022-09-14T19:08:56,0.6,Clear,Clear conditions throughout the day.,clear-day,"72407513735,74596603726,KWWD,KMIV,72407093730,WOBN4,KACY,D8913",343
128,"Avalon, NJ, United States",2022-09-15,23.9,13.8,20.3,23.9,13.8,20.3,14.7,72.2,0.0,0,0.0,,0,0,38.5,18.9,284.3,1020.7,1.1,16.0,290.7,25.2,10,10,2022-09-15T06:40:12,2022-09-15T19:07:20,0.64,Clear,Clear conditions throughout the day.,clear-day,"OCVN4,72407513735,74596603726,KWWD,KMIV,72407093730,WOBN4,KACY,D8913",343
129,"Avalon, NJ, United States",2022-09-16,24.1,10.6,17.1,24.1,10.6,17.1,11.5,72.3,0.0,0,0.0,,0,0,24.8,14.8,248.5,1022.6,0.0,16.0,262.3,22.7,10,10,2022-09-16T06:41:07,2022-09-16T19:05:43,0.69,Clear,Clear conditions throughout the day.,clear-day,"72407513735,74596603726,KWWD,KMIV,72407093730,WOBN4,C8812,KACY,D8913",343
130,"Avalon, NJ, United States",2022-09-17,26.0,13.7,20.1,26.0,13.7,20.1,15.4,76.7,0.0,0,0.0,,0,0,20.2,15.2,98.8,1023.6,2.5,16.0,269.0,23.2,10,10,2022-09-17T06:42:01,2022-09-17T19:04:06,0.74,Clear,Clear conditions throughout the day.,clear-day,"72407513735,74596603726,KWWD,KMIV,72407093730,WOBN4,C8812,KACY,D8913",343
131,"Avalon, NJ, United States",2022-09-18,27.1,16.9,22.0,28.3,16.9,22.3,17.9,79.0,0.0,0,0.0,,0,0,30.6,20.4,212.0,1019.8,8.8,16.0,269.2,23.2,10,60,2022-09-18T06:42:55,2022-09-18T19:02:29,0.78,Clear,Clear conditions throughout the day.,clear-day,"72407513735,74596603726,KWWD,KMIV,72407093730,WOBN4,C8812,KACY,D8913",343
132,"Avalon, NJ, United States",2022-09-19,29.7,19.3,24.4,31.1,19.3,24.8,19.5,76.0,0.0,0,0.0,,0,0,38.9,24.1,233.5,1014.6,4.5,16.0,279.3,24.2,10,75,2022-09-19T06:43:50,2022-09-19T19:00:52,0.83,Clear,Clear conditions throughout the day.,clear-day,"72407513735,74596603726,KWWD,KMIV,72407093730,WOBN4,C8812,KACY,D8913",343
133,"Avalon, NJ, United States",2022-09-20,27.0,19.6,23.4,27.3,19.6,23.4,17.1,69.6,0.0,0,0.0,,0,0,36.2,23.4,276.7,1013.3,3.1,16.0,285.0,24.7,10,30,2022-09-20T06:44:44,2022-09-20T18:59:15,0.87,Clear,Clear conditions throughout the day.,clear-day,"72407513735,74596603726,KWWD,KMIV,72407093730,WOBN4,C8812,KACY,D8913",343
134,"Avalon, NJ, United States",2022-09-21,26.5,14.7,21.0,26.5,14.7,21.0,16.4,76.6,0.0,0,0.0,,0,0,32.8,16.3,137.6,1014.1,0.7,15.7,293.9,25.4,10,30,2022-09-21T06:45:39,2022-09-21T18:57:38,0.91,Clear,Clear conditions throughout the day.,clear-day,"OCVN4,72407513735,74596603726,KWWD,KMIV,72407093730,WOBN4,KACY,D8913",343
135,"Avalon, NJ, United States",2022-09-22,28.6,16.7,21.8,31.3,16.7,22.0,17.8,78.8,5.92,100,20.83,rain,0,0,46.8,22.0,262.4,1006.2,33.0,15.7,191.7,16.5,10,30,2022-09-22T06:46:33,2022-09-22T18:56:01,0.95,"Rain, Partially cloudy",Becoming cloudy in the afternoon with afternoon rain.,rain,"OCVN4,72407513735,74596603726,KWWD,KMIV,72407093730,WOBN4,KACY,D8913",343
136,"Avalon, NJ, United States",2022-09-23,18.4,12.4,15.1,18.4,12.4,15.1,5.1,52.4,0.0,0,0.0,,0,0,52.6,26.5,327.3,1014.2,5.5,16.0,287.3,24.6,10,10,2022-09-23T06:47:28,2022-09-23T18:54:24,0.97,Clear,Clear conditions throughout the day.,clear-day,"OCVN4,72407513735,74596603726,KWWD,KMIV,72407093730,WOBN4,KACY,D8913",343
137,"Avalon, NJ, United States",2022-09-24,20.1,9.8,14.4,20.1,8.4,14.3,6.3,58.8,0.0,0,0.0,,0,0,50.0,16.8,298.3,1017.6,4.5,16.0,248.9,21.6,10,10,2022-09-24T06:48:23,2022-09-24T18:52:47,0.99,Clear,Clear conditions throughout the day.,clear-day,"OCVN4,72407513735,74596603726,KWWD,KMIV,72407093730,WOBN4,KACY,D8913",343
138,"Avalon, NJ, United States",2022-09-25,27.0,14.8,20.2,27.3,14.8,20.2,14.4,69.9,0.21,100,8.33,rain,0,0,59.8,23.3,215.6,1008.4,50.8,16.0,222.5,19.2,10,30,2022-09-25T06:49:18,2022-09-25T18:51:10,1.0,"Rain, Partially cloudy",Partly cloudy throughout the day with rain.,rain,"OCVN4,72407513735,74596603726,KWWD,KMIV,72407093730,WOBN4,KACY,D8913",343
139,"Avalon, NJ, United States",2022-09-26,25.7,16.1,20.9,25.7,16.1,20.9,14.5,68.0,0.0,0,0.0,rain,0,0,49.3,25.1,226.2,1007.4,31.6,15.9,264.7,22.7,10,30,2022-09-26T06:50:14,2022-09-26T18:49:34,0.0,Partially cloudy,Becoming cloudy in the afternoon.,partly-cloudy-day,"OCVN4,72407513735,74596603726,KWWD,KMIV,72407093730,WOBN4,KACY,D8913",343
140,"Avalon, NJ, United States",2022-09-27,22.3,16.5,18.9,22.3,16.5,18.9,8.4,51.0,0.0,0,0.0,,0,0,46.3,19.7,286.1,1012.7,13.8,16.0,262.5,22.6,10,10,2022-09-27T06:51:09,2022-09-27T18:47:57,0.01,Clear,Clear conditions throughout the day.,clear-day,"OCVN4,72407513735,74596603726,KWWD,KMIV,72407093730,WOBN4,KACY,D8913",343
141,"Avalon, NJ, United States",2022-09-28,19.9,12.5,15.8,19.9,12.5,15.8,9.3,65.8,0.0,0,0.0,,0,0,28.8,20.7,301.0,1020.7,6.6,16.0,252.8,21.8,10,10,2022-09-28T06:52:05,2022-09-28T18:46:21,0.04,Clear,Clear conditions throughout the day.,clear-day,"OCVN4,72407513735,74596603726,KWWD,KMIV,72407093730,WOBN4,KACY,D8913",343
142,"Avalon, NJ, United States",2022-09-29,19.1,11.7,15.4,19.1,11.7,15.4,9.9,70.5,0.0,0,0.0,,0,0,48.6,24.1,128.6,1026.1,5.5,15.9,229.8,19.8,10,10,2022-09-29T06:53:01,2022-09-29T18:44:45,0.07,Clear,Clear conditions throughout the day.,clear-day,"OCVN4,72407513735,74596603726,KWWD,KMIV,72407093730,WOBN4,KACY,D8913",343
143,"Avalon, NJ, United States",2022-09-30,18.5,12.4,15.9,18.5,12.4,15.9,12.3,79.4,2.6,100,29.17,rain,0,0,56.9,49.3,38.4,1022.5,51.7,16.2,144.6,12.4,10,10,2022-09-30T06:53:57,2022-09-30T18:43:10,0.12,"Rain, Partially cloudy",Partly cloudy throughout the day with rain.,rain,"KWWD,KMIV,WOBN4,KACY,D8913",343
