,name,datetime,tempmax,tempmin,temp,feelslikemax,feelslikemin,feelslike,dew,humidity,precip,precipprob,precipcover,preciptype,snow,snowdepth,windgust,windspeed,winddir,sealevelpressure,cloudcover,visibility,solarradiation,solarenergy,uvindex,severerisk,sunrise,sunset,moonphase,conditions,description,icon,stations,skey
0,"Hammonton, NJ, United States",2022-05-10,20.4,10.2,15.2,20.4,10.2,15.2,-2.4,30.0,0.0,0,0.0,,0,0,61.3,34.3,44.7,1025.1,61.2,16.0,299.3,25.8,10,10,2022-05-10T05:49:44,2022-05-10T20:02:09,0.32,Partially cloudy,Partly cloudy throughout the day.,partly-cloudy-day,"KVAY,72407493780,BLAN4,72407513735,KMIV,72407093730,KACY",375
1,"Hammonton, NJ, United States",2022-05-11,19.8,10.9,14.7,19.8,10.9,14.7,5.1,54.2,0.0,0,0.0,,0,0,50.0,30.2,39.0,1023.9,57.3,16.0,163.4,14.0,6,10,2022-05-11T05:48:43,2022-05-11T20:03:07,0.37,Partially cloudy,Partly cloudy throughout the day.,partly-cloudy-day,"KVAY,72407493780,BLAN4,72407513735,KMIV,72407093730,KACY",375
2,"Hammonton, NJ, United States",2022-05-12,20.3,12.0,15.6,20.3,12.0,15.6,13.1,85.1,0.28,100,8.33,rain,0,0,44.6,21.6,56.8,1024.3,85.7,12.6,183.6,15.9,7,10,2022-05-12T05:47:43,2022-05-12T20:04:04,0.41,"Rain, Partially cloudy",Partly cloudy throughout the day with early morning rain.,rain,"KVAY,72407493780,BLAN4,72407513735,KMIV,72407093730,KACY",375
3,"Hammonton, NJ, United States",2022-05-13,20.1,13.8,16.7,20.1,13.8,16.7,15.4,92.6,4.82,100,29.17,rain,0,0,31.7,13.9,66.4,1023.2,89.6,6.8,130.8,11.2,4,10,2022-05-13T05:46:45,2022-05-13T20:05:00,0.45,"Rain, Partially cloudy",Partly cloudy throughout the day with rain in the morning and afternoon.,rain,"KVAY,72407493780,BLAN4,72407513735,KMIV,72407093730,KACY",375
4,"Hammonton, NJ, United States",2022-05-14,18.9,15.4,16.9,18.9,15.4,16.9,16.4,96.7,18.88,100,25.0,rain,0,0,22.7,13.7,91.3,1017.9,77.5,4.7,51.7,4.3,2,10,2022-05-14T05:45:49,2022-05-14T20:05:57,0.48,"Rain, Partially cloudy",Partly cloudy throughout the day with afternoon rain.,rain,"KVAY,72407493780,BLAN4,72407513735,KMIV,72407093730,KACY",375
5,"Hammonton, NJ, United States",2022-05-15,25.9,15.4,19.7,25.9,15.4,19.7,16.4,82.8,0.0,0,0.0,rain,0,0,29.5,15.9,177.5,1012.0,65.1,11.9,243.8,21.1,8,30,2022-05-15T05:44:54,2022-05-15T20:06:52,0.5,Partially cloudy,Partly cloudy throughout the day.,partly-cloudy-day,"KVAY,72407493780,BLAN4,72407513735,KMIV,72407093730,KACY",375
6,"Hammonton, NJ, United States",2022-05-16,25.5,16.1,20.5,25.5,16.1,20.5,16.5,78.8,2.34,100,16.67,rain,0,0,53.6,19.4,183.2,1006.0,49.2,15.1,204.9,17.7,7,60,2022-05-16T05:44:00,2022-05-16T20:07:48,0.5,"Rain, Partially cloudy",Partly cloudy throughout the day with rain.,rain,"KVAY,72407493780,BLAN4,72407513735,KMIV,72407093730,KACY",375
7,"Hammonton, NJ, United States",2022-05-17,26.3,11.4,20.1,26.3,11.4,20.1,7.9,49.7,0.0,0,0.0,,0,0,51.6,29.2,282.1,1009.1,17.2,16.0,278.0,23.9,9,10,2022-05-17T05:43:08,2022-05-17T20:08:42,0.52,Clear,Clear conditions throughout the day.,clear-day,"KVAY,72407493780,BLAN4,72407513735,KMIV,72407093730,KACY",375
8,"Hammonton, NJ, United States",2022-05-18,23.1,9.7,17.1,23.1,8.7,17.1,5.7,48.8,0.0,0,0.0,,0,0,40.7,16.5,291.2,1014.5,12.2,16.0,313.6,27.2,9,10,2022-05-18T05:42:18,2022-05-18T20:09:37,0.54,Clear,Clear conditions throughout the day.,clear-day,"KVAY,72407493780,BLAN4,72407513735,KMIV,72407093730,KACY",375
9,"Hammonton, NJ, United States",2022-05-19,24.9,13.3,17.9,24.9,13.3,17.9,14.1,79.7,14.16,100,33.33,rain,0,0,37.1,22.0,226.6,1008.0,69.9,14.2,162.5,14.0,7,30,2022-05-19T05:41:29,2022-05-19T20:10:30,0.58,"Rain, Partially cloudy",Partly cloudy throughout the day with rain clearing later.,rain,"KVAY,72407493780,BLAN4,72407513735,KMIV,72407093730,KACY",375
10,"Hammonton, NJ, United States",2022-05-20,27.3,13.6,20.7,28.1,13.6,20.8,17.0,80.6,1.45,100,4.17,rain,0,0,51.8,22.9,111.8,1012.1,17.3,13.9,272.6,23.6,9,60,2022-05-20T05:40:43,2022-05-20T20:11:24,0.63,Rain,Clear conditions throughout the day with afternoon rain.,rain,"KVAY,72407493780,BLAN4,72407513735,KMIV,72407093730,KACY",375
11,"Hammonton, NJ, United States",2022-05-21,33.8,20.1,26.6,35.3,20.1,27.4,18.8,65.2,0.0,0,0.0,,0,0,31.7,16.4,213.0,1015.7,4.4,13.8,318.8,27.5,9,100,2022-05-21T05:39:57,2022-05-21T20:12:16,0.68,Clear,Clear conditions throughout the day.,clear-day,"KVAY,72407493780,BLAN4,72407513735,KMIV,72407093730,KACY",375
12,"Hammonton, NJ, United States",2022-05-22,30.4,22.3,26.4,32.2,22.3,27.0,19.4,66.1,0.0,0,0.0,,0,0,44.3,20.0,225.0,1016.6,5.9,16.0,276.1,23.9,9,100,2022-05-22T05:39:14,2022-05-22T20:13:08,0.74,Clear,Clear conditions throughout the day.,clear-day,"KVAY,72407493780,BLAN4,72407513735,KMIV,72407093730,KACY",375
13,"Hammonton, NJ, United States",2022-05-23,23.9,16.5,20.2,23.9,16.5,20.2,11.7,59.8,1.97,100,12.5,rain,0,0,47.4,22.4,210.2,1020.9,27.5,15.9,299.3,26.0,9,10,2022-05-23T05:38:32,2022-05-23T20:13:59,0.79,"Rain, Partially cloudy",Partly cloudy throughout the day with early morning rain.,rain,"KVAY,72407493780,BLAN4,72407513735,KMIV,72407093730,KACY",375
14,"Hammonton, NJ, United States",2022-05-24,18.7,14.2,16.4,18.7,14.2,16.4,10.3,68.4,0.85,100,12.5,rain,0,0,42.5,21.4,73.7,1024.4,95.9,16.0,212.1,18.4,7,10,2022-05-24T05:37:52,2022-05-24T20:14:49,0.85,"Rain, Overcast",Cloudy skies throughout the day with morning rain.,rain,"KVAY,72407493780,BLAN4,72407513735,KMIV,72407093730,KACY",375
15,"Hammonton, NJ, United States",2022-05-25,20.7,11.2,15.9,20.7,11.2,15.9,8.3,63.1,0.0,0,0.0,,0,0,35.3,22.1,73.9,1027.3,37.1,16.0,321.5,27.6,9,10,2022-05-25T05:37:14,2022-05-25T20:15:38,0.89,Partially cloudy,Partly cloudy throughout the day.,partly-cloudy-day,"KVAY,72407493780,BLAN4,72407513735,KMIV,72407093730,KACY",375
16,"Hammonton, NJ, United States",2022-05-26,22.3,10.8,17.1,22.3,10.8,17.1,13.0,77.9,0.13,100,4.17,rain,0,0,31.7,16.0,112.4,1024.0,77.4,15.3,189.6,16.2,8,10,2022-05-26T05:36:38,2022-05-26T20:16:27,0.93,"Rain, Partially cloudy",Partly cloudy throughout the day with late afternoon rain.,rain,"KVAY,72407493780,BLAN4,72407513735,KMIV,72407093730,KACY",375
17,"Hammonton, NJ, United States",2022-05-27,25.0,18.0,20.0,25.0,18.0,20.0,18.3,90.5,4.2,100,20.83,rain,0,0,44.1,20.9,171.6,1013.5,87.5,9.8,126.9,11.1,6,30,2022-05-27T05:36:03,2022-05-27T20:17:15,0.96,"Rain, Partially cloudy",Partly cloudy throughout the day with rain.,rain,"KVAY,72407493780,BLAN4,72407513735,KMIV,72407093730,KACY",375
18,"Hammonton, NJ, United States",2022-05-28,25.7,18.5,21.4,25.7,18.5,21.4,16.6,76.1,5.02,100,29.17,rain,0,0,49.1,21.7,246.7,1008.2,59.1,15.1,265.5,22.8,9,30,2022-05-28T05:35:30,2022-05-28T20:18:01,0.99,"Rain, Partially cloudy",Partly cloudy throughout the day with rain.,rain,"KVAY,72407493780,BLAN4,72407513735,KMIV,72407093730,KACY",375
19,"Hammonton, NJ, United States",2022-05-29,26.1,15.7,21.2,26.1,15.7,21.2,14.1,66.9,0.0,0,0.0,rain,0,0,21.2,14.1,163.5,1016.8,26.6,15.9,308.9,26.8,9,10,2022-05-29T05:34:59,2022-05-29T20:18:47,1.0,Partially cloudy,Partly cloudy throughout the day.,partly-cloudy-day,"KVAY,72407493780,BLAN4,72407513735,KMIV,72407093730,KACY",375
20,"Hammonton, NJ, United States",2022-05-30,29.1,15.7,23.1,29.9,15.7,23.4,16.9,70.7,0.0,0,0.0,,0,0,33.5,17.0,178.8,1019.2,7.6,15.6,325.1,27.7,9,75,2022-05-30T05:34:30,2022-05-30T20:19:32,0.0,Clear,Clear conditions throughout the day.,clear-day,"KVAY,72407493780,BLAN4,72407513735,KMIV,72407093730,KACY",375
21,"Hammonton, NJ, United States",2022-05-31,34.7,20.8,27.8,34.6,20.8,28.2,17.9,58.6,0.0,0,0.0,,0,0,34.6,16.1,274.2,1015.5,1.5,16.0,332.3,28.4,9,30,2022-05-31T05:34:03,2022-05-31T20:20:16,0.0,Clear,Clear conditions throughout the day.,clear-day,"KVAY,72407493780,BLAN4,72407513735,KMIV,72407093730,KACY",375
22,"Hammonton, NJ, United States",2022-06-01,25.9,18.0,22.0,25.9,18.0,22.0,17.6,76.7,0.0,0,0.0,rain,0,0,28.8,16.0,114.0,1012.7,47.0,14.6,298.8,25.8,9,75,2022-06-01T05:33:38,2022-06-01T20:20:58,0.02,Partially cloudy,Partly cloudy throughout the day.,partly-cloudy-day,"KVAY,72407493780,BLAN4,72407513735,KMIV,72407093730,KACY",375
23,"Hammonton, NJ, United States",2022-06-02,29.6,17.5,23.0,31.3,17.5,23.4,18.6,78.1,11.98,100,25.0,rain,0,0,66.6,23.1,164.5,1007.6,64.4,14.5,288.3,24.8,9,75,2022-06-02T05:33:15,2022-06-02T20:21:40,0.04,"Rain, Partially cloudy",Partly cloudy throughout the day with rain.,rain,"KVAY,F7863,72407493780,BLAN4,72407513735,F7263,KMIV,72407093730,KACY",375
24,"Hammonton, NJ, United States",2022-06-03,25.0,16.8,21.8,25.0,16.8,21.8,17.6,78.9,0.22,100,12.5,rain,0,0,33.5,15.1,184.2,1007.8,60.5,13.5,214.5,18.5,7,30,2022-06-03T05:32:53,2022-06-03T20:22:20,0.07,"Rain, Partially cloudy",Partly cloudy throughout the day with rain in the morning and afternoon.,rain,"KVAY,72407493780,BLAN4,72407513735,KMIV,72407093730,KACY",375
25,"Hammonton, NJ, United States",2022-06-04,27.8,13.4,21.1,27.0,13.4,20.9,11.2,58.1,0.0,0,0.0,,0,0,29.5,17.0,166.0,1011.6,8.9,15.7,315.2,27.2,9,10,2022-06-04T05:32:34,2022-06-04T20:22:59,0.11,Clear,Clear conditions throughout the day.,clear-day,"KVAY,72407493780,BLAN4,72407513735,F7263,KMIV,72407093730,KACY",375
26,"Hammonton, NJ, United States",2022-06-05,24.3,13.2,19.0,24.3,13.2,19.0,7.3,49.5,0.0,0,0.0,,0,0,38.9,20.1,100.4,1015.0,0.0,16.0,348.4,30.1,10,10,2022-06-05T05:32:16,2022-06-05T20:23:37,0.14,Clear,Clear conditions throughout the day.,clear-day,"KVAY,72407493780,BLAN4,72407513735,KMIV,72407093730,KACY",375
27,"Hammonton, NJ, United States",2022-06-06,26.4,9.4,18.9,26.4,9.4,18.9,7.8,53.5,0.0,0,0.0,,0,0,31.7,16.7,119.5,1017.5,0.0,16.0,345.5,29.7,10,10,2022-06-06T05:32:00,2022-06-06T20:24:13,0.19,Clear,Clear conditions throughout the day.,clear-day,"KVAY,72407493780,BLAN4,72407513735,KMIV,72407093730,KACY",375
28,"Hammonton, NJ, United States",2022-06-07,25.7,15.1,20.8,25.7,15.1,20.8,14.9,70.2,0.36,100,8.33,rain,0,0,45.5,20.8,149.1,1016.6,25.2,15.9,231.4,19.8,8,10,2022-06-07T05:31:46,2022-06-07T20:24:49,0.24,"Rain, Partially cloudy",Partly cloudy throughout the day with late afternoon rain.,rain,"KVAY,F5255,72407493780,BLAN4,72407513735,KMIV,72407093730,KACY",375
29,"Hammonton, NJ, United States",2022-06-08,30.9,20.3,25.2,31.2,20.3,25.5,19.0,71.0,0.3,100,8.33,rain,0,0,40.7,15.7,217.0,1011.5,50.0,15.6,301.9,26.1,8,60,2022-06-08T05:31:34,2022-06-08T20:25:23,0.29,"Rain, Partially cloudy",Partly cloudy throughout the day with early morning rain.,rain,"KVAY,72407493780,BLAN4,72407513735,KMIV,72407093730,KACY",375
30,"Hammonton, NJ, United States",2022-06-09,28.5,20.4,24.5,28.6,20.4,24.5,16.7,65.6,16.32,100,29.17,rain,0,0,58.3,33.6,252.2,1005.7,51.4,15.1,312.6,27.0,9,30,2022-06-09T05:31:24,2022-06-09T20:25:55,0.35,"Rain, Partially cloudy",Partly cloudy throughout the day with rain clearing later.,rain,"KVAY,72407493780,BLAN4,72407513735,KMIV,72407093730,KACY",375
31,"Hammonton, NJ, United States",2022-06-10,27.4,14.2,21.4,26.8,14.2,21.3,11.2,55.3,0.0,0,0.0,,0,0,40.3,17.9,286.8,1011.2,5.5,16.0,322.7,27.7,10,10,2022-06-10T05:31:16,2022-06-10T20:26:26,0.39,Clear,Clear conditions throughout the day.,clear-day,"KVAY,72407493780,BLAN4,72407513735,KMIV,72407093730,KACY",375
32,"Hammonton, NJ, United States",2022-06-11,23.7,16.9,20.5,23.7,16.9,20.5,15.2,72.6,0.0,0,0.0,rain,0,0,25.6,14.2,201.4,1013.4,46.9,16.0,131.5,11.3,4,10,2022-06-11T05:31:10,2022-06-11T20:26:55,0.44,Partially cloudy,Partly cloudy throughout the day.,partly-cloudy-day,"KVAY,72407493780,BLAN4,72407513735,KMIV,72407093730,KACY",375
33,"Hammonton, NJ, United States",2022-06-12,25.0,16.7,20.5,25.0,16.7,20.5,17.7,84.2,23.57,100,33.33,rain,0,0,33.5,16.6,107.9,1014.2,74.9,14.6,146.9,12.7,5,30,2022-06-12T05:31:06,2022-06-12T20:27:23,0.47,"Rain, Partially cloudy",Partly cloudy throughout the day with rain.,rain,"KVAY,72407493780,BLAN4,72407513735,KMIV,72407093730,KACY",375
34,"Hammonton, NJ, United States",2022-06-13,31.6,19.8,25.3,33.4,19.8,26.2,20.2,75.8,0.08,100,4.17,rain,0,0,31.7,17.1,213.4,1012.8,27.0,15.2,268.5,23.1,8,60,2022-06-13T05:31:03,2022-06-13T20:27:50,0.49,"Rain, Partially cloudy",Partly cloudy throughout the day with morning rain.,rain,"KVAY,72407493780,BLAN4,72407513735,KMIV,72407093730,KACY",375
35,"Hammonton, NJ, United States",2022-06-14,26.7,18.7,22.8,27.2,18.7,22.8,15.8,66.3,1.56,100,12.5,rain,0,0,37.1,15.7,91.8,1012.6,10.0,15.5,172.1,14.8,8,30,2022-06-14T05:31:03,2022-06-14T20:28:14,0.5,Rain,Clear conditions throughout the day with morning rain.,rain,"KVAY,72407493780,BLAN4,72407513735,F7263,KMIV,72407093730,KACY",375
36,"Hammonton, NJ, United States",2022-06-15,28.1,15.3,21.8,28.1,15.3,21.8,15.2,68.6,0.0,0,0.0,,0,0,29.5,18.0,142.5,1018.1,2.3,15.9,317.8,27.4,9,10,2022-06-15T05:31:04,2022-06-15T20:28:38,0.51,Clear,Clear conditions throughout the day.,clear-day,"KVAY,72407493780,BLAN4,72407513735,KMIV,72407093730,KACY",375
37,"Hammonton, NJ, United States",2022-06-16,24.3,18.6,21.0,24.3,18.6,21.0,17.3,80.0,11.94,100,25.0,rain,0,0,37.1,16.7,149.4,1019.6,75.9,14.8,166.4,14.5,7,10,2022-06-16T05:31:07,2022-06-16T20:28:59,0.53,"Rain, Partially cloudy",Partly cloudy throughout the day with rain in the morning and afternoon.,rain,"KVAY,72407493780,BLAN4,72407513735,KMIV,72407093730,KACY",375
38,"Hammonton, NJ, United States",2022-06-17,34.1,20.8,27.4,35.3,20.8,28.0,18.1,61.2,0.0,0,0.0,,0,0,56.0,27.4,230.4,1007.5,26.8,15.9,293.9,25.4,9,100,2022-06-17T05:31:12,2022-06-17T20:29:19,0.57,Partially cloudy,Partly cloudy throughout the day.,partly-cloudy-day,"KVAY,72407493780,BLAN4,72407513735,KMIV,72407093730,KACY",375
39,"Hammonton, NJ, United States",2022-06-18,23.7,16.4,20.9,23.7,16.4,20.9,9.9,49.5,0.0,0,0.0,,0,0,49.9,29.6,313.3,1007.4,32.6,16.0,258.1,22.3,8,10,2022-06-18T05:31:19,2022-06-18T20:29:37,0.62,Partially cloudy,Partly cloudy throughout the day.,partly-cloudy-day,"KVAY,72407493780,BLAN4,72407513735,KMIV,72407093730,KACY",375
40,"Hammonton, NJ, United States",2022-06-19,24.0,12.6,18.1,24.0,12.6,18.1,4.2,41.2,0.0,0,0.0,,0,0,48.2,28.2,316.2,1015.2,1.2,15.7,359.2,30.9,10,10,2022-06-19T05:31:28,2022-06-19T20:29:54,0.67,Clear,Clear conditions throughout the day.,clear-day,"KVAY,72407493780,BLAN4,72407513735,KMIV,72407093730,KACY",375
41,"Hammonton, NJ, United States",2022-06-20,26.2,9.9,19.0,26.2,9.9,19.0,6.3,46.8,0.0,0,0.0,,0,0,33.5,18.4,278.3,1020.3,8.1,15.2,326.3,28.1,9,10,2022-06-20T05:31:38,2022-06-20T20:30:08,0.72,Clear,Clear conditions throughout the day.,clear-day,"KVAY,72407493780,BLAN4,72407513735,KMIV,72407093730,KACY",375
42,"Hammonton, NJ, United States",2022-06-21,27.0,12.5,21.0,26.8,12.5,21.0,12.6,61.2,0.0,0,0.0,,0,0,29.2,12.9,167.3,1019.8,17.6,16.0,222.0,19.2,8,10,2022-06-21T05:31:50,2022-06-21T20:30:21,0.77,Clear,Clear conditions throughout the day.,clear-day,"KVAY,72407493780,BLAN4,72407513735,KMIV,72407093730,KACY",375
43,"Hammonton, NJ, United States",2022-06-22,22.1,18.0,19.9,22.1,18.0,19.9,16.5,81.1,0.22,100,8.33,rain,0,0,42.5,21.0,130.8,1015.5,80.2,15.0,83.2,7.1,4,10,2022-06-22T05:32:04,2022-06-22T20:30:32,0.82,"Rain, Partially cloudy",Partly cloudy throughout the day with late afternoon rain.,rain,"KVAY,72407493780,BLAN4,72407513735,KMIV,72407093730,KACY",375
44,"Hammonton, NJ, United States",2022-06-23,22.9,17.3,19.6,22.9,17.3,19.6,16.8,84.1,4.23,100,33.33,rain,0,0,33.5,15.2,61.4,1014.0,80.0,15.0,144.8,12.4,7,10,2022-06-23T05:32:20,2022-06-23T20:30:41,0.87,"Rain, Partially cloudy",Partly cloudy throughout the day with rain.,rain,"KVAY,72407493780,BLAN4,72407513735,KMIV,72407093730,KACY",375
45,"Hammonton, NJ, United States",2022-06-24,26.8,15.4,21.3,27.5,15.4,21.3,16.6,76.6,0.0,0,0.0,,0,0,29.5,12.3,161.8,1016.9,52.3,13.0,272.5,23.6,9,30,2022-06-24T05:32:37,2022-06-24T20:30:48,0.91,Partially cloudy,Partly cloudy throughout the day.,partly-cloudy-day,"KVAY,72407493780,BLAN4,72407513735,KMIV,72407093730,KACY",375
46,"Hammonton, NJ, United States",2022-06-25,31.4,18.2,24.8,31.6,18.2,25.0,17.6,67.5,0.0,0,0.0,,0,0,30.2,13.2,256.5,1019.4,17.8,15.7,323.3,27.9,9,30,2022-06-25T05:32:56,2022-06-25T20:30:54,0.95,Clear,Clear conditions throughout the day.,clear-day,"KVAY,72407493780,BLAN4,72407513735,KMIV,72407093730,KACY",375
47,"Hammonton, NJ, United States",2022-06-26,30.9,20.0,25.5,30.6,20.0,25.4,16.7,61.2,0.0,0,0.0,,0,0,42.5,19.3,213.2,1019.0,2.8,16.0,338.5,29.2,9,10,2022-06-26T05:33:17,2022-06-26T20:30:57,0.97,Clear,Clear conditions throughout the day.,clear-day,"KVAY,72407493780,BLAN4,72407513735,KMIV,72407093730,KACY",375
48,"Hammonton, NJ, United States",2022-06-27,28.8,22.1,24.2,31.1,22.1,24.6,20.5,80.5,14.94,100,25.0,rain,0,0,49.7,18.5,241.3,1015.2,67.4,14.0,160.0,13.7,6,30,2022-06-27T05:33:39,2022-06-27T20:30:59,0.99,"Rain, Partially cloudy",Partly cloudy throughout the day with rain.,rain,"KVAY,72407493780,BLAN4,72407513735,KMIV,72407093730,KACY",375
49,"Hammonton, NJ, United States",2022-06-28,25.7,17.9,21.8,25.7,17.9,21.8,14.1,65.2,0.0,0,0.0,rain,0,0,31.3,14.3,230.5,1020.3,29.8,14.4,194.1,16.7,9,10,2022-06-28T05:34:03,2022-06-28T20:30:59,1.0,Partially cloudy,Partly cloudy throughout the day.,partly-cloudy-day,"KVAY,72407493780,BLAN4,72407513735,F7263,KMIV,72407093730,KACY",375
50,"Hammonton, NJ, United States",2022-06-29,29.1,15.6,22.8,28.6,15.6,22.7,14.4,62.9,0.0,0,0.0,,0,0,42.5,18.5,220.4,1023.1,5.0,16.0,207.8,18.0,9,30,2022-06-29T05:34:28,2022-06-29T20:30:57,0.0,Clear,Clear conditions throughout the day.,clear-day,"KVAY,72407493780,72407513735,F7263,KMIV,72407093730,KACY",375
51,"Hammonton, NJ, United States",2022-06-30,31.8,18.3,25.7,30.6,18.3,25.4,15.5,57.6,0.0,0,0.0,,0,0,35.3,17.0,243.2,1022.0,5.0,16.0,330.5,28.5,10,10,2022-06-30T05:34:55,2022-06-30T20:30:52,0.01,Clear,Clear conditions throughout the day.,clear-day,"KVAY,72407493780,BLAN4,72407513735,F7263,KMIV,72407093730,KACY",375
52,"Hammonton, NJ, United States",2022-07-01,32.7,20.6,26.4,35.4,20.6,27.6,20.4,71.5,0.0,0,0.0,rain,0,0,45.4,20.1,195.9,1017.9,12.5,15.0,260.9,22.7,9,100,2022-07-01T05:35:23,2022-07-01T20:30:46,0.03,Clear,Clear conditions throughout the day.,clear-day,"KVAY,72407493780,BLAN4,72407513735,KMIV,72407093730,KACY",375
53,"Hammonton, NJ, United States",2022-07-02,32.6,23.6,27.4,36.1,23.6,28.9,21.5,71.2,6.14,100,12.5,rain,0,0,92.5,17.5,224.7,1013.7,20.0,15.8,249.8,21.6,10,75,2022-07-02T05:35:53,2022-07-02T20:30:38,0.05,Rain,Partly cloudy throughout the day with late afternoon rain.,rain,"KVAY,72407493780,BLAN4,72407513735,KMIV,72407093730,KACY",375
54,"Hammonton, NJ, United States",2022-07-03,30.4,19.5,25.2,30.2,19.5,25.3,18.8,70.8,2.99,100,29.17,rain,0,0,46.1,15.3,168.9,1015.9,37.8,15.8,255.3,22.0,9,30,2022-07-03T05:36:24,2022-07-03T20:30:28,0.08,"Rain, Partially cloudy",Partly cloudy throughout the day with rain clearing later.,rain,"KVAY,72407493780,BLAN4,72407513735,KMIV,72407093730,KACY",375
55,"Hammonton, NJ, United States",2022-07-04,28.9,15.9,23.2,27.8,15.9,22.9,11.7,53.3,0.0,0,0.0,,0,0,24.1,18.4,183.4,1020.5,0.4,16.0,341.9,29.4,10,10,2022-07-04T05:36:56,2022-07-04T20:30:17,0.12,Clear,Clear conditions throughout the day.,clear-day,"KVAY,72407493780,BLAN4,72407513735,KMIV,72407093730,KACY",375
56,"Hammonton, NJ, United States",2022-07-05,29.3,18.6,23.8,30.2,18.6,24.1,17.9,70.8,0.21,100,16.67,rain,0,0,48.1,17.7,225.5,1016.7,25.8,15.8,237.6,20.6,9,10,2022-07-05T05:37:30,2022-07-05T20:30:03,0.17,"Rain, Partially cloudy",Partly cloudy throughout the day with late afternoon rain.,rain,"KVAY,72407493780,BLAN4,72407513735,KMIV,72407093730,KACY",375
57,"Hammonton, NJ, United States",2022-07-06,32.3,22.3,26.7,35.2,22.3,28.0,21.2,73.7,2.79,100,12.5,rain,0,0,36.0,17.1,231.2,1011.0,37.9,15.0,188.6,16.3,8,60,2022-07-06T05:38:05,2022-07-06T20:29:47,0.22,"Rain, Partially cloudy",Partly cloudy throughout the day with late afternoon rain.,rain,"KVAY,72407493780,BLAN4,72407513735,KMIV,72407093730,KACY",375
58,"Hammonton, NJ, United States",2022-07-07,25.2,21.6,23.2,25.2,21.6,23.2,20.4,84.7,15.23,100,37.5,rain,0,0,24.5,17.2,78.1,1014.4,96.7,13.7,116.1,9.9,4,10,2022-07-07T05:38:41,2022-07-07T20:29:29,0.27,"Rain, Overcast",Cloudy skies throughout the day with a chance of rain throughout the day.,rain,"KVAY,72407493780,BLAN4,72407513735,KMIV,72407093730,KACY",375
59,"Hammonton, NJ, United States",2022-07-08,29.3,17.9,23.9,31.2,17.9,24.4,19.1,76.4,0.0,0,0.0,rain,0,0,28.1,14.2,158.4,1015.8,23.8,15.3,289.9,25.0,9,10,2022-07-08T05:39:19,2022-07-08T20:29:09,0.33,Partially cloudy,Partly cloudy throughout the day.,partly-cloudy-day,"KVAY,72407493780,BLAN4,72407513735,KMIV,72407093730,KACY",375
60,"Hammonton, NJ, United States",2022-07-09,23.5,20.2,22.6,23.5,20.2,22.6,19.4,82.5,1.62,100,37.5,rain,0,0,29.9,13.1,83.0,1016.3,62.6,15.4,71.7,6.2,2,10,2022-07-09T05:39:57,2022-07-09T20:28:48,0.38,"Rain, Partially cloudy",Partly cloudy throughout the day with a chance of rain throughout the day.,rain,"KVAY,72407493780,BLAN4,72407513735,KMIV,72407093730,KACY",375
61,"Hammonton, NJ, United States",2022-07-10,26.7,16.9,21.9,27.4,16.9,22.0,16.6,73.3,0.0,0,0.0,rain,0,0,25.9,17.2,113.0,1017.3,10.5,15.8,239.0,20.6,7,10,2022-07-10T05:40:37,2022-07-10T20:28:24,0.42,Clear,Clear conditions throughout the day.,clear-day,"KVAY,F7863,72407493780,BLAN4,72407513735,F7263,KMIV,72407093730,KACY",375
62,"Hammonton, NJ, United States",2022-07-11,27.7,13.6,21.5,27.5,13.6,21.5,13.8,65.4,0.0,0,0.0,,0,0,29.2,14.6,110.9,1014.6,0.0,16.0,321.5,27.7,9,10,2022-07-11T05:41:18,2022-07-11T20:27:58,0.46,Clear,Clear conditions throughout the day.,clear-day,"KVAY,72407493780,BLAN4,72407513735,F7263,KMIV,72407093730,KACY",375
63,"Hammonton, NJ, United States",2022-07-12,31.9,20.2,25.5,35.5,20.2,26.6,20.1,73.6,2.95,100,12.5,rain,0,0,48.2,20.6,226.2,1009.5,13.3,15.9,287.3,24.8,9,75,2022-07-12T05:42:00,2022-07-12T20:27:31,0.49,Rain,Clear conditions throughout the day with late afternoon rain.,rain,"KVAY,72407493780,BLAN4,72407513735,F7263,KMIV,72407093730,KACY",375
64,"Hammonton, NJ, United States",2022-07-13,31.6,22.1,27.0,33.0,22.1,27.7,19.9,67.0,0.0,0,0.0,,0,0,39.6,13.9,196.5,1011.6,10.7,16.0,310.3,26.8,9,75,2022-07-13T05:42:43,2022-07-13T20:27:02,0.5,Clear,Clear conditions throughout the day.,clear-day,"KVAY,72407493780,BLAN4,72407513735,KMIV,72407093730,KACY",375
65,"Hammonton, NJ, United States",2022-07-14,32.4,22.3,27.4,32.8,22.3,27.8,18.9,63.0,0.0,0,0.0,rain,0,0,31.0,20.5,219.0,1014.2,24.0,15.9,306.6,26.3,9,100,2022-07-14T05:43:26,2022-07-14T20:26:30,0.51,Partially cloudy,Partly cloudy throughout the day.,partly-cloudy-day,"KVAY,72407493780,BLAN4,72407513735,KMIV,72407093730,KACY",375
66,"Hammonton, NJ, United States",2022-07-15,29.5,19.8,24.4,30.2,19.8,24.7,18.6,71.4,2.49,100,16.67,rain,0,0,33.5,15.1,104.7,1019.4,32.3,15.7,243.3,21.0,9,30,2022-07-15T05:44:11,2022-07-15T20:25:57,0.53,"Rain, Partially cloudy",Becoming cloudy in the afternoon with rain.,rain,"KVAY,72407493780,BLAN4,72407513735,KMIV,72407093730,KACY",375
67,"Hammonton, NJ, United States",2022-07-16,29.8,21.5,24.9,31.5,21.5,25.5,20.8,79.3,1.08,100,16.67,rain,0,0,27.4,13.3,98.5,1018.6,57.8,11.9,218.8,18.8,9,75,2022-07-16T05:44:56,2022-07-16T20:25:22,0.55,"Rain, Partially cloudy",Partly cloudy throughout the day with late afternoon rain.,rain,"KVAY,72407493780,BLAN4,72407513735,KMIV,72407093730,KACY",375
68,"Hammonton, NJ, United States",2022-07-17,29.4,21.8,25.3,31.5,21.8,26.0,21.5,80.6,1.11,100,16.67,rain,0,0,31.7,15.0,158.7,1016.6,45.0,15.3,224.7,19.2,7,75,2022-07-17T05:45:43,2022-07-17T20:24:45,0.6,"Rain, Partially cloudy",Partly cloudy throughout the day with early morning rain.,rain,"KVAY,72407493780,BLAN4,72407513735,KMIV,72407093730,KACY",375
69,"Hammonton, NJ, United States",2022-07-18,32.1,23.8,27.4,37.2,23.8,29.4,22.9,77.7,0.83,100,8.33,rain,0,0,51.8,19.8,188.2,1012.8,22.5,15.8,241.3,21.0,8,100,2022-07-18T05:46:30,2022-07-18T20:24:07,0.65,"Rain, Partially cloudy",Partly cloudy throughout the day with late afternoon rain.,rain,"KVAY,72407493780,BLAN4,72407513735,KMIV,72407093730,KACY",375
70,"Hammonton, NJ, United States",2022-07-19,33.4,23.4,28.2,33.6,23.4,28.7,19.6,63.3,0.05,100,4.17,rain,0,0,38.9,20.0,265.3,1009.7,9.0,15.9,309.5,26.9,9,30,2022-07-19T05:47:18,2022-07-19T20:23:26,0.7,Rain,Clear conditions throughout the day with early morning rain.,rain,"KVAY,72407493780,BLAN4,72407513735,KMIV,72407093730,KACY",375
71,"Hammonton, NJ, United States",2022-07-20,35.2,23.6,29.2,37.4,23.6,30.6,21.0,64.1,0.0,0,0.0,,0,0,38.9,18.0,243.3,1008.7,4.4,15.6,309.5,26.6,9,30,2022-07-20T05:48:06,2022-07-20T20:22:44,0.75,Clear,Clear conditions throughout the day.,clear-day,"KVAY,72407493780,BLAN4,72407513735,KMIV,72407093730,KACY",375
72,"Hammonton, NJ, United States",2022-07-21,34.4,25.2,29.4,40.4,25.2,32.4,23.0,69.8,0.95,100,4.17,rain,0,0,46.2,20.0,226.8,1005.9,16.9,16.0,285.2,24.5,8,100,2022-07-21T05:48:56,2022-07-21T20:22:00,0.8,Rain,Clear conditions throughout the day with afternoon rain.,rain,"KVAY,72407493780,BLAN4,72407513735,KMIV,72407093730,KACY",375
73,"Hammonton, NJ, United States",2022-07-22,34.9,24.2,29.7,35.7,24.2,30.7,20.1,60.2,0.0,0,0.0,,0,0,38.2,19.6,254.8,1011.7,10.0,15.8,311.2,26.7,9,30,2022-07-22T05:49:46,2022-07-22T20:21:14,0.85,Clear,Clear conditions throughout the day.,clear-day,"KVAY,72407493780,BLAN4,72407513735,KMIV,72407093730,KACY",375
74,"Hammonton, NJ, United States",2022-07-23,35.4,24.6,30.0,37.1,24.6,31.1,20.4,59.5,0.0,0,0.0,,0,0,33.1,17.7,207.8,1016.0,3.6,15.8,314.2,27.1,10,75,2022-07-23T05:50:36,2022-07-23T20:20:26,0.89,Clear,Clear conditions throughout the day.,clear-day,"KVAY,72407493780,BLAN4,72407513735,KMIV,72407093730,KACY",375
75,"Hammonton, NJ, United States",2022-07-24,36.1,22.9,29.7,38.1,22.9,31.5,21.0,63.1,0.0,0,0.0,,0,0,37.1,21.3,226.6,1016.3,1.0,15.9,299.5,25.6,9,100,2022-07-24T05:51:27,2022-07-24T20:19:37,0.93,Clear,Clear conditions throughout the day.,clear-day,"KVAY,72407493780,BLAN4,72407513735,KMIV,72407093730,KACY",375
76,"Hammonton, NJ, United States",2022-07-25,32.4,25.2,28.4,37.5,25.2,31.3,23.2,74.0,38.56,100,33.33,rain,0,0,53.6,22.7,216.0,1013.0,25.3,15.7,179.9,15.7,7,75,2022-07-25T05:52:19,2022-07-25T20:18:46,0.96,"Rain, Partially cloudy",Partly cloudy throughout the day with rain.,rain,"KVAY,72407493780,BLAN4,72407513735,KMIV,72407093730,KACY",375
77,"Hammonton, NJ, United States",2022-07-26,25.8,22.4,24.4,25.8,22.4,24.4,20.0,76.9,0.13,100,4.17,rain,0,0,29.5,11.3,176.6,1015.6,37.2,16.0,118.5,10.2,5,30,2022-07-26T05:53:11,2022-07-26T20:17:53,0.98,"Rain, Partially cloudy",Partly cloudy throughout the day with afternoon rain.,rain,"KVAY,72407493780,BLAN4,72407513735,KMIV,72407093730,KACY",375
78,"Hammonton, NJ, United States",2022-07-27,29.7,22.2,25.6,31.1,22.2,26.1,20.0,73.0,0.0,0,0.0,,0,0,27.7,11.6,113.5,1014.0,59.8,15.5,205.9,17.9,7,30,2022-07-27T05:54:03,2022-07-27T20:16:59,1.0,Partially cloudy,Partly cloudy throughout the day.,partly-cloudy-day,"KVAY,72407493780,BLAN4,72407513735,F7263,KMIV,72407093730,KACY",375
79,"Hammonton, NJ, United States",2022-07-28,33.4,23.7,28.3,37.0,23.7,30.3,22.2,71.7,5.48,100,8.33,rain,0,0,57.2,18.3,218.3,1010.9,21.4,15.6,247.2,21.4,7,30,2022-07-28T05:54:56,2022-07-28T20:16:03,1.0,"Rain, Partially cloudy",Partly cloudy throughout the day with late afternoon rain.,rain,"KVAY,72407493780,BLAN4,72407513735,KMIV,72407093730,KACY",375
80,"Hammonton, NJ, United States",2022-07-29,30.8,22.9,26.2,33.3,22.9,27.1,21.3,75.8,0.88,100,4.17,rain,0,0,30.2,13.1,188.9,1012.9,32.7,15.9,156.6,13.7,7,30,2022-07-29T05:55:50,2022-07-29T20:15:06,0.0,"Rain, Partially cloudy",Becoming cloudy in the afternoon with late afternoon rain.,rain,"KVAY,72407493780,BLAN4,72407513735,KMIV,72407093730,KACY",375
81,"Hammonton, NJ, United States",2022-07-30,31.8,22.9,27.0,30.9,22.9,26.8,16.9,58.1,0.64,100,8.33,rain,0,0,40.7,17.6,305.3,1016.9,32.5,16.0,304.1,26.4,9,10,2022-07-30T05:56:43,2022-07-30T20:14:07,0.01,"Rain, Partially cloudy",Partly cloudy throughout the day with early morning rain.,rain,"KVAY,72407493780,BLAN4,72407513735,KMIV,72407093730,KACY",375
82,"Hammonton, NJ, United States",2022-07-31,30.8,18.6,25.3,32.0,18.6,25.6,17.8,65.3,0.0,0,0.0,,0,0,28.1,12.9,158.2,1020.5,21.6,15.9,197.5,17.1,7,10,2022-07-31T05:57:37,2022-07-31T20:13:06,0.04,Partially cloudy,Partly cloudy throughout the day.,partly-cloudy-day,"KVAY,72407493780,BLAN4,72407513735,KMIV,72407093730,KACY",375
83,"Hammonton, NJ, United States",2022-08-01,27.2,21.4,23.6,28.8,21.4,23.7,20.4,83.3,6.23,100,25.0,rain,0,0,22.3,11.7,190.3,1014.3,82.6,14.4,118.8,10.3,5,10,2022-08-01T05:58:32,2022-08-01T20:12:04,0.07,"Rain, Partially cloudy",Partly cloudy throughout the day with rain clearing later.,rain,"KVAY,72407493780,BLAN4,72407513735,KMIV,72407093730,KACY",375
84,"Hammonton, NJ, United States",2022-08-02,33.1,21.8,27.3,35.6,21.8,28.5,20.6,69.8,1.73,100,8.33,rain,0,0,38.9,18.8,235.8,1010.7,19.3,15.6,266.7,23.1,9,60,2022-08-02T05:59:26,2022-08-02T20:11:01,0.1,Rain,Clear conditions throughout the day with early morning rain.,rain,"KVAY,72407493780,BLAN4,72407513735,KMIV,72407093730,KACY",375
85,"Hammonton, NJ, United States",2022-08-03,33.0,21.5,27.2,33.4,21.5,27.8,18.7,61.7,0.0,0,0.0,,0,0,37.1,14.0,225.6,1015.1,0.3,16.0,314.9,27.1,9,30,2022-08-03T06:00:21,2022-08-03T20:09:56,0.14,Clear,Clear conditions throughout the day.,clear-day,"KVAY,72407493780,BLAN4,72407513735,KMIV,72407093730,KACY",375
86,"Hammonton, NJ, United States",2022-08-04,33.7,21.6,28.0,38.2,21.6,30.0,21.5,70.0,1.07,100,8.33,rain,0,0,56.4,21.6,148.5,1017.6,12.0,14.9,278.0,24.0,9,100,2022-08-04T06:01:16,2022-08-04T20:08:49,0.2,Rain,Clear conditions throughout the day with late afternoon rain.,rain,"KVAY,72407493780,BLAN4,72407513735,KMIV,72407093730,KACY",375
87,"Hammonton, NJ, United States",2022-08-05,31.9,22.2,26.8,35.7,22.2,28.4,21.6,74.5,0.92,100,4.17,rain,0,0,34.6,14.6,235.9,1020.6,17.2,16.0,263.5,23.0,9,60,2022-08-05T06:02:11,2022-08-05T20:07:42,0.25,Rain,Clear conditions throughout the day with early morning rain.,rain,"KVAY,72407493780,BLAN4,72407513735,KMIV,72407093730,KACY",375
88,"Hammonton, NJ, United States",2022-08-06,32.2,22.7,27.4,35.6,22.7,29.2,21.7,72.8,0.0,0,0.0,rain,0,0,42.5,18.8,223.0,1023.0,12.3,15.9,237.6,20.4,8,75,2022-08-06T06:03:07,2022-08-06T20:06:33,0.31,Clear,Clear conditions throughout the day.,clear-day,"KVAY,72407493780,BLAN4,72407513735,KMIV,72407093730,KACY",375
89,"Hammonton, NJ, United States",2022-08-07,33.5,24.8,28.6,36.8,24.8,30.7,22.3,69.9,0.0,0,0.0,,0,0,39.9,20.3,225.3,1021.7,11.0,15.9,267.6,23.0,8,60,2022-08-07T06:04:02,2022-08-07T20:05:22,0.36,Clear,Clear conditions throughout the day.,clear-day,"KVAY,72407493780,BLAN4,72407513735,KMIV,72407093730,KACY",375
90,"Hammonton, NJ, United States",2022-08-08,33.1,24.9,29.0,37.9,24.9,31.8,22.9,71.2,0.0,0,0.0,,0,0,37.9,22.0,224.8,1016.9,15.3,16.0,252.8,21.9,8,60,2022-08-08T06:04:58,2022-08-08T20:04:10,0.41,Clear,Clear conditions throughout the day.,clear-day,"KVAY,72407493780,BLAN4,72407513735,KMIV,72407093730,KACY",375
91,"Hammonton, NJ, United States",2022-08-09,36.2,27.3,31.0,41.0,30.5,35.2,23.1,64.8,3.62,100,12.5,rain,0,0,42.1,21.4,239.1,1014.1,14.1,15.8,287.2,24.9,9,100,2022-08-09T06:05:54,2022-08-09T20:02:57,0.45,Rain,Clear conditions throughout the day with late afternoon rain.,rain,"KVAY,72407493780,BLAN4,72407513735,KMIV,72407093730,KACY",375
92,"Hammonton, NJ, United States",2022-08-10,32.4,24.7,27.8,34.9,24.7,29.2,21.8,71.5,0.0,0,0.0,rain,0,0,29.5,16.4,193.3,1016.1,30.9,15.6,244.0,21.1,8,60,2022-08-10T06:06:50,2022-08-10T20:01:43,0.48,Partially cloudy,Partly cloudy throughout the day.,partly-cloudy-day,"KVAY,72407493780,BLAN4,72407513735,KMIV,72407093730,KACY",375
93,"Hammonton, NJ, United States",2022-08-11,30.3,22.7,26.0,32.0,22.7,26.7,20.9,75.2,15.66,100,29.17,rain,0,0,27.7,14.6,234.0,1012.7,51.9,15.4,223.3,19.4,8,30,2022-08-11T06:07:46,2022-08-11T20:00:28,0.5,"Rain, Partially cloudy",Partly cloudy throughout the day with rain clearing later.,rain,"KVAY,72407493780,BLAN4,72407513735,KMIV,72407093730,KACY",375
94,"Hammonton, NJ, United States",2022-08-12,28.7,18.0,24.3,28.4,18.0,24.2,14.2,54.8,0.0,0,0.0,,0,0,30.6,20.0,194.2,1014.8,20.4,16.0,238.2,20.6,9,30,2022-08-12T06:08:42,2022-08-12T19:59:11,0.5,Partially cloudy,Partly cloudy throughout the day.,partly-cloudy-day,"KVAY,72407493780,BLAN4,72407513735,F7263,KMIV,72407093730,KACY",375
95,"Hammonton, NJ, United States",2022-08-13,27.5,15.0,21.3,26.9,15.0,21.1,10.4,52.9,0.0,0,0.0,,0,0,37.1,19.5,199.6,1018.5,0.0,16.0,194.3,16.8,9,10,2022-08-13T06:09:38,2022-08-13T19:57:54,0.52,Clear,Clear conditions throughout the day.,clear-day,"KVAY,72407493780,BLAN4,72407513735,F7263,KMIV,72407093730,KACY",375
96,"Hammonton, NJ, United States",2022-08-14,27.9,16.4,21.9,27.2,16.4,21.8,13.4,61.8,0.0,0,0.0,,0,0,29.5,13.6,102.8,1017.6,2.4,16.0,105.7,9.0,7,10,2022-08-14T06:10:34,2022-08-14T19:56:35,0.54,Clear,Clear conditions throughout the day.,clear-day,"KVAY,72407493780,72407513735,F7263,KMIV,E8839,72407093730,KACY",375
97,"Hammonton, NJ, United States",2022-08-15,27.1,16.6,21.3,27.0,16.6,21.3,14.2,66.6,0.15,100,8.33,rain,0,0,37.1,19.1,151.3,1015.3,14.6,16.0,220.4,19.0,9,10,2022-08-15T06:11:30,2022-08-15T19:55:15,0.58,Rain,Clear conditions throughout the day with morning rain.,rain,"KVAY,72407493780,BLAN4,72407513735,F7263,KMIV,72407093730,KACY",375
98,"Hammonton, NJ, United States",2022-08-16,26.9,14.3,20.9,26.9,14.3,20.9,14.2,68.4,0.0,0,0.0,,0,0,38.9,21.1,168.7,1015.3,14.6,16.0,295.6,25.7,10,10,2022-08-16T06:12:27,2022-08-16T19:53:54,0.62,Clear,Clear conditions throughout the day.,clear-day,"KVAY,72407493780,BLAN4,72407513735,KMIV,72407093730,KACY",375
99,"Hammonton, NJ, United States",2022-08-17,27.1,15.9,21.5,27.0,15.9,21.5,14.3,66.4,0.0,0,0.0,rain,0,0,21.2,16.6,119.7,1015.4,28.5,16.0,252.4,21.8,8,10,2022-08-17T06:13:23,2022-08-17T19:52:32,0.67,Partially cloudy,Becoming cloudy in the afternoon.,partly-cloudy-day,"KVAY,72407493780,BLAN4,72407513735,KMIV,72407093730,KACY",375
100,"Hammonton, NJ, United States",2022-08-18,30.1,16.2,23.2,29.2,16.2,23.0,14.7,62.6,0.0,0,0.0,,0,0,35.3,18.2,269.5,1013.8,9.9,16.0,267.1,23.1,9,30,2022-08-18T06:14:19,2022-08-18T19:51:09,0.72,Clear,Clear conditions throughout the day.,clear-day,"KVAY,72407493780,BLAN4,72407513735,F7263,KMIV,72407093730,KACY",375
101,"Hammonton, NJ, United States",2022-08-19,31.6,18.3,25.2,30.9,18.3,25.2,16.9,63.7,0.0,0,0.0,,0,0,35.3,16.7,235.0,1017.9,5.6,15.6,269.5,23.1,9,30,2022-08-19T06:15:15,2022-08-19T19:49:45,0.77,Clear,Clear conditions throughout the day.,clear-day,"KVAY,72407493780,BLAN4,72407513735,KMIV,72407093730,KACY",375
102,"Hammonton, NJ, United States",2022-08-20,31.9,20.1,25.7,32.0,20.1,25.8,17.5,63.6,0.0,0,0.0,,0,0,29.5,17.1,118.5,1020.7,4.0,15.9,286.9,24.9,9,60,2022-08-20T06:16:11,2022-08-20T19:48:21,0.82,Clear,Clear conditions throughout the day.,clear-day,"KVAY,72407493780,BLAN4,72407513735,KMIV,72407093730,KACY",375
103,"Hammonton, NJ, United States",2022-08-21,29.2,17.6,23.6,30.8,17.6,24.1,19.2,78.1,0.0,0,0.0,rain,0,0,27.7,16.1,69.2,1018.9,37.9,13.7,167.0,14.5,6,60,2022-08-21T06:17:07,2022-08-21T19:46:55,0.86,Partially cloudy,Partly cloudy throughout the day.,partly-cloudy-day,"KVAY,72407493780,BLAN4,72407513735,KMIV,72407093730,KACY",375
104,"Hammonton, NJ, United States",2022-08-22,29.5,22.9,25.2,31.9,22.9,25.9,22.0,83.0,6.73,100,50.0,rain,0,0,40.7,14.3,176.2,1012.4,60.4,15.1,186.8,16.1,9,75,2022-08-22T06:18:04,2022-08-22T19:45:28,0.9,"Rain, Partially cloudy",Partly cloudy throughout the day with a chance of rain throughout the day.,rain,"KVAY,72407493780,BLAN4,72407513735,KMIV,72407093730,KACY",375
105,"Hammonton, NJ, United States",2022-08-23,30.6,21.2,25.6,31.7,21.2,26.1,19.7,72.3,0.57,100,8.33,rain,0,0,36.4,21.8,259.5,1010.3,48.4,14.1,242.4,21.0,8,60,2022-08-23T06:19:00,2022-08-23T19:44:01,0.94,"Rain, Partially cloudy",Partly cloudy throughout the day with early morning rain.,rain,"KVAY,72407493780,BLAN4,72407513735,KMIV,72407093730,KACY",375
106,"Hammonton, NJ, United States",2022-08-24,32.4,19.1,25.7,31.6,19.1,25.7,16.8,62.0,0.0,0,0.0,,0,0,35.3,18.8,261.1,1014.7,6.7,15.9,279.8,24.0,9,30,2022-08-24T06:19:56,2022-08-24T19:42:33,0.97,Clear,Clear conditions throughout the day.,clear-day,"KVAY,72407493780,BLAN4,72407513735,KMIV,72407093730,KACY",375
107,"Hammonton, NJ, United States",2022-08-25,32.8,18.0,25.7,32.0,18.0,25.7,17.0,62.9,0.0,0,0.0,,0,0,33.5,17.4,211.6,1017.0,5.1,15.8,259.2,22.4,9,30,2022-08-25T06:20:51,2022-08-25T19:41:04,0.99,Clear,Clear conditions throughout the day.,clear-day,"KVAY,72407493780,BLAN4,72407513735,KMIV,72407093730,KACY",375
108,"Hammonton, NJ, United States",2022-08-26,32.2,22.0,26.8,33.9,22.0,27.7,20.3,69.4,2.18,100,8.33,rain,0,0,40.7,18.4,221.9,1014.2,23.6,15.7,203.6,17.5,7,100,2022-08-26T06:21:47,2022-08-26T19:39:34,1.0,"Rain, Partially cloudy",Partly cloudy throughout the day with afternoon rain.,rain,"KVAY,72407493780,BLAN4,72407513735,KMIV,72407093730,KACY",375
109,"Hammonton, NJ, United States",2022-08-27,31.3,21.2,26.2,33.3,21.2,26.9,20.4,72.2,0.0,0,0.0,rain,0,0,27.7,14.4,141.3,1015.2,23.8,15.1,213.0,18.4,8,100,2022-08-27T06:22:43,2022-08-27T19:38:04,0.0,Partially cloudy,Partly cloudy throughout the day.,partly-cloudy-day,"KVAY,72407493780,BLAN4,72407513735,KMIV,72407093730,KACY",375
110,"Hammonton, NJ, United States",2022-08-28,29.4,22.8,25.3,32.6,22.8,26.1,22.4,85.0,28.33,100,12.5,rain,0,0,29.5,15.1,71.8,1019.4,82.9,11.7,156.4,13.3,8,75,2022-08-28T06:23:39,2022-08-28T19:36:33,0.01,"Rain, Partially cloudy",Partly cloudy throughout the day with afternoon rain.,rain,"KVAY,72407493780,BLAN4,72407513735,KMIV,72407093730,KACY",375
111,"Hammonton, NJ, United States",2022-08-29,31.1,22.0,25.9,33.8,22.0,27.0,21.8,79.6,1.48,100,4.17,rain,0,0,30.2,16.6,114.6,1019.2,36.1,11.8,237.2,20.5,9,60,2022-08-29T06:24:35,2022-08-29T19:35:01,0.02,"Rain, Partially cloudy",Partly cloudy throughout the day with late afternoon rain.,rain,"KVAY,72407493780,BLAN4,72407513735,KMIV,72407093730,KACY",375
112,"Hammonton, NJ, United States",2022-08-30,31.5,23.2,26.6,34.5,23.2,27.8,22.2,78.4,8.59,100,16.67,rain,0,0,72.4,21.8,167.8,1012.5,40.5,14.8,251.5,21.7,9,60,2022-08-30T06:25:30,2022-08-30T19:33:29,0.05,"Rain, Partially cloudy",Partly cloudy throughout the day with late afternoon rain.,rain,"KVAY,72407493780,BLAN4,72407513735,KMIV,72407093730,KACY",375
113,"Hammonton, NJ, United States",2022-08-31,29.7,20.6,25.0,29.3,20.6,24.9,17.1,65.4,0.0,0,0.0,,0,0,37.9,24.1,278.2,1010.2,14.9,15.9,250.0,21.7,8,30,2022-08-31T06:26:26,2022-08-31T19:31:56,0.09,Clear,Clear conditions throughout the day.,clear-day,"KVAY,72407493780,BLAN4,72407513735,KMIV,72407093730,KACY",375
114,"Hammonton, NJ, United States",2022-09-01,31.0,17.3,23.8,30.0,17.3,23.5,13.9,57.5,0.0,0,0.0,,0,0,35.7,21.0,250.3,1014.5,0.0,16.0,277.5,23.9,9,10,2022-09-01T06:27:22,2022-09-01T19:30:22,0.13,Clear,Clear conditions throughout the day.,clear-day,"KVAY,72407493780,BLAN4,72407513735,KMIV,72407093730,KACY",375
115,"Hammonton, NJ, United States",2022-09-02,27.3,15.7,21.3,27.4,15.7,21.3,13.9,64.1,0.0,0,0.0,,0,0,29.5,15.7,82.8,1022.4,1.4,16.0,266.9,23.2,8,10,2022-09-02T06:28:17,2022-09-02T19:28:48,0.18,Clear,Clear conditions throughout the day.,clear-day,"KVAY,72407493780,BLAN4,72407513735,KMIV,72407093730,KACY",375
116,"Hammonton, NJ, United States",2022-09-03,28.0,16.5,22.2,28.8,16.5,22.4,17.3,75.7,0.0,0,0.0,rain,0,0,21.6,13.4,102.0,1023.8,15.7,16.0,215.0,18.6,8,10,2022-09-03T06:29:13,2022-09-03T19:27:14,0.24,Clear,Clear conditions throughout the day.,clear-day,"KVAY,72407493780,BLAN4,72407513735,KMIV,72407093730,KACY",375
117,"Hammonton, NJ, United States",2022-09-04,30.9,18.4,24.6,32.5,18.4,25.0,18.6,71.8,0.0,0,0.0,,0,0,33.5,14.1,135.8,1020.1,7.1,16.0,241.0,20.8,8,30,2022-09-04T06:30:08,2022-09-04T19:25:39,0.29,Clear,Clear conditions throughout the day.,clear-day,"KVAY,72407493780,BLAN4,72407513735,KMIV,72407093730,KACY",375
118,"Hammonton, NJ, United States",2022-09-05,29.8,20.9,25.0,30.6,20.9,25.5,19.6,73.3,0.0,0,0.0,rain,0,0,30.6,15.6,165.8,1018.4,18.8,16.0,199.3,17.1,8,30,2022-09-05T06:31:04,2022-09-05T19:24:03,0.35,Clear,Clear conditions throughout the day.,clear-day,"KVAY,72407493780,BLAN4,72407513735,KMIV,72407093730,KACY",375
119,"Hammonton, NJ, United States",2022-09-06,24.4,20.0,22.3,24.4,20.0,22.3,20.6,89.9,62.12,100,66.67,rain,0,0,46.4,25.8,89.5,1014.5,82.4,11.2,39.8,3.3,1,30,2022-09-06T06:31:59,2022-09-06T19:22:27,0.4,"Rain, Partially cloudy",Partly cloudy throughout the day with rain.,rain,"KVAY,72407493780,BLAN4,72407513735,F7263,KMIV,72407093730,KACY",375
120,"Hammonton, NJ, United States",2022-09-07,22.6,20.2,21.2,22.6,20.2,21.2,18.9,87.2,2.55,100,62.5,rain,0,0,40.7,21.2,27.5,1013.9,99.4,13.2,88.9,7.9,4,10,2022-09-07T06:32:55,2022-09-07T19:20:51,0.44,"Rain, Overcast",Cloudy skies throughout the day with a chance of rain throughout the day.,rain,"KVAY,72407493780,BLAN4,72407513735,KMIV,72407093730,KACY",375
121,"Hammonton, NJ, United States",2022-09-08,24.8,16.8,20.9,24.8,16.8,20.9,16.2,76.1,0.13,100,4.17,rain,0,0,38.9,20.1,95.4,1012.7,61.2,15.8,198.1,17.3,6,10,2022-09-08T06:33:50,2022-09-08T19:19:15,0.47,"Rain, Partially cloudy",Partly cloudy throughout the day with early morning rain.,rain,"KVAY,72407493780,BLAN4,72407513735,KMIV,72407093730,KACY",375
122,"Hammonton, NJ, United States",2022-09-09,26.0,14.0,19.7,26.0,14.0,19.7,14.5,74.4,0.0,0,0.0,,0,0,31.7,15.5,109.9,1017.3,2.4,15.7,263.6,22.7,8,10,2022-09-09T06:34:45,2022-09-09T19:17:38,0.49,Clear,Clear conditions throughout the day.,clear-day,"KVAY,72407493780,BLAN4,72407513735,KMIV,72407093730,KACY",375
123,"Hammonton, NJ, United States",2022-09-10,27.1,13.5,20.5,27.4,13.5,20.5,15.5,75.4,0.0,0,0.0,,0,0,22.0,11.6,94.3,1023.2,3.2,15.7,238.0,20.5,9,10,2022-09-10T06:35:41,2022-09-10T19:16:01,0.5,Clear,Clear conditions throughout the day.,clear-day,"KVAY,72407493780,BLAN4,72407513735,KMIV,72407093730,KACY",375
124,"Hammonton, NJ, United States",2022-09-11,26.1,20.0,22.6,26.1,20.0,22.6,19.9,85.2,2.68,100,41.67,rain,0,0,35.6,13.0,100.0,1019.4,78.9,15.0,87.2,7.6,5,10,2022-09-11T06:36:36,2022-09-11T19:14:23,0.51,"Rain, Partially cloudy",Partly cloudy throughout the day with rain.,rain,"KVAY,72407493780,BLAN4,72407513735,KMIV,72407093730,KACY",375
125,"Hammonton, NJ, United States",2022-09-12,28.8,23.2,25.1,31.8,23.2,25.9,22.2,84.6,1.09,100,16.67,rain,0,0,30.2,11.7,201.3,1010.5,79.2,14.0,141.9,12.2,6,60,2022-09-12T06:37:32,2022-09-12T19:12:45,0.53,"Rain, Partially cloudy",Partly cloudy throughout the day with rain.,rain,"KVAY,72407493780,BLAN4,72407513735,KMIV,72407093730,KACY",375
126,"Hammonton, NJ, United States",2022-09-13,28.7,19.0,24.4,30.2,19.0,24.7,19.3,75.1,0.61,100,12.5,rain,0,0,40.2,20.9,217.0,1008.1,43.8,15.4,176.7,15.2,7,60,2022-09-13T06:38:27,2022-09-13T19:11:08,0.56,"Rain, Partially cloudy",Partly cloudy throughout the day with rain clearing later.,rain,"KVAY,72407493780,BLAN4,72407513735,KMIV,72407093730,KACY",375
127,"Hammonton, NJ, United States",2022-09-14,27.3,15.2,20.8,27.2,15.2,20.8,13.3,64.3,0.0,0,0.0,,0,0,38.9,17.8,294.3,1014.9,0.4,16.0,254.0,22.0,8,10,2022-09-14T06:39:23,2022-09-14T19:09:30,0.6,Clear,Clear conditions throughout the day.,clear-day,"KVAY,72407493780,BLAN4,72407513735,KMIV,72407093730,KACY",375
128,"Hammonton, NJ, United States",2022-09-15,24.3,12.7,19.5,24.3,12.7,19.5,12.3,66.2,0.0,0,0.0,,0,0,30.8,20.7,234.8,1020.4,0.8,16.0,254.8,22.1,8,10,2022-09-15T06:40:18,2022-09-15T19:07:51,0.64,Clear,Clear conditions throughout the day.,clear-day,"KVAY,72407493780,BLAN4,72407513735,KMIV,72407093730,KACY",375
129,"Hammonton, NJ, United States",2022-09-16,25.1,9.6,17.1,25.1,9.6,17.1,10.2,67.3,0.0,0,0.0,,0,0,18.7,13.3,270.0,1022.2,0.0,16.0,229.5,19.8,7,10,2022-09-16T06:41:14,2022-09-16T19:06:13,0.69,Clear,Clear conditions throughout the day.,clear-day,"KVAY,72407493780,BLAN4,72407513735,KMIV,72407093730,KACY",375
130,"Hammonton, NJ, United States",2022-09-17,26.3,13.4,20.1,26.3,13.4,20.1,14.7,73.2,0.0,0,0.0,,0,0,20.9,13.4,109.0,1023.2,10.0,16.0,204.7,17.5,7,10,2022-09-17T06:42:10,2022-09-17T19:04:34,0.74,Clear,Clear conditions throughout the day.,clear-day,"KVAY,72407493780,BLAN4,72407513735,KMIV,72407093730,KACY",375
131,"Hammonton, NJ, United States",2022-09-18,28.3,15.3,21.8,28.2,15.3,21.9,16.1,72.5,0.0,0,0.0,,0,0,29.5,17.0,202.6,1019.1,2.1,15.8,232.9,20.2,8,10,2022-09-18T06:43:06,2022-09-18T19:02:56,0.78,Clear,Clear conditions throughout the day.,clear-day,"KVAY,72407493780,BLAN4,72407513735,KMIV,72407093730,KACY",375
132,"Hammonton, NJ, United States",2022-09-19,30.3,19.2,24.1,30.5,19.2,24.3,17.7,69.9,0.0,0,0.0,,0,0,38.9,21.2,254.2,1013.9,10.4,15.9,204.2,17.4,8,30,2022-09-19T06:44:01,2022-09-19T19:01:17,0.83,Clear,Clear conditions throughout the day.,clear-day,"KVAY,72407493780,BLAN4,72407513735,KMIV,72407093730,KACY",375
133,"Hammonton, NJ, United States",2022-09-20,27.6,17.5,22.6,27.3,17.5,22.5,15.3,66.7,0.0,0,0.0,,0,0,38.9,23.3,270.5,1012.7,13.4,15.6,236.6,20.4,8,10,2022-09-20T06:44:57,2022-09-20T18:59:39,0.87,Clear,Clear conditions throughout the day.,clear-day,"KVAY,72407493780,BLAN4,72407513735,KMIV,72407093730,KACY",375
134,"Hammonton, NJ, United States",2022-09-21,27.7,13.0,20.7,27.6,13.0,20.7,14.6,70.6,0.0,0,0.0,,0,0,22.0,13.6,176.4,1013.6,2.3,16.0,231.6,20.1,8,10,2022-09-21T06:45:53,2022-09-21T18:58:00,0.91,Clear,Clear conditions throughout the day.,clear-day,"KVAY,72407493780,BLAN4,72407513735,KMIV,72407093730,KACY",375
135,"Hammonton, NJ, United States",2022-09-22,27.6,15.4,20.9,29.1,15.4,21.0,16.5,76.3,3.49,100,20.83,rain,0,0,49.6,20.3,262.2,1005.5,32.1,15.3,88.9,7.6,5,30,2022-09-22T06:46:50,2022-09-22T18:56:22,0.95,"Rain, Partially cloudy",Partly cloudy throughout the day with afternoon rain.,rain,"KVAY,72407493780,BLAN4,72407513735,KMIV,72407093730,KACY",375
136,"Hammonton, NJ, United States",2022-09-23,19.1,10.7,14.1,19.1,10.7,14.1,3.9,52.0,0.0,0,0.0,,0,0,51.1,31.8,321.5,1013.6,11.5,16.0,243.6,20.9,8,10,2022-09-23T06:47:46,2022-09-23T18:54:43,0.97,Clear,Clear conditions throughout the day.,clear-day,"KVAY,72407493780,BLAN4,72407513735,KMIV,72407093730,KACY",375
137,"Hammonton, NJ, United States",2022-09-24,20.5,6.2,13.1,20.5,5.4,12.7,4.9,59.7,0.0,0,0.0,,0,0,25.9,17.0,286.4,1016.8,4.8,16.0,206.5,17.9,7,10,2022-09-24T06:48:42,2022-09-24T18:53:05,0.99,Clear,Clear conditions throughout the day.,clear-day,"KVAY,72407493780,BLAN4,72407513735,KMIV,72407093730,KACY",375
138,"Hammonton, NJ, United States",2022-09-25,24.7,14.3,18.4,24.7,14.3,18.4,13.4,73.7,1.6,100,12.5,rain,0,0,43.8,16.8,196.8,1007.7,49.4,15.8,134.0,11.7,7,30,2022-09-25T06:49:39,2022-09-25T18:51:27,1.0,"Rain, Partially cloudy",Partly cloudy throughout the day with rain.,rain,"KVAY,72407493780,BLAN4,72407513735,KMIV,72407093730,KACY",375
139,"Hammonton, NJ, United States",2022-09-26,24.3,13.6,19.5,24.3,13.6,19.5,12.5,66.5,0.0,0,0.0,,0,0,36.8,18.7,253.3,1006.7,33.7,15.8,191.9,16.6,7,10,2022-09-26T06:50:36,2022-09-26T18:49:49,0.0,Partially cloudy,Partly cloudy throughout the day.,partly-cloudy-day,"KVAY,72407493780,BLAN4,72407513735,KMIV,72407093730,KACY",375
140,"Hammonton, NJ, United States",2022-09-27,22.5,12.8,17.3,22.5,12.8,17.3,7.4,54.3,0.0,0,0.0,,0,0,46.3,23.3,267.9,1012.0,22.8,16.0,218.6,18.8,8,10,2022-09-27T06:51:33,2022-09-27T18:48:11,0.01,Partially cloudy,Partly cloudy throughout the day.,partly-cloudy-day,"KVAY,72407493780,BLAN4,72407513735,KMIV,72407093730,KACY",375
141,"Hammonton, NJ, United States",2022-09-28,21.3,8.8,14.5,21.3,8.0,14.3,7.8,65.9,0.0,0,0.0,,0,0,29.5,17.2,293.3,1020.1,17.8,16.0,201.7,17.3,8,10,2022-09-28T06:52:30,2022-09-28T18:46:34,0.04,Clear,Clear conditions throughout the day.,clear-day,"KVAY,72407493780,BLAN4,72407513735,KMIV,72407093730,KACY",375
142,"Hammonton, NJ, United States",2022-09-29,19.8,10.9,15.0,19.8,10.9,15.0,8.4,66.6,0.0,0,0.0,,0,0,38.2,23.5,152.1,1026.1,5.3,16.0,208.1,18.0,7,10,2022-09-29T06:53:27,2022-09-29T18:44:56,0.07,Clear,Clear conditions throughout the day.,clear-day,"KVAY,72407493780,BLAN4,72407513735,KMIV,72407093730,KACY",375
143,"Hammonton, NJ, United States",2022-09-30,17.9,11.1,14.3,17.9,11.1,14.3,9.9,75.2,1.0,100,16.67,rain,0,0,50.0,24.5,33.7,1023.3,47.9,17.2,76.5,6.7,3,10,2022-09-30T06:54:25,2022-09-30T18:43:19,0.12,"Rain, Partially cloudy",Partly cloudy throughout the day with late afternoon rain.,rain,"KVAY,BLAN4,KMIV,KACY",375
