,name,datetime,tempmax,tempmin,temp,feelslikemax,feelslikemin,feelslike,dew,humidity,precip,precipprob,precipcover,preciptype,snow,snowdepth,windgust,windspeed,winddir,sealevelpressure,cloudcover,visibility,solarradiation,solarenergy,uvindex,severerisk,sunrise,sunset,moonphase,conditions,description,icon,stations,skey
0,"Millville, NJ, United States",2022-05-10,21.6,10.7,15.8,21.6,10.7,15.8,-2.5,28.6,0.0,0,0.0,,0,0,62.0,37.2,42.8,1024.7,56.7,16.0,235.5,20.3,9,10,2022-05-10T05:51:14,2022-05-10T20:02:32,0.32,Partially cloudy,Partly cloudy throughout the day.,partly-cloudy-day,"72407513735,KWWD,74596603726,KMIV,72407093730,WOBN4,KACY",405
1,"Millville, NJ, United States",2022-05-11,19.9,11.7,15.3,19.9,11.7,15.3,4.8,51.6,0.0,0,0.0,,0,0,52.2,33.5,42.5,1023.5,44.1,16.0,159.7,13.9,6,10,2022-05-11T05:50:13,2022-05-11T20:03:29,0.37,Partially cloudy,Partly cloudy throughout the day.,partly-cloudy-day,"72407513735,KWWD,74596603726,KMIV,72407093730,WOBN4,KACY",405
2,"Millville, NJ, United States",2022-05-12,21.6,12.8,16.8,21.6,12.8,16.8,13.6,82.4,0.0,0,0.0,rain,0,0,44.6,24.1,56.6,1023.8,92.2,15.6,106.1,9.1,5,10,2022-05-12T05:49:14,2022-05-12T20:04:25,0.41,Overcast,Cloudy skies throughout the day.,cloudy,"72407513735,KWWD,74596603726,KMIV,72407093730,WOBN4,KACY",405
3,"Millville, NJ, United States",2022-05-13,22.7,14.3,18.0,22.7,14.3,18.0,16.4,90.7,4.84,100,16.67,rain,0,0,29.5,18.2,83.0,1022.6,95.4,11.3,147.2,12.9,5,30,2022-05-13T05:48:16,2022-05-13T20:05:21,0.45,"Rain, Overcast",Cloudy skies throughout the day with morning rain.,rain,"72407513735,KWWD,74596603726,KMIV,72407093730,WOBN4,KACY",405
4,"Millville, NJ, United States",2022-05-14,18.8,16.1,17.3,18.8,16.1,17.3,16.8,96.6,5.51,100,20.83,rain,0,0,23.0,11.2,106.4,1017.6,82.7,6.0,53.9,4.6,2,10,2022-05-14T05:47:20,2022-05-14T20:06:17,0.48,"Rain, Partially cloudy",Partly cloudy throughout the day with afternoon rain.,rain,"72407513735,KWWD,74596603726,KMIV,72407093730,WOBN4,KACY",405
5,"Millville, NJ, United States",2022-05-15,25.0,15.0,19.4,25.0,15.0,19.4,16.2,83.6,0.0,0,0.0,rain,0,0,29.5,18.2,195.9,1012.1,59.8,11.7,283.4,24.6,9,10,2022-05-15T05:46:26,2022-05-15T20:07:12,0.5,Partially cloudy,Partly cloudy throughout the day.,partly-cloudy-day,"72407513735,KWWD,74596603726,KMIV,72407093730,WOBN4,KACY",405
6,"Millville, NJ, United States",2022-05-16,26.1,16.1,20.6,26.1,16.1,20.6,16.5,78.6,1.15,100,16.67,rain,0,0,53.4,18.4,229.0,1006.1,46.4,14.6,219.8,19.0,7,60,2022-05-16T05:45:33,2022-05-16T20:08:07,0.5,"Rain, Partially cloudy",Partly cloudy throughout the day with rain.,rain,"BLAN4,72407513735,KWWD,74596603726,KMIV,72407093730,WOBN4,KACY",405
7,"Millville, NJ, United States",2022-05-17,26.7,10.1,19.4,26.2,10.1,19.3,8.5,54.2,0.0,0,0.0,,0,0,53.5,38.6,276.6,1009.5,12.8,16.0,321.1,27.7,10,10,2022-05-17T05:44:41,2022-05-17T20:09:02,0.52,Clear,Clear conditions throughout the day.,clear-day,"BLAN4,72407513735,KWWD,74596603726,KMIV,72407093730,WOBN4,KACY",405
8,"Millville, NJ, United States",2022-05-18,22.8,6.2,16.3,22.8,5.4,16.3,6.0,53.8,0.0,0,0.0,,0,0,40.7,24.0,281.5,1014.7,15.1,16.0,315.0,27.3,9,10,2022-05-18T05:43:52,2022-05-18T20:09:55,0.54,Clear,Clear conditions throughout the day.,clear-day,"72407513735,KWWD,74596603726,KMIV,72407093730,WOBN4,KACY",405
9,"Millville, NJ, United States",2022-05-19,25.6,12.9,18.4,25.6,12.9,18.4,14.5,79.9,13.8,100,29.17,rain,0,0,31.7,22.2,224.2,1007.9,67.4,14.4,273.4,23.7,9,30,2022-05-19T05:43:03,2022-05-19T20:10:49,0.58,"Rain, Partially cloudy",Partly cloudy throughout the day with rain clearing later.,rain,"BLAN4,72407513735,KWWD,74596603726,KMIV,72407093730,WOBN4,KACY",405
10,"Millville, NJ, United States",2022-05-20,28.8,13.4,21.2,29.2,13.4,21.2,17.2,79.4,0.0,0,0.0,,0,0,51.8,24.1,108.9,1011.8,10.4,14.4,240.8,20.7,9,60,2022-05-20T05:42:17,2022-05-20T20:11:41,0.63,Clear,Clear conditions throughout the day.,clear-day,"72407513735,KWWD,74596603726,KMIV,72407093730,WOBN4,KACY",405
11,"Millville, NJ, United States",2022-05-21,33.8,19.4,27.0,34.7,19.4,27.5,18.5,62.8,0.0,0,0.0,,0,0,31.7,14.7,263.9,1015.7,0.0,15.3,317.3,27.7,9,100,2022-05-21T05:41:32,2022-05-21T20:12:33,0.68,Clear,Clear conditions throughout the day.,clear-day,"72407513735,KWWD,74596603726,KMIV,72407093730,WOBN4,KACY",405
12,"Millville, NJ, United States",2022-05-22,30.0,22.2,25.3,31.9,22.2,25.9,19.0,68.7,0.01,100,4.17,rain,0,0,47.7,31.5,247.8,1016.8,5.8,16.0,291.7,25.2,9,100,2022-05-22T05:40:49,2022-05-22T20:13:24,0.74,Rain,Clear conditions throughout the day with late afternoon rain.,rain,"BLAN4,72407513735,KWWD,74596603726,KMIV,72407093730,WOBN4,KACY",405
13,"Millville, NJ, United States",2022-05-23,24.9,16.7,20.0,24.9,16.7,20.0,11.8,61.8,1.36,100,8.33,rain,0,0,47.4,25.8,232.0,1020.8,35.1,16.0,285.8,24.7,9,10,2022-05-23T05:40:08,2022-05-23T20:14:15,0.79,"Rain, Partially cloudy",Clearing in the afternoon with early morning rain.,rain,"72407513735,KWWD,74596603726,KMIV,72407093730,WOBN4,KACY",405
14,"Millville, NJ, United States",2022-05-24,17.8,13.9,15.8,17.8,13.9,15.8,10.2,71.2,1.82,100,25.0,rain,0,0,42.5,20.6,70.1,1024.1,93.1,15.9,151.0,12.9,7,10,2022-05-24T05:39:28,2022-05-24T20:15:05,0.85,"Rain, Overcast",Cloudy skies throughout the day with rain clearing later.,rain,"72407513735,KWWD,74596603726,KMIV,72407093730,WOBN4,KACY",405
15,"Millville, NJ, United States",2022-05-25,21.1,11.7,15.9,21.1,11.7,15.9,7.9,61.8,0.0,0,0.0,,0,0,35.3,25.9,77.6,1026.9,52.3,16.0,298.3,25.8,8,10,2022-05-25T05:38:51,2022-05-25T20:15:54,0.89,Partially cloudy,Partly cloudy throughout the day.,partly-cloudy-day,"72407513735,KWWD,74596603726,KMIV,72407093730,WOBN4,KACY",405
16,"Millville, NJ, United States",2022-05-26,22.2,11.2,17.2,22.2,11.2,17.2,13.4,79.4,0.0,0,0.0,rain,0,0,31.7,16.5,115.2,1023.7,94.2,14.7,235.9,20.4,8,10,2022-05-26T05:38:15,2022-05-26T20:16:42,0.93,Overcast,Cloudy skies throughout the day.,cloudy,"72407513735,KWWD,74596603726,KMIV,72407093730,WOBN4,KACY",405
17,"Millville, NJ, United States",2022-05-27,25.6,17.8,19.6,25.6,17.8,19.6,18.3,92.7,9.9,100,16.67,rain,0,0,50.1,18.2,175.8,1013.3,87.0,9.4,129.9,11.2,6,30,2022-05-27T05:37:40,2022-05-27T20:17:29,0.96,"Rain, Partially cloudy",Partly cloudy throughout the day with rain.,rain,"72407513735,KWWD,74596603726,KMIV,72407093730,WOBN4,KACY",405
18,"Millville, NJ, United States",2022-05-28,25.0,16.8,20.6,25.0,16.8,20.6,16.6,79.5,1.56,100,12.5,rain,0,0,49.0,27.6,248.6,1008.5,63.9,15.6,273.4,23.5,9,30,2022-05-28T05:37:08,2022-05-28T20:18:16,0.99,"Rain, Partially cloudy",Partly cloudy throughout the day with rain.,rain,"72407513735,KWWD,74596603726,KMIV,72407093730,WOBN4,KACY",405
19,"Millville, NJ, United States",2022-05-29,26.6,14.4,20.9,26.6,14.4,20.9,13.9,67.9,0.0,0,0.0,,0,0,20.9,14.8,134.7,1016.8,26.5,15.5,307.8,26.5,9,10,2022-05-29T05:36:38,2022-05-29T20:19:01,1.0,Partially cloudy,Becoming cloudy in the afternoon.,partly-cloudy-day,"72407513735,KWWD,74596603726,KMIV,72407093730,WOBN4,KACY",405
20,"Millville, NJ, United States",2022-05-30,28.8,13.9,22.2,29.8,13.9,22.4,16.8,74.3,0.0,0,0.0,,0,0,33.5,14.7,187.2,1019.3,9.6,15.8,328.2,28.3,10,30,2022-05-30T05:36:09,2022-05-30T20:19:45,0.0,Clear,Clear conditions throughout the day.,clear-day,"72407513735,KWWD,74596603726,KMIV,72407093730,WOBN4,KACY",405
21,"Millville, NJ, United States",2022-05-31,33.9,19.4,26.6,34.0,19.4,26.8,18.1,64.1,0.0,0,0.0,,0,0,31.7,18.3,282.1,1015.8,0.0,16.0,326.5,27.9,9,100,2022-05-31T05:35:42,2022-05-31T20:20:29,0.0,Clear,Clear conditions throughout the day.,clear-day,"72407513735,KWWD,74596603726,KMIV,72407093730,WOBN4,KACY",405
22,"Millville, NJ, United States",2022-06-01,28.7,18.3,23.4,29.9,18.3,23.6,18.5,75.1,0.0,0,0.0,rain,0,0,31.7,16.6,143.8,1012.3,19.4,15.9,304.5,26.4,9,30,2022-06-01T05:35:17,2022-06-01T20:21:11,0.02,Clear,Clear conditions throughout the day.,clear-day,"BLAN4,72407513735,KWWD,74596603726,KMIV,72407093730,WOBN4,KACY",405
23,"Millville, NJ, United States",2022-06-02,30.6,17.2,23.0,31.4,17.2,23.3,18.2,77.0,8.08,100,12.5,rain,0,0,47.9,18.2,178.9,1007.6,60.4,15.5,283.3,24.3,9,60,2022-06-02T05:34:54,2022-06-02T20:21:52,0.04,"Rain, Partially cloudy",Clearing in the afternoon with late afternoon rain.,rain,"E8711,72407513735,KWWD,74596603726,KMIV,72407093730,WOBN4,KACY",405
24,"Millville, NJ, United States",2022-06-03,26.6,14.4,21.7,26.6,14.4,21.7,16.4,75.4,0.0,0,0.0,rain,0,0,33.5,20.3,263.2,1007.9,47.9,13.8,170.5,14.6,6,10,2022-06-03T05:34:33,2022-06-03T20:22:32,0.07,Partially cloudy,Partly cloudy throughout the day.,partly-cloudy-day,"72407513735,KWWD,74596603726,KMIV,72407093730,WOBN4,KACY",405
25,"Millville, NJ, United States",2022-06-04,27.8,12.3,20.8,27.0,12.3,20.6,11.1,59.3,0.0,0,0.0,,0,0,29.5,18.2,188.3,1011.7,3.3,16.0,333.0,28.9,9,10,2022-06-04T05:34:14,2022-06-04T20:23:11,0.11,Clear,Clear conditions throughout the day.,clear-day,"72407513735,KWWD,74596603726,F7263,KMIV,72407093730,WOBN4,KACY",405
26,"Millville, NJ, United States",2022-06-05,24.9,11.7,19.1,24.9,11.7,19.1,7.1,49.1,0.0,0,0.0,,0,0,40.6,22.4,123.2,1014.9,0.0,16.0,344.5,29.4,10,10,2022-06-05T05:33:56,2022-06-05T20:23:49,0.14,Clear,Clear conditions throughout the day.,clear-day,"72407513735,KWWD,74596603726,KMIV,72407093730,WOBN4,KACY",405
27,"Millville, NJ, United States",2022-06-06,25.0,7.9,17.9,25.0,7.3,17.8,7.1,55.8,0.0,0,0.0,,0,0,31.7,14.9,111.0,1017.6,0.0,16.0,340.8,29.5,10,10,2022-06-06T05:33:41,2022-06-06T20:24:25,0.19,Clear,Clear conditions throughout the day.,clear-day,"72407513735,KWWD,74596603726,KMIV,72407093730,WOBN4,KACY",405
28,"Millville, NJ, United States",2022-06-07,26.1,11.8,20.1,26.1,11.8,20.1,14.4,71.4,0.59,100,8.33,rain,0,0,44.4,24.2,126.1,1016.5,21.0,16.0,243.0,21.2,8,10,2022-06-07T05:33:27,2022-06-07T20:25:00,0.24,"Rain, Partially cloudy",Partly cloudy throughout the day with late afternoon rain.,rain,"72407513735,KWWD,74596603726,KMIV,72407093730,WOBN4,KACY",405
29,"Millville, NJ, United States",2022-06-08,30.6,20.6,25.2,30.7,20.6,25.5,19.0,70.9,0.0,0,0.0,rain,0,0,40.7,18.3,229.0,1011.5,41.4,15.8,305.3,26.3,9,75,2022-06-08T05:33:16,2022-06-08T20:25:34,0.29,Partially cloudy,Clearing in the afternoon.,partly-cloudy-day,"72407513735,KWWD,74596603726,KMIV,72407093730,WOBN4,KACY",405
30,"Millville, NJ, United States",2022-06-09,28.8,18.4,24.4,28.4,18.4,24.3,16.6,65.9,3.99,100,16.67,rain,0,0,51.8,34.7,247.5,1006.0,44.8,15.3,292.3,25.3,9,60,2022-06-09T05:33:06,2022-06-09T20:26:06,0.35,"Rain, Partially cloudy",Clearing in the afternoon with rain clearing later.,rain,"72407513735,KWWD,74596603726,KMIV,72407093730,WOBN4,KACY",405
31,"Millville, NJ, United States",2022-06-10,27.2,11.3,20.6,26.7,11.3,20.6,11.4,59.4,0.0,0,0.0,,0,0,35.2,22.2,291.3,1011.6,4.5,16.0,310.2,26.7,10,10,2022-06-10T05:32:58,2022-06-10T20:26:37,0.39,Clear,Clear conditions throughout the day.,clear-day,"72407513735,KWWD,74596603726,KMIV,72407093730,WOBN4,KACY",405
32,"Millville, NJ, United States",2022-06-11,22.9,16.7,19.7,22.9,16.7,19.7,15.6,78.0,0.0,0,0.0,rain,0,0,24.1,14.8,235.2,1013.4,53.7,16.0,127.1,11.0,5,30,2022-06-11T05:32:52,2022-06-11T20:27:06,0.44,Partially cloudy,Partly cloudy throughout the day.,partly-cloudy-day,"72407513735,KWWD,74596603726,KMIV,72407093730,WOBN4,KACY",405
33,"Millville, NJ, United States",2022-06-12,25.0,16.2,20.8,25.0,16.2,20.8,17.8,83.6,15.84,100,20.83,rain,0,0,33.5,14.8,152.4,1014.0,70.6,15.7,170.8,14.7,6,30,2022-06-12T05:32:48,2022-06-12T20:27:34,0.47,"Rain, Partially cloudy",Partly cloudy throughout the day with a chance of rain throughout the day.,rain,"72407513735,KWWD,74596603726,KMIV,72407093730,WOBN4,KACY",405
34,"Millville, NJ, United States",2022-06-13,31.7,19.4,25.0,33.1,19.4,25.8,20.4,78.4,0.33,100,12.5,rain,0,0,31.7,22.2,259.1,1012.9,18.2,15.1,282.0,24.3,9,60,2022-06-13T05:32:45,2022-06-13T20:28:00,0.49,Rain,Clear conditions throughout the day with rain clearing later.,rain,"72407513735,KWWD,74596603726,KMIV,72407093730,WOBN4,KACY",405
35,"Millville, NJ, United States",2022-06-14,27.8,16.7,22.6,28.3,16.7,22.7,16.0,68.3,1.09,100,12.5,rain,0,0,37.1,18.4,121.9,1012.5,12.7,14.8,145.0,12.5,8,30,2022-06-14T05:32:45,2022-06-14T20:28:25,0.5,Rain,Clear conditions throughout the day with morning rain.,rain,"72407513735,KWWD,74596603726,F7263,KMIV,72407093730,WOBN4,KACY",405
36,"Millville, NJ, United States",2022-06-15,28.8,13.9,21.8,28.4,13.9,21.7,14.8,68.5,0.0,0,0.0,rain,0,0,29.5,22.3,157.9,1018.0,7.2,15.8,324.8,28.0,9,10,2022-06-15T05:32:47,2022-06-15T20:28:48,0.51,Clear,Clear conditions throughout the day.,clear-day,"72407513735,KWWD,74596603726,KMIV,72407093730,WOBN4,KACY",405
37,"Millville, NJ, United States",2022-06-16,23.8,18.4,20.7,23.8,18.4,20.7,17.5,82.1,8.1,100,25.0,rain,0,0,36.2,21.8,147.0,1019.5,69.2,15.4,152.9,13.2,6,10,2022-06-16T05:32:50,2022-06-16T20:29:09,0.53,"Rain, Partially cloudy",Partly cloudy throughout the day with rain in the morning and afternoon.,rain,"72407513735,KWWD,74596603726,KMIV,72407093730,WOBN4,KACY",405
38,"Millville, NJ, United States",2022-06-17,34.3,20.0,27.2,36.3,20.0,27.9,18.4,63.3,0.0,0,0.0,,0,0,54.6,29.3,230.6,1007.7,6.7,15.7,308.3,26.6,10,75,2022-06-17T05:32:55,2022-06-17T20:29:29,0.57,Clear,Clear conditions throughout the day.,clear-day,"72407513735,KWWD,74596603726,KMIV,72407093730,WOBN4,KACY",405
39,"Millville, NJ, United States",2022-06-18,23.4,15.0,20.1,23.4,15.0,20.1,10.0,53.8,0.0,0,0.0,rain,0,0,55.3,35.2,283.3,1007.6,24.9,16.0,236.0,20.3,8,10,2022-06-18T05:33:02,2022-06-18T20:29:47,0.62,Partially cloudy,Becoming cloudy in the afternoon.,partly-cloudy-day,"72407513735,KWWD,74596603726,KMIV,72407093730,WOBN4,KACY",405
40,"Millville, NJ, United States",2022-06-19,23.8,10.1,17.5,23.8,10.1,17.5,4.3,44.2,0.0,0,0.0,,0,0,44.6,29.5,312.6,1015.6,0.0,16.0,350.9,30.2,10,10,2022-06-19T05:33:11,2022-06-19T20:30:03,0.67,Clear,Clear conditions throughout the day.,clear-day,"72407513735,KWWD,74596603726,KMIV,72407093730,WOBN4,KACY",405
41,"Millville, NJ, United States",2022-06-20,26.7,8.4,18.7,26.7,6.9,18.5,5.5,46.3,0.0,0,0.0,,0,0,33.5,18.4,310.2,1020.5,0.2,16.0,315.0,27.1,10,10,2022-06-20T05:33:21,2022-06-20T20:30:18,0.72,Clear,Clear conditions throughout the day.,clear-day,"72407513735,KWWD,74596603726,KMIV,72407093730,WOBN4,KACY",405
42,"Millville, NJ, United States",2022-06-21,26.2,11.2,19.9,26.2,11.2,19.9,12.8,66.5,0.0,0,0.0,,0,0,17.6,16.5,175.8,1019.8,12.2,15.9,217.7,18.8,7,10,2022-06-21T05:33:33,2022-06-21T20:30:31,0.77,Clear,Clear conditions throughout the day.,clear-day,"72407513735,KWWD,74596603726,KMIV,72407093730,WOBN4,KACY",405
43,"Millville, NJ, United States",2022-06-22,23.3,16.8,19.7,23.3,16.8,19.7,16.5,81.8,0.01,100,4.17,rain,0,0,46.6,22.5,134.7,1015.0,70.1,16.0,89.2,7.7,3,10,2022-06-22T05:33:47,2022-06-22T20:30:42,0.82,"Rain, Partially cloudy",Partly cloudy throughout the day with late afternoon rain.,rain,"72407513735,KWWD,74596603726,KMIV,72407093730,WOBN4,KACY",405
44,"Millville, NJ, United States",2022-06-23,22.8,16.7,19.2,22.8,16.7,19.2,16.9,86.9,4.36,100,33.33,rain,0,0,34.2,14.8,99.4,1013.7,91.3,15.3,155.0,13.3,7,10,2022-06-23T05:34:03,2022-06-23T20:30:51,0.87,"Rain, Overcast",Cloudy skies throughout the day with rain.,rain,"72407513735,KWWD,74596603726,KMIV,72407093730,WOBN4,KACY",405
45,"Millville, NJ, United States",2022-06-24,26.7,14.4,20.3,27.3,14.4,20.4,16.3,79.6,0.0,0,0.0,,0,0,29.5,14.7,183.9,1017.0,52.1,12.7,276.4,23.8,10,10,2022-06-24T05:34:20,2022-06-24T20:30:58,0.91,Partially cloudy,Partly cloudy throughout the day.,partly-cloudy-day,"72407513735,KWWD,74596603726,KMIV,72407093730,WOBN4,KACY",405
46,"Millville, NJ, United States",2022-06-25,30.6,15.7,23.3,30.7,15.7,23.5,17.2,72.1,0.0,0,0.0,,0,0,28.1,16.5,265.7,1019.6,7.3,15.1,329.3,28.6,10,30,2022-06-25T05:34:39,2022-06-25T20:31:04,0.95,Clear,Clear conditions throughout the day.,clear-day,"72407513735,KWWD,74596603726,KMIV,72407093730,WOBN4,KACY",405
47,"Millville, NJ, United States",2022-06-26,30.6,16.8,24.5,30.3,16.8,24.5,16.6,65.1,0.0,0,0.0,,0,0,42.5,18.6,223.4,1019.1,4.3,16.0,335.5,29.0,10,10,2022-06-26T05:34:59,2022-06-26T20:31:07,0.97,Clear,Clear conditions throughout the day.,clear-day,"72407513735,KWWD,74596603726,KMIV,72407093730,WOBN4,KACY",405
48,"Millville, NJ, United States",2022-06-27,28.4,21.7,23.8,30.7,21.7,24.1,20.7,83.5,8.68,100,20.83,rain,0,0,47.9,22.2,235.1,1015.3,66.3,13.7,180.5,15.5,7,60,2022-06-27T05:35:22,2022-06-27T20:31:09,0.99,"Rain, Partially cloudy",Partly cloudy throughout the day with rain.,rain,"72407513735,KWWD,74596603726,KMIV,72407093730,WOBN4,KACY",405
49,"Millville, NJ, United States",2022-06-28,26.7,16.2,21.5,26.7,16.2,21.5,12.8,61.9,0.0,0,0.0,,0,0,29.5,16.6,261.3,1020.3,13.0,14.7,171.3,14.9,9,10,2022-06-28T05:35:45,2022-06-28T20:31:09,1.0,Clear,Clear conditions throughout the day.,clear-day,"72407513735,KWWD,74596603726,F7263,KMIV,72407093730,WOBN4,KACY",405
50,"Millville, NJ, United States",2022-06-29,28.8,13.9,21.6,28.3,13.9,21.5,14.1,67.0,0.0,0,0.0,,0,0,42.5,13.3,235.3,1023.2,3.7,15.9,207.8,18.0,9,10,2022-06-29T05:36:10,2022-06-29T20:31:07,0.0,Clear,Clear conditions throughout the day.,clear-day,"72407513735,KWWD,74596603726,F7263,KMIV,72407093730,KACY",405
51,"Millville, NJ, United States",2022-06-30,32.2,16.2,25.0,30.5,16.2,24.5,15.1,60.8,0.0,0,0.0,,0,0,35.3,20.5,255.8,1022.1,1.4,15.9,324.0,28.1,10,30,2022-06-30T05:36:37,2022-06-30T20:31:03,0.01,Clear,Clear conditions throughout the day.,clear-day,"72407513735,KWWD,74596603726,F7263,KMIV,72407093730,WOBN4,KACY",405
52,"Millville, NJ, United States",2022-07-01,32.2,18.9,25.7,34.9,18.9,26.7,20.3,74.3,0.0,0,0.0,rain,0,0,46.8,15.0,217.2,1018.0,2.4,14.4,282.5,24.4,9,75,2022-07-01T05:37:05,2022-07-01T20:30:57,0.03,Clear,Clear conditions throughout the day.,clear-day,"72407513735,KWWD,74596603726,KMIV,72407093730,WOBN4,KACY",405
53,"Millville, NJ, United States",2022-07-02,32.2,22.2,26.8,35.7,22.2,28.2,21.3,73.0,22.83,100,12.5,rain,0,0,92.5,16.6,221.4,1013.9,16.8,15.5,260.5,22.6,9,75,2022-07-02T05:37:35,2022-07-02T20:30:49,0.05,Rain,Clear conditions throughout the day with late afternoon rain.,rain,"BLAN4,72407513735,KWWD,74596603726,KMIV,72407093730,WOBN4,KACY",405
54,"Millville, NJ, United States",2022-07-03,30.6,17.9,24.4,30.1,17.9,24.5,19.1,75.7,3.61,100,29.17,rain,0,0,29.5,14.8,215.2,1015.9,44.4,15.5,202.0,17.3,8,30,2022-07-03T05:38:05,2022-07-03T20:30:40,0.08,"Rain, Partially cloudy",Partly cloudy throughout the day with rain clearing later.,rain,"72407513735,KWWD,74596603726,KMIV,72407093730,WOBN4,KACY",405
55,"Millville, NJ, United States",2022-07-04,29.3,15.7,23.1,28.0,15.7,22.7,11.9,55.7,0.0,0,0.0,,0,0,26.6,16.7,185.7,1020.5,0.0,16.0,338.8,29.3,10,10,2022-07-04T05:38:38,2022-07-04T20:30:28,0.12,Clear,Clear conditions throughout the day.,clear-day,"72407513735,KWWD,74596603726,KMIV,72407093730,WOBN4,KACY",405
56,"Millville, NJ, United States",2022-07-05,28.3,17.2,22.8,29.6,17.2,23.2,18.5,77.9,0.43,100,8.33,rain,0,0,48.6,24.9,255.9,1016.8,28.4,15.5,233.0,20.3,9,10,2022-07-05T05:39:11,2022-07-05T20:30:14,0.17,"Rain, Partially cloudy",Becoming cloudy in the afternoon with late afternoon rain.,rain,"72407513735,KWWD,74596603726,KMIV,72407093730,WOBN4,KACY",405
57,"Millville, NJ, United States",2022-07-06,30.7,21.7,25.8,33.9,21.7,27.1,21.9,80.5,0.65,100,12.5,rain,0,0,33.8,20.3,239.5,1011.2,37.1,14.6,212.1,18.3,8,60,2022-07-06T05:39:46,2022-07-06T20:29:59,0.22,"Rain, Partially cloudy",Partly cloudy throughout the day with late afternoon rain.,rain,"72407513735,KWWD,74596603726,KMIV,72407093730,WOBN4,KACY",405
58,"Millville, NJ, United States",2022-07-07,25.0,21.2,22.6,25.0,21.2,22.6,20.1,86.0,7.01,100,37.5,rain,0,0,37.1,20.4,71.9,1014.1,96.4,14.5,79.3,6.6,3,10,2022-07-07T05:40:22,2022-07-07T20:29:41,0.27,"Rain, Overcast",Cloudy skies throughout the day with a chance of rain throughout the day.,rain,"72407513735,KWWD,74596603726,KMIV,72407093730,WOBN4,KACY",405
59,"Millville, NJ, United States",2022-07-08,28.3,17.2,23.3,30.4,17.2,23.6,19.1,78.5,0.0,0,0.0,,0,0,22.3,9.5,158.0,1016.0,27.5,15.7,285.0,24.8,9,10,2022-07-08T05:40:59,2022-07-08T20:29:22,0.33,Partially cloudy,Clearing in the afternoon.,partly-cloudy-day,"72407513735,KWWD,74596603726,KMIV,72407093730,WOBN4,KACY",405
60,"Millville, NJ, United States",2022-07-09,22.9,19.4,21.9,22.9,19.4,21.9,19.9,89.0,4.7,100,45.83,rain,0,0,31.3,16.4,102.4,1016.2,69.0,14.8,57.2,5.0,2,10,2022-07-09T05:41:37,2022-07-09T20:29:00,0.38,"Rain, Partially cloudy",Partly cloudy throughout the day with a chance of rain throughout the day.,rain,"72407513735,KWWD,74596603726,KMIV,72407093730,WOBN4,KACY",405
61,"Millville, NJ, United States",2022-07-10,26.1,16.2,21.5,26.1,16.2,21.5,15.9,73.4,0.0,0,0.0,rain,0,0,25.9,20.4,129.7,1017.2,17.6,15.9,260.2,22.4,9,10,2022-07-10T05:42:17,2022-07-10T20:28:37,0.42,Clear,Clear conditions throughout the day.,clear-day,"E8711,72407513735,KWWD,74596603726,F7263,KMIV,72407093730,WOBN4,KACY",405
62,"Millville, NJ, United States",2022-07-11,27.8,12.2,20.5,27.5,12.2,20.5,13.4,68.2,0.0,0,0.0,,0,0,27.4,13.1,101.8,1014.6,0.0,16.0,333.5,28.9,10,10,2022-07-11T05:42:57,2022-07-11T20:28:12,0.46,Clear,Clear conditions throughout the day.,clear-day,"72407513735,KWWD,74596603726,F7263,KMIV,72407093730,WOBN4,KACY",405
63,"Millville, NJ, United States",2022-07-12,31.7,20.6,24.8,35.1,20.6,25.7,20.6,79.1,3.33,100,12.5,rain,0,0,73.3,20.4,226.0,1009.7,9.0,16.0,300.0,25.9,9,60,2022-07-12T05:43:39,2022-07-12T20:27:45,0.49,Rain,Clear conditions throughout the day with late afternoon rain.,rain,"E8711,BLAN4,72407513735,KWWD,74596603726,F7263,KMIV,72407093730,WOBN4,KACY",405
64,"Millville, NJ, United States",2022-07-13,32.2,21.2,26.4,33.6,21.2,27.0,20.1,71.5,0.0,0,0.0,rain,0,0,37.1,18.2,246.8,1011.6,9.1,16.0,304.8,26.4,9,60,2022-07-13T05:44:21,2022-07-13T20:27:16,0.5,Clear,Clear conditions throughout the day.,clear-day,"72407513735,KWWD,74596603726,KMIV,72407093730,WOBN4,KACY",405
65,"Millville, NJ, United States",2022-07-14,31.7,20.7,26.3,32.8,20.7,26.8,19.5,70.2,0.0,0,0.0,,0,0,33.4,22.2,286.3,1014.3,12.4,15.6,301.4,25.9,9,75,2022-07-14T05:45:05,2022-07-14T20:26:45,0.51,Clear,Clear conditions throughout the day.,clear-day,"72407513735,KWWD,74596603726,KMIV,72407093730,WOBN4,KACY",405
66,"Millville, NJ, United States",2022-07-15,29.3,18.9,23.3,30.6,18.9,23.6,19.8,81.6,6.27,100,16.67,rain,0,0,33.5,17.8,141.3,1019.2,29.8,15.1,260.2,22.3,9,60,2022-07-15T05:45:49,2022-07-15T20:26:12,0.53,"Rain, Partially cloudy",Becoming cloudy in the afternoon with rain.,rain,"72407513735,KWWD,74596603726,KMIV,72407093730,WOBN4,KACY",405
67,"Millville, NJ, United States",2022-07-16,29.3,20.7,24.1,32.2,20.7,24.8,21.4,86.3,3.13,100,16.67,rain,0,0,26.6,14.8,129.5,1018.5,52.8,9.6,227.8,19.6,8,60,2022-07-16T05:46:34,2022-07-16T20:25:37,0.55,"Rain, Partially cloudy",Partly cloudy throughout the day with late afternoon rain.,rain,"BLAN4,72407513735,KWWD,74596603726,KMIV,72407093730,WOBN4,KACY",405
68,"Millville, NJ, United States",2022-07-17,28.4,20.7,24.6,31.0,20.7,25.3,21.8,85.5,0.45,100,8.33,rain,0,0,31.7,11.2,179.6,1016.5,42.7,14.9,211.8,18.4,7,60,2022-07-17T05:47:20,2022-07-17T20:25:01,0.6,"Rain, Partially cloudy",Partly cloudy throughout the day with early morning rain.,rain,"72407513735,KWWD,74596603726,KMIV,72407093730,WOBN4,KACY",405
69,"Millville, NJ, United States",2022-07-18,31.7,22.9,26.8,36.8,22.9,28.9,23.3,82.4,0.0,0,0.0,rain,0,0,49.6,18.5,212.6,1012.7,19.3,15.7,257.7,22.1,9,100,2022-07-18T05:48:07,2022-07-18T20:24:22,0.65,Clear,Clear conditions throughout the day.,clear-day,"72407513735,KWWD,74596603726,KMIV,72407093730,WOBN4,KACY",405
70,"Millville, NJ, United States",2022-07-19,32.2,22.9,27.1,33.3,22.9,27.7,20.4,70.7,0.0,0,0.0,,0,0,38.9,20.5,265.7,1010.0,10.0,15.6,303.0,26.1,9,30,2022-07-19T05:48:54,2022-07-19T20:23:42,0.7,Clear,Clear conditions throughout the day.,clear-day,"72407513735,KWWD,74596603726,KMIV,72407093730,WOBN4,KACY",405
71,"Millville, NJ, United States",2022-07-20,33.9,22.2,27.8,35.9,22.2,29.4,21.9,73.3,0.0,0,0.0,,0,0,40.7,14.7,253.0,1008.9,0.1,14.9,315.8,27.1,9,60,2022-07-20T05:49:42,2022-07-20T20:23:00,0.75,Clear,Clear conditions throughout the day.,clear-day,"72407513735,KWWD,74596603726,KMIV,72407093730,WOBN4,KACY",405
72,"Millville, NJ, United States",2022-07-21,34.4,25.0,28.7,40.9,25.0,31.7,23.6,75.6,0.0,0,0.0,rain,0,0,40.7,20.5,250.7,1006.1,18.4,16.0,255.3,21.8,9,100,2022-07-21T05:50:31,2022-07-21T20:22:17,0.8,Clear,Clear conditions throughout the day.,clear-day,"72407513735,KWWD,74596603726,KMIV,72407093730,WOBN4,KACY",405
73,"Millville, NJ, United States",2022-07-22,35.0,22.9,28.7,35.8,22.9,29.9,21.0,67.3,0.0,0,0.0,,0,0,37.1,22.3,272.2,1011.9,7.0,15.2,305.4,26.2,9,60,2022-07-22T05:51:21,2022-07-22T20:21:31,0.85,Clear,Clear conditions throughout the day.,clear-day,"72407513735,KWWD,74596603726,KMIV,72407093730,WOBN4,KACY",405
74,"Millville, NJ, United States",2022-07-23,35.6,22.3,28.8,37.2,22.3,30.1,21.0,67.3,0.0,0,0.0,,0,0,31.7,16.6,248.7,1016.0,9.5,15.3,312.2,27.0,10,75,2022-07-23T05:52:11,2022-07-23T20:20:44,0.89,Clear,Clear conditions throughout the day.,clear-day,"72407513735,KWWD,74596603726,KMIV,72407093730,WOBN4,KACY",405
75,"Millville, NJ, United States",2022-07-24,35.0,21.2,28.5,39.4,21.2,31.0,21.9,70.4,0.0,0,0.0,,0,0,38.9,16.7,213.1,1016.4,0.1,15.7,294.9,25.5,9,100,2022-07-24T05:53:01,2022-07-24T20:19:55,0.93,Clear,Clear conditions throughout the day.,clear-day,"72407513735,KWWD,74596603726,KMIV,72407093730,WOBN4,KACY",405
76,"Millville, NJ, United States",2022-07-25,32.2,24.4,28.7,38.6,24.4,32.6,23.8,75.6,2.91,100,25.0,rain,0,0,63.0,20.4,224.1,1013.2,23.0,16.0,240.8,20.7,8,100,2022-07-25T05:53:52,2022-07-25T20:19:05,0.96,"Rain, Partially cloudy",Becoming cloudy in the afternoon with rain.,rain,"72407513735,KWWD,74596603726,KMIV,72407093730,WOBN4,KACY",405
77,"Millville, NJ, United States",2022-07-26,26.1,22.2,24.3,26.1,22.2,24.3,21.0,83.0,0.03,100,4.17,rain,0,0,25.9,14.7,154.5,1015.6,43.0,15.9,90.1,7.8,4,30,2022-07-26T05:54:44,2022-07-26T20:18:13,0.98,"Rain, Partially cloudy",Partly cloudy throughout the day with afternoon rain.,rain,"BLAN4,72407513735,KWWD,74596603726,KMIV,72407093730,WOBN4,KACY",405
78,"Millville, NJ, United States",2022-07-27,29.3,21.7,25.2,31.5,21.7,26.0,21.2,79.8,0.05,100,12.5,rain,0,0,27.7,13.0,146.7,1014.0,65.8,15.0,254.2,22.0,9,10,2022-07-27T05:55:36,2022-07-27T20:17:19,1.0,"Rain, Partially cloudy",Partly cloudy throughout the day with rain clearing later.,rain,"BLAN4,72407513735,KWWD,74596603726,F7263,KMIV,72407093730,WOBN4,KACY",405
79,"Millville, NJ, United States",2022-07-28,32.9,22.9,27.9,36.6,22.9,30.1,22.9,76.5,0.79,100,4.17,rain,0,0,38.5,20.5,280.0,1011.0,16.5,15.8,252.7,21.7,9,60,2022-07-28T05:56:28,2022-07-28T20:16:24,1.0,Rain,Clear conditions throughout the day with late afternoon rain.,rain,"72407513735,KWWD,74596603726,KMIV,72407093730,WOBN4,KACY",405
80,"Millville, NJ, United States",2022-07-29,30.6,21.8,25.7,33.4,21.8,26.7,21.8,80.1,0.0,0,0.0,rain,0,0,37.1,14.8,206.4,1012.9,30.8,16.0,137.4,12.0,6,30,2022-07-29T05:57:21,2022-07-29T20:15:27,0.0,Partially cloudy,Becoming cloudy in the afternoon.,partly-cloudy-day,"72407513735,KWWD,74596603726,KMIV,72407093730,WOBN4,KACY",405
81,"Millville, NJ, United States",2022-07-30,31.7,20.7,26.4,31.3,20.7,26.2,17.5,63.1,1.96,100,4.17,rain,0,0,40.7,20.5,300.0,1017.2,32.8,15.9,312.0,27.0,10,10,2022-07-30T05:58:14,2022-07-30T20:14:28,0.01,"Rain, Partially cloudy",Clearing in the afternoon with early morning rain.,rain,"72407513735,KWWD,74596603726,KMIV,72407093730,WOBN4,KACY",405
82,"Millville, NJ, United States",2022-07-31,31.7,17.3,24.4,31.1,17.3,24.6,18.2,72.3,0.0,0,0.0,,0,0,34.2,13.0,185.0,1020.5,22.8,15.8,224.5,19.5,7,10,2022-07-31T05:59:08,2022-07-31T20:13:28,0.04,Partially cloudy,Partly cloudy throughout the day.,partly-cloudy-day,"72407513735,KWWD,74596603726,KMIV,72407093730,WOBN4,KACY",405
83,"Millville, NJ, United States",2022-08-01,27.8,20.7,23.5,29.5,20.7,23.8,20.7,85.5,2.95,100,12.5,rain,0,0,25.9,14.7,200.9,1014.2,78.1,14.7,137.6,12.0,7,10,2022-08-01T06:00:02,2022-08-01T20:12:27,0.07,"Rain, Partially cloudy",Partly cloudy throughout the day with early morning rain.,rain,"BLAN4,72407513735,KWWD,74596603726,KMIV,72407093730,WOBN4,KACY",405
84,"Millville, NJ, United States",2022-08-02,32.2,20.7,26.6,35.3,20.7,27.9,21.2,75.1,5.0,100,8.33,rain,0,0,38.9,22.2,274.0,1011.0,16.8,15.9,299.7,25.9,9,75,2022-08-02T06:00:56,2022-08-02T20:11:24,0.1,Rain,Clear conditions throughout the day with early morning rain.,rain,"72407513735,KWWD,74596603726,KMIV,72407093730,WOBN4,KACY",405
85,"Millville, NJ, United States",2022-08-03,33.3,20.1,26.8,34.6,20.1,27.3,19.2,66.7,0.0,0,0.0,,0,0,37.1,14.7,263.3,1015.1,1.1,15.8,303.5,26.4,9,30,2022-08-03T06:01:50,2022-08-03T20:10:20,0.14,Clear,Clear conditions throughout the day.,clear-day,"72407513735,KWWD,74596603726,KMIV,72407093730,WOBN4,KACY",405
86,"Millville, NJ, United States",2022-08-04,33.8,19.4,26.5,38.9,19.4,28.9,21.9,78.5,4.2,100,8.33,rain,0,0,55.9,27.4,201.3,1017.7,23.8,14.4,297.5,25.7,9,100,2022-08-04T06:02:45,2022-08-04T20:09:14,0.2,"Rain, Partially cloudy",Partly cloudy throughout the day with late afternoon rain.,rain,"72407513735,KWWD,74596603726,KMIV,72407093730,WOBN4,KACY",405
87,"Millville, NJ, United States",2022-08-05,31.2,21.7,26.0,35.5,21.7,27.6,22.1,80.8,1.9,100,8.33,rain,0,0,38.9,13.0,232.1,1020.7,18.0,16.0,289.3,24.9,9,30,2022-08-05T06:03:39,2022-08-05T20:08:07,0.25,Rain,Clear conditions throughout the day with early morning rain.,rain,"BLAN4,72407513735,KWWD,74596603726,KMIV,72407093730,WOBN4,KACY",405
88,"Millville, NJ, United States",2022-08-06,31.2,21.7,26.1,35.5,21.7,27.6,22.4,81.0,0.0,0,0.0,,0,0,42.5,15.0,260.5,1023.1,15.3,15.7,253.3,22.0,9,60,2022-08-06T06:04:34,2022-08-06T20:06:58,0.31,Clear,Clear conditions throughout the day.,clear-day,"72407513735,KWWD,74596603726,KMIV,72407093730,WOBN4,KACY",405
89,"Millville, NJ, United States",2022-08-07,32.2,24.3,27.8,35.6,24.3,29.8,23.0,76.5,0.0,0,0.0,,0,0,37.1,20.5,241.3,1021.8,7.5,15.8,285.5,24.5,9,75,2022-08-07T06:05:29,2022-08-07T20:05:48,0.36,Clear,Clear conditions throughout the day.,clear-day,"72407513735,KWWD,74596603726,KMIV,72407093730,WOBN4,KACY",405
90,"Millville, NJ, United States",2022-08-08,33.3,24.3,28.6,38.7,24.3,31.6,23.7,76.8,0.0,0,0.0,,0,0,38.1,20.6,229.9,1017.1,17.7,15.9,301.3,26.1,9,60,2022-08-08T06:06:24,2022-08-08T20:04:37,0.41,Clear,Clear conditions throughout the day.,clear-day,"72407513735,KWWD,74596603726,KMIV,72407093730,WOBN4,KACY",405
91,"Millville, NJ, United States",2022-08-09,35.7,26.7,30.5,41.9,29.4,35.0,23.5,68.1,0.0,0,0.0,rain,0,0,37.1,24.1,252.8,1014.3,9.7,16.0,295.4,25.6,9,75,2022-08-09T06:07:20,2022-08-09T20:03:25,0.45,Clear,Clear conditions throughout the day.,clear-day,"BLAN4,72407513735,KWWD,74596603726,KMIV,72407093730,WOBN4,KACY",405
92,"Millville, NJ, United States",2022-08-10,34.3,23.4,28.1,37.8,23.4,29.9,22.3,73.5,0.03,100,4.17,rain,0,0,59.2,20.5,242.9,1016.0,34.2,15.9,185.8,16.1,6,60,2022-08-10T06:08:15,2022-08-10T20:02:11,0.48,"Rain, Partially cloudy",Becoming cloudy in the afternoon with late afternoon rain.,rain,"72407513735,KWWD,74596603726,KMIV,72407093730,WOBN4,KACY",405
93,"Millville, NJ, United States",2022-08-11,31.6,21.2,25.7,33.4,21.2,26.4,21.0,78.2,6.46,100,25.0,rain,0,0,27.7,18.3,283.6,1012.8,54.3,15.3,154.2,13.3,6,30,2022-08-11T06:09:10,2022-08-11T20:00:56,0.5,"Rain, Partially cloudy",Partly cloudy throughout the day with rain clearing later.,rain,"72407513735,KWWD,74596603726,KMIV,72407093730,WOBN4,KACY",405
94,"Millville, NJ, United States",2022-08-12,30.6,16.7,23.8,29.4,16.7,23.8,15.1,60.0,0.0,0,0.0,rain,0,0,32.4,22.2,202.3,1014.8,26.1,16.0,158.9,13.6,6,30,2022-08-12T06:10:06,2022-08-12T19:59:40,0.5,Partially cloudy,Partly cloudy throughout the day.,partly-cloudy-day,"72407513735,KWWD,74596603726,F7263,KMIV,72407093730,WOBN4,KACY",405
95,"Millville, NJ, United States",2022-08-13,28.8,14.4,21.2,27.5,14.4,21.0,10.1,53.7,0.0,0,0.0,,0,0,39.6,20.4,192.5,1018.4,0.0,16.0,188.2,16.1,9,10,2022-08-13T06:11:01,2022-08-13T19:58:23,0.52,Clear,Clear conditions throughout the day.,clear-day,"72407513735,KWWD,74596603726,F7263,KMIV,72407093730,WOBN4,KACY",405
96,"Millville, NJ, United States",2022-08-14,28.3,15.0,21.1,27.3,15.0,20.9,13.2,66.1,0.0,0,0.0,,0,0,29.5,15.5,105.1,1017.5,0.0,16.0,105.5,9.0,7,10,2022-08-14T06:11:57,2022-08-14T19:57:05,0.54,Clear,Clear conditions throughout the day.,clear-day,"72407513735,KWWD,74596603726,F7263,KMIV,72407093730,KACY",405
97,"Millville, NJ, United States",2022-08-15,26.7,16.2,20.9,26.9,16.2,20.9,14.3,69.5,0.58,100,8.33,rain,0,0,36.2,22.3,173.5,1015.1,26.9,16.0,213.6,18.5,9,10,2022-08-15T06:12:52,2022-08-15T19:55:46,0.58,"Rain, Partially cloudy",Partly cloudy throughout the day with morning rain.,rain,"72407513735,KWWD,74596603726,F7263,KMIV,72407093730,WOBN4,KACY",405
98,"Millville, NJ, United States",2022-08-16,27.2,13.9,20.8,27.1,13.9,20.8,13.7,67.2,0.0,0,0.0,,0,0,38.9,22.3,166.9,1015.2,25.9,16.0,280.6,24.3,10,10,2022-08-16T06:13:48,2022-08-16T19:54:25,0.62,Partially cloudy,Partly cloudy throughout the day.,partly-cloudy-day,"72407513735,KWWD,74596603726,KMIV,72407093730,WOBN4,KACY",405
99,"Millville, NJ, United States",2022-08-17,27.2,15.0,20.8,27.1,15.0,20.8,14.3,69.8,0.0,0,0.0,rain,0,0,25.9,16.6,186.4,1015.4,30.8,16.0,241.3,20.9,7,30,2022-08-17T06:14:44,2022-08-17T19:53:04,0.67,Partially cloudy,Partly cloudy throughout the day.,partly-cloudy-day,"72407513735,KWWD,74596603726,KMIV,72407093730,WOBN4,KACY",405
100,"Millville, NJ, United States",2022-08-18,29.3,13.4,21.8,29.0,13.4,21.8,15.3,71.6,0.0,0,0.0,,0,0,35.3,25.7,287.2,1014.0,8.7,16.0,273.2,23.5,9,30,2022-08-18T06:15:39,2022-08-18T19:51:42,0.72,Clear,Clear conditions throughout the day.,clear-day,"72407513735,KWWD,74596603726,F7263,KMIV,72407093730,WOBN4,KACY",405
101,"Millville, NJ, United States",2022-08-19,31.1,16.8,24.3,31.1,16.8,24.4,17.6,70.3,0.0,0,0.0,rain,0,0,35.3,14.9,259.9,1018.1,11.2,14.8,257.7,22.3,8,60,2022-08-19T06:16:35,2022-08-19T19:50:19,0.77,Clear,Clear conditions throughout the day.,clear-day,"72407513735,KWWD,74596603726,KMIV,72407093730,WOBN4,KACY",405
102,"Millville, NJ, United States",2022-08-20,31.7,18.9,24.6,32.2,18.9,24.7,17.7,69.5,0.0,0,0.0,,0,0,29.5,16.6,137.9,1020.7,1.2,15.8,284.3,24.6,9,30,2022-08-20T06:17:30,2022-08-20T19:48:54,0.82,Clear,Clear conditions throughout the day.,clear-day,"72407513735,KWWD,74596603726,KMIV,72407093730,WOBN4,KACY",405
103,"Millville, NJ, United States",2022-08-21,28.9,16.7,23.2,30.3,16.7,23.7,19.5,81.6,0.0,0,0.0,rain,0,0,27.7,18.3,84.1,1018.7,31.3,13.3,184.2,15.9,7,60,2022-08-21T06:18:26,2022-08-21T19:47:29,0.86,Partially cloudy,Partly cloudy throughout the day.,partly-cloudy-day,"72407513735,KWWD,74596603726,KMIV,72407093730,WOBN4,KACY",405
104,"Millville, NJ, United States",2022-08-22,29.3,22.2,24.7,31.8,22.2,25.3,22.6,89.4,20.89,100,33.33,rain,0,0,29.5,11.4,143.1,1012.3,60.6,14.2,183.1,15.6,8,75,2022-08-22T06:19:21,2022-08-22T19:46:03,0.9,"Rain, Partially cloudy",Partly cloudy throughout the day with rain clearing later.,rain,"72407513735,KWWD,74596603726,KMIV,72407093730,WOBN4,KACY",405
105,"Millville, NJ, United States",2022-08-23,30.6,20.0,24.6,31.7,20.0,25.1,20.2,79.4,1.76,100,4.17,rain,0,0,35.3,25.8,309.5,1010.5,47.6,13.9,245.0,21.0,8,60,2022-08-23T06:20:17,2022-08-23T19:44:37,0.94,"Rain, Partially cloudy",Partly cloudy throughout the day with early morning rain.,rain,"72407513735,KWWD,74596603726,KMIV,72407093730,WOBN4,KACY",405
106,"Millville, NJ, United States",2022-08-24,31.7,17.9,24.2,31.1,17.9,24.3,17.4,71.0,0.0,0,0.0,,0,0,35.3,20.4,309.6,1014.9,0.2,15.7,272.9,23.5,8,60,2022-08-24T06:21:12,2022-08-24T19:43:09,0.97,Clear,Clear conditions throughout the day.,clear-day,"72407513735,KWWD,74596603726,KMIV,72407093730,WOBN4,KACY",405
107,"Millville, NJ, United States",2022-08-25,33.3,16.8,24.9,32.9,16.8,24.9,17.2,67.3,0.0,0,0.0,,0,0,33.5,16.6,260.5,1017.1,5.4,15.7,244.9,21.2,8,30,2022-08-25T06:22:07,2022-08-25T19:41:41,0.99,Clear,Clear conditions throughout the day.,clear-day,"72407513735,KWWD,74596603726,KMIV,72407093730,WOBN4,KACY",405
108,"Millville, NJ, United States",2022-08-26,30.7,21.7,25.8,33.9,21.7,27.0,21.8,79.7,8.41,100,8.33,rain,0,0,40.7,14.8,270.8,1014.4,17.1,15.5,252.0,21.7,9,75,2022-08-26T06:23:03,2022-08-26T19:40:12,1.0,Rain,Clear conditions throughout the day with afternoon rain.,rain,"72407513735,KWWD,74596603726,KMIV,72407093730,WOBN4,KACY",405
109,"Millville, NJ, United States",2022-08-27,31.1,20.7,25.3,34.4,20.7,26.2,21.1,80.1,0.0,0,0.0,rain,0,0,23.8,14.8,162.3,1015.1,21.2,14.0,223.3,19.3,8,75,2022-08-27T06:23:58,2022-08-27T19:38:42,0.0,Partially cloudy,Partly cloudy throughout the day.,partly-cloudy-day,"72407513735,KWWD,74596603726,KMIV,72407093730,WOBN4,KACY",405
110,"Millville, NJ, United States",2022-08-28,28.8,22.2,24.6,33.2,22.2,25.3,22.8,90.3,5.32,100,12.5,rain,0,0,31.7,20.4,100.3,1019.1,75.2,11.4,184.3,15.8,7,75,2022-08-28T06:24:53,2022-08-28T19:37:12,0.01,"Rain, Partially cloudy",Partly cloudy throughout the day with afternoon rain.,rain,"72407513735,KWWD,74596603726,KMIV,72407093730,WOBN4,KACY",405
111,"Millville, NJ, United States",2022-08-29,31.1,21.7,25.2,34.9,21.7,26.4,22.0,84.2,0.0,0,0.0,,0,0,27.8,16.6,86.1,1019.2,27.0,11.5,254.1,22.0,8,60,2022-08-29T06:25:48,2022-08-29T19:35:40,0.02,Partially cloudy,Partly cloudy throughout the day.,partly-cloudy-day,"72407513735,KWWD,74596603726,KMIV,72407093730,WOBN4,KACY",405
112,"Millville, NJ, United States",2022-08-30,31.1,21.7,25.7,34.9,21.7,27.0,22.6,84.6,10.3,100,16.67,rain,0,0,72.2,44.2,177.8,1012.5,40.7,14.6,260.6,22.5,9,75,2022-08-30T06:26:43,2022-08-30T19:34:09,0.05,"Rain, Partially cloudy",Clearing in the afternoon with late afternoon rain.,rain,"72407513735,KWWD,74596603726,KMIV,72407093730,WOBN4,KACY",405
113,"Millville, NJ, United States",2022-08-31,28.9,18.9,23.8,28.8,18.9,23.9,17.9,73.2,0.0,0,0.0,,0,0,37.1,25.8,273.0,1010.6,12.9,15.8,272.8,23.7,8,10,2022-08-31T06:27:38,2022-08-31T19:32:37,0.09,Clear,Clear conditions throughout the day.,clear-day,"72407513735,KWWD,74596603726,KMIV,72407093730,WOBN4,KACY",405
114,"Millville, NJ, United States",2022-09-01,30.0,15.1,22.4,29.4,15.1,22.3,15.3,68.9,0.0,0,0.0,,0,0,35.3,31.3,253.8,1014.8,0.0,16.0,280.4,24.0,9,10,2022-09-01T06:28:33,2022-09-01T19:31:04,0.13,Clear,Clear conditions throughout the day.,clear-day,"72407513735,KWWD,74596603726,KMIV,72407093730,WOBN4,KACY",405
115,"Millville, NJ, United States",2022-09-02,28.8,16.8,21.9,28.3,16.8,21.9,14.7,65.7,0.0,0,0.0,,0,0,37.1,20.5,71.6,1022.1,3.6,16.0,271.4,23.4,9,10,2022-09-02T06:29:28,2022-09-02T19:29:30,0.18,Clear,Clear conditions throughout the day.,clear-day,"72407513735,KWWD,74596603726,KMIV,72407093730,WOBN4,KACY",405
116,"Millville, NJ, United States",2022-09-03,28.8,16.2,22.1,29.6,16.2,22.4,18.0,79.5,0.0,0,0.0,rain,0,0,27.7,13.0,110.3,1023.7,18.3,16.0,232.1,20.0,8,10,2022-09-03T06:30:23,2022-09-03T19:27:56,0.24,Clear,Clear conditions throughout the day.,clear-day,"72407513735,KWWD,74596603726,KMIV,72407093730,WOBN4,KACY",405
117,"Millville, NJ, United States",2022-09-04,30.6,17.9,23.8,32.6,17.9,24.3,19.1,77.3,0.0,0,0.0,,0,0,33.5,13.0,131.8,1020.1,7.5,16.0,255.7,22.1,8,30,2022-09-04T06:31:18,2022-09-04T19:26:22,0.29,Clear,Clear conditions throughout the day.,clear-day,"72407513735,KWWD,74596603726,KMIV,72407093730,WOBN4,KACY",405
118,"Millville, NJ, United States",2022-09-05,29.3,18.9,24.0,29.9,18.9,24.4,19.9,79.5,0.0,0,0.0,rain,0,0,27.0,16.6,174.5,1018.4,8.4,16.0,182.7,15.8,8,30,2022-09-05T06:32:12,2022-09-05T19:24:47,0.35,Clear,Clear conditions throughout the day.,clear-day,"BLAN4,72407513735,KWWD,74596603726,KMIV,72407093730,WOBN4,KACY",405
119,"Millville, NJ, United States",2022-09-06,23.9,21.1,21.9,23.9,21.1,21.9,20.9,94.0,73.34,100,54.17,rain,0,0,51.8,31.5,62.9,1014.1,85.8,12.5,32.3,2.7,2,30,2022-09-06T06:33:07,2022-09-06T19:23:12,0.4,"Rain, Partially cloudy",Partly cloudy throughout the day with rain.,rain,"72407513735,KWWD,74596603726,F7263,KMIV,72407093730,WOBN4,KACY",405
120,"Millville, NJ, United States",2022-09-07,21.7,19.4,20.7,21.7,19.4,20.7,19.5,92.6,2.42,100,41.67,rain,0,0,40.7,25.9,53.0,1013.8,97.7,13.1,50.7,4.3,2,10,2022-09-07T06:34:02,2022-09-07T19:21:37,0.44,"Rain, Overcast",Cloudy skies throughout the day with a chance of rain throughout the day.,rain,"72407513735,KWWD,74596603726,KMIV,72407093730,WOBN4,KACY",405
121,"Millville, NJ, United States",2022-09-08,25.6,15.7,20.6,25.6,15.7,20.6,16.5,79.1,0.0,0,0.0,,0,0,34.4,22.3,136.1,1012.6,65.9,15.9,166.4,14.3,5,10,2022-09-08T06:34:57,2022-09-08T19:20:01,0.47,Partially cloudy,Partly cloudy throughout the day.,partly-cloudy-day,"72407513735,KWWD,74596603726,KMIV,72407093730,WOBN4,KACY",405
122,"Millville, NJ, United States",2022-09-09,26.7,13.9,19.6,26.7,13.9,19.6,14.9,77.4,0.0,0,0.0,,0,0,35.3,18.4,127.8,1017.2,0.1,16.0,266.2,23.1,9,10,2022-09-09T06:35:52,2022-09-09T19:18:24,0.49,Clear,Clear conditions throughout the day.,clear-day,"72407513735,KWWD,74596603726,KMIV,72407093730,WOBN4,KACY",405
123,"Millville, NJ, United States",2022-09-10,26.7,13.4,20.0,27.5,13.4,20.1,16.0,80.0,0.0,0,0.0,,0,0,14.8,11.2,81.2,1023.1,7.1,15.3,242.4,20.9,8,10,2022-09-10T06:36:46,2022-09-10T19:16:48,0.5,Clear,Clear conditions throughout the day.,clear-day,"72407513735,KWWD,74596603726,KMIV,72407093730,WOBN4,KACY",405
124,"Millville, NJ, United States",2022-09-11,25.7,19.4,22.0,25.7,19.4,22.0,20.5,91.9,3.74,100,41.67,rain,0,0,37.8,18.2,95.6,1019.2,84.9,14.7,69.3,6.0,3,10,2022-09-11T06:37:41,2022-09-11T19:15:11,0.51,"Rain, Partially cloudy",Partly cloudy throughout the day with rain.,rain,"72407513735,KWWD,74596603726,KMIV,72407093730,WOBN4,KACY",405
125,"Millville, NJ, United States",2022-09-12,28.8,22.9,24.8,31.6,22.9,25.3,22.6,88.9,1.93,100,16.67,rain,0,0,24.8,11.3,208.1,1010.5,72.4,14.4,184.0,15.8,7,60,2022-09-12T06:38:36,2022-09-12T19:13:34,0.53,"Rain, Partially cloudy",Partly cloudy throughout the day with rain.,rain,"72407513735,KWWD,74596603726,KMIV,72407093730,WOBN4,KACY",405
126,"Millville, NJ, United States",2022-09-13,27.8,15.8,23.0,28.7,15.8,23.2,19.6,83.1,1.04,100,16.67,rain,0,0,47.9,18.4,276.6,1008.4,39.3,15.6,220.3,19.0,8,30,2022-09-13T06:39:31,2022-09-13T19:11:57,0.56,"Rain, Partially cloudy",Partly cloudy throughout the day with rain clearing later.,rain,"72407513735,KWWD,74596603726,KMIV,72407093730,WOBN4,KACY",405
127,"Millville, NJ, United States",2022-09-14,26.7,13.4,19.4,26.8,13.4,19.4,13.9,73.1,0.0,0,0.0,,0,0,38.9,18.3,287.8,1015.2,0.0,16.0,257.4,22.3,8,10,2022-09-14T06:40:26,2022-09-14T19:10:19,0.6,Clear,Clear conditions throughout the day.,clear-day,"72407513735,KWWD,74596603726,KMIV,72407093730,WOBN4,KACY",405
128,"Millville, NJ, United States",2022-09-15,24.3,12.2,18.8,24.3,12.2,18.8,12.8,72.3,0.0,0,0.0,,0,0,31.7,18.4,259.1,1020.4,1.1,16.0,245.7,21.2,8,10,2022-09-15T06:41:21,2022-09-15T19:08:42,0.64,Clear,Clear conditions throughout the day.,clear-day,"72407513735,KWWD,74596603726,KMIV,72407093730,WOBN4,KACY",405
129,"Millville, NJ, United States",2022-09-16,25.0,7.9,15.9,25.0,7.9,15.9,10.5,74.4,0.0,0,0.0,,0,0,19.8,14.7,256.9,1022.3,0.0,16.0,228.9,19.8,8,10,2022-09-16T06:42:15,2022-09-16T19:07:04,0.69,Clear,Clear conditions throughout the day.,clear-day,"72407513735,KWWD,74596603726,KMIV,72407093730,WOBN4,KACY",405
130,"Millville, NJ, United States",2022-09-17,27.1,12.2,19.0,27.3,12.2,19.0,14.2,76.8,0.0,0,0.0,,0,0,18.0,13.0,122.1,1023.2,0.1,16.0,218.5,18.9,8,10,2022-09-17T06:43:11,2022-09-17T19:05:26,0.74,Clear,Clear conditions throughout the day.,clear-day,"72407513735,KWWD,74596603726,KMIV,72407093730,WOBN4,KACY",405
131,"Millville, NJ, United States",2022-09-18,27.8,13.4,20.4,28.3,13.4,20.5,16.2,79.2,0.0,0,0.0,,0,0,29.5,16.6,270.5,1019.3,6.2,15.8,226.5,19.7,8,10,2022-09-18T06:44:06,2022-09-18T19:03:49,0.78,Clear,Clear conditions throughout the day.,clear-day,"72407513735,KWWD,74596603726,KMIV,72407093730,WOBN4,KACY",405
132,"Millville, NJ, United States",2022-09-19,28.9,16.8,22.8,30.6,16.8,23.2,18.2,77.5,0.0,0,0.0,,0,0,38.9,15.0,275.5,1014.1,9.6,15.8,227.4,19.7,8,30,2022-09-19T06:45:01,2022-09-19T19:02:11,0.83,Clear,Clear conditions throughout the day.,clear-day,"72407513735,KWWD,74596603726,KMIV,72407093730,WOBN4,KACY",405
133,"Millville, NJ, United States",2022-09-20,27.8,15.7,21.7,27.5,15.7,21.7,15.5,71.5,0.0,0,0.0,,0,0,42.3,24.0,294.0,1012.9,1.2,15.8,242.9,20.9,8,30,2022-09-20T06:45:56,2022-09-20T19:00:33,0.87,Clear,Clear conditions throughout the day.,clear-day,"72407513735,KWWD,74596603726,KMIV,72407093730,WOBN4,KACY",405
134,"Millville, NJ, United States",2022-09-21,26.7,11.8,19.8,27.2,11.8,19.9,15.2,77.4,0.0,0,0.0,,0,0,26.6,16.4,173.2,1013.7,4.8,15.9,238.5,20.7,8,10,2022-09-21T06:46:52,2022-09-21T18:58:55,0.91,Clear,Clear conditions throughout the day.,clear-day,"72407513735,KWWD,74596603726,KMIV,72407093730,WOBN4,KACY",405
135,"Millville, NJ, United States",2022-09-22,26.7,15.7,20.9,28.4,15.7,20.9,17.2,80.2,5.89,100,20.83,rain,0,0,42.8,24.0,275.5,1005.8,32.3,14.9,101.5,8.7,6,10,2022-09-22T06:47:47,2022-09-22T18:57:17,0.95,"Rain, Partially cloudy",Partly cloudy throughout the day with afternoon rain.,rain,"72407513735,KWWD,74596603726,KMIV,72407093730,WOBN4,KACY",405
136,"Millville, NJ, United States",2022-09-23,18.4,11.2,14.1,18.4,11.2,14.1,4.2,53.0,0.0,0,0.0,,0,0,48.9,29.5,315.5,1014.0,2.4,16.0,247.7,21.3,8,10,2022-09-23T06:48:43,2022-09-23T18:55:39,0.97,Clear,Clear conditions throughout the day.,clear-day,"72407513735,KWWD,74596603726,KMIV,72407093730,WOBN4,KACY",405
137,"Millville, NJ, United States",2022-09-24,20.0,4.0,12.2,20.0,2.7,11.8,5.8,67.5,0.0,0,0.0,,0,0,31.7,18.3,301.7,1017.2,5.3,16.0,187.2,16.1,7,10,2022-09-24T06:49:39,2022-09-24T18:54:02,0.99,Clear,Clear conditions throughout the day.,clear-day,"72407513735,KWWD,74596603726,KMIV,72407093730,WOBN4,KACY",405
138,"Millville, NJ, United States",2022-09-25,25.0,12.9,18.3,25.0,12.9,18.3,14.2,78.3,0.69,100,8.33,rain,0,0,40.5,16.6,247.0,1007.8,48.3,16.0,177.8,15.3,8,30,2022-09-25T06:50:35,2022-09-25T18:52:24,1.0,"Rain, Partially cloudy",Partly cloudy throughout the day with rain.,rain,"72407513735,KWWD,74596603726,KMIV,72407093730,WOBN4,KACY",405
139,"Millville, NJ, United States",2022-09-26,25.0,11.3,18.5,25.0,11.3,18.5,13.2,74.1,0.0,0,0.0,,0,0,38.9,18.4,253.0,1007.0,35.3,15.0,228.8,19.5,8,10,2022-09-26T06:51:31,2022-09-26T18:50:47,0.0,Partially cloudy,Becoming cloudy in the afternoon.,partly-cloudy-day,"72407513735,KWWD,74596603726,KMIV,72407093730,WOBN4,KACY",405
140,"Millville, NJ, United States",2022-09-27,22.8,9.0,16.1,22.8,8.5,16.1,8.3,63.7,0.0,0,0.0,,0,0,46.3,25.8,287.4,1012.3,16.6,16.0,219.8,18.9,8,10,2022-09-27T06:52:27,2022-09-27T18:49:10,0.01,Clear,Clear conditions throughout the day.,clear-day,"72407513735,KWWD,74596603726,KMIV,72407093730,WOBN4,KACY",405
141,"Millville, NJ, United States",2022-09-28,21.1,6.8,13.4,21.1,4.9,13.0,8.2,72.6,0.0,0,0.0,,0,0,27.0,20.4,286.5,1020.3,17.2,16.0,218.5,18.8,8,10,2022-09-28T06:53:24,2022-09-28T18:47:33,0.04,Clear,Clear conditions throughout the day.,clear-day,"72407513735,KWWD,74596603726,KMIV,72407093730,WOBN4,KACY",405
142,"Millville, NJ, United States",2022-09-29,19.9,11.7,15.2,19.9,11.7,15.2,8.6,66.3,0.0,0,0.0,,0,0,44.6,24.1,169.3,1026.0,6.8,16.0,181.5,15.6,6,10,2022-09-29T06:54:20,2022-09-29T18:45:56,0.07,Clear,Clear conditions throughout the day.,clear-day,"72407513735,KWWD,74596603726,KMIV,72407093730,WOBN4,KACY",405
143,"Millville, NJ, United States",2022-09-30,18.7,11.2,14.8,18.7,11.2,14.8,10.3,74.8,1.6,100,20.83,rain,0,0,50.0,26.0,51.6,1022.9,41.4,17.6,61.8,5.3,2,10,2022-09-30T06:55:17,2022-09-30T18:44:20,0.12,"Rain, Partially cloudy",Partly cloudy throughout the day with late afternoon rain.,rain,"KWWD,KMIV,WOBN4,KACY",405
