,name,datetime,tempmax,tempmin,temp,feelslikemax,feelslikemin,feelslike,dew,humidity,precip,precipprob,precipcover,preciptype,snow,snowdepth,windgust,windspeed,winddir,sealevelpressure,cloudcover,visibility,solarradiation,solarenergy,uvindex,severerisk,sunrise,sunset,moonphase,conditions,description,icon,stations,skey
0,"Vineland, NJ, United States",2022-05-10,21.4,10.7,15.7,21.4,10.7,15.7,-2.5,28.7,0.0,0,0.0,,0,0,59.4,37.3,43.5,1024.8,58.2,16.0,299.3,25.8,10,10,2022-05-10T05:50:58,2022-05-10T20:02:42,0.32,Partially cloudy,Partly cloudy throughout the day.,partly-cloudy-day,"72408013739,BLAN4,72407513735,KPHL,KMIV,72407093730,KACY",406
1,"Vineland, NJ, United States",2022-05-11,20.0,11.6,15.3,20.0,11.6,15.3,4.9,51.6,0.0,0,0.0,,0,0,53.6,33.1,43.6,1023.6,46.5,16.0,163.4,14.0,6,10,2022-05-11T05:49:57,2022-05-11T20:03:39,0.37,Partially cloudy,Partly cloudy throughout the day.,partly-cloudy-day,"72408013739,BLAN4,72407513735,KPHL,KMIV,72407093730,KACY",406
2,"Vineland, NJ, United States",2022-05-12,21.4,12.9,16.7,21.4,12.9,16.7,13.5,82.3,0.06,100,8.33,rain,0,0,44.6,23.0,57.6,1023.9,90.4,15.0,183.6,15.9,7,10,2022-05-12T05:48:58,2022-05-12T20:04:36,0.41,"Rain, Overcast",Cloudy skies throughout the day with early morning rain.,rain,"72408013739,BLAN4,72407513735,KPHL,KMIV,72407093730,KACY",406
3,"Vineland, NJ, United States",2022-05-13,22.3,14.3,17.8,22.3,14.3,17.8,16.2,90.7,4.67,100,29.17,rain,0,0,33.5,16.9,80.5,1022.7,93.9,10.5,130.8,11.2,4,30,2022-05-13T05:48:00,2022-05-13T20:05:32,0.45,"Rain, Overcast",Cloudy skies throughout the day with rain in the morning and afternoon.,rain,"72408013739,BLAN4,72407513735,KPHL,KMIV,72407093730,KACY",406
4,"Vineland, NJ, United States",2022-05-14,18.9,16.0,17.4,18.9,16.0,17.4,16.8,96.3,8.17,100,25.0,rain,0,0,23.4,10.8,104.3,1017.6,80.4,5.9,51.7,4.3,2,10,2022-05-14T05:47:04,2022-05-14T20:06:28,0.48,"Rain, Partially cloudy",Partly cloudy throughout the day with afternoon rain.,rain,"72408013739,BLAN4,72407513735,KPHL,KMIV,72407093730,KACY",406
5,"Vineland, NJ, United States",2022-05-15,25.2,15.2,19.5,25.2,15.2,19.5,16.3,83.2,0.0,0,0.0,rain,0,0,37.1,17.8,191.3,1012.1,62.0,11.7,243.8,21.1,8,10,2022-05-15T05:46:09,2022-05-15T20:07:23,0.5,Partially cloudy,Partly cloudy throughout the day.,partly-cloudy-day,"72408013739,BLAN4,72407513735,KPHL,KMIV,72407093730,KACY",406
6,"Vineland, NJ, United States",2022-05-16,25.9,16.3,20.6,25.9,16.3,20.6,16.5,78.6,1.48,100,20.83,rain,0,0,55.8,18.3,210.9,1006.1,49.7,14.7,204.9,17.7,7,75,2022-05-16T05:45:16,2022-05-16T20:08:18,0.5,"Rain, Partially cloudy",Partly cloudy throughout the day with rain.,rain,"72408013739,BLAN4,72407513735,KPHL,KMIV,72407093730,KACY",406
7,"Vineland, NJ, United States",2022-05-17,26.6,10.4,19.6,26.6,10.4,19.6,8.3,52.9,0.0,0,0.0,,0,0,53.3,37.3,277.3,1009.5,14.0,16.0,278.0,23.9,9,10,2022-05-17T05:44:25,2022-05-17T20:09:13,0.52,Clear,Clear conditions throughout the day.,clear-day,"72408013739,BLAN4,72407513735,KPHL,KMIV,72407093730,KACY",406
8,"Vineland, NJ, United States",2022-05-18,22.8,7.1,16.6,22.8,6.1,16.6,5.9,52.0,0.0,0,0.0,,0,0,40.7,23.8,283.5,1014.7,18.7,16.0,313.6,27.2,9,10,2022-05-18T05:43:35,2022-05-18T20:10:07,0.54,Clear,Clear conditions throughout the day.,clear-day,"72408013739,BLAN4,72407513735,KPHL,KMIV,72407093730,KACY",406
9,"Vineland, NJ, United States",2022-05-19,25.5,13.1,18.4,25.5,13.1,18.4,14.4,79.2,12.67,100,33.33,rain,0,0,35.3,21.8,206.0,1007.9,68.9,14.4,162.5,14.0,7,30,2022-05-19T05:42:46,2022-05-19T20:11:00,0.58,"Rain, Partially cloudy",Partly cloudy throughout the day with rain clearing later.,rain,"72408013739,BLAN4,72407513735,KPHL,KMIV,72407093730,KACY",406
10,"Vineland, NJ, United States",2022-05-20,28.5,13.6,21.2,29.0,13.6,21.2,17.1,79.3,0.15,100,8.33,rain,0,0,51.8,24.4,107.7,1011.9,16.4,14.5,272.6,23.6,9,75,2022-05-20T05:42:00,2022-05-20T20:11:53,0.63,Rain,Clear conditions throughout the day with afternoon rain.,rain,"72408013739,BLAN4,72407513735,KPHL,KMIV,72407093730,KACY",406
11,"Vineland, NJ, United States",2022-05-21,33.9,19.6,27.0,34.8,19.6,27.5,18.6,63.1,0.0,0,0.0,,0,0,34.6,14.8,257.2,1015.7,4.9,15.1,318.8,27.5,9,100,2022-05-21T05:41:15,2022-05-21T20:12:45,0.68,Clear,Clear conditions throughout the day.,clear-day,"72408013739,BLAN4,72407513735,KPHL,KMIV,72407093730,KACY",406
12,"Vineland, NJ, United States",2022-05-22,30.0,22.4,25.6,32.0,22.4,26.1,19.1,68.0,0.02,100,4.17,rain,0,0,50.0,29.2,245.4,1016.7,10.6,16.0,276.1,23.9,9,100,2022-05-22T05:40:32,2022-05-22T20:13:36,0.74,Rain,Clear conditions throughout the day with late afternoon rain.,rain,"72408013739,BLAN4,72407513735,KPHL,KMIV,72407093730,KACY",406
13,"Vineland, NJ, United States",2022-05-23,24.7,16.7,20.0,24.7,16.7,20.0,11.7,61.1,1.46,100,8.33,rain,0,0,47.4,25.7,228.7,1020.8,37.8,16.0,299.3,26.0,9,10,2022-05-23T05:39:50,2022-05-23T20:14:27,0.79,"Rain, Partially cloudy",Clearing in the afternoon with early morning rain.,rain,"72408013739,BLAN4,72407513735,KPHL,KMIV,72407093730,KACY",406
14,"Vineland, NJ, United States",2022-05-24,18.2,14.0,16.0,18.2,14.0,16.0,10.2,70.0,1.57,100,12.5,rain,0,0,42.5,20.5,73.0,1024.2,93.6,15.9,212.1,18.4,7,10,2022-05-24T05:39:10,2022-05-24T20:15:17,0.85,"Rain, Overcast",Cloudy skies throughout the day with morning rain.,rain,"72408013739,BLAN4,72407513735,KPHL,KMIV,72407093730,KACY",406
15,"Vineland, NJ, United States",2022-05-25,21.2,11.7,16.0,21.2,11.7,16.0,7.9,61.6,0.0,0,0.0,,0,0,35.3,24.9,77.8,1027.0,52.0,16.0,321.5,27.6,9,10,2022-05-25T05:38:33,2022-05-25T20:16:06,0.89,Partially cloudy,Partly cloudy throughout the day.,partly-cloudy-day,"72408013739,BLAN4,72407513735,KPHL,KMIV,72407093730,KACY",406
16,"Vineland, NJ, United States",2022-05-26,22.2,11.3,17.3,22.2,11.3,17.3,13.4,78.7,0.03,100,4.17,rain,0,0,31.7,15.9,117.7,1023.8,92.3,14.8,189.6,16.2,8,10,2022-05-26T05:37:56,2022-05-26T20:16:55,0.93,"Rain, Overcast",Cloudy skies throughout the day with late afternoon rain.,rain,"72408013739,BLAN4,72407513735,KPHL,KMIV,72407093730,KACY",406
17,"Vineland, NJ, United States",2022-05-27,25.5,17.9,19.7,25.5,17.9,19.7,18.3,92.2,9.32,100,16.67,rain,0,0,50.1,18.2,171.8,1013.4,87.5,9.6,126.9,11.1,6,60,2022-05-27T05:37:22,2022-05-27T20:17:42,0.96,"Rain, Partially cloudy",Partly cloudy throughout the day with rain.,rain,"72408013739,BLAN4,72407513735,KPHL,KMIV,72407093730,KACY",406
18,"Vineland, NJ, United States",2022-05-28,25.0,17.5,20.8,25.0,17.5,20.8,16.6,78.6,3.01,100,20.83,rain,0,0,49.5,26.4,269.5,1008.5,64.6,15.5,265.5,22.8,9,30,2022-05-28T05:36:50,2022-05-28T20:18:29,0.99,"Rain, Partially cloudy",Partly cloudy throughout the day with rain.,rain,"72408013739,BLAN4,72407513735,KPHL,KMIV,72407093730,KACY",406
19,"Vineland, NJ, United States",2022-05-29,26.5,14.9,21.0,26.5,14.9,21.0,13.8,66.8,0.0,0,0.0,,0,0,22.7,14.7,213.4,1016.8,29.4,15.6,308.9,26.8,9,10,2022-05-29T05:36:19,2022-05-29T20:19:14,1.0,Partially cloudy,Becoming cloudy in the afternoon.,partly-cloudy-day,"72408013739,BLAN4,72407513735,KPHL,KMIV,72407093730,KACY",406
20,"Vineland, NJ, United States",2022-05-30,28.9,14.6,22.5,29.9,14.6,22.7,16.8,73.0,0.0,0,0.0,,0,0,33.5,14.2,189.7,1019.3,11.5,15.8,325.1,27.7,9,30,2022-05-30T05:35:50,2022-05-30T20:19:59,0.0,Clear,Clear conditions throughout the day.,clear-day,"72408013739,BLAN4,72407513735,KPHL,KMIV,72407093730,KACY",406
21,"Vineland, NJ, United States",2022-05-31,34.1,19.7,26.9,34.0,19.7,27.1,18.1,62.7,0.0,0,0.0,,0,0,31.7,18.8,278.3,1015.8,3.5,16.0,332.3,28.4,9,60,2022-05-31T05:35:23,2022-05-31T20:20:42,0.0,Clear,Clear conditions throughout the day.,clear-day,"72408013739,BLAN4,72407513735,KPHL,KMIV,72407093730,KACY",406
22,"Vineland, NJ, United States",2022-06-01,28.1,18.4,23.2,29.3,18.4,23.4,18.3,74.9,0.0,0,0.0,,0,0,29.2,16.7,129.5,1012.4,27.1,15.7,298.8,25.8,9,30,2022-06-01T05:34:58,2022-06-01T20:21:25,0.02,Partially cloudy,Partly cloudy throughout the day.,partly-cloudy-day,"72408013739,BLAN4,72407513735,KPHL,KMIV,72407093730,KACY",406
23,"Vineland, NJ, United States",2022-06-02,30.6,17.4,23.1,31.4,17.4,23.4,18.3,76.9,9.95,100,20.83,rain,0,0,47.9,18.5,182.2,1007.6,62.3,15.4,286.6,24.7,9,60,2022-06-02T05:34:35,2022-06-02T20:22:06,0.04,"Rain, Partially cloudy",Clearing in the afternoon with late afternoon rain.,rain,"F7863,72408013739,BLAN4,72407513735,KPHL,KMIV,72407093730,KACY",406
24,"Vineland, NJ, United States",2022-06-03,26.3,15.4,21.8,26.3,15.4,21.8,16.5,75.0,0.04,100,8.33,rain,0,0,33.5,19.4,317.5,1007.9,52.3,14.0,214.5,18.5,7,10,2022-06-03T05:34:14,2022-06-03T20:22:46,0.07,"Rain, Partially cloudy",Partly cloudy throughout the day with afternoon rain.,rain,"72408013739,BLAN4,72407513735,KPHL,KMIV,72407093730,KACY",406
25,"Vineland, NJ, United States",2022-06-04,27.8,12.8,21.0,27.0,12.8,20.9,11.0,57.4,0.0,0,0.0,,0,0,32.7,17.4,219.7,1011.7,6.5,15.9,273.8,23.6,9,10,2022-06-04T05:33:54,2022-06-04T20:23:25,0.11,Clear,Clear conditions throughout the day.,clear-day,"F7863,72408013739,BLAN4,72407513735,KPHL,KMIV,72407093730,KACY",406
26,"Vineland, NJ, United States",2022-06-05,24.8,12.4,19.3,24.8,12.4,19.3,7.1,48.1,0.0,0,0.0,,0,0,38.9,22.2,96.3,1015.0,2.4,16.0,348.4,30.1,10,10,2022-06-05T05:33:37,2022-06-05T20:24:03,0.14,Clear,Clear conditions throughout the day.,clear-day,"72408013739,BLAN4,72407513735,KPHL,KMIV,72407093730,KACY",406
27,"Vineland, NJ, United States",2022-06-06,25.3,8.6,18.2,25.3,8.3,18.2,7.3,54.3,0.0,0,0.0,,0,0,31.9,17.6,188.3,1017.5,1.4,16.0,345.5,29.7,10,10,2022-06-06T05:33:21,2022-06-06T20:24:39,0.19,Clear,Clear conditions throughout the day.,clear-day,"72408013739,BLAN4,72407513735,KPHL,KMIV,72407093730,KACY",406
28,"Vineland, NJ, United States",2022-06-07,26.0,12.7,20.3,26.0,12.7,20.3,14.5,70.8,0.66,100,8.33,rain,0,0,43.6,24.1,147.5,1016.5,25.0,16.0,231.4,19.8,8,10,2022-06-07T05:33:08,2022-06-07T20:25:14,0.24,"Rain, Partially cloudy",Partly cloudy throughout the day with late afternoon rain.,rain,"72408013739,BLAN4,72407513735,KPHL,KMIV,72407093730,WOBN4,KACY",406
29,"Vineland, NJ, United States",2022-06-08,30.6,20.7,25.2,30.7,20.7,25.5,19.0,70.7,0.04,100,4.17,rain,0,0,40.7,18.1,239.2,1011.5,45.8,15.7,301.9,26.1,8,75,2022-06-08T05:32:56,2022-06-08T20:25:48,0.29,"Rain, Partially cloudy",Partly cloudy throughout the day with late afternoon rain.,rain,"72408013739,BLAN4,72407513735,KPHL,KMIV,72407093730,KACY",406
30,"Vineland, NJ, United States",2022-06-09,28.8,19.0,24.4,28.3,19.0,24.4,16.6,65.5,6.59,100,29.17,rain,0,0,86.8,34.3,252.0,1005.9,47.6,15.3,312.6,27.0,9,30,2022-06-09T05:32:46,2022-06-09T20:26:20,0.35,"Rain, Partially cloudy",Partly cloudy throughout the day with rain clearing later.,rain,"72408013739,BLAN4,72407513735,KPHL,KMIV,72407093730,KACY",406
31,"Vineland, NJ, United States",2022-06-10,27.2,12.1,20.8,26.7,12.1,20.8,11.3,57.7,0.0,0,0.0,,0,0,34.9,20.6,289.5,1011.5,8.3,16.0,322.7,27.7,10,10,2022-06-10T05:32:38,2022-06-10T20:26:51,0.39,Clear,Clear conditions throughout the day.,clear-day,"72408013739,BLAN4,72407513735,KPHL,KMIV,72407093730,KACY",406
32,"Vineland, NJ, United States",2022-06-11,23.0,16.9,20.0,23.0,16.9,20.0,15.4,75.9,0.0,0,0.0,rain,0,0,22.3,14.1,281.0,1013.4,55.7,16.0,131.5,11.3,4,10,2022-06-11T05:32:32,2022-06-11T20:27:20,0.44,Partially cloudy,Partly cloudy throughout the day.,partly-cloudy-day,"72408013739,BLAN4,72407513735,KPHL,KMIV,72407093730,KACY",406
33,"Vineland, NJ, United States",2022-06-12,25.1,16.6,20.9,25.1,16.6,20.9,17.8,83.1,15.44,100,29.17,rain,0,0,33.5,14.8,108.5,1014.0,71.9,15.6,146.9,12.7,5,30,2022-06-12T05:32:28,2022-06-12T20:27:48,0.47,"Rain, Partially cloudy",Partly cloudy throughout the day with rain clearing later.,rain,"72408013739,BLAN4,72407513735,KPHL,KMIV,72407093730,KACY",406
34,"Vineland, NJ, United States",2022-06-13,31.6,19.5,25.1,33.1,19.5,25.9,20.4,77.3,0.27,100,8.33,rain,0,0,31.7,22.6,246.3,1012.9,23.4,15.2,268.5,23.1,8,60,2022-06-13T05:32:25,2022-06-13T20:28:14,0.49,"Rain, Partially cloudy",Partly cloudy throughout the day with morning rain.,rain,"72408013739,BLAN4,72407513735,KPHL,KMIV,72407093730,KACY",406
35,"Vineland, NJ, United States",2022-06-14,27.6,17.5,22.8,28.0,17.5,22.8,15.9,66.9,1.18,100,12.5,rain,0,0,64.8,17.7,138.8,1012.5,17.5,15.0,203.3,17.4,8,10,2022-06-14T05:32:25,2022-06-14T20:28:39,0.5,Rain,Clear conditions throughout the day with morning rain.,rain,"F7863,72408013739,BLAN4,72407513735,KPHL,KMIV,72407093730,KACY",406
36,"Vineland, NJ, United States",2022-06-15,28.7,14.5,21.9,28.4,14.5,21.9,14.9,68.0,0.0,0,0.0,,0,0,31.7,21.6,186.9,1018.0,9.3,15.8,317.8,27.4,9,10,2022-06-15T05:32:26,2022-06-15T20:29:02,0.51,Clear,Clear conditions throughout the day.,clear-day,"72408013739,BLAN4,72407513735,KPHL,KMIV,72407093730,KACY",406
37,"Vineland, NJ, United States",2022-06-16,23.8,18.6,20.9,23.8,18.6,20.9,17.5,81.1,8.61,100,25.0,rain,0,0,37.1,20.2,151.3,1019.5,72.9,15.3,166.4,14.5,7,10,2022-06-16T05:32:30,2022-06-16T20:29:24,0.53,"Rain, Partially cloudy",Partly cloudy throughout the day with rain in the morning and afternoon.,rain,"72408013739,BLAN4,72407513735,KPHL,KMIV,72407093730,KACY",406
38,"Vineland, NJ, United States",2022-06-17,34.3,20.3,27.3,36.1,20.3,27.9,18.3,62.6,0.0,0,0.0,,0,0,55.3,29.0,251.0,1007.7,11.6,15.7,293.9,25.4,9,75,2022-06-17T05:32:35,2022-06-17T20:29:44,0.57,Clear,Clear conditions throughout the day.,clear-day,"72408013739,BLAN4,72407513735,KPHL,KMIV,72407093730,KACY",406
39,"Vineland, NJ, United States",2022-06-18,23.4,15.3,20.3,23.4,15.3,20.3,9.9,52.6,0.0,0,0.0,rain,0,0,54.4,34.9,283.8,1007.6,27.7,16.0,258.1,22.3,8,10,2022-06-18T05:32:42,2022-06-18T20:30:02,0.62,Partially cloudy,Becoming cloudy in the afternoon.,partly-cloudy-day,"72408013739,BLAN4,72407513735,KPHL,KMIV,72407093730,KACY",406
40,"Vineland, NJ, United States",2022-06-19,23.9,10.8,17.6,23.9,10.8,17.6,4.2,43.2,0.0,0,0.0,,0,0,47.4,30.3,313.6,1015.5,2.2,15.9,359.2,30.9,10,10,2022-06-19T05:32:50,2022-06-19T20:30:18,0.67,Clear,Clear conditions throughout the day.,clear-day,"72408013739,BLAN4,72407513735,KPHL,KMIV,72407093730,KACY",406
41,"Vineland, NJ, United States",2022-06-20,26.6,9.0,18.9,26.6,7.5,18.7,5.6,45.4,0.0,0,0.0,,0,0,33.5,18.4,306.7,1020.5,6.4,15.8,326.3,28.1,9,10,2022-06-20T05:33:01,2022-06-20T20:30:33,0.72,Clear,Clear conditions throughout the day.,clear-day,"72408013739,BLAN4,72407513735,KPHL,KMIV,72407093730,KACY",406
42,"Vineland, NJ, United States",2022-06-21,26.3,11.7,20.2,26.3,11.7,20.2,12.7,65.1,0.02,100,4.17,rain,0,0,21.2,15.8,236.7,1019.8,18.4,15.9,222.0,19.2,8,10,2022-06-21T05:33:13,2022-06-21T20:30:45,0.77,Rain,Clear conditions throughout the day with afternoon rain.,rain,"72408013739,BLAN4,72407513735,KPHL,KMIV,72407093730,KACY",406
43,"Vineland, NJ, United States",2022-06-22,23.1,17.2,19.8,23.1,17.2,19.8,16.5,81.3,0.05,100,8.33,rain,0,0,46.3,22.4,137.2,1015.1,72.7,15.9,83.2,7.1,4,10,2022-06-22T05:33:27,2022-06-22T20:30:56,0.82,"Rain, Partially cloudy",Partly cloudy throughout the day with late afternoon rain.,rain,"72408013739,BLAN4,72407513735,KPHL,KMIV,72407093730,KACY",406
44,"Vineland, NJ, United States",2022-06-23,22.7,16.9,19.3,22.7,16.9,19.3,16.8,86.1,4.72,100,41.67,rain,0,0,38.9,15.1,101.8,1013.8,89.7,15.2,144.8,12.4,7,10,2022-06-23T05:33:42,2022-06-23T20:31:06,0.87,"Rain, Partially cloudy",Partly cloudy throughout the day with a chance of rain throughout the day.,rain,"72408013739,BLAN4,72407513735,KPHL,KMIV,72407093730,KACY",406
45,"Vineland, NJ, United States",2022-06-24,26.7,14.7,20.6,27.3,14.7,20.6,16.3,78.7,0.0,0,0.0,,0,0,29.5,14.3,177.8,1017.0,51.7,12.9,272.5,23.6,9,10,2022-06-24T05:34:00,2022-06-24T20:31:13,0.91,Partially cloudy,Partly cloudy throughout the day.,partly-cloudy-day,"72408013739,BLAN4,72407513735,KPHL,KMIV,72407093730,KACY",406
46,"Vineland, NJ, United States",2022-06-25,30.7,16.4,23.6,30.8,16.4,23.9,17.3,70.9,0.0,0,0.0,,0,0,37.1,13.7,254.4,1019.6,11.1,15.2,323.3,27.9,9,30,2022-06-25T05:34:19,2022-06-25T20:31:18,0.95,Clear,Clear conditions throughout the day.,clear-day,"72408013739,BLAN4,72407513735,KPHL,KMIV,72407093730,KACY",406
47,"Vineland, NJ, United States",2022-06-26,30.7,17.5,24.7,30.3,17.5,24.7,16.7,64.4,0.0,0,0.0,,0,0,42.5,19.7,217.7,1019.1,6.4,16.0,338.5,29.2,9,10,2022-06-26T05:34:39,2022-06-26T20:31:22,0.97,Clear,Clear conditions throughout the day.,clear-day,"72408013739,BLAN4,72407513735,KPHL,KMIV,72407093730,KACY",406
48,"Vineland, NJ, United States",2022-06-27,28.1,21.9,23.9,30.4,21.9,24.2,20.7,82.8,9.36,100,25.0,rain,0,0,50.4,21.2,235.5,1015.3,67.6,13.8,160.0,13.7,6,30,2022-06-27T05:35:01,2022-06-27T20:31:24,0.99,"Rain, Partially cloudy",Partly cloudy throughout the day with rain.,rain,"72408013739,BLAN4,72407513735,KPHL,KMIV,72407093730,KACY",406
49,"Vineland, NJ, United States",2022-06-28,26.5,16.6,21.6,26.5,16.6,21.6,12.9,61.3,0.38,100,4.17,rain,0,0,31.0,16.2,265.4,1020.3,17.7,14.8,272.1,23.3,9,10,2022-06-28T05:35:25,2022-06-28T20:31:24,1.0,Rain,Clear conditions throughout the day with morning rain.,rain,"F7863,72408013739,BLAN4,72407513735,KPHL,KMIV,72407093730,KACY",406
50,"Vineland, NJ, United States",2022-06-29,28.8,14.4,21.9,28.3,14.4,21.8,14.2,66.0,0.0,0,0.0,,0,0,42.5,15.0,228.5,1023.2,7.1,15.9,171.3,14.7,7,10,2022-06-29T05:35:50,2022-06-29T20:31:21,0.0,Clear,Clear conditions throughout the day.,clear-day,"F7863,72408013739,72407513735,KPHL,KMIV,72407093730,KACY",406
51,"Vineland, NJ, United States",2022-06-30,32.1,16.8,25.2,30.5,16.8,24.8,15.2,59.9,0.0,0,0.0,,0,0,35.3,19.0,243.6,1022.1,3.6,15.9,327.3,28.2,10,30,2022-06-30T05:36:17,2022-06-30T20:31:17,0.01,Clear,Clear conditions throughout the day.,clear-day,"F7863,72408013739,BLAN4,72407513735,KPHL,KMIV,72407093730,KACY",406
52,"Vineland, NJ, United States",2022-07-01,32.3,19.3,25.9,35.0,19.3,26.9,20.3,73.6,0.0,0,0.0,rain,0,0,46.1,16.6,231.0,1018.0,7.6,14.7,260.9,22.7,9,100,2022-07-01T05:36:45,2022-07-01T20:31:11,0.03,Clear,Clear conditions throughout the day.,clear-day,"72408013739,BLAN4,72407513735,KPHL,KMIV,72407093730,KACY",406
53,"Vineland, NJ, United States",2022-07-02,32.2,22.6,26.9,35.7,22.6,28.3,21.3,72.6,19.24,100,12.5,rain,0,0,92.5,17.3,223.3,1013.9,22.1,15.5,249.8,21.6,10,75,2022-07-02T05:37:15,2022-07-02T20:31:04,0.05,"Rain, Partially cloudy",Partly cloudy throughout the day with late afternoon rain.,rain,"72408013739,BLAN4,72407513735,KPHL,KMIV,72407093730,KACY",406
54,"Vineland, NJ, United States",2022-07-03,30.5,18.5,24.6,30.1,18.5,24.7,18.9,74.3,3.38,100,33.33,rain,0,0,29.5,15.1,224.0,1015.9,45.3,15.6,255.3,22.0,9,60,2022-07-03T05:37:46,2022-07-03T20:30:54,0.08,"Rain, Partially cloudy",Partly cloudy throughout the day with rain clearing later.,rain,"72408013739,BLAN4,72407513735,KPHL,KMIV,72407093730,KACY",406
55,"Vineland, NJ, United States",2022-07-04,29.3,16.1,23.3,28.0,16.1,22.9,11.9,54.2,0.0,0,0.0,,0,0,31.7,20.0,222.6,1020.5,4.4,16.0,341.9,29.4,10,10,2022-07-04T05:38:18,2022-07-04T20:30:42,0.12,Clear,Clear conditions throughout the day.,clear-day,"72408013739,BLAN4,72407513735,KPHL,KMIV,72407093730,KACY",406
56,"Vineland, NJ, United States",2022-07-05,28.5,17.8,23.1,29.8,17.8,23.4,18.5,76.5,0.52,100,20.83,rain,0,0,48.1,19.9,242.0,1016.8,32.6,15.6,237.6,20.6,9,10,2022-07-05T05:38:52,2022-07-05T20:30:28,0.17,"Rain, Partially cloudy",Becoming cloudy in the afternoon with rain.,rain,"72408013739,BLAN4,72407513735,KPHL,KMIV,72407093730,KACY",406
57,"Vineland, NJ, United States",2022-07-06,31.0,21.9,26.0,34.2,21.9,27.4,21.8,79.1,1.15,100,16.67,rain,0,0,38.9,19.2,234.8,1011.1,41.2,14.6,188.6,16.3,8,60,2022-07-06T05:39:26,2022-07-06T20:30:13,0.22,"Rain, Partially cloudy",Partly cloudy throughout the day with rain.,rain,"72408013739,BLAN4,72407513735,KPHL,KMIV,72407093730,KACY",406
58,"Vineland, NJ, United States",2022-07-07,24.9,21.2,22.7,24.9,21.2,22.7,20.2,85.7,10.06,100,41.67,rain,0,0,31.3,19.3,70.4,1014.2,96.7,14.3,116.1,9.9,4,10,2022-07-07T05:40:02,2022-07-07T20:29:55,0.27,"Rain, Overcast",Cloudy skies throughout the day with a chance of rain throughout the day.,rain,"72408013739,BLAN4,72407513735,KPHL,KMIV,72407093730,KACY",406
59,"Vineland, NJ, United States",2022-07-08,28.5,17.5,23.5,30.6,17.5,23.8,19.1,77.9,0.0,0,0.0,,0,0,23.0,10.6,192.3,1016.0,31.5,15.7,289.9,25.0,9,10,2022-07-08T05:40:40,2022-07-08T20:29:35,0.33,Partially cloudy,Clearing in the afternoon.,partly-cloudy-day,"72408013739,BLAN4,72407513735,KPHL,KMIV,72407093730,KACY",406
60,"Vineland, NJ, United States",2022-07-09,23.1,19.8,22.1,23.1,19.8,22.1,19.9,87.5,3.99,100,33.33,rain,0,0,28.4,16.0,174.8,1016.2,70.3,15.0,71.7,6.2,2,10,2022-07-09T05:41:18,2022-07-09T20:29:14,0.38,"Rain, Partially cloudy",Partly cloudy throughout the day with a chance of rain throughout the day.,rain,"72408013739,BLAN4,72407513735,KPHL,KMIV,72407093730,KACY",406
61,"Vineland, NJ, United States",2022-07-10,26.2,16.7,21.7,26.2,16.7,21.7,16.1,73.0,0.0,0,0.0,,0,0,25.9,19.1,132.2,1017.2,19.7,15.9,239.6,20.6,7,10,2022-07-10T05:41:58,2022-07-10T20:28:50,0.42,Clear,Clear conditions throughout the day.,clear-day,"F7863,72408013739,BLAN4,72407513735,KPHL,KMIV,72407093730,KACY",406
62,"Vineland, NJ, United States",2022-07-11,27.8,12.8,20.8,27.5,12.8,20.8,13.5,67.3,0.0,0,0.0,,0,0,27.7,14.1,163.5,1014.6,1.3,16.0,321.9,27.7,9,10,2022-07-11T05:42:38,2022-07-11T20:28:25,0.46,Clear,Clear conditions throughout the day.,clear-day,"F7863,72408013739,BLAN4,72407513735,KPHL,KMIV,72407093730,KACY",406
63,"Vineland, NJ, United States",2022-07-12,31.7,20.7,24.9,35.1,20.7,25.9,20.5,78.1,3.48,100,12.5,rain,0,0,69.8,19.0,225.1,1009.7,11.7,16.0,261.2,22.6,9,60,2022-07-12T05:43:20,2022-07-12T20:27:58,0.49,Rain,Clear conditions throughout the day with late afternoon rain.,rain,"F7863,E8711,72408013739,BLAN4,72407513735,KPHL,KMIV,72407093730,KACY",406
64,"Vineland, NJ, United States",2022-07-13,32.0,21.4,26.5,33.5,21.4,27.2,20.1,70.4,0.0,0,0.0,rain,0,0,36.7,18.2,238.9,1011.6,14.3,16.0,310.3,26.8,9,60,2022-07-13T05:44:02,2022-07-13T20:27:29,0.5,Clear,Clear conditions throughout the day.,clear-day,"72408013739,BLAN4,72407513735,KPHL,KMIV,72407093730,KACY",406
65,"Vineland, NJ, United States",2022-07-14,31.9,21.3,26.6,32.7,21.3,27.1,19.4,67.9,0.0,0,0.0,,0,0,32.6,22.1,256.0,1014.3,17.0,15.6,306.6,26.3,9,75,2022-07-14T05:44:46,2022-07-14T20:26:58,0.51,Clear,Clear conditions throughout the day.,clear-day,"72408013739,BLAN4,72407513735,KPHL,KMIV,72407093730,KACY",406
66,"Vineland, NJ, United States",2022-07-15,29.3,19.3,23.7,30.5,19.3,23.9,19.5,78.7,5.35,100,16.67,rain,0,0,33.5,17.6,116.9,1019.2,32.4,15.3,243.3,21.0,9,30,2022-07-15T05:45:30,2022-07-15T20:26:25,0.53,"Rain, Partially cloudy",Becoming cloudy in the afternoon with rain.,rain,"72408013739,BLAN4,72407513735,KPHL,KMIV,72407093730,KACY",406
67,"Vineland, NJ, United States",2022-07-16,29.3,20.9,24.3,32.0,20.9,25.0,21.3,84.7,2.73,100,16.67,rain,0,0,26.3,15.0,130.8,1018.5,55.0,10.2,218.8,18.8,9,60,2022-07-16T05:46:16,2022-07-16T20:25:50,0.55,"Rain, Partially cloudy",Partly cloudy throughout the day with late afternoon rain.,rain,"72408013739,BLAN4,72407513735,KPHL,KMIV,72407093730,KACY",406
68,"Vineland, NJ, United States",2022-07-17,28.6,21.0,24.8,31.2,21.0,25.5,21.7,83.9,0.48,100,12.5,rain,0,0,31.7,11.2,158.1,1016.5,47.0,15.1,224.7,19.2,7,60,2022-07-17T05:47:02,2022-07-17T20:25:13,0.6,"Rain, Partially cloudy",Partly cloudy throughout the day with early morning rain.,rain,"72408013739,BLAN4,72407513735,KPHL,KMIV,72407093730,KACY",406
69,"Vineland, NJ, United States",2022-07-18,31.8,23.2,26.9,36.8,23.2,29.1,23.2,81.2,0.04,100,4.17,rain,0,0,51.8,19.8,177.0,1012.7,24.2,15.7,241.3,21.0,8,75,2022-07-18T05:47:49,2022-07-18T20:24:35,0.65,"Rain, Partially cloudy",Partly cloudy throughout the day with late afternoon rain.,rain,"72408013739,BLAN4,72407513735,KPHL,KMIV,72407093730,KACY",406
70,"Vineland, NJ, United States",2022-07-19,32.5,23.1,27.4,33.4,23.1,27.9,20.3,68.9,0.0,0,0.0,rain,0,0,38.9,20.7,265.1,1010.0,13.1,15.6,309.5,26.9,9,30,2022-07-19T05:48:36,2022-07-19T20:23:55,0.7,Clear,Clear conditions throughout the day.,clear-day,"72408013739,BLAN4,72407513735,KPHL,KMIV,72407093730,KACY",406
71,"Vineland, NJ, United States",2022-07-20,34.1,22.6,28.1,36.1,22.6,29.6,21.7,71.2,0.0,0,0.0,,0,0,38.9,14.6,247.1,1008.9,2.4,15.1,309.5,26.6,9,60,2022-07-20T05:49:25,2022-07-20T20:23:12,0.75,Clear,Clear conditions throughout the day.,clear-day,"72408013739,BLAN4,72407513735,KPHL,KMIV,72407093730,KACY",406
72,"Vineland, NJ, United States",2022-07-21,34.3,25.1,28.9,40.6,25.1,31.8,23.5,73.9,0.0,0,0.0,rain,0,0,40.7,20.4,242.3,1006.1,20.9,16.0,285.2,24.5,8,100,2022-07-21T05:50:14,2022-07-21T20:22:29,0.8,Partially cloudy,Becoming cloudy in the afternoon.,partly-cloudy-day,"72408013739,BLAN4,72407513735,KPHL,KMIV,72407093730,KACY",406
73,"Vineland, NJ, United States",2022-07-22,34.8,23.3,29.0,35.7,23.3,30.1,20.8,65.4,0.0,0,0.0,,0,0,37.1,21.5,269.3,1011.9,10.6,15.3,311.2,26.7,9,60,2022-07-22T05:51:03,2022-07-22T20:21:43,0.85,Clear,Clear conditions throughout the day.,clear-day,"72408013739,BLAN4,72407513735,KPHL,KMIV,72407093730,KACY",406
74,"Vineland, NJ, United States",2022-07-23,35.5,22.9,29.1,37.2,22.9,30.4,20.9,65.3,0.0,0,0.0,,0,0,31.7,17.4,244.8,1016.0,11.6,15.5,314.2,27.1,10,100,2022-07-23T05:51:53,2022-07-23T20:20:56,0.89,Clear,Clear conditions throughout the day.,clear-day,"72408013739,BLAN4,72407513735,KPHL,KMIV,72407093730,KACY",406
75,"Vineland, NJ, United States",2022-07-24,35.2,21.9,28.8,39.2,21.9,31.2,21.7,68.6,0.0,0,0.0,,0,0,37.4,18.0,225.8,1016.4,5.4,15.7,299.5,25.6,9,100,2022-07-24T05:52:44,2022-07-24T20:20:07,0.93,Clear,Clear conditions throughout the day.,clear-day,"72408013739,BLAN4,72407513735,KPHL,KMIV,72407093730,KACY",406
76,"Vineland, NJ, United States",2022-07-25,32.3,24.7,28.7,38.4,24.7,32.4,23.7,75.0,9.99,100,25.0,rain,0,0,63.0,19.0,224.1,1013.2,28.1,15.9,179.9,15.7,7,100,2022-07-25T05:53:35,2022-07-25T20:19:16,0.96,"Rain, Partially cloudy",Becoming cloudy in the afternoon with rain.,rain,"72408013739,BLAN4,72407513735,KPHL,KMIV,72407093730,KACY",406
77,"Vineland, NJ, United States",2022-07-26,26.1,22.5,24.4,26.1,22.5,24.4,20.7,80.8,0.03,100,4.17,rain,0,0,35.3,14.5,179.5,1015.6,47.3,15.9,118.5,10.2,5,30,2022-07-26T05:54:27,2022-07-26T20:18:24,0.98,"Rain, Partially cloudy",Partly cloudy throughout the day with afternoon rain.,rain,"72408013739,BLAN4,72407513735,KPHL,KMIV,72407093730,KACY",406
78,"Vineland, NJ, United States",2022-07-27,29.4,22.0,25.4,31.5,22.0,26.1,20.9,77.8,0.0,0,0.0,rain,0,0,35.3,13.4,193.6,1014.0,66.1,15.1,205.3,17.8,7,10,2022-07-27T05:55:19,2022-07-27T20:17:30,1.0,Partially cloudy,Partly cloudy throughout the day.,partly-cloudy-day,"F7863,72408013739,BLAN4,72407513735,KPHL,KMIV,72407093730,KACY",406
79,"Vineland, NJ, United States",2022-07-28,32.9,23.2,28.0,36.6,23.2,30.1,22.8,75.5,1.16,100,12.5,rain,0,0,64.9,20.5,233.6,1011.0,22.0,15.8,247.2,21.4,7,60,2022-07-28T05:56:12,2022-07-28T20:16:34,1.0,"Rain, Partially cloudy",Becoming cloudy in the afternoon with late afternoon rain.,rain,"72408013739,BLAN4,72407513735,KPHL,KMIV,72407093730,KACY",406
80,"Vineland, NJ, United States",2022-07-29,30.6,22.1,25.9,33.3,22.1,26.8,21.6,78.7,0.19,100,8.33,rain,0,0,32.0,14.6,236.5,1012.9,34.9,16.0,156.6,13.7,7,30,2022-07-29T05:57:05,2022-07-29T20:15:37,0.0,"Rain, Partially cloudy",Becoming cloudy in the afternoon with late afternoon rain.,rain,"72408013739,BLAN4,72407513735,KPHL,KMIV,72407093730,KACY",406
81,"Vineland, NJ, United States",2022-07-30,31.7,21.5,26.5,31.2,21.5,26.3,17.4,61.7,1.67,100,8.33,rain,0,0,39.6,20.1,300.2,1017.2,35.4,15.9,304.1,26.4,9,10,2022-07-30T05:57:58,2022-07-30T20:14:39,0.01,"Rain, Partially cloudy",Clearing in the afternoon with early morning rain.,rain,"72408013739,BLAN4,72407513735,KPHL,KMIV,72407093730,KACY",406
82,"Vineland, NJ, United States",2022-07-31,31.4,17.8,24.7,31.2,17.8,24.9,18.0,70.1,0.0,0,0.0,rain,0,0,37.1,13.0,188.7,1020.5,27.1,15.8,197.5,17.1,7,10,2022-07-31T05:58:52,2022-07-31T20:13:38,0.04,Partially cloudy,Partly cloudy throughout the day.,partly-cloudy-day,"72408013739,BLAN4,72407513735,KPHL,KMIV,72407093730,KACY",406
83,"Vineland, NJ, United States",2022-08-01,27.7,21.2,23.5,29.2,21.2,23.8,20.6,84.9,3.83,100,25.0,rain,0,0,20.5,14.2,185.8,1014.2,79.5,14.6,118.8,10.3,5,10,2022-08-01T05:59:46,2022-08-01T20:12:37,0.07,"Rain, Partially cloudy",Partly cloudy throughout the day with early morning rain.,rain,"72408013739,BLAN4,72407513735,KPHL,KMIV,72407093730,KACY",406
84,"Vineland, NJ, United States",2022-08-02,32.4,21.0,26.8,35.3,21.0,28.1,21.1,73.7,4.29,100,8.33,rain,0,0,38.9,22.0,265.1,1010.9,19.9,15.9,266.7,23.1,9,75,2022-08-02T06:00:40,2022-08-02T20:11:33,0.1,Rain,Clear conditions throughout the day with early morning rain.,rain,"72408013739,BLAN4,72407513735,KPHL,KMIV,72407093730,KACY",406
85,"Vineland, NJ, United States",2022-08-03,33.0,20.6,26.9,34.3,20.6,27.5,19.1,65.2,0.0,0,0.0,,0,0,37.1,15.0,237.3,1015.1,2.9,15.9,314.9,27.1,9,30,2022-08-03T06:01:35,2022-08-03T20:10:29,0.14,Clear,Clear conditions throughout the day.,clear-day,"72408013739,BLAN4,72407513735,KPHL,KMIV,72407093730,KACY",406
86,"Vineland, NJ, United States",2022-08-04,33.8,20.1,26.8,38.7,20.1,29.1,21.9,76.7,3.6,100,12.5,rain,0,0,56.5,25.8,202.3,1017.7,22.8,14.5,278.0,24.0,9,100,2022-08-04T06:02:30,2022-08-04T20:09:23,0.2,"Rain, Partially cloudy",Partly cloudy throughout the day with late afternoon rain.,rain,"72408013739,BLAN4,72407513735,KPHL,KMIV,72407093730,KACY",406
87,"Vineland, NJ, United States",2022-08-05,31.2,21.9,26.2,35.4,21.9,27.7,22.0,79.5,1.7,100,4.17,rain,0,0,33.5,13.5,254.9,1020.7,22.9,16.0,263.5,23.0,9,60,2022-08-05T06:03:24,2022-08-05T20:08:16,0.25,"Rain, Partially cloudy",Partly cloudy throughout the day with early morning rain.,rain,"72408013739,BLAN4,72407513735,KPHL,KMIV,72407093730,KACY",406
88,"Vineland, NJ, United States",2022-08-06,31.3,22.0,26.4,35.4,22.0,27.9,22.3,79.3,0.0,0,0.0,,0,0,42.5,16.0,248.2,1023.1,20.0,15.7,237.6,20.4,8,75,2022-08-06T06:04:20,2022-08-06T20:07:07,0.31,Clear,Partly cloudy throughout the day.,clear-day,"72408013739,BLAN4,72407513735,KPHL,KMIV,72407093730,KACY",406
89,"Vineland, NJ, United States",2022-08-07,32.3,24.4,28.0,35.6,24.4,29.9,22.8,75.2,0.0,0,0.0,,0,0,38.5,20.1,233.8,1021.8,11.7,15.8,267.6,23.0,8,75,2022-08-07T06:05:15,2022-08-07T20:05:57,0.36,Clear,Clear conditions throughout the day.,clear-day,"72408013739,BLAN4,72407513735,KPHL,KMIV,72407093730,KACY",406
90,"Vineland, NJ, United States",2022-08-08,33.2,24.5,28.7,38.3,24.5,31.7,23.6,75.6,0.0,0,0.0,,0,0,42.5,21.3,227.3,1017.0,19.2,15.9,252.8,21.9,8,60,2022-08-08T06:06:10,2022-08-08T20:04:45,0.41,Clear,Clear conditions throughout the day.,clear-day,"72408013739,BLAN4,72407513735,KPHL,KMIV,72407093730,KACY",406
91,"Vineland, NJ, United States",2022-08-09,35.7,26.8,30.6,41.5,29.8,35.0,23.5,67.5,0.44,100,12.5,rain,0,0,40.7,23.7,252.6,1014.3,12.7,16.0,287.2,24.9,9,75,2022-08-09T06:07:06,2022-08-09T20:03:33,0.45,Rain,Clear conditions throughout the day with late afternoon rain.,rain,"72408013739,BLAN4,72407513735,KPHL,KMIV,72407093730,KACY",406
92,"Vineland, NJ, United States",2022-08-10,33.8,23.6,28.1,37.0,23.6,29.8,22.2,72.6,0.02,100,4.17,rain,0,0,29.4,19.7,224.3,1016.0,36.0,15.9,244.0,21.1,8,60,2022-08-10T06:08:01,2022-08-10T20:02:19,0.48,"Rain, Partially cloudy",Becoming cloudy in the afternoon with early morning rain.,rain,"72408013739,BLAN4,72407513735,KPHL,KMIV,72407093730,KACY",406
93,"Vineland, NJ, United States",2022-08-11,31.4,21.9,25.8,33.1,21.9,26.5,20.9,77.2,7.83,100,33.33,rain,0,0,29.5,17.5,269.0,1012.8,55.9,15.3,223.3,19.4,8,30,2022-08-11T06:08:57,2022-08-11T20:01:04,0.5,"Rain, Partially cloudy",Partly cloudy throughout the day with rain clearing later.,rain,"72408013739,BLAN4,72407513735,KPHL,KMIV,72407093730,KACY",406
94,"Vineland, NJ, United States",2022-08-12,30.1,17.4,24.0,29.0,17.4,24.0,14.8,58.0,0.0,0,0.0,rain,0,0,36.4,21.4,228.1,1014.8,27.8,16.0,254.6,22.0,9,30,2022-08-12T06:09:53,2022-08-12T19:59:48,0.5,Partially cloudy,Partly cloudy throughout the day.,partly-cloudy-day,"F7863,72408013739,BLAN4,72407513735,KPHL,KMIV,72407093730,KACY",406
95,"Vineland, NJ, United States",2022-08-13,28.6,14.6,21.3,27.4,14.6,21.1,10.1,52.8,0.0,0,0.0,,0,0,38.2,19.5,194.9,1018.4,2.3,16.0,251.9,21.9,9,10,2022-08-13T06:10:48,2022-08-13T19:58:30,0.52,Clear,Clear conditions throughout the day.,clear-day,"F7863,72408013739,BLAN4,72407513735,KPHL,KMIV,72407093730,KACY",406
96,"Vineland, NJ, United States",2022-08-14,28.2,15.6,21.4,27.3,15.6,21.2,13.3,64.7,0.0,0,0.0,,0,0,29.5,13.3,123.6,1017.5,6.3,16.0,140.6,12.2,8,10,2022-08-14T06:11:44,2022-08-14T19:57:12,0.54,Clear,Clear conditions throughout the day.,clear-day,"F7863,72408013739,72407513735,KPHL,KMIV,72407093730,KACY",406
97,"Vineland, NJ, United States",2022-08-15,26.8,16.6,21.1,27.0,16.6,21.1,14.3,68.2,0.5,100,8.33,rain,0,0,37.1,22.0,160.9,1015.1,29.5,16.0,216.5,18.7,9,10,2022-08-15T06:12:40,2022-08-15T19:55:53,0.58,"Rain, Partially cloudy",Partly cloudy throughout the day with morning rain.,rain,"F7863,72408013739,BLAN4,72407513735,KPHL,KMIV,72407093730,KACY",406
98,"Vineland, NJ, United States",2022-08-16,27.1,14.3,21.0,27.1,14.3,21.0,13.9,66.8,0.0,0,0.0,,0,0,39.1,22.2,168.5,1015.2,28.1,16.0,295.6,25.7,10,10,2022-08-16T06:13:36,2022-08-16T19:54:32,0.62,Partially cloudy,Partly cloudy throughout the day.,partly-cloudy-day,"72408013739,BLAN4,72407513735,KPHL,KMIV,72407093730,KACY",406
99,"Vineland, NJ, United States",2022-08-17,27.2,15.6,21.1,27.1,15.6,21.0,14.4,68.6,0.0,0,0.0,rain,0,0,21.2,16.4,185.1,1015.4,32.6,16.0,252.4,21.8,8,10,2022-08-17T06:14:32,2022-08-17T19:53:10,0.67,Partially cloudy,Partly cloudy throughout the day.,partly-cloudy-day,"72408013739,BLAN4,72407513735,KPHL,KMIV,72407093730,KACY",406
100,"Vineland, NJ, United States",2022-08-18,29.5,14.3,22.2,28.9,14.3,22.1,15.2,69.2,0.0,0,0.0,,0,0,37.1,24.2,277.0,1014.0,10.7,16.0,271.0,23.5,9,30,2022-08-18T06:15:27,2022-08-18T19:51:48,0.72,Clear,Clear conditions throughout the day.,clear-day,"F7863,72408013739,BLAN4,72407513735,KPHL,KMIV,72407093730,KACY",406
101,"Vineland, NJ, United States",2022-08-19,31.2,17.4,24.6,31.0,17.4,24.6,17.5,68.8,0.0,0,0.0,,0,0,35.3,15.6,248.4,1018.0,12.6,15.0,269.5,23.1,9,60,2022-08-19T06:16:23,2022-08-19T19:50:24,0.77,Clear,Clear conditions throughout the day.,clear-day,"72408013739,BLAN4,72407513735,KPHL,KMIV,72407093730,KACY",406
102,"Vineland, NJ, United States",2022-08-20,31.6,19.3,24.9,32.0,19.3,25.0,17.7,67.9,0.0,0,0.0,,0,0,29.5,17.4,188.5,1020.7,6.1,15.8,286.9,24.9,9,30,2022-08-20T06:17:19,2022-08-20T19:49:00,0.82,Clear,Clear conditions throughout the day.,clear-day,"72408013739,BLAN4,72407513735,KPHL,KMIV,72407093730,KACY",406
103,"Vineland, NJ, United States",2022-08-21,28.9,17.2,23.3,30.3,17.2,23.9,19.6,80.9,0.0,0,0.0,rain,0,0,27.7,17.6,89.3,1018.8,35.4,13.5,167.0,14.5,6,60,2022-08-21T06:18:15,2022-08-21T19:47:35,0.86,Partially cloudy,Partly cloudy throughout the day.,partly-cloudy-day,"72408013739,BLAN4,72407513735,KPHL,KMIV,72407093730,KACY",406
104,"Vineland, NJ, United States",2022-08-22,29.3,22.3,24.8,31.8,22.3,25.4,22.5,88.0,19.55,100,45.83,rain,0,0,29.5,11.9,149.9,1012.3,62.3,14.3,186.8,16.1,9,75,2022-08-22T06:19:10,2022-08-22T19:46:09,0.9,"Rain, Partially cloudy",Partly cloudy throughout the day with a chance of rain throughout the day.,rain,"72408013739,BLAN4,72407513735,KPHL,KMIV,72407093730,KACY",406
105,"Vineland, NJ, United States",2022-08-23,30.5,20.3,24.9,31.5,20.3,25.3,20.1,77.5,1.48,100,4.17,rain,0,0,35.5,25.1,303.1,1010.5,48.3,14.2,242.4,21.0,8,60,2022-08-23T06:20:06,2022-08-23T19:44:42,0.94,"Rain, Partially cloudy",Partly cloudy throughout the day with early morning rain.,rain,"72408013739,BLAN4,72407513735,KPHL,KMIV,72407093730,KACY",406
106,"Vineland, NJ, United States",2022-08-24,31.8,18.4,24.7,31.2,18.4,24.7,17.3,68.2,0.0,0,0.0,,0,0,35.3,19.8,286.6,1014.9,3.1,15.7,279.8,24.0,9,60,2022-08-24T06:21:02,2022-08-24T19:43:14,0.97,Clear,Clear conditions throughout the day.,clear-day,"72408013739,BLAN4,72407513735,KPHL,KMIV,72407093730,KACY",406
107,"Vineland, NJ, United States",2022-08-25,33.2,17.4,25.2,32.7,17.4,25.3,17.1,65.4,0.0,0,0.0,,0,0,33.5,17.0,289.4,1017.1,8.6,15.7,259.2,22.4,9,30,2022-08-25T06:21:57,2022-08-25T19:41:45,0.99,Clear,Clear conditions throughout the day.,clear-day,"72408013739,BLAN4,72407513735,KPHL,KMIV,72407093730,KACY",406
108,"Vineland, NJ, United States",2022-08-26,30.9,21.9,26.1,33.8,21.9,27.3,21.5,77.0,7.06,100,8.33,rain,0,0,40.7,15.1,259.3,1014.3,21.4,15.5,203.6,17.5,7,100,2022-08-26T06:22:53,2022-08-26T19:40:16,1.0,"Rain, Partially cloudy",Becoming cloudy in the afternoon with afternoon rain.,rain,"72408013739,BLAN4,72407513735,KPHL,KMIV,72407093730,KACY",406
109,"Vineland, NJ, United States",2022-08-27,31.2,20.8,25.5,34.1,20.8,26.4,20.9,77.8,0.0,0,0.0,rain,0,0,33.5,14.4,154.0,1015.1,24.7,14.3,213.0,18.4,8,75,2022-08-27T06:23:48,2022-08-27T19:38:46,0.0,Partially cloudy,Partly cloudy throughout the day.,partly-cloudy-day,"72408013739,BLAN4,72407513735,KPHL,KMIV,72407093730,KACY",406
110,"Vineland, NJ, United States",2022-08-28,28.6,22.4,24.7,32.4,22.4,25.4,22.8,89.3,9.67,100,12.5,rain,0,0,29.5,19.0,84.3,1019.2,76.8,11.6,156.4,13.3,8,75,2022-08-28T06:24:43,2022-08-28T19:37:15,0.01,"Rain, Partially cloudy",Partly cloudy throughout the day with afternoon rain.,rain,"72408013739,BLAN4,72407513735,KPHL,KMIV,72407093730,KACY",406
111,"Vineland, NJ, United States",2022-08-29,31.0,21.7,25.4,34.5,21.7,26.5,21.9,83.0,0.0,0,0.0,,0,0,33.5,17.3,121.1,1019.2,28.8,11.7,237.2,20.5,9,60,2022-08-29T06:25:39,2022-08-29T19:35:44,0.02,Partially cloudy,Partly cloudy throughout the day.,partly-cloudy-day,"72408013739,BLAN4,72407513735,KPHL,KMIV,72407093730,KACY",406
112,"Vineland, NJ, United States",2022-08-30,31.1,21.9,25.9,34.9,21.9,27.2,22.5,83.3,8.87,100,16.67,rain,0,0,72.2,40.3,229.7,1012.5,42.4,14.6,251.5,21.7,9,75,2022-08-30T06:26:34,2022-08-30T19:34:12,0.05,"Rain, Partially cloudy",Clearing in the afternoon with late afternoon rain.,rain,"72408013739,BLAN4,72407513735,KPHL,KMIV,72407093730,KACY",406
113,"Vineland, NJ, United States",2022-08-31,29.0,19.6,24.1,28.8,19.6,24.2,17.7,71.1,0.0,0,0.0,,0,0,40.2,25.1,273.6,1010.5,14.9,15.8,250.0,21.7,8,10,2022-08-31T06:27:29,2022-08-31T19:32:39,0.09,Clear,Clear conditions throughout the day.,clear-day,"72408013739,BLAN4,72407513735,KPHL,KMIV,72407093730,KACY",406
114,"Vineland, NJ, United States",2022-09-01,30.2,15.9,22.8,29.5,15.9,22.7,15.0,65.4,0.0,0,0.0,,0,0,33.6,28.4,266.1,1014.7,1.3,16.0,277.5,23.9,9,10,2022-09-01T06:28:25,2022-09-01T19:31:06,0.13,Clear,Clear conditions throughout the day.,clear-day,"72408013739,BLAN4,72407513735,KPHL,KMIV,72407093730,KACY",406
115,"Vineland, NJ, United States",2022-09-02,28.5,17.2,21.9,28.1,17.2,21.9,14.5,64.5,0.0,0,0.0,,0,0,29.5,19.9,57.7,1022.2,6.4,16.0,266.9,23.2,8,10,2022-09-02T06:29:20,2022-09-02T19:29:33,0.18,Clear,Clear conditions throughout the day.,clear-day,"72408013739,BLAN4,72407513735,KPHL,KMIV,72407093730,KACY",406
116,"Vineland, NJ, United States",2022-09-03,28.7,16.5,22.3,29.5,16.5,22.5,18.0,78.5,0.0,0,0.0,rain,0,0,22.0,13.0,116.0,1023.7,23.0,16.0,215.0,18.6,8,10,2022-09-03T06:30:15,2022-09-03T19:27:59,0.24,Partially cloudy,Becoming cloudy in the afternoon.,partly-cloudy-day,"72408013739,BLAN4,72407513735,KPHL,KMIV,72407093730,KACY",406
117,"Vineland, NJ, United States",2022-09-04,30.6,18.3,24.0,32.5,18.3,24.5,19.1,76.1,0.0,0,0.0,,0,0,33.5,13.2,233.1,1020.1,12.6,16.0,241.0,20.8,8,30,2022-09-04T06:31:10,2022-09-04T19:26:24,0.29,Clear,Clear conditions throughout the day.,clear-day,"72408013739,BLAN4,72407513735,KPHL,KMIV,72407093730,KACY",406
118,"Vineland, NJ, United States",2022-09-05,29.4,19.5,24.3,30.0,19.5,24.7,19.8,77.8,0.0,0,0.0,rain,0,0,37.1,16.9,201.6,1018.4,15.7,16.0,199.3,17.1,8,30,2022-09-05T06:32:05,2022-09-05T19:24:49,0.35,Clear,Clear conditions throughout the day.,clear-day,"72408013739,BLAN4,72407513735,KPHL,KMIV,72407093730,KACY",406
119,"Vineland, NJ, United States",2022-09-06,24.0,21.0,22.0,24.0,21.0,22.0,20.8,93.1,70.17,100,66.67,rain,0,0,46.4,29.3,82.3,1014.2,85.7,12.2,37.8,3.1,1,30,2022-09-06T06:33:00,2022-09-06T19:23:14,0.4,"Rain, Partially cloudy",Partly cloudy throughout the day with rain.,rain,"F7863,72408013739,BLAN4,72407513735,KPHL,F7263,KMIV,72407093730,KACY",406
120,"Vineland, NJ, United States",2022-09-07,21.8,19.6,20.8,21.8,19.6,20.8,19.3,91.4,2.53,100,50.0,rain,0,0,42.1,25.2,54.6,1013.8,98.1,13.2,88.9,7.9,4,10,2022-09-07T06:33:55,2022-09-07T19:21:38,0.44,"Rain, Overcast",Cloudy skies throughout the day with a chance of rain throughout the day.,rain,"72408013739,BLAN4,72407513735,KPHL,KMIV,72407093730,KACY",406
121,"Vineland, NJ, United States",2022-09-08,25.5,16.1,20.8,25.5,16.1,20.8,16.4,78.1,0.03,100,4.17,rain,0,0,38.9,22.0,123.5,1012.7,65.5,15.9,198.1,17.3,6,10,2022-09-08T06:34:50,2022-09-08T19:20:02,0.47,"Rain, Partially cloudy",Partly cloudy throughout the day with early morning rain.,rain,"72408013739,BLAN4,72407513735,KPHL,KMIV,72407093730,KACY",406
122,"Vineland, NJ, United States",2022-09-09,26.5,14.1,19.8,26.5,14.1,19.8,14.9,76.4,0.0,0,0.0,,0,0,31.7,17.4,145.1,1017.2,1.8,16.0,263.6,22.7,8,10,2022-09-09T06:35:45,2022-09-09T19:18:25,0.49,Clear,Clear conditions throughout the day.,clear-day,"72408013739,BLAN4,72407513735,KPHL,KMIV,72407093730,KACY",406
123,"Vineland, NJ, United States",2022-09-10,26.7,13.7,20.2,27.2,13.7,20.3,16.0,78.8,0.0,0,0.0,rain,0,0,16.6,11.4,93.5,1023.1,9.9,15.4,238.0,20.5,9,10,2022-09-10T06:36:40,2022-09-10T19:16:48,0.5,Clear,Clear conditions throughout the day.,clear-day,"72408013739,BLAN4,72407513735,KPHL,KMIV,72407093730,KACY",406
124,"Vineland, NJ, United States",2022-09-11,25.6,19.6,22.1,25.6,19.6,22.1,20.4,90.5,3.87,100,50.0,rain,0,0,37.8,16.5,86.9,1019.2,85.0,14.6,87.2,7.6,5,10,2022-09-11T06:37:35,2022-09-11T19:15:11,0.51,"Rain, Partially cloudy",Partly cloudy throughout the day with rain.,rain,"72408013739,BLAN4,72407513735,KPHL,KMIV,72407093730,KACY",406
125,"Vineland, NJ, United States",2022-09-12,28.7,22.9,24.8,31.5,22.9,25.4,22.5,87.9,1.75,100,16.67,rain,0,0,28.8,11.2,191.0,1010.5,75.8,14.4,141.9,12.2,6,60,2022-09-12T06:38:30,2022-09-12T19:13:34,0.53,"Rain, Partially cloudy",Partly cloudy throughout the day with rain.,rain,"72408013739,BLAN4,72407513735,KPHL,KMIV,72407093730,KACY",406
126,"Vineland, NJ, United States",2022-09-13,28.0,16.7,23.3,28.8,16.7,23.6,19.4,80.8,0.88,100,12.5,rain,0,0,42.8,19.7,268.1,1008.3,40.3,15.6,176.7,15.2,7,30,2022-09-13T06:39:25,2022-09-13T19:11:57,0.56,"Rain, Partially cloudy",Partly cloudy throughout the day with rain clearing later.,rain,"72408013739,BLAN4,72407513735,KPHL,KMIV,72407093730,KACY",406
127,"Vineland, NJ, United States",2022-09-14,26.8,13.9,19.8,26.9,13.9,19.8,13.7,70.8,0.0,0,0.0,,0,0,38.9,18.5,288.3,1015.2,2.0,16.0,254.0,22.0,8,10,2022-09-14T06:40:20,2022-09-14T19:10:19,0.6,Clear,Clear conditions throughout the day.,clear-day,"72408013739,BLAN4,72407513735,KPHL,KMIV,72407093730,KACY",406
128,"Vineland, NJ, United States",2022-09-15,24.3,12.8,19.1,24.3,12.8,19.1,12.7,70.3,0.0,0,0.0,,0,0,44.6,19.5,259.7,1020.4,1.8,16.0,254.8,22.1,8,10,2022-09-15T06:41:15,2022-09-15T19:08:41,0.64,Clear,Clear conditions throughout the day.,clear-day,"72408013739,BLAN4,72407513735,KPHL,KMIV,72407093730,KACY",406
129,"Vineland, NJ, United States",2022-09-16,25.0,8.7,16.4,25.0,8.7,16.4,10.5,71.5,0.0,0,0.0,,0,0,22.7,14.2,308.2,1022.3,1.7,16.0,229.5,19.8,7,10,2022-09-16T06:42:11,2022-09-16T19:07:03,0.69,Clear,Clear conditions throughout the day.,clear-day,"72408013739,BLAN4,72407513735,KPHL,KMIV,72407093730,KACY",406
130,"Vineland, NJ, United States",2022-09-17,26.9,12.8,19.3,27.2,12.8,19.3,14.3,75.2,0.0,0,0.0,,0,0,18.0,13.3,182.1,1023.2,4.9,16.0,204.7,17.5,7,10,2022-09-17T06:43:06,2022-09-17T19:05:25,0.74,Clear,Clear conditions throughout the day.,clear-day,"72408013739,BLAN4,72407513735,KPHL,KMIV,72407093730,KACY",406
131,"Vineland, NJ, United States",2022-09-18,27.9,14.1,20.8,28.3,14.1,20.9,16.2,77.5,0.0,0,0.0,,0,0,29.5,17.4,271.0,1019.3,7.9,15.8,232.9,20.2,8,30,2022-09-18T06:44:01,2022-09-18T19:03:47,0.78,Clear,Clear conditions throughout the day.,clear-day,"72408013739,BLAN4,72407513735,KPHL,KMIV,72407093730,KACY",406
132,"Vineland, NJ, United States",2022-09-19,29.1,17.4,23.2,30.4,17.4,23.5,18.1,75.6,0.0,0,0.0,,0,0,42.3,16.8,265.3,1014.1,12.4,15.9,204.2,17.4,8,30,2022-09-19T06:44:57,2022-09-19T19:02:09,0.83,Clear,Clear conditions throughout the day.,clear-day,"72408013739,BLAN4,72407513735,KPHL,KMIV,72407093730,KACY",406
133,"Vineland, NJ, United States",2022-09-20,27.9,16.5,22.0,27.5,16.5,22.0,15.4,69.8,0.0,0,0.0,,0,0,42.5,24.1,303.2,1012.9,4.6,15.8,236.6,20.4,8,30,2022-09-20T06:45:52,2022-09-20T19:00:31,0.87,Clear,Clear conditions throughout the day.,clear-day,"72408013739,BLAN4,72407513735,KPHL,KMIV,72407093730,KACY",406
134,"Vineland, NJ, United States",2022-09-21,26.9,12.3,20.2,27.3,12.3,20.2,15.1,75.4,0.0,0,0.0,,0,0,26.6,15.5,259.3,1013.7,8.2,15.9,231.6,20.1,8,10,2022-09-21T06:46:48,2022-09-21T18:58:53,0.91,Clear,Clear conditions throughout the day.,clear-day,"72408013739,BLAN4,72407513735,KPHL,KMIV,72407093730,KACY",406
135,"Vineland, NJ, United States",2022-09-22,26.9,15.7,20.9,28.5,15.7,21.0,17.0,78.9,5.8,100,20.83,rain,0,0,53.7,23.4,271.7,1005.8,35.1,14.9,88.9,7.6,5,30,2022-09-22T06:47:44,2022-09-22T18:57:15,0.95,"Rain, Partially cloudy",Partly cloudy throughout the day with afternoon rain.,rain,"72408013739,BLAN4,72407513735,KPHL,KMIV,72407093730,KACY",406
136,"Vineland, NJ, United States",2022-09-23,18.6,11.1,14.2,18.6,11.1,14.2,4.1,52.3,0.0,0,0.0,,0,0,51.9,30.3,317.3,1013.9,4.7,16.0,243.6,20.9,8,10,2022-09-23T06:48:40,2022-09-23T18:55:37,0.97,Clear,Clear conditions throughout the day.,clear-day,"72408013739,BLAN4,72407513735,KPHL,KMIV,72407093730,KACY",406
137,"Vineland, NJ, United States",2022-09-24,20.2,4.5,12.5,20.2,3.2,12.0,5.6,65.4,0.0,0,0.0,,0,0,27.7,18.6,294.2,1017.1,9.3,16.0,206.5,17.9,7,10,2022-09-24T06:49:36,2022-09-24T18:53:59,0.99,Clear,Clear conditions throughout the day.,clear-day,"72408013739,BLAN4,72407513735,KPHL,KMIV,72407093730,KACY",406
138,"Vineland, NJ, United States",2022-09-25,24.9,13.5,18.4,24.9,13.5,18.4,14.1,77.0,0.83,100,16.67,rain,0,0,47.9,16.7,209.0,1007.8,51.1,16.0,134.0,11.7,7,30,2022-09-25T06:50:32,2022-09-25T18:52:21,1.0,"Rain, Partially cloudy",Partly cloudy throughout the day with rain.,rain,"72408013739,BLAN4,72407513735,KPHL,KMIV,72407093730,KACY",406
139,"Vineland, NJ, United States",2022-09-26,24.9,12.1,18.8,24.9,12.1,18.8,13.0,71.6,0.0,0,0.0,,0,0,40.7,19.4,274.6,1006.9,36.3,15.2,191.9,16.6,7,10,2022-09-26T06:51:29,2022-09-26T18:50:43,0.0,Partially cloudy,Becoming cloudy in the afternoon.,partly-cloudy-day,"72408013739,BLAN4,72407513735,KPHL,KMIV,72407093730,KACY",406
140,"Vineland, NJ, United States",2022-09-27,22.8,10.1,16.6,22.8,10.1,16.6,8.1,60.7,0.0,0,0.0,,0,0,46.4,25.9,279.3,1012.3,19.2,16.0,218.6,18.8,8,10,2022-09-27T06:52:25,2022-09-27T18:49:06,0.01,Clear,Clear conditions throughout the day.,clear-day,"72408013739,BLAN4,72407513735,KPHL,KMIV,72407093730,KACY",406
141,"Vineland, NJ, United States",2022-09-28,21.1,7.5,13.8,21.1,5.7,13.3,8.1,70.7,0.0,0,0.0,,0,0,29.5,20.3,287.0,1020.3,18.2,16.0,201.7,17.3,8,10,2022-09-28T06:53:22,2022-09-28T18:47:29,0.04,Clear,Clear conditions throughout the day.,clear-day,"72408013739,BLAN4,72407513735,KPHL,KMIV,72407093730,KACY",406
142,"Vineland, NJ, United States",2022-09-29,20.0,11.7,15.3,20.0,11.7,15.3,8.6,65.8,0.0,0,0.0,,0,0,40.0,24.3,154.5,1026.1,10.2,16.0,208.1,18.0,7,10,2022-09-29T06:54:19,2022-09-29T18:45:52,0.07,Clear,Clear conditions throughout the day.,clear-day,"72408013739,BLAN4,72407513735,KPHL,KMIV,72407093730,KACY",406
143,"Vineland, NJ, United States",2022-09-30,18.2,11.5,14.8,18.2,11.5,14.8,10.2,74.5,1.6,100,20.83,rain,0,0,45.7,25.5,50.9,1023.0,47.4,17.3,75.8,6.6,3,10,2022-09-30T06:55:16,2022-09-30T18:44:15,0.12,"Rain, Partially cloudy",Partly cloudy throughout the day with late afternoon rain.,rain,"BLAN4,KPHL,KMIV,KACY",406
