,name,datetime,tempmax,tempmin,temp,feelslikemax,feelslikemin,feelslike,dew,humidity,precip,precipprob,precipcover,preciptype,snow,snowdepth,windgust,windspeed,winddir,sealevelpressure,cloudcover,visibility,solarradiation,solarenergy,uvindex,severerisk,sunrise,sunset,moonphase,conditions,description,icon,stations,skey
0,"Oaklyn, NJ, United States",2022-05-10,22.7,10.9,16.5,22.7,10.9,16.5,-2.9,26.9,0.0,0.0,0.0,,0,0,50.8,30.8,55.2,1026.0,34.8,16.0,208.8,17.9,9,10,2022-05-10T05:50:13,2022-05-10T20:03:53,0.32,Partially cloudy,Partly cloudy throughout the day.,partly-cloudy-day,"KVAY,F6057,F6990,72408013739,72408594732,72407493780,KPHL,KPNE",421
1,"Oaklyn, NJ, United States",2022-05-11,22.7,11.8,16.9,22.7,11.8,16.9,5.6,48.2,0.0,0.0,0.0,,0,0,47.9,29.0,49.5,1024.6,46.6,16.0,163.2,14.1,8,10,2022-05-11T05:49:11,2022-05-11T20:04:51,0.37,Partially cloudy,Partly cloudy throughout the day.,partly-cloudy-day,"KVAY,F6057,F6990,72408013739,72408594732,72407493780,KPHL,KPNE",421
2,"Oaklyn, NJ, United States",2022-05-12,23.9,12.9,18.3,23.9,12.9,18.3,13.8,75.3,0.0,0.0,0.0,,0,0,34.6,19.3,68.8,1024.8,66.2,15.9,126.5,10.9,10,10,2022-05-12T05:48:11,2022-05-12T20:05:49,0.41,Partially cloudy,Partly cloudy throughout the day.,partly-cloudy-day,"KVAY,F6057,F6990,72408013739,72408594732,72407493780,KPHL,KPNE",421
3,"Oaklyn, NJ, United States",2022-05-13,23.2,15.8,18.8,23.2,15.8,18.8,17.1,89.8,6.69,100.0,29.17,rain,0,0,33.5,14.8,68.1,1023.5,98.7,11.1,111.3,9.6,10,30,2022-05-13T05:47:12,2022-05-13T20:06:46,0.45,"Rain, Overcast",Cloudy skies throughout the day with rain in the morning and afternoon.,rain,"KVAY,F6057,F6990,72408013739,72408594732,72407493780,KPHL,KPNE",421
4,"Oaklyn, NJ, United States",2022-05-14,20.8,18.0,19.3,20.8,18.0,19.3,18.2,93.8,3.82,100.0,33.33,rain,0,0,18.0,10.7,85.4,1017.9,85.3,8.7,46.4,4.1,2,10,2022-05-14T05:46:15,2022-05-14T20:07:43,0.48,"Rain, Partially cloudy",Partly cloudy throughout the day with rain.,rain,"KVAY,F6990,72408013739,72408594732,72407493780,KPHL,KPNE",421
5,"Oaklyn, NJ, United States",2022-05-15,25.9,18.0,21.4,25.9,18.0,21.4,17.4,79.8,0.0,0.0,0.0,rain,0,0,37.1,14.5,171.5,1012.0,80.9,12.2,103.7,9.0,4,30,2022-05-15T05:45:19,2022-05-15T20:08:39,0.5,Partially cloudy,Partly cloudy throughout the day.,partly-cloudy-day,"KVAY,F6057,F6990,72408013739,72408594732,72407493780,KPHL,KPNE",421
6,"Oaklyn, NJ, United States",2022-05-16,26.3,17.8,21.4,26.3,17.8,21.4,17.1,77.8,4.17,100.0,20.83,rain,0,0,52.3,26.9,209.5,1005.9,62.5,14.2,95.6,8.2,6,60,2022-05-16T05:44:25,2022-05-16T20:09:35,0.5,"Rain, Partially cloudy",Partly cloudy throughout the day with rain.,rain,"KVAY,F6057,F6990,72408013739,72408594732,72407493780,KPHL,KPNE",421
7,"Oaklyn, NJ, United States",2022-05-17,26.8,13.5,20.8,26.3,13.5,20.7,7.8,47.5,0.0,0.0,0.0,,0,0,52.4,33.1,261.7,1009.2,17.9,16.0,220.3,19.0,9,10,2022-05-17T05:43:33,2022-05-17T20:10:30,0.52,Clear,Clear conditions throughout the day.,clear-day,"KVAY,F6057,F6990,72408013739,72408594732,72407493780,KPHL,KPNE",421
8,"Oaklyn, NJ, United States",2022-05-18,22.4,12.8,18.4,22.4,12.8,18.4,6.0,44.9,0.0,0.0,0.0,,0,0,37.1,20.5,280.4,1014.7,38.3,16.0,187.0,16.1,8,10,2022-05-18T05:42:42,2022-05-18T20:11:25,0.54,Partially cloudy,Partly cloudy throughout the day.,partly-cloudy-day,"KVAY,F6057,F6990,72408013739,72408594732,72407493780,KPHL,KPNE",421
9,"Oaklyn, NJ, United States",2022-05-19,25.0,13.7,18.4,25.0,13.7,18.4,14.3,78.4,10.43,100.0,33.33,rain,0,0,33.5,17.3,173.3,1008.1,77.7,14.2,71.4,6.1,3,30,2022-05-19T05:41:53,2022-05-19T20:12:19,0.58,"Rain, Partially cloudy",Partly cloudy throughout the day with rain clearing later.,rain,"KVAY,F6057,F6990,72408013739,72408594732,72407493780,KPHL,KPNE",421
10,"Oaklyn, NJ, United States",2022-05-20,30.0,15.5,21.9,30.2,15.5,22.1,17.8,79.7,5.2,100.0,12.5,rain,0,0,37.3,20.2,103.2,1012.0,53.7,14.5,134.6,11.8,8,30,2022-05-20T05:41:05,2022-05-20T20:13:13,0.63,"Rain, Partially cloudy",Partly cloudy throughout the day with afternoon rain.,rain,"KVAY,F6057,F6990,72408013739,72408594732,72407493780,KPHL,KPNE",421
11,"Oaklyn, NJ, United States",2022-05-21,34.6,19.1,26.7,36.7,19.1,27.7,19.4,68.7,0.0,0.0,0.0,rain,0,0,29.2,19.7,144.6,1015.6,43.8,11.9,195.9,17.1,8,100,2022-05-21T05:40:20,2022-05-21T20:14:06,0.68,Partially cloudy,Partly cloudy throughout the day.,partly-cloudy-day,"KVAY,F6057,F6990,72408013739,72408594732,72407493780,KPHL,KPNE",421
12,"Oaklyn, NJ, United States",2022-05-22,32.7,23.7,27.2,34.6,23.7,28.1,19.8,64.9,0.4,100.0,8.33,rain,0,0,46.8,21.4,230.8,1016.3,41.6,15.9,178.1,15.5,8,100,2022-05-22T05:39:36,2022-05-22T20:14:58,0.74,"Rain, Partially cloudy",Partly cloudy throughout the day with late afternoon rain.,rain,"KVAY,F6990,72408013739,72408594732,72407493780,E8199,KPHL,KPNE",421
13,"Oaklyn, NJ, United States",2022-05-23,25.1,16.3,21.0,25.1,16.3,21.0,10.6,53.3,0.23,100.0,8.33,rain,0,0,43.3,26.0,224.3,1021.4,60.7,16.0,190.0,16.5,8,10,2022-05-23T05:38:53,2022-05-23T20:15:49,0.79,"Rain, Partially cloudy",Partly cloudy throughout the day with early morning rain.,rain,"KVAY,F6057,F6990,72408013739,72408594732,72407493780,KPHL,KPNE",421
14,"Oaklyn, NJ, United States",2022-05-24,21.5,15.3,18.3,21.5,15.3,18.3,9.8,58.6,0.34,100.0,12.5,rain,0,0,30.6,19.8,93.7,1024.6,97.0,16.0,120.3,10.4,4,10,2022-05-24T05:38:13,2022-05-24T20:16:40,0.85,"Rain, Overcast",Cloudy skies throughout the day with rain clearing later.,rain,"KVAY,F6990,72408013739,72408594732,72407493780,E8199,KPHL,KPNE",421
15,"Oaklyn, NJ, United States",2022-05-25,23.8,12.4,17.6,23.8,12.4,17.6,8.9,58.7,0.0,0.0,0.0,,0,0,33.5,17.2,82.8,1027.5,57.0,16.0,150.9,13.0,6,10,2022-05-25T05:37:34,2022-05-25T20:17:30,0.89,Partially cloudy,Partly cloudy throughout the day.,partly-cloudy-day,"KVAY,F6057,F6990,72408013739,72408594732,72407493780,KPHL,KPNE",421
16,"Oaklyn, NJ, United States",2022-05-26,23.1,11.7,18.0,23.1,11.7,18.0,12.7,71.7,0.0,0.0,0.0,rain,0,0,26.6,14.8,115.3,1024.0,83.8,15.5,138.5,11.9,9,10,2022-05-26T05:36:58,2022-05-26T20:18:19,0.93,Partially cloudy,Partly cloudy throughout the day.,partly-cloudy-day,"KVAY,F6990,72408013739,72408594732,72407493780,KPHL,KPNE",421
17,"Oaklyn, NJ, United States",2022-05-27,26.5,19.1,21.0,26.5,19.1,21.0,19.0,88.6,6.89,100.0,12.5,rain,0,0,44.9,18.9,173.3,1013.1,93.5,11.9,56.6,4.9,3,30,2022-05-27T05:36:23,2022-05-27T20:19:07,0.96,"Rain, Overcast",Cloudy skies throughout the day with rain.,rain,"KVAY,F6057,F6990,72408013739,72408594732,72407493780,KPHL,KPNE",421
18,"Oaklyn, NJ, United States",2022-05-28,24.8,19.2,22.0,24.8,19.2,22.0,17.0,75.1,15.8,100.0,25.0,rain,0,0,50.2,30.4,259.0,1008.2,75.1,15.3,188.3,16.2,9,30,2022-05-28T05:35:49,2022-05-28T20:19:54,0.99,"Rain, Partially cloudy",Partly cloudy throughout the day with rain.,rain,"KVAY,F6990,72408013739,72408594732,72407493780,KPHL,KPNE",421
19,"Oaklyn, NJ, United States",2022-05-29,27.3,16.8,22.8,27.1,16.8,22.7,13.9,59.4,0.0,0.0,0.0,,0,0,22.3,11.8,229.8,1017.0,48.8,16.0,173.3,14.8,8,10,2022-05-29T05:35:18,2022-05-29T20:20:41,1.0,Partially cloudy,Partly cloudy throughout the day.,partly-cloudy-day,"KVAY,F6990,72408013739,72408594732,72407493780,KPHL,KPNE",421
20,"Oaklyn, NJ, United States",2022-05-30,31.6,17.3,25.0,32.7,17.3,25.5,17.6,65.5,0.0,0.0,0.0,rain,0,0,25.9,16.1,190.1,1019.0,22.0,15.8,212.0,18.4,9,100,2022-05-30T05:34:49,2022-05-30T20:21:26,0.0,Partially cloudy,Partly cloudy throughout the day.,partly-cloudy-day,"KVAY,F6990,72408013739,72408594732,72407493780,E8199,KPHL,KPNE",421
21,"Oaklyn, NJ, United States",2022-05-31,34.8,22.4,28.8,34.9,22.4,29.2,18.3,56.7,0.0,0.0,0.0,,0,0,35.3,19.7,270.3,1015.5,26.7,16.0,213.8,18.5,9,30,2022-05-31T05:34:21,2022-05-31T20:22:10,0.0,Partially cloudy,Partly cloudy throughout the day.,partly-cloudy-day,"KVAY,F6990,72408013739,72408594732,72407493780,KPHL,KPNE",421
22,"Oaklyn, NJ, United States",2022-06-01,29.0,18.5,24.0,30.8,18.5,24.3,18.0,70.0,0.0,0.0,0.0,rain,0,0,32.0,18.9,125.4,1012.7,50.1,15.9,174.0,14.9,8,30,2022-06-01T05:33:55,2022-06-01T20:22:53,0.02,Partially cloudy,Partly cloudy throughout the day.,partly-cloudy-day,"KVAY,F6057,F6990,72408013739,72408594732,72407493780,KPHL,KPNE",421
23,"Oaklyn, NJ, United States",2022-06-02,29.4,17.4,22.6,31.2,17.4,22.9,18.5,79.1,21.54,100.0,29.17,rain,0,0,64.6,20.4,212.2,1007.8,80.5,14.6,199.8,17.3,9,30,2022-06-02T05:33:32,2022-06-02T20:23:35,0.04,"Rain, Partially cloudy",Partly cloudy throughout the day with rain.,rain,"KVAY,F6990,72408013739,72408594732,72407493780,KPHL,KPNE",421
24,"Oaklyn, NJ, United States",2022-06-03,26.8,20.0,23.0,26.8,20.0,23.0,15.4,65.9,0.87,100.0,8.33,rain,0,0,27.7,19.7,278.0,1008.0,65.3,13.5,104.7,9.1,5,10,2022-06-03T05:33:10,2022-06-03T20:24:15,0.07,"Rain, Partially cloudy",Partly cloudy throughout the day with morning rain.,rain,"KVAY,F6990,72408013739,72408594732,72407493780,KPHL,KPNE",421
25,"Oaklyn, NJ, United States",2022-06-04,29.1,16.1,23.2,27.8,16.1,22.8,8.9,44.3,0.0,0.0,0.0,,0,0,40.7,20.2,249.6,1011.7,19.5,16.0,223.9,19.1,9,10,2022-06-04T05:32:50,2022-06-04T20:24:55,0.11,Clear,Clear conditions throughout the day.,clear-day,"KVAY,F6990,72408013739,72408594732,72407493780,KPHL,KPNE",421
26,"Oaklyn, NJ, United States",2022-06-05,26.0,15.2,21.0,26.0,15.2,21.0,5.6,37.9,0.0,0.0,0.0,,0,0,33.5,17.2,100.7,1015.3,17.0,16.0,214.3,18.8,9,10,2022-06-05T05:32:32,2022-06-05T20:25:33,0.14,Clear,Clear conditions throughout the day.,clear-day,"KVAY,F6990,72408013739,72408594732,72407493780,KPHL,KPNE",421
27,"Oaklyn, NJ, United States",2022-06-06,27.4,13.5,21.2,26.6,13.5,21.1,7.9,44.9,0.0,0.0,0.0,,0,0,35.3,18.3,186.4,1017.3,9.5,16.0,212.8,18.3,9,10,2022-06-06T05:32:16,2022-06-06T20:26:10,0.19,Clear,Clear conditions throughout the day.,clear-day,"KVAY,F6990,72408013739,72408594732,72407493780,KPHL,KPNE",421
28,"Oaklyn, NJ, United States",2022-06-07,26.0,15.7,21.7,26.0,15.7,21.7,14.6,65.0,2.05,100.0,12.5,rain,0,0,38.2,21.9,166.9,1016.1,59.5,15.8,151.5,13.1,10,10,2022-06-07T05:32:02,2022-06-07T20:26:45,0.24,"Rain, Partially cloudy",Partly cloudy throughout the day with late afternoon rain.,rain,"KVAY,F6057,F6990,72408013739,72408594732,72407493780,KPHL,KPNE",421
29,"Oaklyn, NJ, United States",2022-06-08,29.7,21.1,25.4,29.9,21.1,25.5,18.2,66.7,0.53,100.0,12.5,rain,0,0,38.5,18.2,235.7,1011.5,66.2,15.8,158.9,13.7,8,30,2022-06-08T05:31:50,2022-06-08T20:27:19,0.29,"Rain, Partially cloudy",Partly cloudy throughout the day with rain.,rain,"KVAY,F6990,72408013739,72408594732,72407493780,KPHL,KPNE",421
30,"Oaklyn, NJ, United States",2022-06-09,28.2,21.5,24.6,28.2,21.5,24.6,16.3,63.2,36.13,100.0,33.33,rain,0,0,61.0,36.6,243.8,1005.6,66.2,14.3,166.8,14.4,10,30,2022-06-09T05:31:39,2022-06-09T20:27:52,0.35,"Rain, Partially cloudy",Partly cloudy throughout the day with rain clearing later.,rain,"KVAY,F6990,72408013739,72408594732,72407493780,KPHL,KPNE",421
31,"Oaklyn, NJ, United States",2022-06-10,27.1,17.1,22.5,26.6,17.1,22.5,10.2,47.2,0.0,0.0,0.0,,0,0,33.8,20.0,290.3,1011.3,30.8,16.0,203.0,17.6,9,10,2022-06-10T05:31:31,2022-06-10T20:28:23,0.39,Partially cloudy,Partly cloudy throughout the day.,partly-cloudy-day,"KVAY,F6990,72408013739,72408594732,72407493780,KPHL,KPNE",421
32,"Oaklyn, NJ, United States",2022-06-11,23.2,18.4,21.2,23.2,18.4,21.2,13.8,63.5,1.21,100.0,16.67,rain,0,0,21.2,12.6,226.5,1013.5,64.9,16.0,65.2,5.8,3,10,2022-06-11T05:31:25,2022-06-11T20:28:53,0.44,"Rain, Partially cloudy",Partly cloudy throughout the day with afternoon rain.,rain,"KVAY,F6990,72408013739,72408594732,72407493780,KPHL,KPNE",421
33,"Oaklyn, NJ, United States",2022-06-12,26.0,18.0,21.1,26.0,18.0,21.1,17.6,80.7,18.2,100.0,29.17,rain,0,0,27.0,16.3,106.1,1014.1,87.4,14.2,62.0,5.3,5,30,2022-06-12T05:31:20,2022-06-12T20:29:21,0.47,"Rain, Partially cloudy",Partly cloudy throughout the day with rain.,rain,"KVAY,F6057,F6990,72408013739,72408594732,72407493780,E8199,KPHL,KPNE",421
34,"Oaklyn, NJ, United States",2022-06-13,31.8,20.9,26.3,33.4,20.9,27.1,19.7,69.5,0.23,100.0,8.33,rain,0,0,32.8,20.0,214.5,1012.8,54.5,15.4,118.1,10.3,5,60,2022-06-13T05:31:18,2022-06-13T20:29:47,0.49,"Rain, Partially cloudy",Partly cloudy throughout the day with rain clearing later.,rain,"KVAY,F6990,72408013739,72408594732,72407493780,KPHL,KPNE",421
35,"Oaklyn, NJ, United States",2022-06-14,28.7,18.7,24.5,28.5,18.7,24.4,14.5,55.0,3.01,100.0,8.33,rain,0,0,64.8,16.5,110.4,1012.9,45.0,15.6,111.8,9.7,6,30,2022-06-14T05:31:17,2022-06-14T20:30:12,0.5,"Rain, Partially cloudy",Clearing in the afternoon with morning rain.,rain,"KVAY,F6990,72408013739,72408594732,72407493780,KPHL,KPNE",421
36,"Oaklyn, NJ, United States",2022-06-15,30.2,17.9,24.0,29.9,17.9,24.0,15.6,61.4,0.0,0.0,0.0,rain,0,0,31.7,19.7,159.8,1018.1,24.5,16.0,203.4,17.5,9,10,2022-06-15T05:31:18,2022-06-15T20:30:36,0.51,Partially cloudy,Partly cloudy throughout the day.,partly-cloudy-day,"KVAY,F6990,72408013739,72408594732,72407493780,KPHL,KPNE",421
37,"Oaklyn, NJ, United States",2022-06-16,25.3,18.9,21.9,25.3,18.9,21.9,17.3,75.5,6.9,100.0,16.67,rain,0,0,41.8,18.7,151.2,1019.4,94.3,15.2,101.8,8.6,7,10,2022-06-16T05:31:21,2022-06-16T20:30:57,0.53,"Rain, Overcast",Cloudy skies throughout the day with morning rain.,rain,"KVAY,F6990,72408013739,72408594732,72407493780,KPHL,KPNE",421
38,"Oaklyn, NJ, United States",2022-06-17,34.6,22.2,28.1,35.5,22.2,28.3,17.3,56.9,0.0,0.0,0.0,rain,0,0,48.3,29.5,238.2,1007.5,51.6,16.0,200.9,17.2,9,100,2022-06-17T05:31:26,2022-06-17T20:31:17,0.57,Partially cloudy,Partly cloudy throughout the day.,partly-cloudy-day,"KVAY,F6990,72408013739,72408594732,72407493780,KPHL,KPNE",421
39,"Oaklyn, NJ, United States",2022-06-18,26.3,17.3,21.6,26.3,17.3,21.6,9.2,45.0,0.0,0.0,0.0,rain,0,0,53.5,33.6,306.0,1008.0,47.0,16.0,132.8,11.4,7,10,2022-06-18T05:31:33,2022-06-18T20:31:35,0.62,Partially cloudy,Partly cloudy throughout the day.,partly-cloudy-day,"KVAY,F6990,72408013739,72408594732,72407493780,KPHL,KPNE",421
40,"Oaklyn, NJ, United States",2022-06-19,24.3,14.6,19.2,24.3,14.6,19.2,3.6,36.4,0.0,0.0,0.0,,0,0,49.7,31.8,307.1,1015.7,13.8,16.0,218.1,18.7,9,10,2022-06-19T05:31:42,2022-06-19T20:31:52,0.67,Clear,Clear conditions throughout the day.,clear-day,"KVAY,F6990,72408013739,72408594732,72407493780,KPHL,KPNE",421
41,"Oaklyn, NJ, United States",2022-06-20,27.3,13.2,20.8,26.6,13.2,20.7,5.3,38.0,0.0,0.0,0.0,,0,0,31.7,16.6,308.2,1020.5,30.5,16.0,192.7,16.6,9,10,2022-06-20T05:31:52,2022-06-20T20:32:06,0.72,Partially cloudy,Partly cloudy throughout the day.,partly-cloudy-day,"KVAY,F6990,72408013739,72408594732,72407493780,KPHL,KPNE",421
42,"Oaklyn, NJ, United States",2022-06-21,27.1,16.2,22.2,26.9,16.2,22.2,12.4,54.6,0.16,100.0,4.17,rain,0,0,22.7,13.1,212.0,1019.7,53.2,16.0,91.3,7.9,3,10,2022-06-21T05:32:04,2022-06-21T20:32:19,0.77,"Rain, Partially cloudy",Partly cloudy throughout the day with afternoon rain.,rain,"KVAY,F6990,72408013739,72408594732,72407493780,KPHL,KPNE",421
43,"Oaklyn, NJ, United States",2022-06-22,24.1,18.9,20.9,24.1,18.9,20.9,16.5,76.0,0.0,0.0,0.0,rain,0,0,31.7,21.0,138.1,1015.4,80.1,15.2,66.5,5.8,4,10,2022-06-22T05:32:18,2022-06-22T20:32:30,0.82,Partially cloudy,Partly cloudy throughout the day.,partly-cloudy-day,"KVAY,F6057,F6990,72408013739,72408594732,72407493780,KPHL,KPNE",421
44,"Oaklyn, NJ, United States",2022-06-23,22.7,18.1,20.0,22.7,18.1,20.0,16.5,80.9,5.95,100.0,33.33,rain,0,0,31.7,14.8,93.7,1014.4,93.0,15.0,60.5,5.3,4,10,2022-06-23T05:32:34,2022-06-23T20:32:39,0.87,"Rain, Overcast",Cloudy skies throughout the day with a chance of rain throughout the day.,rain,"KVAY,F6990,72408013739,72408594732,72407493780,KPHL,KPNE",421
45,"Oaklyn, NJ, United States",2022-06-24,28.6,17.4,22.8,29.2,17.4,22.9,16.9,71.5,0.0,0.0,0.0,,0,0,19.4,13.2,181.5,1016.9,56.9,14.9,124.6,10.6,9,30,2022-06-24T05:32:51,2022-06-24T20:32:46,0.91,Partially cloudy,Partly cloudy throughout the day.,partly-cloudy-day,"KVAY,F6990,72408013739,72408594732,72407493780,KPHL,KPNE",421
46,"Oaklyn, NJ, United States",2022-06-25,32.2,20.0,26.5,32.5,20.0,26.8,17.9,62.3,0.0,0.0,0.0,,0,0,37.1,13.0,240.1,1019.3,23.2,15.8,212.5,18.4,9,60,2022-06-25T05:33:10,2022-06-25T20:32:52,0.95,Partially cloudy,Partly cloudy throughout the day.,partly-cloudy-day,"KVAY,F6990,72408013739,72408594732,72407493780,KPHL,KPNE",421
47,"Oaklyn, NJ, United States",2022-06-26,32.1,22.1,27.1,32.1,22.1,27.2,17.5,58.2,0.0,0.0,0.0,,0,0,38.5,21.1,212.3,1018.6,23.6,16.0,216.1,18.6,9,10,2022-06-26T05:33:31,2022-06-26T20:32:55,0.97,Partially cloudy,Partly cloudy throughout the day.,partly-cloudy-day,"KVAY,F6990,72408013739,72408594732,72407493780,KPHL,KPNE",421
48,"Oaklyn, NJ, United States",2022-06-27,27.1,21.8,24.6,29.0,21.8,24.8,20.4,77.8,6.87,100.0,25.0,rain,0,0,44.3,20.2,210.5,1014.9,84.5,15.0,42.2,3.9,2,60,2022-06-27T05:33:53,2022-06-27T20:32:57,0.99,"Rain, Partially cloudy",Partly cloudy throughout the day with rain.,rain,"KVAY,F6990,72408013739,72408594732,72407493780,KPHL,KPNE",421
49,"Oaklyn, NJ, United States",2022-06-28,26.7,18.7,23.0,26.5,18.7,23.0,12.4,53.0,2.9,100.0,4.17,rain,0,0,27.0,17.8,284.7,1020.5,38.5,15.5,218.8,18.9,9,10,2022-06-28T05:34:17,2022-06-28T20:32:56,1.0,"Rain, Partially cloudy",Partly cloudy throughout the day with morning rain.,rain,"KVAY,F6990,72408013739,72408594732,72407493780,KPHL,KPNE",421
50,"Oaklyn, NJ, United States",2022-06-29,30.5,17.2,24.3,29.9,17.2,24.1,14.6,57.8,0.0,0.0,0.0,,0,0,27.7,19.2,188.7,1022.9,30.2,16.0,215.4,18.3,9,10,2022-06-29T05:34:43,2022-06-29T20:32:54,0.0,Partially cloudy,Partly cloudy throughout the day.,partly-cloudy-day,"KVAY,F6990,72408013739,72408594732,72407493780,KPHL,KPNE",421
51,"Oaklyn, NJ, United States",2022-06-30,32.1,20.3,26.8,30.9,20.3,26.5,15.4,52.9,0.0,0.0,0.0,,0,0,28.8,14.8,224.9,1021.9,16.4,16.0,216.3,18.4,9,10,2022-06-30T05:35:09,2022-06-30T20:32:50,0.01,Clear,Clear conditions throughout the day.,clear-day,"KVAY,F6990,72408013739,72408594732,72407493780,KPHL,KPNE",421
52,"Oaklyn, NJ, United States",2022-07-01,33.7,22.4,27.9,36.3,22.4,29.5,20.6,66.4,0.0,0.0,0.0,rain,0,0,45.4,22.4,225.7,1017.5,35.9,15.5,201.7,17.5,9,100,2022-07-01T05:35:38,2022-07-01T20:32:43,0.03,Partially cloudy,Becoming cloudy in the afternoon.,partly-cloudy-day,"KVAY,F6990,72408013739,72408594732,72407493780,KPHL,KPNE",421
53,"Oaklyn, NJ, United States",2022-07-02,33.1,25.7,28.3,36.5,25.7,30.0,21.3,66.8,0.0,0.0,0.0,rain,0,0,45.0,21.1,234.0,1013.5,61.0,15.9,155.8,13.4,9,75,2022-07-02T05:36:08,2022-07-02T20:32:35,0.05,Partially cloudy,Partly cloudy throughout the day.,partly-cloudy-day,"KVAY,F6990,72408013739,72408594732,72407493780,KPHL,KPNE",421
54,"Oaklyn, NJ, United States",2022-07-03,31.9,23.5,27.0,31.3,23.5,26.7,17.0,59.2,0.92,100.0,20.83,rain,0,0,38.2,20.1,202.4,1016.0,48.5,16.0,160.8,13.9,9,30,2022-07-03T05:36:39,2022-07-03T20:32:25,0.08,"Rain, Partially cloudy",Partly cloudy throughout the day with rain clearing later.,rain,"KVAY,F6990,72408013739,72408594732,72407493780,KPHL,KPNE",421
55,"Oaklyn, NJ, United States",2022-07-04,30.9,18.6,25.5,29.4,18.6,25.0,11.1,42.7,0.0,0.0,0.0,,0,0,31.7,18.2,167.3,1020.6,31.5,16.0,223.2,19.3,9,10,2022-07-04T05:37:12,2022-07-04T20:32:13,0.12,Partially cloudy,Partly cloudy throughout the day.,partly-cloudy-day,"KVAY,F6990,72408013739,72408594732,72407493780,KPHL,KPNE",421
56,"Oaklyn, NJ, United States",2022-07-05,31.6,21.6,25.5,32.5,21.6,25.9,18.4,65.8,2.74,100.0,12.5,rain,0,0,43.4,22.9,219.0,1016.3,65.2,15.7,180.4,15.6,9,10,2022-07-05T05:37:46,2022-07-05T20:31:59,0.17,"Rain, Partially cloudy",Becoming cloudy in the afternoon with rain.,rain,"KVAY,F6990,72408013739,72408594732,72407493780,KPHL,KPNE",421
57,"Oaklyn, NJ, United States",2022-07-06,31.6,23.7,27.7,34.0,23.7,29.0,20.6,67.2,0.16,100.0,4.17,rain,0,0,30.6,17.4,232.3,1011.1,71.0,15.2,167.8,14.3,9,30,2022-07-06T05:38:21,2022-07-06T20:31:43,0.22,"Rain, Partially cloudy",Partly cloudy throughout the day with afternoon rain.,rain,"KVAY,F6057,F6990,72408013739,72408594732,72407493780,KPHL,KPNE",421
58,"Oaklyn, NJ, United States",2022-07-07,27.4,21.3,24.6,29.2,21.3,24.9,19.9,76.2,20.42,100.0,33.33,rain,0,0,22.3,17.2,84.5,1014.7,93.1,14.1,84.7,7.3,5,10,2022-07-07T05:38:58,2022-07-07T20:31:24,0.27,"Rain, Overcast",Cloudy skies throughout the day with rain clearing later.,rain,"KVAY,F6990,72408013739,72408594732,72407493780,KPHL,KPNE",421
59,"Oaklyn, NJ, United States",2022-07-08,30.9,19.2,25.4,33.5,19.2,26.3,19.7,72.4,0.34,100.0,4.17,rain,0,0,27.0,17.1,153.8,1015.8,48.6,15.5,188.0,16.2,9,30,2022-07-08T05:39:35,2022-07-08T20:31:04,0.33,"Rain, Partially cloudy",Partly cloudy throughout the day with late afternoon rain.,rain,"KVAY,F6990,72408013739,72408594732,72407493780,E8199,KPHL,KPNE",421
60,"Oaklyn, NJ, United States",2022-07-09,24.7,21.8,23.5,24.7,21.8,23.5,19.3,77.3,1.68,100.0,29.17,rain,0,0,24.8,14.1,111.4,1016.6,76.9,15.9,57.0,4.8,2,10,2022-07-09T05:40:14,2022-07-09T20:30:42,0.38,"Rain, Partially cloudy",Partly cloudy throughout the day with a chance of rain throughout the day.,rain,"KVAY,F6990,72408013739,72408594732,72407493780,KPHL,KPNE",421
61,"Oaklyn, NJ, United States",2022-07-10,27.9,18.9,23.6,28.4,18.9,23.8,16.8,67.1,0.0,0.0,0.0,rain,0,0,23.0,15.8,105.1,1017.4,40.8,15.8,179.2,15.4,9,10,2022-07-10T05:40:54,2022-07-10T20:30:18,0.42,Partially cloudy,Partly cloudy throughout the day.,partly-cloudy-day,"KVAY,F6990,72408013739,72408594732,72407493780,KPHL,KPNE",421
62,"Oaklyn, NJ, United States",2022-07-11,29.5,17.4,23.9,28.6,17.4,23.7,14.3,58.6,0.0,0.0,0.0,rain,0,0,31.7,14.9,164.3,1014.4,9.8,16.0,211.5,18.3,9,10,2022-07-11T05:41:35,2022-07-11T20:29:53,0.46,Clear,Clear conditions throughout the day.,clear-day,"KVAY,F6990,72408013739,72408594732,72407493780,KPHL,KPNE",421
63,"Oaklyn, NJ, United States",2022-07-12,33.6,21.3,26.7,36.5,21.3,27.7,19.7,67.3,0.0,0.0,0.0,rain,0,0,43.6,26.7,224.8,1009.1,34.7,15.9,165.1,14.2,8,60,2022-07-12T05:42:18,2022-07-12T20:29:25,0.49,Partially cloudy,Partly cloudy throughout the day.,partly-cloudy-day,"KVAY,F6057,F6990,72408013739,72408594732,72407493780,E8199,KPHL,KPNE",421
64,"Oaklyn, NJ, United States",2022-07-13,32.7,23.0,28.3,33.1,23.0,28.6,18.1,56.6,0.0,0.0,0.0,,0,0,37.1,19.5,233.0,1011.6,45.1,16.0,206.3,17.9,9,30,2022-07-13T05:43:01,2022-07-13T20:28:55,0.5,Partially cloudy,Partly cloudy throughout the day.,partly-cloudy-day,"KVAY,F6990,72408013739,72408594732,72407493780,KPHL,KPNE",421
65,"Oaklyn, NJ, United States",2022-07-14,32.4,24.6,28.4,32.6,24.6,28.6,17.6,53.6,0.0,0.0,0.0,rain,0,0,27.7,17.4,295.7,1014.4,47.0,16.0,187.7,16.2,9,60,2022-07-14T05:43:45,2022-07-14T20:28:23,0.51,Partially cloudy,Partly cloudy throughout the day.,partly-cloudy-day,"KVAY,F6990,72408013739,72408594732,72407493780,KPHL,KPNE",421
66,"Oaklyn, NJ, United States",2022-07-15,31.0,21.5,26.2,31.2,21.5,26.3,16.9,58.0,1.64,100.0,8.33,rain,0,0,25.2,16.3,69.4,1019.5,50.4,16.0,204.4,17.6,9,60,2022-07-15T05:44:30,2022-07-15T20:27:50,0.53,"Rain, Partially cloudy",Partly cloudy throughout the day with late afternoon rain.,rain,"KVAY,F6990,72408013739,72408594732,72407493780,KPHL,KPNE",421
67,"Oaklyn, NJ, United States",2022-07-16,31.3,22.8,26.1,32.0,22.8,26.5,20.0,71.3,0.3,100.0,8.33,rain,0,0,22.3,13.2,129.5,1018.6,78.2,14.5,145.4,12.5,9,60,2022-07-16T05:45:16,2022-07-16T20:27:14,0.55,"Rain, Partially cloudy",Partly cloudy throughout the day with late afternoon rain.,rain,"KVAY,F6990,72408013739,72408594732,72407493780,KPHL,KPNE",421
68,"Oaklyn, NJ, United States",2022-07-17,30.2,22.0,26.3,33.2,22.0,27.6,20.8,72.6,1.63,100.0,8.33,rain,0,0,18.0,16.6,119.2,1016.6,86.1,15.8,141.2,12.4,5,60,2022-07-17T05:46:03,2022-07-17T20:26:37,0.6,"Rain, Partially cloudy",Partly cloudy throughout the day with early morning rain.,rain,"KVAY,F6057,F6990,72408013739,72408594732,72407493780,KPHL,KPNE",421
69,"Oaklyn, NJ, United States",2022-07-18,33.8,24.8,28.6,38.2,24.8,30.8,22.7,72.0,2.03,100.0,20.83,rain,0,0,44.3,28.1,183.5,1012.1,74.5,15.9,130.3,11.3,8,75,2022-07-18T05:46:50,2022-07-18T20:25:58,0.65,"Rain, Partially cloudy",Partly cloudy throughout the day with late afternoon rain.,rain,"KVAY,F6990,72408013739,72408594732,72407493780,KPHL,KPNE",421
70,"Oaklyn, NJ, United States",2022-07-19,33.9,24.5,28.9,34.7,24.5,29.6,19.5,59.9,0.04,100.0,4.17,rain,0,0,48.0,22.4,264.3,1009.6,33.7,16.0,203.4,17.5,9,10,2022-07-19T05:47:39,2022-07-19T20:25:17,0.7,"Rain, Partially cloudy",Partly cloudy throughout the day with early morning rain.,rain,"KVAY,F6990,72408013739,72408594732,72407493780,KPHL,KPNE",421
71,"Oaklyn, NJ, United States",2022-07-20,35.3,24.8,30.2,37.6,24.8,31.9,20.2,56.8,0.0,0.0,0.0,,0,0,31.7,17.8,236.9,1008.6,13.3,16.0,209.1,18.0,9,60,2022-07-20T05:48:28,2022-07-20T20:24:34,0.75,Clear,Clear conditions throughout the day.,clear-day,"KVAY,F6990,72408013739,72408594732,72407493780,KPHL,KPNE",421
72,"Oaklyn, NJ, United States",2022-07-21,35.6,26.3,30.7,40.2,26.3,33.7,22.0,61.7,1.27,100.0,8.33,rain,0,0,47.0,24.6,230.1,1005.5,29.9,16.0,182.6,15.7,9,100,2022-07-21T05:49:18,2022-07-21T20:23:49,0.8,"Rain, Partially cloudy",Partly cloudy throughout the day with afternoon rain.,rain,"KVAY,F6990,72408013739,72408594732,72407493780,KPHL,KPNE",421
73,"Oaklyn, NJ, United States",2022-07-22,35.9,25.8,31.0,36.0,25.8,31.7,18.6,51.3,0.0,0.0,0.0,,0,0,33.5,24.7,254.8,1011.6,22.2,16.0,197.7,17.0,9,30,2022-07-22T05:50:08,2022-07-22T20:23:03,0.85,Partially cloudy,Partly cloudy throughout the day.,partly-cloudy-day,"KVAY,F6990,72408013739,72408594732,72407493780,KPHL,KPNE",421
74,"Oaklyn, NJ, United States",2022-07-23,36.5,25.8,31.5,37.5,25.8,32.9,19.2,50.8,0.0,0.0,0.0,,0,0,28.3,18.3,232.1,1015.9,24.9,16.0,198.9,17.1,9,75,2022-07-23T05:50:59,2022-07-23T20:22:15,0.89,Partially cloudy,Partly cloudy throughout the day.,partly-cloudy-day,"KVAY,F6990,72408013739,72408594732,72407493780,KPHL,KPNE",421
75,"Oaklyn, NJ, United States",2022-07-24,37.0,25.8,31.2,38.6,25.8,32.9,19.8,53.4,0.0,0.0,0.0,,0,0,47.9,25.1,232.0,1016.0,35.7,16.0,201.0,17.4,8,100,2022-07-24T05:51:51,2022-07-24T20:21:25,0.93,Partially cloudy,Partly cloudy throughout the day.,partly-cloudy-day,"KVAY,F6990,72408013739,72408594732,72407493780,KPHL,KPNE",421
76,"Oaklyn, NJ, United States",2022-07-25,32.8,27.2,29.7,37.0,29.8,33.7,23.0,67.8,4.98,100.0,12.5,rain,0,0,52.0,25.7,224.0,1012.6,49.7,16.0,93.2,8.1,6,100,2022-07-25T05:52:43,2022-07-25T20:20:33,0.96,"Rain, Partially cloudy",Partly cloudy throughout the day with rain.,rain,"KVAY,F6057,F6990,72408013739,72408594732,72407493780,KPHL,KPNE",421
77,"Oaklyn, NJ, United States",2022-07-26,27.7,23.7,25.7,29.5,23.7,26.0,17.1,59.7,0.0,0.0,0.0,,0,0,35.3,14.9,210.0,1015.7,56.6,16.0,65.6,5.5,2,30,2022-07-26T05:53:35,2022-07-26T20:19:40,0.98,Partially cloudy,Partly cloudy throughout the day.,partly-cloudy-day,"KVAY,F6990,72408013739,72408594732,72407493780,E8199,KPHL,KPNE",421
78,"Oaklyn, NJ, United States",2022-07-27,31.2,23.6,27.1,32.8,23.6,28.0,18.9,61.5,0.08,100.0,8.33,rain,0,0,35.3,17.1,173.3,1013.8,79.0,16.0,147.8,12.6,8,10,2022-07-27T05:54:28,2022-07-27T20:18:45,1.0,"Rain, Partially cloudy",Partly cloudy throughout the day with early morning rain.,rain,"KVAY,F6057,F6990,72408013739,72408594732,72407493780,KPHL,KPNE",421
79,"Oaklyn, NJ, United States",2022-07-28,33.3,24.8,28.7,36.9,24.8,30.4,22.1,69.4,8.86,100.0,16.67,rain,0,0,59.3,31.1,242.4,1010.8,65.2,15.4,155.3,13.3,8,60,2022-07-28T05:55:22,2022-07-28T20:17:49,1.0,"Rain, Partially cloudy",Partly cloudy throughout the day with rain.,rain,"KVAY,F6057,F6990,72408013739,72408594732,72407493780,KPHL,KPNE",421
80,"Oaklyn, NJ, United States",2022-07-29,30.6,23.9,26.5,32.9,23.9,27.4,21.0,72.7,2.16,100.0,8.33,rain,0,0,25.9,15.4,269.1,1013.0,60.5,15.6,79.7,6.8,7,30,2022-07-29T05:56:16,2022-07-29T20:16:51,0.0,"Rain, Partially cloudy",Partly cloudy throughout the day with late afternoon rain.,rain,"KVAY,F6990,72408013739,72408594732,72407493780,E8199,KPHL,KPNE",421
81,"Oaklyn, NJ, United States",2022-07-30,31.9,23.5,27.6,31.1,23.5,27.4,16.3,53.0,0.0,0.0,0.0,,0,0,33.5,21.5,302.7,1017.2,46.2,16.0,199.5,17.3,9,10,2022-07-30T05:57:10,2022-07-30T20:15:51,0.01,Partially cloudy,Partly cloudy throughout the day.,partly-cloudy-day,"KVAY,F6990,72408013739,72408594732,72407493780,E8199,KPHL,KPNE",421
82,"Oaklyn, NJ, United States",2022-07-31,32.1,21.2,26.5,31.6,21.2,26.7,17.1,58.5,0.8,100.0,8.33,rain,0,0,34.6,14.8,161.8,1020.6,57.0,15.9,136.5,11.7,8,10,2022-07-31T05:58:05,2022-07-31T20:14:50,0.04,"Rain, Partially cloudy",Partly cloudy throughout the day with late afternoon rain.,rain,"KVAY,F6057,F6990,72408013739,72408594732,72407493780,KPHL,KPNE",421
83,"Oaklyn, NJ, United States",2022-08-01,26.7,20.7,23.2,27.9,20.7,23.3,19.6,80.6,5.62,100.0,29.17,rain,0,0,20.2,13.5,191.9,1014.7,87.0,14.1,57.5,4.9,3,10,2022-08-01T05:59:00,2022-08-01T20:13:48,0.07,"Rain, Partially cloudy",Partly cloudy throughout the day with rain clearing later.,rain,"KVAY,F6057,F6990,72408013739,72408594732,72407493780,E8199,KPHL,KPNE",421
84,"Oaklyn, NJ, United States",2022-08-02,33.6,22.3,28.0,35.3,22.3,29.0,19.9,64.5,0.47,100.0,8.33,rain,0,0,34.7,21.9,228.0,1010.6,35.0,15.8,198.3,17.2,9,60,2022-08-02T05:59:55,2022-08-02T20:12:44,0.1,"Rain, Partially cloudy",Partly cloudy throughout the day with early morning rain.,rain,"KVAY,F6057,F6990,72408013739,72408594732,72407493780,KPHL,KPNE",421
85,"Oaklyn, NJ, United States",2022-08-03,33.1,23.2,28.4,33.8,23.2,28.8,17.3,52.2,0.0,0.0,0.0,,0,0,27.7,16.5,224.7,1015.3,13.6,16.0,191.0,16.5,9,10,2022-08-03T06:00:50,2022-08-03T20:11:38,0.14,Clear,Clear conditions throughout the day.,clear-day,"KVAY,F6057,F6990,72408013739,72408594732,72407493780,KPHL,KPNE",421
86,"Oaklyn, NJ, United States",2022-08-04,36.2,23.4,29.5,40.3,23.4,31.7,21.2,63.1,0.78,100.0,12.5,rain,0,0,47.8,18.1,210.7,1017.4,22.0,15.4,184.3,15.8,8,75,2022-08-04T06:01:46,2022-08-04T20:10:31,0.2,"Rain, Partially cloudy",Partly cloudy throughout the day with late afternoon rain.,rain,"KVAY,F6057,F6990,72408013739,72408594732,72407493780,KPHL,KPNE",421
87,"Oaklyn, NJ, United States",2022-08-05,33.2,23.5,27.6,36.9,23.5,29.4,21.6,71.1,2.11,100.0,20.83,rain,0,0,55.4,17.9,249.3,1020.6,56.8,15.9,93.2,8.1,5,60,2022-08-05T06:02:42,2022-08-05T20:09:23,0.25,"Rain, Partially cloudy",Partly cloudy throughout the day with rain.,rain,"KVAY,F6057,F6990,72408013739,72408594732,72407493780,KPHL,KPNE",421
88,"Oaklyn, NJ, United States",2022-08-06,32.7,23.7,28.2,36.1,23.7,30.4,21.9,69.8,0.04,100.0,4.17,rain,0,0,36.5,20.0,221.7,1022.8,54.7,16.0,137.8,11.8,8,75,2022-08-06T06:03:38,2022-08-06T20:08:13,0.31,"Rain, Partially cloudy",Partly cloudy throughout the day with early morning rain.,rain,"KVAY,F6057,F6990,72408013739,72408594732,72407493780,KPHL,KPNE",421
89,"Oaklyn, NJ, United States",2022-08-07,34.2,25.8,30.0,38.0,25.8,32.9,22.3,65.4,0.0,0.0,0.0,,0,0,39.6,28.1,216.7,1021.2,45.0,16.0,179.2,15.3,9,75,2022-08-07T06:04:34,2022-08-07T20:07:02,0.36,Partially cloudy,Partly cloudy throughout the day.,partly-cloudy-day,"KVAY,F6057,F6990,72408013739,72408594732,72407493780,KPHL,KPNE",421
90,"Oaklyn, NJ, United States",2022-08-08,35.2,26.3,30.6,39.6,26.3,34.1,22.9,65.3,0.0,0.0,0.0,rain,0,0,37.1,24.9,226.8,1016.4,34.1,16.0,200.0,17.2,9,75,2022-08-08T06:05:30,2022-08-08T20:05:50,0.41,Partially cloudy,Partly cloudy throughout the day.,partly-cloudy-day,"KVAY,F6057,F6990,72408013739,72408594732,72407493780,KPHL,KPNE",421
91,"Oaklyn, NJ, United States",2022-08-09,36.7,27.2,31.1,41.8,30.2,35.7,23.4,65.8,6.1,100.0,12.5,rain,0,0,50.0,24.1,249.2,1013.9,38.2,15.6,184.7,15.9,9,75,2022-08-09T06:06:27,2022-08-09T20:04:36,0.45,"Rain, Partially cloudy",Partly cloudy throughout the day with late afternoon rain.,rain,"KVAY,F6057,F6990,72408013739,72408594732,72407493780,KPHL,KPNE",421
92,"Oaklyn, NJ, United States",2022-08-10,33.1,25.6,29.1,35.4,25.6,30.6,21.3,64.7,0.16,100.0,4.17,rain,0,0,27.7,13.8,233.1,1016.1,60.8,15.8,159.0,13.7,9,30,2022-08-10T06:07:24,2022-08-10T20:03:21,0.48,"Rain, Partially cloudy",Becoming cloudy in the afternoon with early morning rain.,rain,"KVAY,F6057,F6990,72408013739,72408594732,72407493780,KPHL,KPNE",421
93,"Oaklyn, NJ, United States",2022-08-11,32.1,23.3,27.7,31.8,23.3,28.1,19.5,64.5,23.06,100.0,25.0,rain,0,0,38.9,14.4,262.3,1012.8,66.0,15.2,137.6,11.9,8,60,2022-08-11T06:08:20,2022-08-11T20:02:05,0.5,"Rain, Partially cloudy",Partly cloudy throughout the day with a chance of rain throughout the day.,rain,"KVAY,F6057,F6990,72408013739,72408594732,72407493780,KPHL,KPNE",421
94,"Oaklyn, NJ, United States",2022-08-12,30.3,22.6,26.3,28.9,22.6,25.9,11.9,42.2,0.0,0.0,0.0,,0,0,36.4,21.0,194.3,1015.2,46.1,16.0,188.3,16.2,9,30,2022-08-12T06:09:17,2022-08-12T20:00:48,0.5,Partially cloudy,Partly cloudy throughout the day.,partly-cloudy-day,"KVAY,F6057,F6990,72408013739,72408594732,72407493780,KPHL,KPNE",421
95,"Oaklyn, NJ, United States",2022-08-13,28.5,17.9,23.3,27.4,17.9,23.0,9.2,42.6,0.0,0.0,0.0,,0,0,37.7,22.3,140.8,1018.8,16.0,16.0,187.5,16.2,9,10,2022-08-13T06:10:14,2022-08-13T19:59:29,0.52,Clear,Clear conditions throughout the day.,clear-day,"KVAY,F6057,F6990,72408013739,72408594732,72407493780,KPHL,KPNE",421
96,"Oaklyn, NJ, United States",2022-08-14,29.5,19.1,23.7,28.4,19.1,23.5,13.5,55.3,0.0,0.0,0.0,,0,0,27.7,15.8,161.1,1017.4,48.1,16.0,128.1,11.1,7,10,2022-08-14T06:11:11,2022-08-14T19:58:10,0.54,Partially cloudy,Partly cloudy throughout the day.,partly-cloudy-day,"KVAY,F6057,F6990,72408013739,72408594732,72407493780,KPHL,KPNE",421
97,"Oaklyn, NJ, United States",2022-08-15,28.6,19.3,23.3,28.0,19.3,23.2,13.7,57.0,0.0,0.0,0.0,,0,0,35.3,18.7,116.5,1015.4,43.2,16.0,102.2,8.7,4,10,2022-08-15T06:12:07,2022-08-15T19:56:49,0.58,Partially cloudy,Partly cloudy throughout the day.,partly-cloudy-day,"KVAY,F6057,F6990,72408013739,72408594732,72407493780,KPHL,KPNE",421
98,"Oaklyn, NJ, United States",2022-08-16,29.1,17.4,23.1,28.2,17.4,23.0,13.4,56.8,0.0,0.0,0.0,,0,0,46.4,22.9,90.9,1015.7,34.1,16.0,193.3,16.5,10,10,2022-08-16T06:13:04,2022-08-16T19:55:28,0.62,Partially cloudy,Partly cloudy throughout the day.,partly-cloudy-day,"KVAY,F6057,F6990,72408013739,72408594732,72407493780,KPHL,KPNE",421
99,"Oaklyn, NJ, United States",2022-08-17,28.1,19.3,24.0,27.6,19.3,23.8,14.4,57.4,0.0,0.0,0.0,,0,0,22.3,13.6,145.7,1015.6,52.1,16.0,202.7,17.5,9,30,2022-08-17T06:14:01,2022-08-17T19:54:05,0.67,Partially cloudy,Partly cloudy throughout the day.,partly-cloudy-day,"KVAY,F6057,F6990,72408013739,72408594732,72407493780,KPHL,KPNE",421
100,"Oaklyn, NJ, United States",2022-08-18,30.6,18.2,24.7,29.7,18.2,24.4,14.0,54.8,0.0,0.0,0.0,,0,0,37.1,19.6,277.6,1013.8,16.3,16.0,181.6,15.6,9,10,2022-08-18T06:14:58,2022-08-18T19:52:41,0.72,Clear,Clear conditions throughout the day.,clear-day,"KVAY,F6057,F6990,72408013739,72408594732,72407493780,KPHL,KPNE",421
101,"Oaklyn, NJ, United States",2022-08-19,32.9,19.9,26.7,32.1,19.9,26.5,16.1,55.4,0.0,0.0,0.0,,0,0,33.5,18.3,225.7,1017.7,25.1,16.0,196.1,17.0,9,30,2022-08-19T06:15:55,2022-08-19T19:51:17,0.77,Partially cloudy,Partly cloudy throughout the day.,partly-cloudy-day,"KVAY,F6057,F6990,72408013739,72408594732,72407493780,KPHL,KPNE",421
102,"Oaklyn, NJ, United States",2022-08-20,33.5,22.8,27.6,33.4,22.8,27.8,17.6,56.9,0.0,0.0,0.0,,0,0,27.7,19.1,179.2,1020.5,35.5,16.0,175.2,15.1,8,60,2022-08-20T06:16:52,2022-08-20T19:49:51,0.82,Partially cloudy,Partly cloudy throughout the day.,partly-cloudy-day,"KVAY,F6990,72408013739,72408594732,72407493780,KPHL,KPNE",421
103,"Oaklyn, NJ, United States",2022-08-21,30.2,21.0,25.0,31.6,21.0,25.5,19.7,73.6,0.56,100.0,4.17,rain,0,0,24.8,16.6,115.6,1018.9,56.8,15.6,90.6,8.0,6,60,2022-08-21T06:17:49,2022-08-21T19:48:25,0.86,"Rain, Partially cloudy",Partly cloudy throughout the day with late afternoon rain.,rain,"KVAY,F6057,F6990,72408013739,72408594732,72407493780,KPHL,KPNE",421
104,"Oaklyn, NJ, United States",2022-08-22,30.5,22.7,25.5,33.1,22.7,26.4,21.7,80.5,10.54,100.0,45.83,rain,0,0,40.7,20.3,133.0,1012.4,85.8,15.1,112.9,9.7,9,75,2022-08-22T06:18:45,2022-08-22T19:46:58,0.9,"Rain, Partially cloudy",Partly cloudy throughout the day with a chance of rain throughout the day.,rain,"KVAY,F6057,F6990,72408013739,72408594732,72407493780,KPHL,KPNE",421
105,"Oaklyn, NJ, United States",2022-08-23,30.2,21.3,25.7,30.7,21.3,26.2,19.2,69.3,0.07,100.0,4.17,rain,0,0,31.7,20.5,240.3,1010.5,55.1,15.0,127.4,11.0,9,60,2022-08-23T06:19:42,2022-08-23T19:45:30,0.94,"Rain, Partially cloudy",Partly cloudy throughout the day with early morning rain.,rain,"KVAY,F6057,F6990,72408013739,72408594732,72407493780,KPHL,KPNE",421
106,"Oaklyn, NJ, United States",2022-08-24,32.2,21.5,26.8,31.6,21.5,26.7,16.8,57.2,0.0,0.0,0.0,,0,0,29.5,17.3,273.0,1014.8,17.1,16.0,171.7,14.8,8,10,2022-08-24T06:20:39,2022-08-24T19:44:01,0.97,Clear,Clear conditions throughout the day.,clear-day,"KVAY,F6990,72408013739,72408594732,72407493780,KPHL,KPNE",421
107,"Oaklyn, NJ, United States",2022-08-25,33.1,20.9,27.1,32.5,20.9,27.1,16.3,54.2,0.0,0.0,0.0,,0,0,24.1,13.5,218.8,1017.0,28.9,15.9,183.9,15.8,8,10,2022-08-25T06:21:36,2022-08-25T19:42:31,0.99,Partially cloudy,Partly cloudy throughout the day.,partly-cloudy-day,"KVAY,F6990,72408013739,72408594732,72407493780,KPHL,KPNE",421
108,"Oaklyn, NJ, United States",2022-08-26,33.5,23.5,28.4,34.6,23.5,29.2,19.7,61.9,0.0,0.0,0.0,rain,0,0,29.7,21.5,249.7,1013.9,41.0,15.8,173.8,14.9,8,75,2022-08-26T06:22:32,2022-08-26T19:41:01,1.0,Partially cloudy,Partly cloudy throughout the day.,partly-cloudy-day,"KVAY,F6990,72408013739,72408594732,72407493780,KPHL,KPNE",421
109,"Oaklyn, NJ, United States",2022-08-27,33.2,23.2,27.9,33.5,23.2,28.4,19.1,61.1,0.0,0.0,0.0,,0,0,33.5,16.3,144.4,1015.3,48.4,15.9,161.4,13.8,8,75,2022-08-27T06:23:29,2022-08-27T19:39:30,0.0,Partially cloudy,Partly cloudy throughout the day.,partly-cloudy-day,"KVAY,F6990,72408013739,72408594732,72407493780,KPHL,KPNE",421
110,"Oaklyn, NJ, United States",2022-08-28,31.8,23.5,26.5,35.3,23.5,27.7,21.8,76.3,0.0,0.0,0.0,rain,0,0,37.1,22.4,88.8,1019.5,80.3,14.7,156.7,13.7,7,75,2022-08-28T06:24:25,2022-08-28T19:37:58,0.01,Partially cloudy,Partly cloudy throughout the day.,partly-cloudy-day,"KVAY,F6057,F6990,72408013739,72408594732,72407493780,KPHL,KPNE",421
111,"Oaklyn, NJ, United States",2022-08-29,32.9,23.3,27.4,34.5,23.3,28.3,21.2,71.9,0.97,100.0,4.17,rain,0,0,33.5,16.0,153.3,1019.1,51.6,13.0,149.5,13.1,8,30,2022-08-29T06:25:22,2022-08-29T19:36:25,0.02,"Rain, Partially cloudy",Clearing in the afternoon with late afternoon rain.,rain,"KVAY,F6990,72408013739,72408594732,72407493780,KPHL,KPNE",421
112,"Oaklyn, NJ, United States",2022-08-30,34.1,25.1,28.1,36.2,25.1,29.3,21.9,71.7,9.06,100.0,8.33,rain,0,0,50.0,21.1,215.1,1012.1,69.0,15.8,136.3,11.7,8,60,2022-08-30T06:26:18,2022-08-30T19:34:52,0.05,"Rain, Partially cloudy",Clearing in the afternoon with late afternoon rain.,rain,"KVAY,F6990,72408013739,72408594732,72407493780,KPHL,KPNE",421
113,"Oaklyn, NJ, United States",2022-08-31,29.9,21.9,25.6,29.1,21.9,25.5,16.4,60.5,0.0,0.0,0.0,,0,0,35.3,24.3,281.5,1010.3,30.3,16.0,142.7,12.4,8,10,2022-08-31T06:27:14,2022-08-31T19:33:19,0.09,Partially cloudy,Becoming cloudy in the afternoon.,partly-cloudy-day,"KVAY,F6990,72408013739,72408594732,72407493780,KPHL,KPNE",421
114,"Oaklyn, NJ, United States",2022-09-01,31.2,20.2,25.4,30.2,20.2,25.1,13.0,48.2,0.0,0.0,0.0,,0,0,33.5,21.9,267.3,1014.5,8.7,16.0,167.0,14.4,8,10,2022-09-01T06:28:11,2022-09-01T19:31:45,0.13,Clear,Clear conditions throughout the day.,clear-day,"KVAY,F6990,72408013739,72408594732,72407493780,KPHL,KPNE",421
115,"Oaklyn, NJ, United States",2022-09-02,28.4,17.2,22.7,27.7,17.2,22.5,12.4,54.2,0.0,0.0,0.0,,0,0,27.7,13.5,56.2,1022.8,22.6,16.0,163.3,14.0,8,10,2022-09-02T06:29:07,2022-09-02T19:30:10,0.18,Partially cloudy,Partly cloudy throughout the day.,partly-cloudy-day,"KVAY,F6990,72408013739,72408594732,72407493780,KPHL,KPNE",421
116,"Oaklyn, NJ, United States",2022-09-03,30.2,18.5,23.9,30.8,18.5,24.1,17.6,70.1,0.0,0.0,0.0,,0,0,34.6,12.6,93.5,1023.9,54.9,16.0,152.9,13.2,8,10,2022-09-03T06:30:03,2022-09-03T19:28:35,0.24,Partially cloudy,Partly cloudy throughout the day.,partly-cloudy-day,"KVAY,F6990,72408013739,72408594732,72407493780,KPHL,KPNE",421
117,"Oaklyn, NJ, United States",2022-09-04,32.1,20.9,26.3,33.1,20.9,26.9,19.0,66.5,0.0,0.0,0.0,rain,0,0,37.1,15.1,231.7,1019.9,51.2,16.0,121.8,10.4,7,30,2022-09-04T06:31:00,2022-09-04T19:26:59,0.29,Partially cloudy,Partly cloudy throughout the day.,partly-cloudy-day,"KVAY,F6990,72408013739,72408594732,72407493780,KPHL,KPNE",421
118,"Oaklyn, NJ, United States",2022-09-05,31.6,22.4,26.6,31.7,22.4,26.9,18.8,64.2,0.0,0.0,0.0,rain,0,0,37.4,16.2,187.8,1018.1,65.6,16.0,115.7,10.0,5,30,2022-09-05T06:31:56,2022-09-05T19:25:23,0.35,Partially cloudy,Partly cloudy throughout the day.,partly-cloudy-day,"KVAY,F6990,72408013739,72408594732,72407493780,KPHL,KPNE",421
119,"Oaklyn, NJ, United States",2022-09-06,25.3,21.2,23.0,25.3,21.2,23.0,20.7,87.0,31.9,100.0,45.83,rain,0,0,38.9,22.2,103.3,1014.9,98.1,13.0,25.9,2.1,1,30,2022-09-06T06:32:52,2022-09-06T19:23:46,0.4,"Rain, Overcast",Cloudy skies throughout the day with a chance of rain throughout the day.,rain,"KVAY,F6990,72408013739,72408594732,72407493780,E8199,KPHL,KPNE",421
120,"Oaklyn, NJ, United States",2022-09-07,22.9,20.7,21.6,22.9,20.7,21.6,18.5,82.6,2.31,100.0,25.0,rain,0,0,34.2,18.6,34.5,1014.8,100.0,15.1,47.1,4.0,2,10,2022-09-07T06:33:48,2022-09-07T19:22:09,0.44,"Rain, Overcast",Cloudy skies throughout the day with rain.,rain,"KVAY,F6057,F6990,72408013739,72408594732,72407493780,KPHL,KPNE",421
121,"Oaklyn, NJ, United States",2022-09-08,27.3,18.4,22.4,27.2,18.4,22.5,15.5,67.1,0.0,0.0,0.0,rain,0,0,33.5,18.9,118.3,1013.1,51.9,16.0,68.0,5.9,4,10,2022-09-08T06:34:44,2022-09-08T19:20:32,0.47,Partially cloudy,Partly cloudy throughout the day.,partly-cloudy-day,"KVAY,F6990,72408013739,72408594732,72407493780,KPHL,KPNE",421
122,"Oaklyn, NJ, United States",2022-09-09,28.2,16.5,22.1,27.6,16.5,22.0,14.3,64.8,0.0,0.0,0.0,,0,0,22.0,13.5,128.5,1017.6,8.4,15.8,150.2,12.9,7,10,2022-09-09T06:35:40,2022-09-09T19:18:54,0.49,Clear,Clear conditions throughout the day.,clear-day,"KVAY,F6990,72408013739,72408594732,72407493780,KPHL,KPNE",421
123,"Oaklyn, NJ, United States",2022-09-10,28.2,15.2,22.1,28.0,15.2,22.1,15.4,68.0,0.0,0.0,0.0,rain,0,0,34.2,10.0,114.8,1023.3,26.6,16.0,153.5,13.3,8,10,2022-09-10T06:36:37,2022-09-10T19:17:16,0.5,Partially cloudy,Partly cloudy throughout the day.,partly-cloudy-day,"KVAY,F6057,F6990,72408013739,72408594732,72407493780,KPHL,KPNE",421
124,"Oaklyn, NJ, United States",2022-09-11,24.9,21.6,22.8,24.9,21.6,22.8,19.8,83.2,8.7,100.0,45.83,rain,0,0,33.8,12.6,64.0,1019.4,91.5,13.6,40.0,3.4,4,10,2022-09-11T06:37:33,2022-09-11T19:15:38,0.51,"Rain, Overcast",Cloudy skies throughout the day with rain.,rain,"KVAY,F6990,72408013739,72408594732,72407493780,KPHL,KPNE",421
125,"Oaklyn, NJ, United States",2022-09-12,29.3,23.1,25.7,31.8,23.1,26.6,21.7,79.7,1.36,100.0,12.5,rain,0,0,28.8,10.2,192.3,1010.5,88.1,15.2,88.5,7.5,5,75,2022-09-12T06:38:29,2022-09-12T19:14:00,0.53,"Rain, Partially cloudy",Partly cloudy throughout the day with rain.,rain,"KVAY,F6057,F6990,72408013739,72408594732,72407493780,KPHL,KPNE",421
126,"Oaklyn, NJ, United States",2022-09-13,28.9,21.3,25.2,29.7,21.3,25.4,18.2,68.1,0.32,100.0,8.33,rain,0,0,35.3,29.1,254.1,1008.1,62.0,15.3,132.0,11.5,8,60,2022-09-13T06:39:25,2022-09-13T19:12:21,0.56,"Rain, Partially cloudy",Partly cloudy throughout the day with early morning rain.,rain,"KVAY,F6990,72408013739,72408594732,72407493780,KPHL,KPNE",421
127,"Oaklyn, NJ, United States",2022-09-14,27.2,17.3,22.3,27.2,17.3,22.3,13.3,57.8,0.0,0.0,0.0,,0,0,35.2,20.4,293.5,1015.0,14.7,16.0,150.0,13.0,8,10,2022-09-14T06:40:21,2022-09-14T19:10:42,0.6,Clear,Clear conditions throughout the day.,clear-day,"KVAY,F6057,F6990,72408013739,72408594732,72407493780,KPHL,KPNE",421
128,"Oaklyn, NJ, United States",2022-09-15,24.7,17.0,21.2,24.7,17.0,21.2,11.0,54.7,0.0,0.0,0.0,,0,0,38.4,25.1,317.8,1020.8,5.4,16.0,133.6,11.7,7,10,2022-09-15T06:41:18,2022-09-15T19:09:03,0.64,Clear,Clear conditions throughout the day.,clear-day,"KVAY,F6057,F6990,72408013739,72408594732,72407493780,KPHL,KPNE",421
129,"Oaklyn, NJ, United States",2022-09-16,25.9,12.8,19.4,25.9,12.8,19.4,10.2,57.1,0.0,0.0,0.0,,0,0,17.6,14.0,271.2,1022.4,11.8,16.0,119.3,10.4,5,10,2022-09-16T06:42:14,2022-09-16T19:07:24,0.69,Clear,Clear conditions throughout the day.,clear-day,"KVAY,F6057,F6990,72408013739,72408594732,72407493780,KPHL,KPNE",421
130,"Oaklyn, NJ, United States",2022-09-17,27.7,16.9,22.2,28.0,16.9,22.3,14.8,63.9,0.0,0.0,0.0,,0,0,28.8,12.6,147.3,1023.2,41.8,16.0,140.3,12.2,7,10,2022-09-17T06:43:11,2022-09-17T19:05:45,0.74,Partially cloudy,Partly cloudy throughout the day.,partly-cloudy-day,"KVAY,F6990,72408013739,72408594732,72407493780,KPHL,KPNE",421
131,"Oaklyn, NJ, United States",2022-09-18,29.2,18.1,23.3,28.8,18.1,23.3,15.7,65.1,0.0,0.0,0.0,,0,0,29.5,21.9,236.0,1018.9,19.9,15.9,129.9,11.1,6,10,2022-09-18T06:44:07,2022-09-18T19:04:06,0.78,Clear,Clear conditions throughout the day.,clear-day,"KVAY,F6057,F6990,72408013739,72408594732,72407493780,KPHL,KPNE",421
132,"Oaklyn, NJ, United States",2022-09-19,31.1,20.2,24.6,30.9,20.2,24.7,17.4,66.6,0.24,100.0,4.17,rain,0,0,45.8,28.6,232.4,1013.8,34.7,15.9,131.5,11.3,7,30,2022-09-19T06:45:04,2022-09-19T19:02:27,0.83,"Rain, Partially cloudy",Becoming cloudy in the afternoon with afternoon rain.,rain,"KVAY,F6057,F6990,72408013739,72408594732,72407493780,KPHL,KPNE",421
133,"Oaklyn, NJ, United States",2022-09-20,27.8,20.1,23.6,27.5,20.1,23.6,15.0,61.1,0.0,0.0,0.0,,0,0,41.5,23.3,289.3,1012.9,31.4,15.7,158.0,13.7,7,10,2022-09-20T06:46:00,2022-09-20T19:00:47,0.87,Partially cloudy,Partly cloudy throughout the day.,partly-cloudy-day,"KVAY,F6057,F6990,72408013739,72408594732,72407493780,KPHL,KPNE",421
134,"Oaklyn, NJ, United States",2022-09-21,28.5,16.9,22.7,28.1,16.9,22.6,14.8,63.3,0.0,0.0,0.0,,0,0,32.0,16.6,257.5,1013.6,30.9,16.0,137.6,11.8,7,10,2022-09-21T06:46:57,2022-09-21T18:59:08,0.91,Partially cloudy,Partly cloudy throughout the day.,partly-cloudy-day,"KVAY,F6990,72408013739,72408594732,72407493780,KPHL,KPNE",421
135,"Oaklyn, NJ, United States",2022-09-22,27.2,15.9,21.4,28.6,15.9,21.4,15.3,69.3,1.3,100.0,16.67,rain,0,0,55.4,27.0,269.5,1005.7,51.2,15.5,42.2,3.7,2,30,2022-09-22T06:47:54,2022-09-22T18:57:29,0.95,"Rain, Partially cloudy",Partly cloudy throughout the day with afternoon rain.,rain,"KVAY,F6990,72408013739,72408594732,72407493780,KPHL,KPNE",421
136,"Oaklyn, NJ, United States",2022-09-23,19.6,12.3,15.3,19.6,12.3,15.3,3.2,45.9,0.0,0.0,0.0,,0,0,54.4,33.6,329.6,1014.4,21.4,16.0,141.4,12.1,7,10,2022-09-23T06:48:51,2022-09-23T18:55:50,0.97,Partially cloudy,Partly cloudy throughout the day.,partly-cloudy-day,"KVAY,F6990,72408013739,72408594732,72407493780,KPHL,KPNE",421
137,"Oaklyn, NJ, United States",2022-09-24,21.2,9.0,14.7,21.2,7.8,14.4,4.9,53.3,0.0,0.0,0.0,,0,0,33.8,21.5,272.8,1016.9,32.1,16.0,86.9,7.5,5,10,2022-09-24T06:49:48,2022-09-24T18:54:11,0.99,Partially cloudy,Partly cloudy throughout the day.,partly-cloudy-day,"KVAY,F6990,72408013739,72408594732,72407493780,KPHL,KPNE",421
138,"Oaklyn, NJ, United States",2022-09-25,24.3,15.3,18.2,24.3,15.3,18.2,13.4,74.2,4.55,100.0,16.67,rain,0,0,60.7,18.3,194.3,1007.6,74.1,15.7,49.1,4.1,3,10,2022-09-25T06:50:46,2022-09-25T18:52:32,1.0,"Rain, Partially cloudy",Partly cloudy throughout the day with rain.,rain,"KVAY,F6990,72408013739,72408594732,72407493780,KPHL,KPNE",421
139,"Oaklyn, NJ, United States",2022-09-26,25.4,15.6,20.3,25.4,15.6,20.3,11.1,59.2,0.0,0.0,0.0,rain,0,0,40.7,24.7,248.7,1006.5,47.9,16.0,112.7,9.7,7,10,2022-09-26T06:51:43,2022-09-26T18:50:53,0.0,Partially cloudy,Partly cloudy throughout the day.,partly-cloudy-day,"KVAY,F6990,72408013739,72408594732,72407493780,KPHL,KPNE",421
140,"Oaklyn, NJ, United States",2022-09-27,22.3,14.9,18.5,22.3,14.9,18.5,7.0,48.4,0.0,0.0,0.0,,0,0,41.9,26.8,259.4,1012.0,41.2,16.0,119.7,10.4,7,10,2022-09-27T06:52:41,2022-09-27T18:49:15,0.01,Partially cloudy,Partly cloudy throughout the day.,partly-cloudy-day,"KVAY,F6990,72408013739,72408594732,72407493780,KPHL,KPNE",421
141,"Oaklyn, NJ, United States",2022-09-28,21.0,10.4,16.1,21.0,10.4,16.1,8.1,60.0,0.0,0.0,0.0,,0,0,37.1,21.5,298.5,1020.3,29.9,16.0,120.8,10.3,7,10,2022-09-28T06:53:39,2022-09-28T18:47:36,0.04,Partially cloudy,Becoming cloudy in the afternoon.,partly-cloudy-day,"KVAY,F6990,72408013739,72408594732,72407493780,KPHL,KPNE",421
142,"Oaklyn, NJ, United States",2022-09-29,20.8,11.5,16.3,20.8,11.5,16.3,7.9,59.1,0.0,0.0,0.0,,0,0,37.1,23.6,102.0,1026.8,30.1,16.0,103.4,8.9,7,10,2022-09-29T06:54:37,2022-09-29T18:45:58,0.07,Partially cloudy,Partly cloudy throughout the day.,partly-cloudy-day,"KVAY,F6990,72408013739,72408594732,72407493780,KPHL,KPNE",421
143,"Oaklyn, NJ, United States",2022-09-30,18.2,12.0,14.8,18.2,12.0,14.8,8.5,66.5,0.3,71.4,8.33,rain,0,0,43.9,22.2,40.6,1024.3,63.0,18.5,56.6,5.0,2,10,2022-09-30T06:55:35,2022-09-30T18:44:20,0.12,"Rain, Partially cloudy",Partly cloudy throughout the day with late afternoon rain.,rain,"KVAY,F6990,KPHL,KPNE",421
