,name,datetime,tempmax,tempmin,temp,feelslikemax,feelslikemin,feelslike,dew,humidity,precip,precipprob,precipcover,preciptype,snow,snowdepth,windgust,windspeed,winddir,sealevelpressure,cloudcover,visibility,solarradiation,solarenergy,uvindex,severerisk,sunrise,sunset,moonphase,conditions,description,icon,stations,skey
0,"Edgewater Park Twp, NJ, United States",2022-05-10,22.6,10.2,16.1,22.6,10.2,16.1,-2.7,28.0,0.0,0.0,0.0,,0,0,47.0,30.6,60.4,1026.2,27.5,16.0,233.9,20.3,10,10,2022-05-10T05:49:15,2022-05-10T20:03:34,0.32,Partially cloudy,Becoming cloudy in the afternoon.,partly-cloudy-day,"KVAY,KWRI,72409514792,72408594732,72407493780,D8567,72409614706,KPNE",440
1,"Edgewater Park Twp, NJ, United States",2022-05-11,22.6,10.6,16.4,22.6,10.6,16.4,6.3,52.2,0.0,0.0,0.0,,0,0,44.6,27.1,48.0,1024.8,45.0,16.0,130.0,11.1,6,10,2022-05-11T05:48:13,2022-05-11T20:04:33,0.37,Partially cloudy,Partly cloudy throughout the day.,partly-cloudy-day,"KVAY,72409514792,72408594732,72407493780,D8567,72409614706,KPNE",440
2,"Edgewater Park Twp, NJ, United States",2022-05-12,24.0,12.0,17.8,24.0,12.0,17.8,14.5,81.5,0.0,0.0,0.0,rain,0,0,33.8,24.5,69.6,1025.1,65.1,15.8,144.5,12.2,10,10,2022-05-12T05:47:12,2022-05-12T20:05:31,0.41,Partially cloudy,Partly cloudy throughout the day.,partly-cloudy-day,"KVAY,KTTN,72409514792,72408594732,72407493780,F5135,D8567,72409614706,KPNE",440
3,"Edgewater Park Twp, NJ, United States",2022-05-13,22.5,14.9,18.2,22.5,14.9,18.2,17.4,95.3,9.62,100.0,20.83,rain,0,0,27.7,19.0,70.9,1023.8,99.0,11.1,73.1,6.2,5,10,2022-05-13T05:46:13,2022-05-13T20:06:28,0.45,"Rain, Overcast",Cloudy skies throughout the day with rain in the morning and afternoon.,rain,"KVAY,KWRI,KTTN,72409514792,72408594732,72407493780,F5135,D8567,72409614706,KPNE",440
4,"Edgewater Park Twp, NJ, United States",2022-05-14,20.4,17.5,18.7,20.4,17.5,18.7,18.4,98.1,4.97,100.0,37.5,rain,0,0,17.3,10.7,89.0,1018.1,82.3,7.6,51.5,4.4,3,10,2022-05-14T05:45:15,2022-05-14T20:07:25,0.48,"Rain, Partially cloudy",Partly cloudy throughout the day with rain.,rain,"KVAY,KWRI,KTTN,72409514792,72408594732,72407493780,F5135,D8567,72409614706,KPNE",440
5,"Edgewater Park Twp, NJ, United States",2022-05-15,25.4,17.6,21.1,25.4,17.6,21.1,17.8,83.2,0.0,0.0,0.0,rain,0,0,28.4,16.0,194.3,1012.0,66.8,11.8,144.1,12.5,9,30,2022-05-15T05:44:19,2022-05-15T20:08:22,0.5,Partially cloudy,Partly cloudy throughout the day.,partly-cloudy-day,"KVAY,KWRI,72409514792,72408594732,72407493780,D8567,72409614706,KPNE",440
6,"Edgewater Park Twp, NJ, United States",2022-05-16,26.4,17.3,21.2,26.4,17.3,21.2,17.6,81.5,8.14,100.0,20.83,rain,0,0,50.4,23.9,223.1,1005.8,40.5,15.1,98.5,8.6,5,60,2022-05-16T05:43:25,2022-05-16T20:09:18,0.5,"Rain, Partially cloudy",Partly cloudy throughout the day with rain.,rain,"KVAY,KWRI,KTTN,72409514792,72408594732,72407493780,D8567,72409614706,KPNE",440
7,"Edgewater Park Twp, NJ, United States",2022-05-17,26.4,12.4,20.0,26.4,12.4,20.0,8.7,53.3,0.0,0.0,0.0,,0,0,55.0,38.7,285.0,1009.1,10.7,16.0,296.3,25.6,10,10,2022-05-17T05:42:32,2022-05-17T20:10:14,0.52,Clear,Clear conditions throughout the day.,clear-day,"KVAY,72409514792,72408594732,72407493780,D8567,72409614706,KPNE",440
8,"Edgewater Park Twp, NJ, United States",2022-05-18,22.8,11.4,17.6,22.8,11.4,17.6,6.9,50.7,0.0,0.0,0.0,,0,0,37.1,18.7,298.5,1014.7,10.3,16.0,203.5,17.5,9,10,2022-05-18T05:41:41,2022-05-18T20:11:09,0.54,Clear,Clear conditions throughout the day.,clear-day,"KVAY,72409514792,72408594732,72407493780,D8567,72409614706,KPNE",440
9,"Edgewater Park Twp, NJ, United States",2022-05-19,24.5,13.2,17.6,24.5,13.2,17.6,14.6,83.9,7.61,100.0,33.33,rain,0,0,34.9,15.6,170.2,1008.3,73.8,14.2,74.9,6.6,3,30,2022-05-19T05:40:52,2022-05-19T20:12:04,0.58,"Rain, Partially cloudy",Partly cloudy throughout the day with rain clearing later.,rain,"KVAY,KWRI,KTTN,72409514792,72408594732,72408013739,72407493780,KPHL,D8567,72409614706,KPNE",440
10,"Edgewater Park Twp, NJ, United States",2022-05-20,29.9,14.2,20.9,30.6,14.2,21.0,18.1,86.1,9.95,100.0,12.5,rain,0,0,40.7,16.7,79.4,1012.2,24.3,13.5,133.8,11.6,9,30,2022-05-20T05:40:04,2022-05-20T20:12:58,0.63,"Rain, Partially cloudy",Partly cloudy throughout the day with afternoon rain.,rain,"KVAY,KTTN,72409514792,72408594732,72407493780,D8567,72409614706,KPNE",440
11,"Edgewater Park Twp, NJ, United States",2022-05-21,34.0,18.7,26.4,36.2,18.7,27.6,19.9,72.0,0.0,0.0,0.0,rain,0,0,31.7,16.4,174.0,1015.7,22.2,11.4,211.3,18.3,9,100,2022-05-21T05:39:18,2022-05-21T20:13:51,0.68,Partially cloudy,Partly cloudy throughout the day.,partly-cloudy-day,"KVAY,KWRI,72409514792,72408594732,72407493780,D8567,72409614706,KPNE",440
12,"Edgewater Park Twp, NJ, United States",2022-05-22,32.4,23.8,27.2,34.4,23.8,28.2,20.3,67.2,0.67,100.0,8.33,rain,0,0,45.6,18.1,241.1,1016.3,11.0,16.0,222.5,19.1,10,100,2022-05-22T05:38:34,2022-05-22T20:14:43,0.74,Rain,Clear conditions throughout the day with late afternoon rain.,rain,"KVAY,72409514792,72408594732,72407493780,D8567,72409614706,KPNE",440
13,"Edgewater Park Twp, NJ, United States",2022-05-23,24.2,15.7,20.8,24.2,15.7,20.8,11.0,55.0,0.08,100.0,4.17,rain,0,0,45.5,30.1,246.2,1021.5,32.4,15.9,211.7,18.2,9,10,2022-05-23T05:37:51,2022-05-23T20:15:35,0.79,"Rain, Partially cloudy",Partly cloudy throughout the day with early morning rain.,rain,"KVAY,72409514792,72408594732,72407493780,D8567,72409614706,KPNE",440
14,"Edgewater Park Twp, NJ, United States",2022-05-24,20.5,14.8,17.8,20.5,14.8,17.8,10.2,62.0,0.92,100.0,12.5,rain,0,0,31.8,22.9,95.0,1024.8,96.4,16.0,143.4,12.2,7,10,2022-05-24T05:37:11,2022-05-24T20:16:26,0.85,"Rain, Overcast",Cloudy skies throughout the day with rain clearing later.,rain,"KVAY,KWRI,72409514792,72408594732,72407493780,D8567,72409614706,KPNE",440
15,"Edgewater Park Twp, NJ, United States",2022-05-25,22.9,11.2,16.8,22.9,11.2,16.8,9.4,64.2,0.0,0.0,0.0,,0,0,33.5,19.1,84.8,1027.7,38.8,16.0,171.5,14.7,8,10,2022-05-25T05:36:32,2022-05-25T20:17:16,0.89,Partially cloudy,Partly cloudy throughout the day.,partly-cloudy-day,"KVAY,72409514792,72408594732,72407493780,D8567,72409614706,KPNE",440
16,"Edgewater Park Twp, NJ, United States",2022-05-26,23.1,11.1,17.6,23.1,11.1,17.6,13.0,75.5,0.0,0.0,0.0,rain,0,0,29.5,13.4,110.6,1024.2,77.1,15.8,104.2,9.2,5,10,2022-05-26T05:35:55,2022-05-26T20:18:05,0.93,Partially cloudy,Partly cloudy throughout the day.,partly-cloudy-day,"KVAY,72409514792,72408594732,72407493780,D8567,72409614706,KPNE",440
17,"Edgewater Park Twp, NJ, United States",2022-05-27,26.1,18.8,20.8,26.1,18.8,20.8,19.6,92.8,8.08,100.0,12.5,rain,0,0,42.8,14.7,180.5,1013.3,87.5,11.8,53.9,4.6,2,60,2022-05-27T05:35:19,2022-05-27T20:18:54,0.96,"Rain, Partially cloudy",Partly cloudy throughout the day with rain.,rain,"KVAY,72409514792,72408594732,72407493780,F5135,D8567,72409614706,KPNE",440
18,"Edgewater Park Twp, NJ, United States",2022-05-28,25.4,19.0,21.8,25.4,19.0,21.8,17.6,78.7,6.47,100.0,25.0,rain,0,0,37.1,21.6,283.4,1008.2,64.7,15.2,149.8,13.0,10,30,2022-05-28T05:34:46,2022-05-28T20:19:41,0.99,"Rain, Partially cloudy",Partly cloudy throughout the day with rain.,rain,"KVAY,72409514792,72408594732,72407493780,D8567,72409614706,KPNE",440
19,"Edgewater Park Twp, NJ, United States",2022-05-29,27.3,15.7,22.1,27.2,15.7,22.1,14.8,66.2,0.0,0.0,0.0,,0,0,19.1,13.2,236.1,1017.1,29.7,16.0,221.4,19.2,10,10,2022-05-29T05:34:14,2022-05-29T20:20:27,1.0,Partially cloudy,Partly cloudy throughout the day.,partly-cloudy-day,"KVAY,72409514792,72408594732,72408013739,72407493780,72511354786,D8567,72409614706,KPNE",440
20,"Edgewater Park Twp, NJ, United States",2022-05-30,31.3,15.7,24.6,33.2,15.7,25.4,18.5,71.4,0.0,0.0,0.0,rain,0,0,28.1,14.8,191.6,1019.0,7.5,15.7,234.5,20.1,10,60,2022-05-30T05:33:45,2022-05-30T20:21:13,0.0,Clear,Clear conditions throughout the day.,clear-day,"KVAY,72409514792,72408594732,72407493780,D8567,72409614706,KPNE",440
21,"Edgewater Park Twp, NJ, United States",2022-05-31,34.5,22.5,28.8,35.5,22.5,29.6,19.4,60.4,0.0,0.0,0.0,,0,0,35.3,19.1,276.7,1015.4,4.2,16.0,224.8,19.5,10,60,2022-05-31T05:33:17,2022-05-31T20:21:57,0.0,Clear,Clear conditions throughout the day.,clear-day,"KVAY,72409514792,72408594732,72407493780,D8567,72409614706,KPNE",440
22,"Edgewater Park Twp, NJ, United States",2022-06-01,27.9,17.3,22.5,29.2,17.3,22.8,17.6,74.7,0.0,0.0,0.0,rain,0,0,28.8,22.4,116.5,1013.0,35.6,15.8,221.2,19.3,9,10,2022-06-01T05:32:51,2022-06-01T20:22:40,0.02,Partially cloudy,Clearing in the afternoon.,partly-cloudy-day,"KVAY,72409514792,72408594732,72407493780,D8567,72409614706,KPNE",440
23,"Edgewater Park Twp, NJ, United States",2022-06-02,28.5,16.8,22.1,30.0,16.8,22.3,18.6,81.7,15.88,100.0,58.33,rain,0,0,63.5,20.7,179.5,1007.8,68.9,14.4,136.1,11.9,7,60,2022-06-02T05:32:27,2022-06-02T20:23:22,0.04,"Rain, Partially cloudy",Partly cloudy throughout the day with a chance of rain throughout the day.,rain,"KVAY,KWRI,KTTN,72409514792,72408594732,72407493780,D8567,72409614706,KPNE",440
24,"Edgewater Park Twp, NJ, United States",2022-06-03,26.8,17.8,22.1,27.0,17.8,22.1,15.7,70.2,2.26,100.0,8.33,rain,0,0,27.7,17.6,211.0,1008.1,41.6,12.9,187.3,16.2,9,10,2022-06-03T05:32:05,2022-06-03T20:24:03,0.07,"Rain, Partially cloudy",Partly cloudy throughout the day with morning rain.,rain,"KVAY,72409514792,72408594732,72407493780,D8567,72409614706,KPNE",440
25,"Edgewater Park Twp, NJ, United States",2022-06-04,28.6,14.5,22.3,27.4,14.5,22.0,9.3,48.4,0.0,0.0,0.0,,0,0,40.7,19.1,244.3,1011.7,3.6,16.0,237.8,20.6,10,10,2022-06-04T05:31:45,2022-06-04T20:24:43,0.11,Clear,Clear conditions throughout the day.,clear-day,"KVAY,72409514792,72408594732,72407493780,D8567,72409614706,KPNE",440
26,"Edgewater Park Twp, NJ, United States",2022-06-05,25.7,13.3,20.2,25.7,13.3,20.2,5.3,39.4,0.0,0.0,0.0,,0,0,24.8,18.2,121.3,1015.4,0.0,16.0,231.3,20.0,10,10,2022-06-05T05:31:27,2022-06-05T20:25:21,0.14,Clear,Clear conditions throughout the day.,clear-day,"KVAY,72409514792,72408594732,72407493780,D8567,72409614706,KPNE",440
27,"Edgewater Park Twp, NJ, United States",2022-06-06,27.0,12.1,20.6,26.6,12.1,20.6,7.5,45.7,0.0,0.0,0.0,,0,0,34.9,13.0,171.5,1017.4,0.0,16.0,228.8,19.7,10,10,2022-06-06T05:31:11,2022-06-06T20:25:58,0.19,Clear,Clear conditions throughout the day.,clear-day,"KVAY,72409514792,72408594732,72407493780,D8567,72409614706,KPNE",440
28,"Edgewater Park Twp, NJ, United States",2022-06-07,25.8,14.8,21.3,25.8,14.8,21.3,14.2,64.8,2.9,100.0,12.5,rain,0,0,44.3,20.2,169.3,1016.3,39.5,15.9,168.1,14.5,10,10,2022-06-07T05:30:57,2022-06-07T20:26:34,0.24,"Rain, Partially cloudy",Partly cloudy throughout the day with late afternoon rain.,rain,"KVAY,72409514792,72408594732,72407493780,D8567,72409614706,KPNE",440
29,"Edgewater Park Twp, NJ, United States",2022-06-08,29.9,19.9,25.2,30.1,19.9,25.2,17.6,65.7,0.48,100.0,12.5,rain,0,0,44.6,18.3,249.1,1011.5,52.9,15.9,175.3,15.0,9,30,2022-06-08T05:30:44,2022-06-08T20:27:08,0.29,"Rain, Partially cloudy",Partly cloudy throughout the day with early morning rain.,rain,"KVAY,72409514792,72408594732,72407493780,D8567,72409614706,KPNE",440
30,"Edgewater Park Twp, NJ, United States",2022-06-09,27.7,20.5,24.0,28.4,20.5,24.1,16.3,65.3,18.71,100.0,33.33,rain,0,0,52.0,32.4,249.1,1005.5,57.4,14.7,257.1,22.2,10,30,2022-06-09T05:30:34,2022-06-09T20:27:41,0.35,"Rain, Partially cloudy",Partly cloudy throughout the day with rain clearing later.,rain,"KVAY,KWRI,72409514792,72408594732,72407493780,D8567,72409614706,KPNE",440
31,"Edgewater Park Twp, NJ, United States",2022-06-10,26.8,16.3,21.9,26.4,16.3,21.8,10.4,50.2,0.0,0.0,0.0,,0,0,31.7,20.5,284.8,1011.3,4.9,16.0,219.3,18.8,10,10,2022-06-10T05:30:25,2022-06-10T20:28:12,0.39,Clear,Clear conditions throughout the day.,clear-day,"KVAY,72409514792,72408594732,72407493780,D8567,72409614706,KPNE",440
32,"Edgewater Park Twp, NJ, United States",2022-06-11,23.0,17.4,20.6,23.0,17.4,20.6,13.5,64.8,3.19,100.0,16.67,rain,0,0,26.3,13.1,206.3,1013.5,43.0,16.0,69.0,6.0,2,10,2022-06-11T05:30:19,2022-06-11T20:28:42,0.44,"Rain, Partially cloudy",Partly cloudy throughout the day with afternoon rain.,rain,"KVAY,72409514792,72408594732,72407493780,D8567,72409614706,KPNE",440
33,"Edgewater Park Twp, NJ, United States",2022-06-12,25.4,16.4,20.2,25.4,16.4,20.2,17.6,85.6,17.34,100.0,37.5,rain,0,0,29.9,16.3,98.4,1014.3,81.2,13.8,72.8,6.2,3,60,2022-06-12T05:30:14,2022-06-12T20:29:10,0.47,"Rain, Partially cloudy",Partly cloudy throughout the day with rain.,rain,"KVAY,KWRI,72409514792,72408594732,72407493780,D8567,72409614706,KPNE",440
34,"Edgewater Park Twp, NJ, United States",2022-06-13,31.7,20.1,25.8,33.0,20.1,26.6,19.5,70.3,0.33,100.0,12.5,rain,0,0,29.9,19.6,242.0,1012.8,28.0,15.1,142.1,12.4,8,75,2022-06-13T05:30:12,2022-06-13T20:29:36,0.49,"Rain, Partially cloudy",Partly cloudy throughout the day with rain.,rain,"KVAY,KWRI,72409514792,72408594732,72407493780,D8567,72409614706,KPNE",440
35,"Edgewater Park Twp, NJ, United States",2022-06-14,28.5,18.9,23.8,28.1,18.9,23.7,14.2,56.3,3.1,100.0,8.33,rain,0,0,23.4,13.0,91.2,1013.0,10.9,15.9,166.0,14.2,9,10,2022-06-14T05:30:11,2022-06-14T20:30:01,0.5,Rain,Clear conditions throughout the day with morning rain.,rain,"KVAY,KWRI,72409514792,72408594732,72407493780,D8567,72409614706,KPNE",440
36,"Edgewater Park Twp, NJ, United States",2022-06-15,29.4,17.1,23.3,29.1,17.1,23.3,15.1,62.5,0.0,0.0,0.0,,0,0,31.8,19.7,162.0,1018.2,7.6,16.0,227.0,19.6,10,10,2022-06-15T05:30:12,2022-06-15T20:30:25,0.51,Clear,Clear conditions throughout the day.,clear-day,"KVAY,72409514792,72408594732,72407493780,D8567,72409614706,KPNE",440
37,"Edgewater Park Twp, NJ, United States",2022-06-16,25.3,18.3,21.4,25.3,18.3,21.4,17.0,76.6,7.59,100.0,20.83,rain,0,0,37.1,17.4,168.8,1019.5,89.4,15.3,146.3,12.6,8,10,2022-06-16T05:30:15,2022-06-16T20:30:46,0.53,"Rain, Partially cloudy",Partly cloudy throughout the day with morning rain.,rain,"KVAY,KWRI,72409514792,72408594732,72407493780,D8567,72409614706,KPNE",440
38,"Edgewater Park Twp, NJ, United States",2022-06-17,33.9,21.1,27.3,34.3,21.1,27.5,17.0,58.1,0.0,0.0,0.0,rain,0,0,46.8,30.5,256.2,1007.5,46.9,16.0,230.7,19.8,10,75,2022-06-17T05:30:20,2022-06-17T20:31:06,0.57,Partially cloudy,Partly cloudy throughout the day.,partly-cloudy-day,"KVAY,72409514792,72408594732,72407493780,D8567,72409614706,KPNE",440
39,"Edgewater Park Twp, NJ, United States",2022-06-18,25.4,16.6,20.9,25.4,16.6,20.9,8.9,46.4,0.0,0.0,0.0,rain,0,0,52.6,33.7,304.5,1007.9,39.0,16.0,104.3,8.9,4,10,2022-06-18T05:30:27,2022-06-18T20:31:25,0.62,Partially cloudy,Partly cloudy throughout the day.,partly-cloudy-day,"KVAY,72409514792,72408594732,72407493780,D8567,72409614706,KPNE",440
40,"Edgewater Park Twp, NJ, United States",2022-06-19,23.6,13.6,18.5,23.6,13.6,18.5,3.9,38.7,0.0,0.0,0.0,,0,0,50.2,33.1,295.7,1015.6,1.2,16.0,235.7,20.1,10,10,2022-06-19T05:30:35,2022-06-19T20:31:41,0.67,Clear,Clear conditions throughout the day.,clear-day,"KVAY,72409514792,72408594732,72407493780,D8567,72409614706,KPNE",440
41,"Edgewater Park Twp, NJ, United States",2022-06-20,26.4,12.5,19.9,26.4,12.5,19.9,5.6,41.2,0.0,0.0,0.0,,0,0,27.7,15.4,294.3,1020.5,0.5,16.0,240.1,20.6,10,10,2022-06-20T05:30:46,2022-06-20T20:31:56,0.72,Clear,Clear conditions throughout the day.,clear-day,"KVAY,72409514792,72408594732,72407493780,D8567,72409614706,KPNE",440
42,"Edgewater Park Twp, NJ, United States",2022-06-21,27.3,14.5,21.8,27.1,14.5,21.7,11.7,53.6,0.0,0.0,0.0,,0,0,26.3,14.3,176.6,1019.8,23.9,15.9,165.5,14.3,9,10,2022-06-21T05:30:58,2022-06-21T20:32:09,0.77,Partially cloudy,Partly cloudy throughout the day.,partly-cloudy-day,"KVAY,72409514792,72408594732,72407493780,D8567,72409614706,KPNE",440
43,"Edgewater Park Twp, NJ, United States",2022-06-22,23.2,18.3,20.3,23.2,18.3,20.3,16.1,77.6,0.0,0.0,0.0,rain,0,0,34.2,21.4,109.0,1015.7,74.0,14.8,63.0,5.4,3,10,2022-06-22T05:31:12,2022-06-22T20:32:19,0.82,Partially cloudy,Partly cloudy throughout the day.,partly-cloudy-day,"KVAY,72409514792,72408594732,72407493780,D8567,72409614706,KPNE",440
44,"Edgewater Park Twp, NJ, United States",2022-06-23,23.3,17.7,19.7,23.3,17.7,19.7,16.5,82.0,2.89,100.0,37.5,rain,0,0,33.8,16.4,53.8,1014.6,87.4,15.3,89.4,7.7,10,10,2022-06-23T05:31:27,2022-06-23T20:32:29,0.87,"Rain, Partially cloudy",Partly cloudy throughout the day with a chance of rain throughout the day.,rain,"KVAY,KWRI,KTTN,72409514792,72408594732,72407493780,D8567,72409614706,KPNE",440
45,"Edgewater Park Twp, NJ, United States",2022-06-24,28.8,16.5,22.4,29.3,16.5,22.6,16.7,72.4,0.0,0.0,0.0,,0,0,16.6,10.0,183.0,1016.9,54.3,14.3,153.4,13.2,10,30,2022-06-24T05:31:45,2022-06-24T20:32:36,0.91,Partially cloudy,Partly cloudy throughout the day.,partly-cloudy-day,"KVAY,KTTN,KWRI,72409514792,72408594732,72407493780,D8567,72409614706,KPNE",440
46,"Edgewater Park Twp, NJ, United States",2022-06-25,32.0,19.3,26.5,32.1,19.3,26.8,17.6,61.2,0.0,0.0,0.0,,0,0,26.6,13.7,267.9,1019.2,9.1,16.0,207.7,18.0,10,60,2022-06-25T05:32:04,2022-06-25T20:32:41,0.95,Clear,Clear conditions throughout the day.,clear-day,"KVAY,72409514792,72408594732,72407493780,D8567,72409614706,KPNE",440
47,"Edgewater Park Twp, NJ, United States",2022-06-26,31.8,21.8,27.1,32.0,21.8,27.1,17.0,56.3,0.0,0.0,0.0,,0,0,38.5,18.3,218.8,1018.6,9.3,16.0,181.0,15.6,9,10,2022-06-26T05:32:25,2022-06-26T20:32:45,0.97,Clear,Clear conditions throughout the day.,clear-day,"KVAY,72409514792,72408594732,72407493780,D8567,72409614706,KPNE",440
48,"Edgewater Park Twp, NJ, United States",2022-06-27,26.6,20.4,24.1,26.6,20.4,24.1,20.0,78.6,9.6,100.0,25.0,rain,0,0,45.7,16.6,194.4,1015.0,76.5,15.1,44.0,3.7,2,30,2022-06-27T05:32:47,2022-06-27T20:32:46,0.99,"Rain, Partially cloudy",Partly cloudy throughout the day with rain.,rain,"KVAY,KTTN,72409514792,72408594732,72408013739,72407493780,D8567,KPHL,72409614706,KPNE",440
49,"Edgewater Park Twp, NJ, United States",2022-06-28,26.8,18.4,22.4,26.6,18.4,22.3,12.8,57.1,0.0,0.0,0.0,,0,0,25.9,17.7,241.1,1020.6,24.1,15.3,183.2,15.7,10,10,2022-06-28T05:33:11,2022-06-28T20:32:46,1.0,Partially cloudy,Partly cloudy throughout the day.,partly-cloudy-day,"KVAY,72409514792,72408594732,72407493780,D8567,72409614706,KPNE",440
50,"Edgewater Park Twp, NJ, United States",2022-06-29,30.1,15.9,23.9,29.4,15.9,23.7,13.9,56.9,0.0,0.0,0.0,,0,0,27.7,16.0,195.1,1022.9,10.4,16.0,245.0,21.1,10,30,2022-06-29T05:33:37,2022-06-29T20:32:43,0.0,Clear,Clear conditions throughout the day.,clear-day,"KVAY,72409514792,72408594732,72407493780,D8567,72409614706,KPNE",440
51,"Edgewater Park Twp, NJ, United States",2022-06-30,31.8,19.2,26.3,30.8,19.2,26.1,15.0,52.9,0.0,0.0,0.0,,0,0,25.9,13.4,271.5,1022.0,6.8,16.0,174.3,14.9,10,10,2022-06-30T05:34:04,2022-06-30T20:32:39,0.01,Clear,Clear conditions throughout the day.,clear-day,"KVAY,72409514792,72408594732,72407493780,D8567,72409614706,KPNE",440
52,"Edgewater Park Twp, NJ, United States",2022-07-01,33.3,21.6,27.6,35.9,21.6,29.0,20.1,65.4,0.0,0.0,0.0,rain,0,0,49.0,19.3,211.3,1017.5,15.0,15.4,172.1,14.9,9,100,2022-07-01T05:34:32,2022-07-01T20:32:32,0.03,Clear,Clear conditions throughout the day.,clear-day,"KVAY,72409514792,72408594732,72407493780,D8567,72409614706,KPNE",440
53,"Edgewater Park Twp, NJ, United States",2022-07-02,33.1,25.7,28.3,36.0,25.7,29.8,20.9,65.2,0.01,100.0,4.17,rain,0,0,40.0,16.6,239.2,1013.4,30.0,16.0,115.0,10.1,9,75,2022-07-02T05:35:02,2022-07-02T20:32:24,0.05,"Rain, Partially cloudy",Partly cloudy throughout the day with late afternoon rain.,rain,"KVAY,72409514792,72408594732,72407493780,D8567,72409614706,KPNE",440
54,"Edgewater Park Twp, NJ, United States",2022-07-03,31.4,22.9,26.7,30.5,22.9,26.4,16.4,57.3,0.92,100.0,16.67,rain,0,0,35.3,19.7,215.9,1016.0,30.9,16.0,225.5,19.5,10,30,2022-07-03T05:35:34,2022-07-03T20:32:14,0.08,"Rain, Partially cloudy",Partly cloudy throughout the day with morning rain.,rain,"KVAY,KWRI,72409514792,72408594732,72407493780,D8567,72409614706,KPNE",440
55,"Edgewater Park Twp, NJ, United States",2022-07-04,30.3,16.7,24.7,28.9,16.7,24.2,10.5,42.9,0.0,0.0,0.0,,0,0,20.5,13.1,199.0,1020.7,1.8,16.0,228.5,19.7,10,10,2022-07-04T05:36:06,2022-07-04T20:32:01,0.12,Clear,Clear conditions throughout the day.,clear-day,"KVAY,72409514792,72408594732,72407493780,D8567,72409614706,KPNE",440
56,"Edgewater Park Twp, NJ, United States",2022-07-05,31.0,21.0,25.4,31.4,21.0,25.8,17.6,63.1,2.67,100.0,4.17,rain,0,0,46.4,19.2,241.4,1016.4,36.9,16.0,146.2,12.7,9,10,2022-07-05T05:36:40,2022-07-05T20:31:47,0.17,"Rain, Partially cloudy",Becoming cloudy in the afternoon with late afternoon rain.,rain,"KVAY,72409514792,72408594732,72407493780,D8567,72409614706,KPNE",440
57,"Edgewater Park Twp, NJ, United States",2022-07-06,31.1,23.5,27.4,33.9,23.5,28.3,20.0,66.1,0.0,0.0,0.0,,0,0,31.8,20.4,185.4,1011.2,45.8,15.8,105.8,9.3,9,30,2022-07-06T05:37:16,2022-07-06T20:31:31,0.22,Partially cloudy,Becoming cloudy in the afternoon.,partly-cloudy-day,"KVAY,KWRI,KTTN,72409514792,72408594732,72407493780,D8567,72409614706,KPNE",440
58,"Edgewater Park Twp, NJ, United States",2022-07-07,27.2,21.3,24.3,28.7,21.3,24.5,19.4,74.6,5.64,100.0,33.33,rain,0,0,29.2,17.6,69.3,1014.9,90.2,15.4,116.1,9.7,6,10,2022-07-07T05:37:53,2022-07-07T20:31:12,0.27,"Rain, Overcast",Cloudy skies throughout the day with rain clearing later.,rain,"KVAY,KTTN,72409514792,72408594732,72407493780,D8567,72409614706,KPNE",440
59,"Edgewater Park Twp, NJ, United States",2022-07-08,30.9,18.2,25.0,33.5,18.2,25.8,19.0,71.3,1.11,100.0,8.33,rain,0,0,33.5,18.7,176.7,1015.9,22.4,15.4,195.8,16.9,10,30,2022-07-08T05:38:30,2022-07-08T20:30:52,0.33,"Rain, Partially cloudy",Partly cloudy throughout the day with late afternoon rain.,rain,"KVAY,KTTN,KWRI,72409514792,72408594732,72407493780,D8567,72409614706,KPNE",440
60,"Edgewater Park Twp, NJ, United States",2022-07-09,25.2,20.6,23.0,25.2,20.6,23.0,18.5,76.8,3.39,100.0,25.0,rain,0,0,28.8,14.9,152.7,1016.6,54.4,15.8,83.1,6.9,3,10,2022-07-09T05:39:10,2022-07-09T20:30:30,0.38,"Rain, Partially cloudy",Partly cloudy throughout the day with rain clearing later.,rain,"KVAY,72409514792,72408594732,72407493780,D8567,72409614706,KPNE",440
61,"Edgewater Park Twp, NJ, United States",2022-07-10,28.3,17.9,23.1,28.3,17.9,23.2,16.1,66.5,0.0,0.0,0.0,,0,0,22.7,15.8,89.5,1017.5,19.8,15.8,177.3,15.2,10,10,2022-07-10T05:39:50,2022-07-10T20:30:06,0.42,Clear,Clear conditions throughout the day.,clear-day,"KVAY,72409514792,72408594732,72407493780,D8567,72409614706,KPNE",440
62,"Edgewater Park Twp, NJ, United States",2022-07-11,29.5,16.1,23.5,28.6,16.1,23.3,13.7,58.1,0.0,0.0,0.0,,0,0,32.0,14.9,185.9,1014.4,2.6,16.0,223.4,19.3,10,10,2022-07-11T05:40:31,2022-07-11T20:29:40,0.46,Clear,Clear conditions throughout the day.,clear-day,"KVAY,72409514792,72408594732,72407493780,D8567,72409614706,KPNE",440
63,"Edgewater Park Twp, NJ, United States",2022-07-12,33.4,21.0,26.6,36.2,21.0,27.6,19.0,64.9,0.0,0.0,0.0,rain,0,0,42.8,25.3,234.6,1009.0,23.7,15.9,198.3,17.0,9,60,2022-07-12T05:41:13,2022-07-12T20:29:12,0.49,Partially cloudy,Partly cloudy throughout the day.,partly-cloudy-day,"KVAY,KWRI,72409514792,72408594732,72407493780,D8567,72409614706,KPNE",440
64,"Edgewater Park Twp, NJ, United States",2022-07-13,33.2,22.3,28.1,33.0,22.3,28.2,17.5,55.1,0.0,0.0,0.0,,0,0,35.3,17.6,246.3,1011.6,10.6,16.0,227.5,19.5,10,30,2022-07-13T05:41:57,2022-07-13T20:28:42,0.5,Clear,Clear conditions throughout the day.,clear-day,"KVAY,KTTN,72409514792,72408594732,72407493780,D8567,72409614706,KPNE",440
65,"Edgewater Park Twp, NJ, United States",2022-07-14,32.6,23.1,27.8,32.9,23.1,27.9,17.0,53.6,0.0,0.0,0.0,rain,0,0,18.7,14.0,256.9,1014.5,28.1,16.0,232.5,20.1,10,30,2022-07-14T05:42:41,2022-07-14T20:28:10,0.51,Partially cloudy,Partly cloudy throughout the day.,partly-cloudy-day,"KVAY,72409514792,72408594732,72407493780,D8567,72409614706,KPNE",440
66,"Edgewater Park Twp, NJ, United States",2022-07-15,30.7,20.2,25.1,30.3,20.2,25.0,16.2,59.9,3.32,100.0,8.33,rain,0,0,25.2,21.8,120.2,1019.7,38.7,16.0,195.7,17.0,10,30,2022-07-15T05:43:27,2022-07-15T20:27:36,0.53,"Rain, Partially cloudy",Becoming cloudy in the afternoon with late afternoon rain.,rain,"KVAY,KWRI,KTTN,72409514792,72408594732,72407493780,D8567,72409614706,KPNE",440
67,"Edgewater Park Twp, NJ, United States",2022-07-16,31.8,22.3,26.0,31.7,22.3,26.3,19.4,69.5,0.2,100.0,4.17,rain,0,0,34.6,13.9,102.4,1018.7,65.6,14.7,180.9,15.6,10,30,2022-07-16T05:44:13,2022-07-16T20:27:00,0.55,"Rain, Partially cloudy",Clearing in the afternoon with late afternoon rain.,rain,"KVAY,72409514792,72408594732,72407493780,D8567,72409614706,KPNE",440
68,"Edgewater Park Twp, NJ, United States",2022-07-17,30.7,21.5,26.2,32.0,21.5,27.0,19.9,70.2,2.47,100.0,20.83,rain,0,0,18.0,15.1,183.0,1016.6,66.9,15.6,130.5,11.3,8,60,2022-07-17T05:45:00,2022-07-17T20:26:23,0.6,"Rain, Partially cloudy",Partly cloudy throughout the day with early morning rain.,rain,"KVAY,KWRI,KTTN,72409514792,72408594732,72408013739,72407493780,D8567,72409614706,KPNE",440
69,"Edgewater Park Twp, NJ, United States",2022-07-18,33.6,24.2,28.3,37.5,24.2,30.1,22.2,71.2,3.87,100.0,20.83,rain,0,0,47.5,28.2,188.1,1012.2,54.8,15.9,157.5,14.0,9,100,2022-07-18T05:45:48,2022-07-18T20:25:43,0.65,"Rain, Partially cloudy",Partly cloudy throughout the day with late afternoon rain.,rain,"KWRI,KTTN,KVAY,72409514792,72408594732,72407493780,D8567,72409614706,KPNE",440
70,"Edgewater Park Twp, NJ, United States",2022-07-19,33.8,23.8,28.7,34.3,23.8,29.2,18.9,58.5,0.05,100.0,4.17,rain,0,0,40.3,19.0,269.0,1009.5,11.0,16.0,233.3,20.1,10,10,2022-07-19T05:46:36,2022-07-19T20:25:02,0.7,Rain,Clear conditions throughout the day with early morning rain.,rain,"KVAY,72409514792,72408594732,72407493780,F5135,D8567,72409614706,KPNE",440
71,"Edgewater Park Twp, NJ, United States",2022-07-20,35.6,23.5,30.1,37.2,23.5,31.4,19.1,53.4,0.0,0.0,0.0,,0,0,29.5,14.9,233.9,1008.5,7.4,16.0,221.7,19.2,10,30,2022-07-20T05:47:26,2022-07-20T20:24:19,0.75,Clear,Clear conditions throughout the day.,clear-day,"KVAY,72409514792,72408594732,72407493780,D8567,72409614706,KPNE",440
72,"Edgewater Park Twp, NJ, United States",2022-07-21,36.3,25.9,30.7,40.4,25.9,33.3,21.4,59.8,2.34,100.0,8.33,rain,0,0,43.8,22.6,239.1,1005.5,10.6,16.0,220.7,19.0,10,75,2022-07-21T05:48:16,2022-07-21T20:23:34,0.8,Rain,Clear conditions throughout the day with afternoon rain.,rain,"KVAY,72409514792,72408594732,72407493780,D8567,72409614706,KPNE",440
73,"Edgewater Park Twp, NJ, United States",2022-07-22,36.4,25.3,31.0,36.0,25.3,31.5,17.8,49.1,0.0,0.0,0.0,,0,0,33.5,20.7,268.8,1011.5,3.5,16.0,195.5,16.8,9,30,2022-07-22T05:49:06,2022-07-22T20:22:48,0.85,Clear,Clear conditions throughout the day.,clear-day,"KVAY,KTTN,72409514792,72408594732,72407493780,D8567,72409614706,KPNE",440
74,"Edgewater Park Twp, NJ, United States",2022-07-23,36.8,25.4,31.4,36.8,25.4,32.3,18.5,49.2,0.0,0.0,0.0,,0,0,29.5,16.0,264.5,1015.9,0.6,16.0,206.3,18.0,9,75,2022-07-23T05:49:57,2022-07-23T20:21:59,0.89,Clear,Clear conditions throughout the day.,clear-day,"KVAY,72409514792,72408594732,72407493780,D8567,72409614706,KPNE",440
75,"Edgewater Park Twp, NJ, United States",2022-07-24,37.0,25.0,31.3,37.6,25.0,32.4,18.8,50.5,0.0,0.0,0.0,,0,0,47.9,23.6,240.7,1016.0,0.0,16.0,202.0,17.5,8,60,2022-07-24T05:50:49,2022-07-24T20:21:09,0.93,Clear,Clear conditions throughout the day.,clear-day,"KVAY,KTTN,KWRI,72409514792,72408594732,72407493780,D8567,72409614706,KPNE",440
76,"Edgewater Park Twp, NJ, United States",2022-07-25,32.2,27.7,29.6,36.1,30.7,33.2,22.8,67.2,10.07,100.0,16.67,rain,0,0,50.0,21.4,232.8,1012.5,17.9,15.9,70.5,6.0,3,75,2022-07-25T05:51:42,2022-07-25T20:20:17,0.96,Rain,Clear conditions throughout the day with rain.,rain,"KVAY,KWRI,72409514792,72408594732,72407493780,D8567,72409614706,KPNE",440
77,"Edgewater Park Twp, NJ, United States",2022-07-26,27.3,22.9,25.1,29.3,22.9,25.3,16.8,60.5,0.0,0.0,0.0,,0,0,29.2,13.4,251.1,1015.7,14.4,16.0,80.8,6.9,3,30,2022-07-26T05:52:35,2022-07-26T20:19:24,0.98,Clear,Clear conditions throughout the day.,clear-day,"KVAY,72409514792,72408594732,72407493780,D8567,72409614706,KPNE",440
78,"Edgewater Park Twp, NJ, United States",2022-07-27,31.3,22.3,26.6,32.6,22.3,27.3,18.2,61.2,0.2,100.0,8.33,rain,0,0,23.0,16.6,165.5,1013.9,68.2,16.0,156.4,13.4,10,10,2022-07-27T05:53:28,2022-07-27T20:18:29,1.0,"Rain, Partially cloudy",Partly cloudy throughout the day with early morning rain.,rain,"KVAY,72409514792,72408594732,72407493780,D8567,72409614706,KPNE",440
79,"Edgewater Park Twp, NJ, United States",2022-07-28,33.5,23.7,28.2,36.7,23.7,29.7,21.7,70.0,9.48,100.0,16.67,rain,0,0,57.2,17.8,227.8,1010.9,49.7,15.3,138.3,12.0,9,30,2022-07-28T05:54:22,2022-07-28T20:17:32,1.0,"Rain, Partially cloudy",Partly cloudy throughout the day with rain.,rain,"KVAY,KTTN,72409514792,72408594732,72407493780,D8567,72409614706,KPNE",440
80,"Edgewater Park Twp, NJ, United States",2022-07-29,30.9,23.3,26.1,32.8,23.3,26.8,20.5,72.8,1.47,100.0,4.17,rain,0,0,22.7,14.1,279.0,1013.0,36.2,15.9,76.8,6.8,3,30,2022-07-29T05:55:16,2022-07-29T20:16:34,0.0,"Rain, Partially cloudy",Becoming cloudy in the afternoon with late afternoon rain.,rain,"KVAY,72409514792,72408594732,72407493780,D8567,72409614706,KPNE",440
81,"Edgewater Park Twp, NJ, United States",2022-07-30,32.1,22.5,27.2,31.1,22.5,26.9,15.7,52.9,0.0,0.0,0.0,,0,0,33.5,21.7,307.2,1017.1,28.9,16.0,187.0,16.4,10,10,2022-07-30T05:56:11,2022-07-30T20:15:34,0.01,Partially cloudy,Partly cloudy throughout the day.,partly-cloudy-day,"KVAY,72409514792,72408594732,72407493780,D8567,72409614706,KPNE",440
82,"Edgewater Park Twp, NJ, United States",2022-07-31,31.9,19.6,25.9,31.6,19.6,25.9,16.3,57.6,2.16,100.0,8.33,rain,0,0,29.5,14.3,183.1,1020.6,32.9,16.0,174.9,15.2,9,10,2022-07-31T05:57:06,2022-07-31T20:14:32,0.04,"Rain, Partially cloudy",Partly cloudy throughout the day with late afternoon rain.,rain,"KVAY,72409514792,72408594732,72407493780,D8567,72409614706,KPNE",440
83,"Edgewater Park Twp, NJ, United States",2022-08-01,26.2,20.3,22.6,26.2,20.3,22.6,19.3,81.9,2.36,100.0,25.0,rain,0,0,19.4,12.5,215.7,1014.8,83.3,14.3,64.2,5.4,4,10,2022-08-01T05:58:01,2022-08-01T20:13:29,0.07,"Rain, Partially cloudy",Partly cloudy throughout the day with rain clearing later.,rain,"KVAY,KWRI,72409514792,72408594732,72407493780,D8567,72409614706,KPNE",440
84,"Edgewater Park Twp, NJ, United States",2022-08-02,33.5,21.0,27.4,35.1,21.0,28.3,19.5,65.0,0.74,100.0,12.5,rain,0,0,33.5,20.4,234.3,1010.6,15.8,15.7,111.8,9.7,10,60,2022-08-02T05:58:56,2022-08-02T20:12:25,0.1,Rain,Clear conditions throughout the day with rain.,rain,"KVAY,KWRI,72409514792,72408594732,72407493780,D8567,72409614706,KPNE",440
85,"Edgewater Park Twp, NJ, United States",2022-08-03,33.1,21.7,28.0,33.2,21.7,28.0,16.6,51.6,0.0,0.0,0.0,,0,0,26.6,14.6,271.4,1015.3,0.7,16.0,179.5,15.7,9,10,2022-08-03T05:59:52,2022-08-03T20:11:19,0.14,Clear,Clear conditions throughout the day.,clear-day,"KVAY,KWRI,72409514792,72408594732,72407493780,D8567,72409614706,KPNE",440
86,"Edgewater Park Twp, NJ, United States",2022-08-04,36.2,22.3,29.4,40.0,22.3,31.3,20.4,60.5,0.0,0.0,0.0,rain,0,0,33.5,19.0,165.3,1017.4,16.4,15.7,186.1,16.0,9,75,2022-08-04T06:00:48,2022-08-04T20:10:12,0.2,Clear,Clear conditions throughout the day.,clear-day,"KVAY,KWRI,72409514792,72408594732,72407493780,D8567,72409614706,KPNE",440
87,"Edgewater Park Twp, NJ, United States",2022-08-05,33.3,23.1,27.5,35.6,23.1,28.8,21.0,69.6,5.14,100.0,25.0,rain,0,0,55.4,22.8,268.0,1020.6,23.1,15.7,135.1,11.8,9,60,2022-08-05T06:01:44,2022-08-05T20:09:03,0.25,"Rain, Partially cloudy",Partly cloudy throughout the day with rain.,rain,"KVAY,72409514792,72408594732,72407493780,D8567,72409614706,KPNE",440
88,"Edgewater Park Twp, NJ, United States",2022-08-06,32.5,23.1,28.0,36.1,23.1,29.9,21.6,69.9,0.71,100.0,8.33,rain,0,0,33.6,21.6,230.6,1022.8,24.5,16.0,160.0,13.9,9,60,2022-08-06T06:02:41,2022-08-06T20:07:53,0.31,"Rain, Partially cloudy",Partly cloudy throughout the day with early morning rain.,rain,"KVAY,KTTN,KWRI,72409514792,72408594732,72407493780,D8567,72409614706,KPNE",440
89,"Edgewater Park Twp, NJ, United States",2022-08-07,34.3,25.8,30.0,37.9,25.8,32.5,22.0,64.4,0.23,100.0,4.17,rain,0,0,42.5,24.3,224.0,1021.3,30.0,16.0,131.9,11.6,10,75,2022-08-07T06:03:37,2022-08-07T20:06:41,0.36,"Rain, Partially cloudy",Partly cloudy throughout the day with afternoon rain.,rain,"KVAY,KTTN,72409514792,72408594732,72407493780,D8567,72409614706,KPNE",440
90,"Edgewater Park Twp, NJ, United States",2022-08-08,34.9,26.4,30.4,39.2,26.4,33.7,22.7,64.8,0.15,100.0,4.17,rain,0,0,38.7,23.8,232.6,1016.4,25.3,16.0,125.1,10.9,9,60,2022-08-08T06:04:34,2022-08-08T20:05:29,0.41,"Rain, Partially cloudy",Partly cloudy throughout the day with afternoon rain.,rain,"KVAY,KWRI,72409514792,72408594732,72407493780,D8567,72409614706,KPNE",440
91,"Edgewater Park Twp, NJ, United States",2022-08-09,37.1,27.2,31.1,41.9,30.4,35.3,23.0,64.3,4.27,100.0,16.67,rain,0,0,44.6,23.2,255.7,1013.8,24.2,15.8,170.9,14.8,10,75,2022-08-09T06:05:31,2022-08-09T20:04:15,0.45,"Rain, Partially cloudy",Partly cloudy throughout the day with late afternoon rain.,rain,"KVAY,KWRI,72409514792,72408594732,72407493780,D8567,72409614706,KPNE",440
92,"Edgewater Park Twp, NJ, United States",2022-08-10,33.0,24.9,28.6,34.8,24.9,29.7,20.7,64.0,0.0,0.0,0.0,rain,0,0,21.2,15.1,196.5,1016.2,52.1,15.7,110.8,9.5,10,30,2022-08-10T06:06:28,2022-08-10T20:03:00,0.48,Partially cloudy,Partly cloudy throughout the day.,partly-cloudy-day,"KVAY,72409514792,72408594732,72407493780,D8567,72409614706,KPNE",440
93,"Edgewater Park Twp, NJ, United States",2022-08-11,31.8,22.9,27.3,31.6,22.9,27.5,18.9,63.5,14.76,100.0,25.0,rain,0,0,38.9,14.9,266.3,1012.8,47.4,15.4,163.6,14.1,9,30,2022-08-11T06:07:25,2022-08-11T20:01:43,0.5,"Rain, Partially cloudy",Clearing in the afternoon with a chance of rain throughout the day.,rain,"KVAY,KWRI,72409514792,72408594732,72407493780,D8567,72409614706,KPNE",440
94,"Edgewater Park Twp, NJ, United States",2022-08-12,30.3,21.7,25.7,28.7,21.7,25.4,11.3,41.9,0.0,0.0,0.0,,0,0,41.4,22.7,168.7,1015.3,29.1,16.0,129.5,11.3,10,10,2022-08-12T06:08:22,2022-08-12T20:00:26,0.5,Partially cloudy,Partly cloudy throughout the day.,partly-cloudy-day,"KVAY,KTTN,72409514792,72408594732,72407493780,D8567,72409614706,KPNE",440
95,"Edgewater Park Twp, NJ, United States",2022-08-13,28.3,16.7,22.6,27.2,16.7,22.4,8.9,43.5,0.0,0.0,0.0,,0,0,35.6,24.3,185.5,1018.8,0.0,16.0,186.6,16.2,10,10,2022-08-13T06:09:19,2022-08-13T19:59:07,0.52,Clear,Clear conditions throughout the day.,clear-day,"KVAY,KTTN,72409514792,72408594732,72407493780,D8567,72409614706,KPNE",440
96,"Edgewater Park Twp, NJ, United States",2022-08-14,29.5,18.0,23.3,28.2,18.0,23.1,12.6,53.5,0.0,0.0,0.0,,0,0,27.7,17.2,132.9,1017.5,11.0,16.0,179.4,15.6,9,10,2022-08-14T06:10:16,2022-08-14T19:57:47,0.54,Clear,Clear conditions throughout the day.,clear-day,"KVAY,72409514792,72408594732,72407493780,D8567,72409614706,KPNE",440
97,"Edgewater Park Twp, NJ, United States",2022-08-15,28.4,17.4,22.7,28.0,17.4,22.6,12.9,56.4,0.0,0.0,0.0,,0,0,35.3,19.1,111.8,1015.6,8.6,16.0,172.1,14.9,10,10,2022-08-15T06:11:14,2022-08-15T19:56:26,0.58,Clear,Clear conditions throughout the day.,clear-day,"KVAY,KWRI,72409514792,72408594732,72408013739,72407493780,72511354786,D8567,72409614706,KPNE",440
98,"Edgewater Park Twp, NJ, United States",2022-08-16,28.7,16.1,22.5,27.8,16.1,22.3,12.6,56.7,0.0,0.0,0.0,,0,0,45.6,22.2,106.9,1015.8,2.6,16.0,188.0,16.2,10,10,2022-08-16T06:12:11,2022-08-16T19:55:04,0.62,Clear,Clear conditions throughout the day.,clear-day,"KVAY,KWRI,72409514792,72408594732,72407493780,D8567,72409614706,KPNE",440
99,"Edgewater Park Twp, NJ, United States",2022-08-17,28.0,18.2,23.4,27.4,18.2,23.3,13.6,56.8,0.0,0.0,0.0,,0,0,21.6,14.3,158.5,1015.6,45.1,16.0,115.5,10.0,10,10,2022-08-17T06:13:08,2022-08-17T19:53:41,0.67,Partially cloudy,Becoming cloudy in the afternoon.,partly-cloudy-day,"KVAY,KTTN,72409514792,72408594732,72407493780,D8567,72409614706,KPNE",440
100,"Edgewater Park Twp, NJ, United States",2022-08-18,30.7,16.9,24.2,29.5,16.9,23.9,13.1,53.1,0.0,0.0,0.0,,0,0,21.2,19.9,291.8,1013.7,5.1,16.0,184.0,15.8,9,10,2022-08-18T06:14:05,2022-08-18T19:52:17,0.72,Clear,Clear conditions throughout the day.,clear-day,"KVAY,72409514792,72408594732,72407493780,D8567,72409614706,KPNE",440
101,"Edgewater Park Twp, NJ, United States",2022-08-19,33.4,18.1,26.0,32.2,18.1,25.7,14.8,53.5,0.0,0.0,0.0,,0,0,33.1,17.1,198.7,1017.7,11.7,16.0,110.8,9.5,9,10,2022-08-19T06:15:03,2022-08-19T19:50:52,0.77,Clear,Clear conditions throughout the day.,clear-day,"KVAY,KWRI,KTTN,72409514792,72408594732,72407493780,D8567,72409614706,KPNE",440
102,"Edgewater Park Twp, NJ, United States",2022-08-20,33.4,22.5,27.6,32.7,22.5,27.6,17.0,55.1,0.0,0.0,0.0,,0,0,28.1,17.0,182.0,1020.6,9.3,16.0,183.5,15.9,9,30,2022-08-20T06:16:00,2022-08-20T19:49:26,0.82,Clear,Clear conditions throughout the day.,clear-day,"KVAY,72409514792,72408594732,72407493780,D8567,72409614706,KPNE",440
103,"Edgewater Park Twp, NJ, United States",2022-08-21,30.1,20.7,24.8,31.1,20.7,25.2,19.0,71.6,1.5,100.0,4.17,rain,0,0,27.7,13.1,101.2,1019.0,30.1,15.4,104.6,9.1,8,60,2022-08-21T06:16:57,2022-08-21T19:48:00,0.86,"Rain, Partially cloudy",Partly cloudy throughout the day with late afternoon rain.,rain,"KVAY,KWRI,72409514792,72408594732,72407493780,D8567,72409614706,KPNE",440
104,"Edgewater Park Twp, NJ, United States",2022-08-22,29.7,21.8,24.9,32.2,21.8,25.5,21.4,81.8,18.58,100.0,58.33,rain,0,0,40.7,19.2,125.5,1012.6,79.2,15.1,106.5,9.3,8,100,2022-08-22T06:17:54,2022-08-22T19:46:32,0.9,"Rain, Partially cloudy",Partly cloudy throughout the day with a chance of rain throughout the day.,rain,"KVAY,KWRI,KTTN,72409514792,72408594732,72407493780,D8567,72409614706,KPNE",440
105,"Edgewater Park Twp, NJ, United States",2022-08-23,30.5,20.2,25.2,31.7,20.2,25.6,18.9,70.8,0.09,100.0,8.33,rain,0,0,21.2,19.9,216.7,1010.5,47.0,14.0,155.0,13.3,9,30,2022-08-23T06:18:51,2022-08-23T19:45:03,0.94,"Rain, Partially cloudy",Partly cloudy throughout the day with rain.,rain,"KVAY,KWRI,72409514792,72408594732,72407493780,D8567,72409614706,KPNE",440
106,"Edgewater Park Twp, NJ, United States",2022-08-24,32.1,20.2,26.2,31.3,20.2,26.0,16.4,58.6,0.0,0.0,0.0,,0,0,29.5,14.7,287.3,1014.8,10.1,16.0,157.8,13.6,10,10,2022-08-24T06:19:48,2022-08-24T19:43:34,0.97,Clear,Clear conditions throughout the day.,clear-day,"KVAY,KWRI,72409514792,72408594732,72407493780,D8567,72409614706,KPNE",440
107,"Edgewater Park Twp, NJ, United States",2022-08-25,33.2,19.0,26.2,32.5,19.0,26.1,15.8,55.8,0.0,0.0,0.0,,0,0,27.4,11.0,163.6,1017.0,5.4,15.9,173.9,15.1,9,10,2022-08-25T06:20:45,2022-08-25T19:42:04,0.99,Clear,Clear conditions throughout the day.,clear-day,"KVAY,KWRI,72409514792,72408594732,72407493780,D8567,KPNE",440
108,"Edgewater Park Twp, NJ, United States",2022-08-26,33.1,22.7,28.1,34.5,22.7,28.9,19.3,61.5,0.0,0.0,0.0,rain,0,0,32.0,20.9,227.9,1013.9,20.2,15.9,151.7,13.1,9,75,2022-08-26T06:21:42,2022-08-26T19:40:33,1.0,Partially cloudy,Partly cloudy throughout the day.,partly-cloudy-day,"KVAY,KWRI,72409514792,72408594732,72407493780,D8567,KPNE",440
109,"Edgewater Park Twp, NJ, United States",2022-08-27,32.7,22.4,27.4,33.1,22.4,27.8,18.7,61.2,0.0,0.0,0.0,,0,0,23.4,17.5,177.6,1015.4,27.8,15.9,162.0,13.9,9,75,2022-08-27T06:22:39,2022-08-27T19:39:02,0.0,Partially cloudy,Partly cloudy throughout the day.,partly-cloudy-day,"KVAY,KWRI,72409514792,72408594732,72408013739,72407493780,D8567,72409614706,KPNE",440
110,"Edgewater Park Twp, NJ, United States",2022-08-28,30.1,23.1,26.1,32.9,23.1,27.0,21.5,76.4,0.0,0.0,0.0,rain,0,0,37.1,20.2,86.4,1019.8,80.1,14.9,155.9,13.4,8,75,2022-08-28T06:23:36,2022-08-28T19:37:30,0.01,Partially cloudy,Partly cloudy throughout the day.,partly-cloudy-day,"KVAY,KWRI,72409514792,72408594732,72407493780,D8567,72409614706,KPNE",440
111,"Edgewater Park Twp, NJ, United States",2022-08-29,33.1,23.2,27.1,34.1,23.2,27.9,20.9,71.6,1.19,100.0,4.17,rain,0,0,32.0,12.6,139.6,1019.2,46.4,13.3,182.3,15.8,9,30,2022-08-29T06:24:33,2022-08-29T19:35:57,0.02,"Rain, Partially cloudy",Clearing in the afternoon with late afternoon rain.,rain,"KVAY,KWRI,72409514792,72408594732,72407493780,D8567,72409614706,KPNE",440
112,"Edgewater Park Twp, NJ, United States",2022-08-30,33.9,24.1,27.6,35.9,24.1,28.6,21.6,72.3,5.6,100.0,12.5,rain,0,0,50.0,18.1,214.5,1012.2,55.3,15.5,158.8,13.5,8,60,2022-08-30T06:25:30,2022-08-30T19:34:24,0.05,"Rain, Partially cloudy",Clearing in the afternoon with late afternoon rain.,rain,"KVAY,KWRI,72409514792,72408594732,72407493780,F5135,D8567,72409614706,KPNE",440
113,"Edgewater Park Twp, NJ, United States",2022-08-31,29.3,21.3,24.9,28.5,21.3,24.8,16.2,62.2,0.17,100.0,4.17,rain,0,0,34.4,21.2,285.0,1010.2,17.4,16.0,148.3,12.6,9,30,2022-08-31T06:26:27,2022-08-31T19:32:49,0.09,Rain,Clear conditions throughout the day with early morning rain.,rain,"KVAY,KWRI,72409514792,72408594732,72407493780,D8567,72409614706,KPNE",440
114,"Edgewater Park Twp, NJ, United States",2022-09-01,30.9,19.2,24.6,29.7,19.2,24.3,12.1,47.8,0.0,0.0,0.0,,0,0,33.5,20.4,273.5,1014.4,0.0,16.0,173.1,15.1,9,10,2022-09-01T06:27:23,2022-09-01T19:31:15,0.13,Clear,Clear conditions throughout the day.,clear-day,"KVAY,KWRI,KTTN,72409514792,72408594732,72407493780,D8567,KPNE",440
115,"Edgewater Park Twp, NJ, United States",2022-09-02,27.7,15.4,21.5,27.1,15.4,21.4,11.5,54.9,0.0,0.0,0.0,,0,0,25.9,19.4,73.0,1023.0,0.0,16.0,154.8,13.4,9,10,2022-09-02T06:28:20,2022-09-02T19:29:40,0.18,Clear,Clear conditions throughout the day.,clear-day,"KVAY,KWRI,KTTN,72409514792,72408594732,72407493780,D8567,KPNE",440
116,"Edgewater Park Twp, NJ, United States",2022-09-03,29.4,17.0,22.9,30.0,17.0,23.0,16.8,70.6,0.0,0.0,0.0,,0,0,24.8,13.8,97.3,1024.1,16.8,16.0,130.5,11.2,9,10,2022-09-03T06:29:17,2022-09-03T19:28:04,0.24,Clear,Clear conditions throughout the day.,clear-day,"KVAY,KWRI,72409514792,72408594732,72407493780,D8567,KPNE",440
117,"Edgewater Park Twp, NJ, United States",2022-09-04,31.8,19.6,26.0,33.2,19.6,26.6,18.5,65.8,0.0,0.0,0.0,rain,0,0,32.8,15.3,178.2,1019.9,19.4,16.0,164.4,14.2,9,30,2022-09-04T06:30:13,2022-09-04T19:26:28,0.29,Clear,Clear conditions throughout the day.,clear-day,"KVAY,KWRI,72409514792,72408594732,72407493780,D8567,KPNE",440
118,"Edgewater Park Twp, NJ, United States",2022-09-05,31.4,22.2,26.3,31.4,22.2,26.5,18.4,63.7,0.0,0.0,0.0,rain,0,0,29.5,15.1,161.0,1018.3,38.3,16.0,109.8,9.5,9,30,2022-09-05T06:31:10,2022-09-05T19:24:52,0.35,Partially cloudy,Partly cloudy throughout the day.,partly-cloudy-day,"KVAY,KWRI,72409514792,72408594732,72407493780,D8567,KPNE",440
119,"Edgewater Park Twp, NJ, United States",2022-09-06,24.9,20.5,22.6,24.9,20.5,22.6,20.4,87.7,37.35,100.0,62.5,rain,0,0,38.9,23.7,92.7,1015.2,97.7,13.1,33.9,2.9,2,10,2022-09-06T06:32:06,2022-09-06T19:23:15,0.4,"Rain, Overcast",Cloudy skies throughout the day with a chance of rain throughout the day.,rain,"KVAY,KWRI,KTTN,72409514792,72408594732,72407493780,F5135,D8567,72409614706,KPNE",440
120,"Edgewater Park Twp, NJ, United States",2022-09-07,22.9,20.1,21.2,22.9,20.1,21.2,18.0,82.0,0.54,100.0,33.33,rain,0,0,35.6,20.2,35.5,1015.0,99.9,15.1,44.6,3.8,3,10,2022-09-07T06:33:03,2022-09-07T19:21:37,0.44,"Rain, Overcast",Cloudy skies throughout the day with rain.,rain,"KVAY,KTTN,KWRI,72409514792,72408594732,72407493780,D8567,72409614706,KPNE",440
121,"Edgewater Park Twp, NJ, United States",2022-09-08,26.6,17.8,21.9,26.6,17.8,21.9,15.1,67.1,0.0,0.0,0.0,rain,0,0,31.7,20.9,25.8,1013.2,45.7,16.0,101.0,8.7,9,10,2022-09-08T06:33:59,2022-09-08T19:20:00,0.47,Partially cloudy,Partly cloudy throughout the day.,partly-cloudy-day,"KVAY,KWRI,72409514792,72408594732,72407493780,D8567,KPNE",440
122,"Edgewater Park Twp, NJ, United States",2022-09-09,27.9,15.2,21.2,27.2,15.2,21.1,13.3,64.4,0.0,0.0,0.0,,0,0,24.1,14.3,151.8,1017.7,0.0,15.8,161.5,13.9,8,10,2022-09-09T06:34:56,2022-09-09T19:18:22,0.49,Clear,Clear conditions throughout the day.,clear-day,"KVAY,KWRI,72409514792,72408594732,72407493780,D8567,KPNE",440
123,"Edgewater Park Twp, NJ, United States",2022-09-10,28.3,13.5,21.3,28.1,13.5,21.3,14.4,67.2,0.0,0.0,0.0,,0,0,23.8,9.5,109.5,1023.4,2.0,15.9,154.6,13.4,9,10,2022-09-10T06:35:53,2022-09-10T19:16:43,0.5,Clear,Clear conditions throughout the day.,clear-day,"KVAY,KWRI,72409514792,72408594732,72407493780,D8567,72409614706,KPNE",440
124,"Edgewater Park Twp, NJ, United States",2022-09-11,24.1,20.9,22.3,24.1,20.9,22.3,19.2,83.0,7.82,100.0,37.5,rain,0,0,28.1,13.3,65.8,1019.6,82.6,13.7,38.0,3.4,2,10,2022-09-11T06:36:49,2022-09-11T19:15:05,0.51,"Rain, Partially cloudy",Partly cloudy throughout the day with rain.,rain,"KVAY,KWRI,KTTN,72409514792,72408594732,72407493780,D8567,72409614706,KPNE",440
125,"Edgewater Park Twp, NJ, United States",2022-09-12,29.1,22.5,25.1,31.2,22.5,25.8,21.5,81.4,1.16,100.0,20.83,rain,0,0,29.9,10.7,203.5,1010.6,83.1,14.9,92.9,8.2,8,75,2022-09-12T06:37:46,2022-09-12T19:13:26,0.53,"Rain, Partially cloudy",Partly cloudy throughout the day with rain.,rain,"KVAY,KTTN,KWRI,72409514792,72408594732,72407493780,D8567,72409614706,KPNE",440
126,"Edgewater Park Twp, NJ, United States",2022-09-13,28.5,19.7,24.5,29.5,19.7,24.7,18.3,71.2,1.32,100.0,16.67,rain,0,0,35.4,22.4,253.3,1008.1,63.8,15.2,94.8,8.2,9,30,2022-09-13T06:38:42,2022-09-13T19:11:47,0.56,"Rain, Partially cloudy",Partly cloudy throughout the day with early morning rain.,rain,"KVAY,KWRI,KTTN,72409514792,72408594732,72407493780,F5135,D8567,KPNE",440
127,"Edgewater Park Twp, NJ, United States",2022-09-14,27.0,16.3,21.5,27.1,16.3,21.5,13.0,59.7,0.0,0.0,0.0,,0,0,31.7,20.3,291.0,1015.0,2.5,16.0,129.5,11.2,9,10,2022-09-14T06:39:39,2022-09-14T19:10:08,0.6,Clear,Clear conditions throughout the day.,clear-day,"KVAY,KWRI,KTTN,72409514792,72408594732,72407493780,D8567,KPNE",440
128,"Edgewater Park Twp, NJ, United States",2022-09-15,24.1,15.1,20.3,24.1,15.1,20.3,10.4,56.0,0.0,0.0,0.0,,0,0,37.1,22.7,290.5,1020.8,0.0,16.0,136.0,11.6,9,10,2022-09-15T06:40:36,2022-09-15T19:08:28,0.64,Clear,Clear conditions throughout the day.,clear-day,"KVAY,KWRI,KTTN,72409514792,72408594732,72407493780,D8567,72409614706,KPNE",440
129,"Edgewater Park Twp, NJ, United States",2022-09-16,25.3,11.5,18.3,25.3,11.5,18.3,9.9,60.3,0.0,0.0,0.0,,0,0,16.6,12.2,289.6,1022.5,0.0,16.0,128.1,11.3,7,10,2022-09-16T06:41:32,2022-09-16T19:06:49,0.69,Clear,Clear conditions throughout the day.,clear-day,"KVAY,KWRI,72409514792,72408594732,72407493780,D8567,72409614706,KPNE",440
130,"Edgewater Park Twp, NJ, United States",2022-09-17,27.1,15.4,21.4,27.6,15.4,21.5,14.4,65.3,0.0,0.0,0.0,,0,0,29.5,12.9,131.3,1023.3,25.1,15.9,107.8,9.4,8,10,2022-09-17T06:42:29,2022-09-17T19:05:09,0.74,Partially cloudy,Becoming cloudy in the afternoon.,partly-cloudy-day,"KVAY,KWRI,72409514792,72408594732,72407493780,D8567,KPNE",440
131,"Edgewater Park Twp, NJ, United States",2022-09-18,29.0,17.1,22.9,28.9,17.1,22.9,15.4,65.7,0.0,0.0,0.0,,0,0,29.5,17.4,238.6,1018.9,3.3,15.8,126.2,10.9,8,10,2022-09-18T06:43:26,2022-09-18T19:03:30,0.78,Clear,Clear conditions throughout the day.,clear-day,"KVAY,KWRI,72409514792,72408594732,72407493780,D8567,KPNE",440
132,"Edgewater Park Twp, NJ, United States",2022-09-19,30.6,19.7,23.8,30.3,19.7,23.8,17.1,68.5,0.65,100.0,4.17,rain,0,0,49.4,23.7,240.5,1013.8,17.6,15.8,98.0,8.6,7,30,2022-09-19T06:44:23,2022-09-19T19:01:50,0.83,Rain,Clear conditions throughout the day with afternoon rain.,rain,"KVAY,KWRI,72409514792,72408594732,72407493780,D8567,KPNE",440
133,"Edgewater Park Twp, NJ, United States",2022-09-20,27.5,18.6,22.5,27.3,18.6,22.5,15.0,65.5,0.0,0.0,0.0,,0,0,44.2,21.3,251.2,1012.9,25.3,15.4,89.8,7.9,5,10,2022-09-20T06:45:20,2022-09-20T19:00:10,0.87,Partially cloudy,Becoming cloudy in the afternoon.,partly-cloudy-day,"KVAY,KWRI,72409514792,72408594732,72407493780,D8567,KPNE",440
134,"Edgewater Park Twp, NJ, United States",2022-09-21,28.0,15.4,21.9,27.8,15.4,21.9,14.3,64.2,0.0,0.0,0.0,,0,0,35.3,15.4,266.4,1013.6,4.2,16.0,121.1,10.4,8,10,2022-09-21T06:46:18,2022-09-21T18:58:31,0.91,Clear,Clear conditions throughout the day.,clear-day,"KVAY,KWRI,72409514792,72408594732,72408013739,72407493780,72511354786,D8567,KPNE",440
135,"Edgewater Park Twp, NJ, United States",2022-09-22,26.7,14.7,20.7,27.8,14.7,20.8,15.0,70.5,1.33,100.0,16.67,rain,0,0,44.4,28.0,274.2,1005.6,36.8,15.6,49.6,4.3,2,30,2022-09-22T06:47:15,2022-09-22T18:56:51,0.95,"Rain, Partially cloudy",Partly cloudy throughout the day with afternoon rain.,rain,"KVAY,KWRI,72409514792,72408594732,72407493780,D8567,KPNE",440
136,"Edgewater Park Twp, NJ, United States",2022-09-23,18.9,11.1,14.3,18.9,11.1,14.3,3.0,48.2,0.0,0.0,0.0,,0,0,55.4,31.2,328.9,1014.3,18.0,16.0,127.6,11.1,8,10,2022-09-23T06:48:12,2022-09-23T18:55:11,0.97,Clear,Clear conditions throughout the day.,clear-day,"KVAY,KWRI,72409514792,72408594732,72407493780,D8567,KPNE",440
137,"Edgewater Park Twp, NJ, United States",2022-09-24,20.7,8.3,13.9,20.7,6.5,13.4,4.4,54.5,0.0,0.0,0.0,,0,0,38.2,19.6,277.6,1016.8,4.1,16.0,115.6,10.2,8,10,2022-09-24T06:49:10,2022-09-24T18:53:32,0.99,Clear,Clear conditions throughout the day.,clear-day,"KVAY,KWRI,72409514792,72408594732,72407493780,D8567,72409614706,KPNE",440
138,"Edgewater Park Twp, NJ, United States",2022-09-25,23.8,14.6,17.6,23.8,14.6,17.6,12.8,74.6,7.01,100.0,12.5,rain,0,0,55.0,18.0,176.3,1007.7,59.3,15.6,81.3,7.0,7,10,2022-09-25T06:50:08,2022-09-25T18:51:53,1.0,"Rain, Partially cloudy",Partly cloudy throughout the day with rain.,rain,"KVAY,KWRI,72409514792,72408594732,72407493780,D8567,KPNE",440
139,"Edgewater Park Twp, NJ, United States",2022-09-26,24.5,13.8,19.4,24.5,13.8,19.4,10.7,60.9,0.01,100.0,4.17,rain,0,0,41.4,29.3,249.9,1006.5,39.3,16.0,82.1,7.1,7,10,2022-09-26T06:51:06,2022-09-26T18:50:14,0.0,"Rain, Partially cloudy",Partly cloudy throughout the day with early morning rain.,rain,"KVAY,KWRI,KTTN,72409514792,72408594732,72407493780,D8567,KPNE",440
140,"Edgewater Park Twp, NJ, United States",2022-09-27,21.8,13.3,17.5,21.8,13.3,17.5,6.8,50.6,0.0,0.0,0.0,,0,0,36.7,21.0,259.7,1011.9,26.9,16.0,98.8,8.6,8,10,2022-09-27T06:52:04,2022-09-27T18:48:35,0.01,Partially cloudy,Becoming cloudy in the afternoon.,partly-cloudy-day,"KVAY,KWRI,72409514792,72408594732,72407493780,F5135,D8567,72409614706,KPNE",440
141,"Edgewater Park Twp, NJ, United States",2022-09-28,20.8,9.3,15.4,20.8,8.5,15.4,7.7,61.3,0.0,0.0,0.0,,0,0,37.1,19.8,299.1,1020.2,23.8,16.0,105.3,9.2,8,10,2022-09-28T06:53:02,2022-09-28T18:46:56,0.04,Partially cloudy,Becoming cloudy in the afternoon.,partly-cloudy-day,"KVAY,KWRI,72409514792,72408594732,72407493780,D8567,KPNE",440
142,"Edgewater Park Twp, NJ, United States",2022-09-29,20.0,10.4,15.4,20.0,10.4,15.4,7.4,60.4,0.0,0.0,0.0,,0,0,37.1,22.8,144.9,1026.9,6.5,16.0,132.0,11.4,9,10,2022-09-29T06:54:01,2022-09-29T18:45:18,0.07,Clear,Clear conditions throughout the day.,clear-day,"KVAY,KWRI,KTTN,72409514792,72408594732,72407493780,KPHL,D8567,KPNE,KDYL",440
143,"Edgewater Park Twp, NJ, United States",2022-09-30,18.5,10.6,14.2,18.5,10.6,14.2,7.8,65.6,0.1,71.4,4.17,rain,0,0,37.8,19.1,41.0,1024.5,33.8,19.4,71.0,6.1,2,10,2022-09-30T06:54:59,2022-09-30T18:43:39,0.12,"Rain, Partially cloudy",Becoming cloudy in the afternoon with late afternoon rain.,rain,"KVAY,KWRI,KTTN,KPHL,D8567,KPNE,KDYL",440
