,name,datetime,tempmax,tempmin,temp,feelslikemax,feelslikemin,feelslike,dew,humidity,precip,precipprob,precipcover,preciptype,snow,snowdepth,windgust,windspeed,winddir,sealevelpressure,cloudcover,visibility,solarradiation,solarenergy,uvindex,severerisk,sunrise,sunset,moonphase,conditions,description,icon,stations,skey
0,"Delran Twp, NJ, United States",2022-05-10,22.7,10.4,16.2,22.7,10.4,16.2,-2.7,27.9,0.0,0.0,0.0,,0,0,47.9,31.3,60.9,1026.3,28.2,16.0,233.9,20.3,10,10,2022-05-10T05:49:28,2022-05-10T20:03:40,0.32,Partially cloudy,Becoming cloudy in the afternoon.,partly-cloudy-day,"KVAY,72408594732,72408013739,72407493780,KPHL,D8567,KPNE",441
1,"Delran Twp, NJ, United States",2022-05-11,22.7,10.8,16.6,22.7,10.8,16.6,6.3,51.9,0.0,0.0,0.0,,0,0,45.0,27.9,49.1,1024.9,44.8,16.0,130.0,11.1,6,10,2022-05-11T05:48:26,2022-05-11T20:04:38,0.37,Partially cloudy,Partly cloudy throughout the day.,partly-cloudy-day,"KVAY,72408594732,72408013739,72407493780,KPHL,D8567,KPNE",441
2,"Delran Twp, NJ, United States",2022-05-12,24.1,12.2,18.0,24.1,12.2,18.0,14.5,80.8,0.0,0.0,0.0,rain,0,0,33.8,25.0,71.0,1025.1,65.2,15.9,144.5,12.2,10,10,2022-05-12T05:47:25,2022-05-12T20:05:36,0.41,Partially cloudy,Partly cloudy throughout the day.,partly-cloudy-day,"KVAY,72408594732,72408013739,72407493780,F5135,KPHL,D8567,KPNE",441
3,"Delran Twp, NJ, United States",2022-05-13,22.6,15.1,18.4,22.6,15.1,18.4,17.5,94.9,10.0,100.0,29.17,rain,0,0,33.5,19.2,71.3,1023.8,99.8,11.3,73.1,6.2,5,10,2022-05-13T05:46:26,2022-05-13T20:06:34,0.45,"Rain, Overcast",Cloudy skies throughout the day with rain in the morning and afternoon.,rain,"KVAY,72408594732,72408013739,72407493780,F5135,KPHL,D8567,KPNE",441
4,"Delran Twp, NJ, United States",2022-05-14,20.5,17.7,18.9,20.5,17.7,18.9,18.5,97.8,5.01,100.0,33.33,rain,0,0,17.6,10.9,88.7,1018.1,83.1,7.8,51.5,4.4,3,10,2022-05-14T05:45:29,2022-05-14T20:07:31,0.48,"Rain, Partially cloudy",Partly cloudy throughout the day with rain.,rain,"KVAY,72408594732,72408013739,72407493780,F5135,KPHL,D8567,KPNE",441
5,"Delran Twp, NJ, United States",2022-05-15,25.4,17.7,21.2,25.4,17.7,21.2,17.9,83.0,0.0,0.0,0.0,rain,0,0,37.1,15.9,181.8,1012.1,68.9,11.8,144.1,12.5,9,30,2022-05-15T05:44:33,2022-05-15T20:08:28,0.5,Partially cloudy,Partly cloudy throughout the day.,partly-cloudy-day,"KVAY,72408594732,72408013739,72407493780,KPHL,D8567,KPNE",441
6,"Delran Twp, NJ, United States",2022-05-16,26.4,17.4,21.2,26.4,17.4,21.2,17.7,81.4,8.31,100.0,20.83,rain,0,0,50.3,23.8,217.2,1005.9,43.0,15.1,98.5,8.6,5,60,2022-05-16T05:43:39,2022-05-16T20:09:24,0.5,"Rain, Partially cloudy",Partly cloudy throughout the day with rain.,rain,"KVAY,72408594732,72408013739,72407493780,KPHL,D8567,KPNE",441
7,"Delran Twp, NJ, United States",2022-05-17,26.6,12.5,20.1,26.6,12.5,20.1,8.7,53.1,0.0,0.0,0.0,,0,0,55.3,39.2,269.5,1009.2,11.4,16.0,296.0,25.5,10,10,2022-05-17T05:42:46,2022-05-17T20:10:19,0.52,Clear,Clear conditions throughout the day.,clear-day,"KVAY,72408594732,72408013739,72407493780,KPHL,D8567,KPNE",441
8,"Delran Twp, NJ, United States",2022-05-18,22.8,11.6,17.8,22.8,11.6,17.8,6.9,50.3,0.0,0.0,0.0,,0,0,37.1,19.6,284.4,1014.7,12.5,16.0,203.5,17.5,9,10,2022-05-18T05:41:55,2022-05-18T20:11:14,0.54,Clear,Clear conditions throughout the day.,clear-day,"KVAY,72408594732,72408013739,72407493780,KPHL,D8567,KPNE",441
9,"Delran Twp, NJ, United States",2022-05-19,24.7,13.4,17.9,24.7,13.4,17.9,14.7,83.2,6.34,100.0,33.33,rain,0,0,35.3,16.4,168.3,1008.4,74.8,14.2,74.9,6.6,3,30,2022-05-19T05:41:06,2022-05-19T20:12:09,0.58,"Rain, Partially cloudy",Partly cloudy throughout the day with rain clearing later.,rain,"KVAY,72408594732,72408013739,72407493780,KPHL,D8567,KPNE",441
10,"Delran Twp, NJ, United States",2022-05-20,30.0,14.2,21.0,30.8,14.2,21.2,18.2,85.8,9.95,100.0,12.5,rain,0,0,37.1,17.3,92.9,1012.2,26.4,13.6,133.8,11.6,9,30,2022-05-20T05:40:18,2022-05-20T20:13:03,0.63,"Rain, Partially cloudy",Partly cloudy throughout the day with afternoon rain.,rain,"KVAY,72408594732,72408013739,72407493780,KPHL,D8567,KPNE",441
11,"Delran Twp, NJ, United States",2022-05-21,34.0,18.9,26.5,36.3,18.9,27.7,19.9,71.7,0.0,0.0,0.0,rain,0,0,33.5,16.8,141.1,1015.7,25.4,11.5,211.3,18.3,9,100,2022-05-21T05:39:32,2022-05-21T20:13:56,0.68,Partially cloudy,Partly cloudy throughout the day.,partly-cloudy-day,"KVAY,72408594732,72408013739,72407493780,KPHL,D8567,KPNE",441
12,"Delran Twp, NJ, United States",2022-05-22,32.4,23.8,27.3,34.3,23.8,28.3,20.3,66.8,0.7,100.0,8.33,rain,0,0,46.2,18.4,241.0,1016.4,14.7,16.0,222.5,19.1,10,100,2022-05-22T05:38:48,2022-05-22T20:14:48,0.74,Rain,Clear conditions throughout the day with late afternoon rain.,rain,"KVAY,72408594732,72408013739,72407493780,KPHL,D8567,KPNE",441
13,"Delran Twp, NJ, United States",2022-05-23,24.2,15.8,20.8,24.2,15.8,20.8,11.0,54.6,0.1,100.0,8.33,rain,0,0,45.7,30.8,203.0,1021.5,36.0,15.9,211.7,18.2,9,10,2022-05-23T05:38:05,2022-05-23T20:15:40,0.79,"Rain, Partially cloudy",Partly cloudy throughout the day with early morning rain.,rain,"KVAY,72408594732,72408013739,72407493780,KPHL,D8567,KPNE",441
14,"Delran Twp, NJ, United States",2022-05-24,20.7,15.0,18.0,20.7,15.0,18.0,10.2,61.6,0.97,100.0,12.5,rain,0,0,31.9,23.1,95.7,1024.9,97.4,16.0,143.4,12.2,7,10,2022-05-24T05:37:25,2022-05-24T20:16:31,0.85,"Rain, Overcast",Cloudy skies throughout the day with rain clearing later.,rain,"KVAY,72408594732,72408013739,72407493780,KPHL,D8567,KPNE",441
15,"Delran Twp, NJ, United States",2022-05-25,23.1,11.4,16.9,23.1,11.4,16.9,9.4,63.7,0.0,0.0,0.0,,0,0,33.5,19.6,84.8,1027.8,42.5,16.0,171.5,14.7,8,10,2022-05-25T05:36:46,2022-05-25T20:17:21,0.89,Partially cloudy,Partly cloudy throughout the day.,partly-cloudy-day,"KVAY,72408594732,72408013739,72407493780,KPHL,D8567,KPNE",441
16,"Delran Twp, NJ, United States",2022-05-26,23.1,11.3,17.7,23.1,11.3,17.7,13.1,75.3,0.0,0.0,0.0,rain,0,0,29.9,13.5,110.8,1024.2,78.8,15.8,104.2,9.2,5,10,2022-05-26T05:36:09,2022-05-26T20:18:10,0.93,Partially cloudy,Partly cloudy throughout the day.,partly-cloudy-day,"KVAY,72408594732,72408013739,72407493780,KPHL,D8567,KPNE",441
17,"Delran Twp, NJ, United States",2022-05-27,26.1,18.9,20.9,26.1,18.9,20.9,19.6,92.5,7.81,100.0,12.5,rain,0,0,42.5,14.6,179.5,1013.3,88.2,11.8,53.9,4.6,2,60,2022-05-27T05:35:33,2022-05-27T20:18:58,0.96,"Rain, Partially cloudy",Partly cloudy throughout the day with rain.,rain,"KVAY,72408594732,72408013739,72407493780,F5135,KPHL,D8567,KPNE",441
18,"Delran Twp, NJ, United States",2022-05-28,25.3,19.0,21.9,25.3,19.0,21.9,17.6,78.4,6.3,100.0,25.0,rain,0,0,37.1,21.5,282.4,1008.3,66.0,15.2,149.8,13.0,10,30,2022-05-28T05:35:00,2022-05-28T20:19:46,0.99,"Rain, Partially cloudy",Partly cloudy throughout the day with rain.,rain,"KVAY,72408594732,72408013739,72407493780,KPHL,D8567,KPNE",441
19,"Delran Twp, NJ, United States",2022-05-29,27.4,15.9,22.3,27.3,15.9,22.3,14.8,65.4,0.0,0.0,0.0,,0,0,20.5,13.3,225.0,1017.1,32.6,16.0,221.4,19.2,10,10,2022-05-29T05:34:29,2022-05-29T20:20:32,1.0,Partially cloudy,Partly cloudy throughout the day.,partly-cloudy-day,"KVAY,72408594732,72408013739,72407493780,KPHL,D8567,KPNE",441
20,"Delran Twp, NJ, United States",2022-05-30,31.3,16.0,24.7,33.3,16.0,25.7,18.6,71.0,0.0,0.0,0.0,,0,0,27.0,15.1,205.0,1019.0,9.5,15.8,234.5,20.1,10,30,2022-05-30T05:33:59,2022-05-30T20:21:17,0.0,Clear,Clear conditions throughout the day.,clear-day,"KVAY,72408594732,72408013739,72407493780,KPHL,D8567,KPNE",441
21,"Delran Twp, NJ, United States",2022-05-31,34.6,22.6,28.9,35.6,22.6,29.7,19.4,60.3,0.0,0.0,0.0,,0,0,35.3,19.4,276.0,1015.5,6.4,16.0,224.8,19.5,10,60,2022-05-31T05:33:31,2022-05-31T20:22:02,0.0,Clear,Clear conditions throughout the day.,clear-day,"KVAY,72408594732,72408013739,72407493780,KPHL,D8567,KPNE",441
22,"Delran Twp, NJ, United States",2022-06-01,28.0,17.5,22.8,29.4,17.5,23.1,17.7,74.0,0.0,0.0,0.0,rain,0,0,29.5,22.3,115.9,1013.0,35.3,15.9,221.2,19.3,9,30,2022-06-01T05:33:06,2022-06-01T20:22:45,0.02,Partially cloudy,Clearing in the afternoon.,partly-cloudy-day,"KVAY,72408594732,72408013739,72407493780,KPHL,D8567,KPNE",441
23,"Delran Twp, NJ, United States",2022-06-02,28.6,16.9,22.2,30.2,16.9,22.4,18.5,81.1,15.89,100.0,29.17,rain,0,0,63.3,19.9,201.9,1007.9,69.3,14.5,136.2,11.9,7,60,2022-06-02T05:32:42,2022-06-02T20:23:27,0.04,"Rain, Partially cloudy",Partly cloudy throughout the day with rain.,rain,"KVAY,72408594732,72408013739,72407493780,KPHL,D8567,KPNE",441
24,"Delran Twp, NJ, United States",2022-06-03,26.8,18.1,22.2,27.0,18.1,22.2,15.5,69.1,2.36,100.0,8.33,rain,0,0,27.7,18.7,223.0,1008.1,42.3,12.9,187.3,16.2,9,10,2022-06-03T05:32:20,2022-06-03T20:24:08,0.07,"Rain, Partially cloudy",Partly cloudy throughout the day with morning rain.,rain,"KVAY,72408594732,72408013739,72407493780,KPHL,D8567,KPNE",441
25,"Delran Twp, NJ, United States",2022-06-04,28.7,14.7,22.6,27.4,14.7,22.2,9.2,47.2,0.0,0.0,0.0,,0,0,40.7,19.7,258.2,1011.7,5.3,16.0,237.8,20.6,10,10,2022-06-04T05:32:00,2022-06-04T20:24:47,0.11,Clear,Clear conditions throughout the day.,clear-day,"KVAY,72408594732,72408013739,72407493780,KPHL,D8567,KPNE",441
26,"Delran Twp, NJ, United States",2022-06-05,25.8,13.6,20.4,25.8,13.6,20.4,5.2,38.6,0.0,0.0,0.0,,0,0,33.5,18.7,99.0,1015.4,1.8,16.0,231.3,20.0,10,10,2022-06-05T05:31:42,2022-06-05T20:25:25,0.14,Clear,Clear conditions throughout the day.,clear-day,"KVAY,72408594732,72408013739,72407493780,KPHL,D8567,KPNE",441
27,"Delran Twp, NJ, United States",2022-06-06,27.0,12.4,20.8,26.5,12.4,20.7,7.4,45.0,0.0,0.0,0.0,,0,0,35.3,13.6,185.7,1017.4,1.0,16.0,228.8,19.7,10,10,2022-06-06T05:31:25,2022-06-06T20:26:02,0.19,Clear,Clear conditions throughout the day.,clear-day,"KVAY,72408594732,72408013739,72407493780,KPHL,D8567,KPNE",441
28,"Delran Twp, NJ, United States",2022-06-07,25.8,15.1,21.5,25.8,15.1,21.5,14.1,64.1,3.11,100.0,12.5,rain,0,0,49.0,20.2,158.4,1016.3,42.0,15.9,168.1,14.5,10,10,2022-06-07T05:31:11,2022-06-07T20:26:38,0.24,"Rain, Partially cloudy",Partly cloudy throughout the day with late afternoon rain.,rain,"KVAY,72408594732,72408013739,72407493780,KPHL,D8567,KPNE",441
29,"Delran Twp, NJ, United States",2022-06-08,30.0,20.1,25.3,30.2,20.1,25.4,17.6,65.3,0.48,100.0,12.5,rain,0,0,42.1,18.5,250.0,1011.6,54.4,15.9,175.3,15.0,9,30,2022-06-08T05:30:59,2022-06-08T20:27:12,0.29,"Rain, Partially cloudy",Partly cloudy throughout the day with rain.,rain,"KVAY,72408594732,72408013739,72407493780,KPHL,D8567,KPNE",441
30,"Delran Twp, NJ, United States",2022-06-09,27.8,20.6,24.1,28.5,20.6,24.2,16.3,64.8,18.42,100.0,33.33,rain,0,0,52.4,32.6,249.6,1005.6,59.0,14.7,257.1,22.2,10,30,2022-06-09T05:30:48,2022-06-09T20:27:45,0.35,"Rain, Partially cloudy",Partly cloudy throughout the day with rain clearing later.,rain,"KVAY,72408594732,72408013739,72407493780,KPHL,D8567,KPNE",441
31,"Delran Twp, NJ, United States",2022-06-10,26.9,16.5,22.0,26.4,16.5,22.0,10.4,49.4,0.0,0.0,0.0,,0,0,33.5,21.0,298.7,1011.4,7.3,16.0,219.3,18.8,10,10,2022-06-10T05:30:40,2022-06-10T20:28:16,0.39,Clear,Clear conditions throughout the day.,clear-day,"KVAY,72408594732,72408013739,72407493780,KPHL,D8567,KPNE",441
32,"Delran Twp, NJ, United States",2022-06-11,23.0,17.6,20.7,23.0,17.6,20.7,13.5,64.0,3.35,100.0,16.67,rain,0,0,27.7,13.3,249.0,1013.6,46.0,16.0,69.0,6.0,2,10,2022-06-11T05:30:34,2022-06-11T20:28:46,0.44,"Rain, Partially cloudy",Partly cloudy throughout the day with afternoon rain.,rain,"KVAY,72408594732,72408013739,72407493780,KPHL,D8567,KPNE",441
33,"Delran Twp, NJ, United States",2022-06-12,25.5,16.7,20.3,25.5,16.7,20.3,17.6,84.6,16.03,100.0,29.17,rain,0,0,29.2,17.0,105.6,1014.3,81.9,13.9,72.8,6.2,3,60,2022-06-12T05:30:29,2022-06-12T20:29:14,0.47,"Rain, Partially cloudy",Partly cloudy throughout the day with rain.,rain,"KVAY,72408594732,72408013739,72407493780,KPHL,D8567,KPNE",441
34,"Delran Twp, NJ, United States",2022-06-13,31.8,20.3,26.0,33.1,20.3,26.7,19.5,69.6,0.23,100.0,8.33,rain,0,0,31.7,20.0,231.2,1012.8,30.2,15.2,142.1,12.4,8,75,2022-06-13T05:30:26,2022-06-13T20:29:41,0.49,"Rain, Partially cloudy",Partly cloudy throughout the day with rain clearing later.,rain,"KVAY,72408594732,72408013739,72407493780,KPHL,D8567,KPNE",441
35,"Delran Twp, NJ, United States",2022-06-14,28.5,18.9,23.9,28.2,18.9,23.9,14.2,55.7,3.27,100.0,8.33,rain,0,0,64.8,13.7,77.7,1013.0,13.8,15.9,166.0,14.2,9,10,2022-06-14T05:30:26,2022-06-14T20:30:06,0.5,Rain,Clear conditions throughout the day with morning rain.,rain,"KVAY,72408594732,72408013739,72407493780,KPHL,D8567,KPNE",441
36,"Delran Twp, NJ, United States",2022-06-15,29.6,17.3,23.5,29.2,17.3,23.5,15.1,61.9,0.0,0.0,0.0,,0,0,31.9,20.2,145.0,1018.2,9.7,16.0,227.0,19.6,10,10,2022-06-15T05:30:27,2022-06-15T20:30:29,0.51,Clear,Clear conditions throughout the day.,clear-day,"KVAY,72408594732,72408013739,72407493780,KPHL,D8567,KPNE",441
37,"Delran Twp, NJ, United States",2022-06-16,25.3,18.4,21.5,25.3,18.4,21.5,17.0,76.0,7.01,100.0,16.67,rain,0,0,35.6,18.0,151.4,1019.6,90.4,15.3,146.3,12.6,8,10,2022-06-16T05:30:30,2022-06-16T20:30:51,0.53,"Rain, Overcast",Cloudy skies throughout the day with morning rain.,rain,"KVAY,72408594732,72408013739,72407493780,KPHL,D8567,KPNE",441
38,"Delran Twp, NJ, United States",2022-06-17,34.0,21.3,27.4,34.5,21.3,27.6,17.0,57.6,0.0,0.0,0.0,rain,0,0,46.9,31.0,230.0,1007.5,47.6,16.0,230.7,19.8,10,75,2022-06-17T05:30:35,2022-06-17T20:31:11,0.57,Partially cloudy,Partly cloudy throughout the day.,partly-cloudy-day,"KVAY,72408594732,72408013739,72407493780,KPHL,D8567,KPNE",441
39,"Delran Twp, NJ, United States",2022-06-18,25.5,16.8,21.0,25.5,16.8,21.0,8.9,45.9,0.0,0.0,0.0,rain,0,0,52.9,35.1,305.1,1008.0,39.8,16.0,104.3,8.9,4,10,2022-06-18T05:30:41,2022-06-18T20:31:29,0.62,Partially cloudy,Partly cloudy throughout the day.,partly-cloudy-day,"KVAY,72408594732,72408013739,72407493780,KPHL,D8567,KPNE",441
40,"Delran Twp, NJ, United States",2022-06-19,23.7,13.7,18.6,23.7,13.7,18.6,3.8,38.2,0.0,0.0,0.0,,0,0,50.5,33.4,295.9,1015.7,2.5,16.0,235.7,20.1,10,10,2022-06-19T05:30:50,2022-06-19T20:31:45,0.67,Clear,Clear conditions throughout the day.,clear-day,"KVAY,72408594732,72408013739,72407493780,KPHL,D8567,KPNE",441
41,"Delran Twp, NJ, United States",2022-06-20,26.5,12.7,20.1,26.5,12.7,20.1,5.5,40.3,0.0,0.0,0.0,,0,0,31.7,16.6,308.6,1020.5,3.2,16.0,240.1,20.6,10,10,2022-06-20T05:31:00,2022-06-20T20:32:00,0.72,Clear,Clear conditions throughout the day.,clear-day,"KVAY,72408594732,72408013739,72407493780,KPHL,D8567,KPNE",441
42,"Delran Twp, NJ, United States",2022-06-21,27.3,14.9,21.9,27.1,14.9,21.9,11.7,53.1,0.02,100.0,4.17,rain,0,0,21.2,14.4,245.3,1019.8,27.0,16.0,165.5,14.3,9,10,2022-06-21T05:31:13,2022-06-21T20:32:13,0.77,"Rain, Partially cloudy",Becoming cloudy in the afternoon with afternoon rain.,rain,"KVAY,72408594732,72408013739,72407493780,KPHL,D8567,KPNE",441
43,"Delran Twp, NJ, United States",2022-06-22,23.3,18.4,20.4,23.3,18.4,20.4,16.1,76.7,0.0,0.0,0.0,rain,0,0,33.1,21.6,136.8,1015.7,74.5,14.9,63.0,5.4,3,10,2022-06-22T05:31:27,2022-06-22T20:32:24,0.82,Partially cloudy,Partly cloudy throughout the day.,partly-cloudy-day,"KVAY,72408594732,72408013739,72407493780,KPHL,D8567,KPNE",441
44,"Delran Twp, NJ, United States",2022-06-23,23.3,17.9,19.8,23.3,17.9,19.8,16.4,81.6,3.33,100.0,33.33,rain,0,0,34.2,16.5,67.2,1014.6,88.7,15.3,89.4,7.7,10,10,2022-06-23T05:31:42,2022-06-23T20:32:33,0.87,"Rain, Partially cloudy",Partly cloudy throughout the day with a chance of rain throughout the day.,rain,"KVAY,72408594732,72408013739,72407493780,KPHL,D8567,KPNE",441
45,"Delran Twp, NJ, United States",2022-06-24,28.8,16.7,22.5,29.4,16.7,22.7,16.7,71.9,0.0,0.0,0.0,,0,0,17.3,11.1,195.7,1017.0,54.8,14.4,153.4,13.2,10,30,2022-06-24T05:32:00,2022-06-24T20:32:40,0.91,Partially cloudy,Partly cloudy throughout the day.,partly-cloudy-day,"KVAY,72408594732,72408013739,72407493780,KPHL,D8567,KPNE",441
46,"Delran Twp, NJ, United States",2022-06-25,32.0,19.4,26.6,32.2,19.4,26.8,17.6,60.9,0.0,0.0,0.0,,0,0,37.1,14.0,259.4,1019.3,10.6,16.0,207.7,18.0,10,60,2022-06-25T05:32:19,2022-06-25T20:32:45,0.95,Clear,Clear conditions throughout the day.,clear-day,"KVAY,72408594732,72408013739,72407493780,KPHL,D8567,KPNE",441
47,"Delran Twp, NJ, United States",2022-06-26,31.9,22.1,27.2,32.1,22.1,27.3,17.1,56.1,0.0,0.0,0.0,,0,0,37.8,18.7,218.5,1018.7,11.3,16.0,181.0,15.6,9,10,2022-06-26T05:32:39,2022-06-26T20:32:49,0.97,Clear,Clear conditions throughout the day.,clear-day,"KVAY,72408594732,72408013739,72407493780,KPHL,D8567,KPNE",441
48,"Delran Twp, NJ, United States",2022-06-27,26.7,20.5,24.2,26.7,20.5,24.2,20.1,78.2,9.07,100.0,25.0,rain,0,0,45.7,16.8,207.7,1015.0,78.1,15.2,44.0,3.7,2,30,2022-06-27T05:33:02,2022-06-27T20:32:50,0.99,"Rain, Partially cloudy",Partly cloudy throughout the day with rain.,rain,"KVAY,72408594732,72408013739,72407493780,KPHL,D8567,KPNE",441
49,"Delran Twp, NJ, United States",2022-06-28,26.8,18.5,22.5,26.5,18.5,22.5,12.6,56.1,0.29,100.0,4.17,rain,0,0,25.9,18.8,298.1,1020.6,24.8,15.4,183.2,15.7,10,10,2022-06-28T05:33:26,2022-06-28T20:32:50,1.0,"Rain, Partially cloudy",Partly cloudy throughout the day with morning rain.,rain,"KVAY,72408594732,72408013739,72407493780,KPHL,D8567,KPNE",441
50,"Delran Twp, NJ, United States",2022-06-29,30.2,16.1,24.0,29.5,16.1,23.8,13.9,56.4,0.0,0.0,0.0,rain,0,0,27.7,16.6,194.8,1023.0,12.9,16.0,245.0,21.1,10,30,2022-06-29T05:33:51,2022-06-29T20:32:47,0.0,Clear,Clear conditions throughout the day.,clear-day,"KVAY,72408594732,72408013739,72407493780,KPHL,D8567,KPNE",441
51,"Delran Twp, NJ, United States",2022-06-30,31.9,19.4,26.5,30.9,19.4,26.2,15.0,52.4,0.0,0.0,0.0,,0,0,25.9,13.9,229.6,1022.0,8.0,16.0,174.3,14.9,10,10,2022-06-30T05:34:18,2022-06-30T20:32:43,0.01,Clear,Clear conditions throughout the day.,clear-day,"KVAY,72408594732,72408013739,72407493780,KPHL,D8567,KPNE",441
52,"Delran Twp, NJ, United States",2022-07-01,33.3,21.9,27.8,35.9,21.9,29.2,20.2,65.1,0.0,0.0,0.0,rain,0,0,49.3,19.8,239.6,1017.5,17.5,15.5,172.1,14.9,9,75,2022-07-01T05:34:47,2022-07-01T20:32:37,0.03,Clear,Clear conditions throughout the day.,clear-day,"KVAY,72408594732,72408013739,72407493780,KPHL,D8567,KPNE",441
53,"Delran Twp, NJ, United States",2022-07-02,33.1,25.8,28.4,36.1,25.8,29.8,20.9,64.9,0.0,0.0,0.0,rain,0,0,41.4,17.7,239.2,1013.5,33.3,16.0,115.0,10.1,9,75,2022-07-02T05:35:17,2022-07-02T20:32:28,0.05,Partially cloudy,Partly cloudy throughout the day.,partly-cloudy-day,"KVAY,72408594732,72408013739,72407493780,KPHL,D8567,KPNE",441
54,"Delran Twp, NJ, United States",2022-07-03,31.5,23.0,26.8,30.6,23.0,26.5,16.3,56.9,0.94,100.0,20.83,rain,0,0,40.0,20.3,185.3,1016.1,33.5,16.0,225.5,19.5,10,30,2022-07-03T05:35:48,2022-07-03T20:32:18,0.08,"Rain, Partially cloudy",Partly cloudy throughout the day with rain clearing later.,rain,"KVAY,72408594732,72408013739,72407493780,KPHL,D8567,KPNE",441
55,"Delran Twp, NJ, United States",2022-07-04,30.4,17.0,24.9,28.9,17.0,24.4,10.5,42.3,0.0,0.0,0.0,,0,0,31.7,13.3,226.1,1020.7,5.0,16.0,228.5,19.7,10,10,2022-07-04T05:36:21,2022-07-04T20:32:06,0.12,Clear,Clear conditions throughout the day.,clear-day,"KVAY,72408594732,72408013739,72407493780,KPHL,D8567,KPNE",441
56,"Delran Twp, NJ, United States",2022-07-05,31.1,21.4,25.6,31.5,21.4,25.9,17.7,63.0,3.0,100.0,12.5,rain,0,0,46.8,19.4,239.8,1016.4,40.2,16.0,146.2,12.7,9,10,2022-07-05T05:36:55,2022-07-05T20:31:51,0.17,"Rain, Partially cloudy",Becoming cloudy in the afternoon with rain.,rain,"KVAY,72408594732,72408013739,72407493780,KPHL,D8567,KPNE",441
57,"Delran Twp, NJ, United States",2022-07-06,31.2,23.7,27.5,34.0,23.7,28.4,20.1,65.8,0.02,100.0,4.17,rain,0,0,31.9,20.4,185.3,1011.2,49.0,15.8,105.8,9.3,9,30,2022-07-06T05:37:30,2022-07-06T20:31:35,0.22,"Rain, Partially cloudy",Becoming cloudy in the afternoon with afternoon rain.,rain,"KVAY,72408594732,72408013739,72407493780,KPHL,D8567,KPNE",441
58,"Delran Twp, NJ, United States",2022-07-07,27.4,21.3,24.4,28.9,21.3,24.7,19.4,74.3,6.87,100.0,33.33,rain,0,0,24.1,18.0,69.4,1014.9,90.5,15.3,116.1,9.7,6,10,2022-07-07T05:38:07,2022-07-07T20:31:17,0.27,"Rain, Overcast",Cloudy skies throughout the day with rain clearing later.,rain,"KVAY,72408594732,72408013739,72407493780,KPHL,D8567,KPNE",441
59,"Delran Twp, NJ, United States",2022-07-08,31.0,18.3,25.1,33.4,18.3,25.9,19.1,71.0,0.97,100.0,4.17,rain,0,0,23.8,18.8,161.7,1015.9,24.9,15.4,195.8,16.9,10,30,2022-07-08T05:38:45,2022-07-08T20:30:57,0.33,"Rain, Partially cloudy",Partly cloudy throughout the day with late afternoon rain.,rain,"KVAY,72408594732,72408013739,72407493780,KPHL,D8567,KPNE",441
60,"Delran Twp, NJ, United States",2022-07-09,25.1,20.8,23.1,25.1,20.8,23.1,18.6,76.6,3.49,100.0,29.17,rain,0,0,29.2,14.9,118.7,1016.7,56.1,15.9,83.1,6.9,3,10,2022-07-09T05:39:24,2022-07-09T20:30:35,0.38,"Rain, Partially cloudy",Partly cloudy throughout the day with a chance of rain throughout the day.,rain,"KVAY,72408594732,72408013739,72407493780,KPHL,D8567,KPNE",441
61,"Delran Twp, NJ, United States",2022-07-10,28.4,18.1,23.2,28.3,18.1,23.3,16.1,66.0,0.0,0.0,0.0,rain,0,0,23.0,16.0,103.0,1017.6,22.3,15.8,177.3,15.2,10,10,2022-07-10T05:40:04,2022-07-10T20:30:10,0.42,Partially cloudy,Partly cloudy throughout the day.,partly-cloudy-day,"KVAY,72408594732,72408013739,72407493780,KPHL,D8567,KPNE",441
62,"Delran Twp, NJ, United States",2022-07-11,29.5,16.4,23.6,28.6,16.4,23.4,13.7,57.7,0.0,0.0,0.0,,0,0,31.3,15.4,174.3,1014.5,3.5,16.0,223.4,19.3,10,10,2022-07-11T05:40:45,2022-07-11T20:29:44,0.46,Clear,Clear conditions throughout the day.,clear-day,"KVAY,72408594732,72408013739,72407493780,KPHL,D8567,KPNE",441
63,"Delran Twp, NJ, United States",2022-07-12,33.5,21.3,26.7,36.2,21.3,27.8,19.1,64.7,0.0,0.0,0.0,rain,0,0,42.1,25.9,235.0,1009.0,25.0,15.9,198.3,17.0,9,60,2022-07-12T05:41:28,2022-07-12T20:29:16,0.49,Partially cloudy,Partly cloudy throughout the day.,partly-cloudy-day,"KVAY,72408594732,72408013739,72407493780,KPHL,D8567,KPNE",441
64,"Delran Twp, NJ, United States",2022-07-13,33.3,22.4,28.1,33.1,22.4,28.3,17.5,54.9,0.0,0.0,0.0,,0,0,36.7,18.0,245.1,1011.6,14.5,16.0,227.5,19.5,10,30,2022-07-13T05:42:11,2022-07-13T20:28:46,0.5,Clear,Clear conditions throughout the day.,clear-day,"KVAY,72408594732,72408013739,72407493780,KPHL,D8567,KPNE",441
65,"Delran Twp, NJ, United States",2022-07-14,32.6,23.4,28.0,32.9,23.4,28.0,17.0,53.1,0.0,0.0,0.0,rain,0,0,27.7,14.3,284.1,1014.5,30.7,16.0,232.5,20.1,10,30,2022-07-14T05:42:55,2022-07-14T20:28:15,0.51,Partially cloudy,Partly cloudy throughout the day.,partly-cloudy-day,"KVAY,72408594732,72408013739,72407493780,KPHL,D8567,KPNE",441
66,"Delran Twp, NJ, United States",2022-07-15,30.8,20.4,25.3,30.4,20.4,25.3,16.3,59.5,3.38,100.0,8.33,rain,0,0,29.5,22.6,62.3,1019.7,42.6,16.0,195.7,17.0,10,30,2022-07-15T05:43:41,2022-07-15T20:27:41,0.53,"Rain, Partially cloudy",Becoming cloudy in the afternoon with late afternoon rain.,rain,"KVAY,72408594732,72408013739,72407493780,KPHL,D8567,KPNE",441
67,"Delran Twp, NJ, United States",2022-07-16,31.8,22.4,26.1,31.8,22.4,26.4,19.4,69.1,0.24,100.0,8.33,rain,0,0,25.9,13.9,95.4,1018.7,66.9,14.9,180.9,15.6,10,60,2022-07-16T05:44:27,2022-07-16T20:27:05,0.55,"Rain, Partially cloudy",Clearing in the afternoon with late afternoon rain.,rain,"KVAY,72408594732,72408013739,72407493780,KPHL,D8567,KPNE",441
68,"Delran Twp, NJ, United States",2022-07-17,30.6,21.7,26.3,32.1,21.7,27.2,19.9,69.7,2.24,100.0,8.33,rain,0,0,21.6,16.0,134.3,1016.7,67.6,15.8,130.5,11.3,8,75,2022-07-17T05:45:14,2022-07-17T20:26:28,0.6,"Rain, Partially cloudy",Partly cloudy throughout the day with early morning rain.,rain,"KVAY,72408594732,72408013739,72407493780,KPHL,D8567,KPNE",441
69,"Delran Twp, NJ, United States",2022-07-18,33.6,24.4,28.4,37.6,24.4,30.4,22.2,70.7,3.89,100.0,20.83,rain,0,0,46.9,28.5,188.5,1012.3,57.1,15.9,157.5,14.0,9,100,2022-07-18T05:46:02,2022-07-18T20:25:48,0.65,"Rain, Partially cloudy",Partly cloudy throughout the day with late afternoon rain.,rain,"KVAY,72408594732,72408013739,72407493780,KPHL,D8567,KPNE",441
70,"Delran Twp, NJ, United States",2022-07-19,33.9,23.9,28.8,34.4,23.9,29.3,18.9,58.2,0.04,100.0,4.17,rain,0,0,48.1,19.5,268.0,1009.5,14.0,16.0,233.3,20.1,10,10,2022-07-19T05:46:50,2022-07-19T20:25:07,0.7,Rain,Clear conditions throughout the day with early morning rain.,rain,"KVAY,72408594732,72408013739,72407493780,F5135,KPHL,D8567,KPNE",441
71,"Delran Twp, NJ, United States",2022-07-20,35.6,23.7,30.2,37.2,23.7,31.5,19.2,53.2,0.0,0.0,0.0,,0,0,31.7,15.2,232.8,1008.6,8.3,16.0,221.7,19.2,10,30,2022-07-20T05:47:39,2022-07-20T20:24:24,0.75,Clear,Clear conditions throughout the day.,clear-day,"KVAY,72408594732,72408013739,72407493780,KPHL,D8567,KPNE",441
72,"Delran Twp, NJ, United States",2022-07-21,36.3,26.1,30.8,40.5,26.1,33.5,21.4,59.4,2.36,100.0,8.33,rain,0,0,42.6,22.3,224.8,1005.5,12.4,16.0,220.7,19.0,10,75,2022-07-21T05:48:29,2022-07-21T20:23:39,0.8,Rain,Clear conditions throughout the day with afternoon rain.,rain,"KVAY,72408594732,72408013739,72407493780,KPHL,D8567,KPNE",441
73,"Delran Twp, NJ, United States",2022-07-22,36.4,25.5,31.1,36.0,25.5,31.6,17.8,48.7,0.0,0.0,0.0,,0,0,33.5,21.2,263.3,1011.6,5.7,16.0,195.5,16.8,9,30,2022-07-22T05:49:20,2022-07-22T20:22:53,0.85,Clear,Clear conditions throughout the day.,clear-day,"KVAY,72408594732,72408013739,72407493780,KPHL,D8567,KPNE",441
74,"Delran Twp, NJ, United States",2022-07-23,36.8,25.5,31.5,36.9,25.5,32.5,18.6,49.0,0.0,0.0,0.0,,0,0,29.4,16.4,259.2,1015.9,3.2,16.0,206.3,18.0,9,75,2022-07-23T05:50:11,2022-07-23T20:22:04,0.89,Clear,Clear conditions throughout the day.,clear-day,"KVAY,72408594732,72408013739,72407493780,KPHL,D8567,KPNE",441
75,"Delran Twp, NJ, United States",2022-07-24,37.0,25.2,31.4,37.6,25.2,32.5,18.8,50.3,0.0,0.0,0.0,,0,0,47.9,24.1,239.2,1016.0,3.8,16.0,202.0,17.5,8,75,2022-07-24T05:51:03,2022-07-24T20:21:14,0.93,Clear,Clear conditions throughout the day.,clear-day,"KVAY,72408594732,72408013739,72407493780,KPHL,D8567,KPNE",441
76,"Delran Twp, NJ, United States",2022-07-25,32.3,27.9,29.7,36.3,30.9,33.4,22.8,66.8,9.58,100.0,12.5,rain,0,0,50.2,21.5,232.6,1012.6,21.3,15.9,70.5,6.0,3,100,2022-07-25T05:51:55,2022-07-25T20:20:22,0.96,"Rain, Partially cloudy",Becoming cloudy in the afternoon with rain.,rain,"KVAY,72408594732,72408013739,72407493780,KPHL,D8567,KPNE",441
77,"Delran Twp, NJ, United States",2022-07-26,27.4,23.1,25.3,29.6,23.1,25.4,16.7,59.7,0.0,0.0,0.0,,0,0,35.3,14.2,236.9,1015.8,19.5,16.0,80.8,6.9,3,30,2022-07-26T05:52:48,2022-07-26T20:19:29,0.98,Clear,Clear conditions throughout the day.,clear-day,"KVAY,72408594732,72408013739,72407493780,KPHL,D8567,KPNE",441
78,"Delran Twp, NJ, United States",2022-07-27,31.4,22.5,26.8,32.7,22.5,27.4,18.3,60.8,0.2,100.0,8.33,rain,0,0,35.3,17.0,165.4,1013.9,71.3,16.0,156.4,13.4,10,10,2022-07-27T05:53:42,2022-07-27T20:18:34,1.0,"Rain, Partially cloudy",Partly cloudy throughout the day with early morning rain.,rain,"KVAY,72408594732,72408013739,72407493780,KPHL,D8567,KPNE",441
79,"Delran Twp, NJ, United States",2022-07-28,33.5,23.9,28.3,36.7,23.9,29.9,21.7,69.6,9.12,100.0,16.67,rain,0,0,56.9,18.0,256.8,1010.9,51.2,15.3,138.3,12.0,9,30,2022-07-28T05:54:35,2022-07-28T20:17:37,1.0,"Rain, Partially cloudy",Partly cloudy throughout the day with rain.,rain,"KVAY,72408594732,72408013739,72407493780,KPHL,D8567,KPNE",441
80,"Delran Twp, NJ, United States",2022-07-29,30.9,23.4,26.2,32.7,23.4,26.9,20.5,72.0,1.52,100.0,8.33,rain,0,0,25.6,15.0,279.3,1013.0,39.4,15.9,76.8,6.8,3,30,2022-07-29T05:55:30,2022-07-29T20:16:39,0.0,"Rain, Partially cloudy",Becoming cloudy in the afternoon with late afternoon rain.,rain,"KVAY,72408594732,72408013739,72407493780,KPHL,D8567,KPNE",441
81,"Delran Twp, NJ, United States",2022-07-30,32.2,22.6,27.3,31.2,22.6,26.9,15.7,52.4,0.0,0.0,0.0,,0,0,33.5,22.0,307.0,1017.2,31.1,16.0,187.0,16.4,10,10,2022-07-30T05:56:24,2022-07-30T20:15:39,0.01,Partially cloudy,Partly cloudy throughout the day.,partly-cloudy-day,"KVAY,72408594732,72408013739,72407493780,KPHL,D8567,KPNE",441
82,"Delran Twp, NJ, United States",2022-07-31,32.0,19.9,26.0,31.7,19.9,26.1,16.3,57.1,2.26,100.0,8.33,rain,0,0,29.5,14.8,143.0,1020.7,36.1,16.0,174.9,15.2,9,10,2022-07-31T05:57:19,2022-07-31T20:14:38,0.04,"Rain, Partially cloudy",Partly cloudy throughout the day with late afternoon rain.,rain,"KVAY,72408594732,72408013739,72407493780,KPHL,D8567,KPNE",441
83,"Delran Twp, NJ, United States",2022-08-01,26.3,20.3,22.7,26.3,20.3,22.7,19.2,81.2,2.48,100.0,29.17,rain,0,0,21.6,12.6,202.4,1014.8,84.3,14.3,64.2,5.4,4,10,2022-08-01T05:58:14,2022-08-01T20:13:35,0.07,"Rain, Partially cloudy",Partly cloudy throughout the day with rain clearing later.,rain,"KVAY,72408594732,72408013739,72407493780,KPHL,D8567,KPNE",441
84,"Delran Twp, NJ, United States",2022-08-02,33.6,21.1,27.5,35.1,21.1,28.4,19.5,64.4,0.77,100.0,8.33,rain,0,0,33.6,20.9,247.7,1010.7,17.4,15.8,111.8,9.7,10,60,2022-08-02T05:59:10,2022-08-02T20:12:31,0.1,Rain,Clear conditions throughout the day with early morning rain.,rain,"KVAY,72408594732,72408013739,72407493780,KPHL,D8567,KPNE",441
85,"Delran Twp, NJ, United States",2022-08-03,33.1,22.0,28.1,33.3,22.0,28.3,16.6,51.3,0.0,0.0,0.0,,0,0,27.7,15.3,257.4,1015.3,2.1,16.0,179.5,15.7,9,10,2022-08-03T06:00:05,2022-08-03T20:11:25,0.14,Clear,Clear conditions throughout the day.,clear-day,"KVAY,72408594732,72408013739,72407493780,KPHL,D8567,KPNE",441
86,"Delran Twp, NJ, United States",2022-08-04,36.3,22.6,29.5,40.2,22.6,31.4,20.5,60.4,0.07,100.0,12.5,rain,0,0,35.0,19.7,212.4,1017.5,17.8,15.7,186.1,16.0,9,60,2022-08-04T06:01:01,2022-08-04T20:10:17,0.2,Rain,Clear conditions throughout the day with late afternoon rain.,rain,"KVAY,72408594732,72408013739,72407493780,KPHL,D8567,KPNE",441
87,"Delran Twp, NJ, United States",2022-08-05,33.2,23.2,27.5,35.6,23.2,29.0,21.1,69.5,4.67,100.0,20.83,rain,0,0,55.4,23.6,266.9,1020.6,26.8,15.7,135.1,11.8,9,60,2022-08-05T06:01:57,2022-08-05T20:09:09,0.25,"Rain, Partially cloudy",Partly cloudy throughout the day with rain.,rain,"KVAY,72408594732,72408013739,72407493780,KPHL,D8567,KPNE",441
88,"Delran Twp, NJ, United States",2022-08-06,32.5,23.2,28.1,36.1,23.2,30.0,21.6,69.6,0.11,100.0,4.17,rain,0,0,34.1,21.5,226.4,1022.8,28.7,16.0,160.0,13.9,9,60,2022-08-06T06:02:54,2022-08-06T20:07:59,0.31,"Rain, Partially cloudy",Partly cloudy throughout the day with early morning rain.,rain,"KVAY,72408594732,72408013739,72407493780,KPHL,D8567,KPNE",441
89,"Delran Twp, NJ, United States",2022-08-07,34.5,26.0,30.1,37.9,26.0,32.7,22.0,64.0,0.0,0.0,0.0,,0,0,40.3,25.1,223.1,1021.3,33.0,16.0,131.9,11.6,10,60,2022-08-07T06:03:50,2022-08-07T20:06:47,0.36,Partially cloudy,Partly cloudy throughout the day.,partly-cloudy-day,"KVAY,72408594732,72408013739,72407493780,KPHL,D8567,KPNE",441
90,"Delran Twp, NJ, United States",2022-08-08,35.2,26.5,30.5,39.3,26.5,33.9,22.7,64.4,0.0,0.0,0.0,rain,0,0,38.9,23.8,231.9,1016.5,27.1,16.0,125.1,10.9,9,60,2022-08-08T06:04:47,2022-08-08T20:05:35,0.41,Partially cloudy,Partly cloudy throughout the day.,partly-cloudy-day,"KVAY,72408594732,72408013739,72407493780,KPHL,D8567,KPNE",441
91,"Delran Twp, NJ, United States",2022-08-09,37.1,27.4,31.2,42.0,30.6,35.5,23.0,63.9,4.21,100.0,12.5,rain,0,0,50.0,24.0,255.3,1013.9,26.3,15.8,170.9,14.8,10,75,2022-08-09T06:05:44,2022-08-09T20:04:21,0.45,"Rain, Partially cloudy",Partly cloudy throughout the day with late afternoon rain.,rain,"KVAY,72408594732,72408013739,72407493780,KPHL,D8567,KPNE",441
92,"Delran Twp, NJ, United States",2022-08-10,33.1,25.1,28.8,35.0,25.1,29.9,20.7,63.3,0.02,100.0,4.17,rain,0,0,27.7,15.7,210.9,1016.2,54.5,15.7,110.8,9.5,10,30,2022-08-10T06:06:41,2022-08-10T20:03:06,0.48,"Rain, Partially cloudy",Partly cloudy throughout the day with early morning rain.,rain,"KVAY,72408594732,72408013739,72407493780,KPHL,D8567,KPNE",441
93,"Delran Twp, NJ, United States",2022-08-11,31.9,23.0,27.5,31.6,23.0,27.6,18.9,62.8,14.05,100.0,25.0,rain,0,0,38.9,15.8,252.3,1012.8,49.7,15.4,163.6,14.1,9,60,2022-08-11T06:07:38,2022-08-11T20:01:49,0.5,"Rain, Partially cloudy",Partly cloudy throughout the day with a chance of rain throughout the day.,rain,"KVAY,72408594732,72408013739,72407493780,KPHL,D8567,KPNE",441
94,"Delran Twp, NJ, United States",2022-08-12,30.3,22.1,25.9,28.7,22.1,25.5,11.2,41.4,0.0,0.0,0.0,rain,0,0,40.7,23.1,184.0,1015.4,31.0,16.0,129.5,11.3,10,10,2022-08-12T06:08:35,2022-08-12T20:00:32,0.5,Partially cloudy,Partly cloudy throughout the day.,partly-cloudy-day,"KVAY,72408594732,72408013739,72407493780,KPHL,D8567,KPNE",441
95,"Delran Twp, NJ, United States",2022-08-13,28.4,16.9,22.8,27.3,16.9,22.5,8.9,42.9,0.0,0.0,0.0,,0,0,35.8,25.5,126.1,1018.9,1.6,16.0,186.6,16.2,10,10,2022-08-13T06:09:32,2022-08-13T19:59:13,0.52,Clear,Clear conditions throughout the day.,clear-day,"KVAY,72408594732,72408013739,72407493780,KPHL,D8567,KPNE",441
96,"Delran Twp, NJ, United States",2022-08-14,29.5,18.3,23.5,28.3,18.3,23.3,12.6,52.9,0.0,0.0,0.0,,0,0,27.7,17.4,160.6,1017.5,14.7,16.0,179.4,15.6,9,10,2022-08-14T06:10:29,2022-08-14T19:57:54,0.54,Clear,Clear conditions throughout the day.,clear-day,"KVAY,72408594732,72408013739,72407493780,KPHL,D8567,KPNE",441
97,"Delran Twp, NJ, United States",2022-08-15,28.5,17.7,22.9,28.1,17.7,22.8,13.0,55.8,0.0,0.0,0.0,,0,0,35.3,19.1,110.2,1015.6,10.9,16.0,176.8,15.3,10,10,2022-08-15T06:11:26,2022-08-15T19:56:33,0.58,Clear,Clear conditions throughout the day.,clear-day,"KVAY,72408594732,72408013739,72407493780,KPHL,D8567,KPNE",441
98,"Delran Twp, NJ, United States",2022-08-16,28.9,16.4,22.7,27.9,16.4,22.5,12.6,56.0,0.0,0.0,0.0,,0,0,46.4,22.3,78.3,1015.9,6.0,16.0,188.0,16.2,10,10,2022-08-16T06:12:23,2022-08-16T19:55:11,0.62,Clear,Clear conditions throughout the day.,clear-day,"KVAY,72408594732,72408013739,72407493780,KPHL,D8567,KPNE",441
99,"Delran Twp, NJ, United States",2022-08-17,28.1,18.4,23.6,27.4,18.4,23.5,13.6,56.1,0.0,0.0,0.0,,0,0,24.1,13.9,142.3,1015.7,46.3,16.0,115.5,10.0,10,10,2022-08-17T06:13:20,2022-08-17T19:53:48,0.67,Partially cloudy,Becoming cloudy in the afternoon.,partly-cloudy-day,"KVAY,72408594732,72408013739,72407493780,KPHL,D8567,KPNE",441
100,"Delran Twp, NJ, United States",2022-08-18,30.8,17.2,24.4,29.7,17.2,24.1,13.1,52.6,0.0,0.0,0.0,,0,0,37.1,20.2,291.1,1013.8,6.4,16.0,184.0,15.8,9,10,2022-08-18T06:14:18,2022-08-18T19:52:24,0.72,Clear,Clear conditions throughout the day.,clear-day,"KVAY,72408594732,72408013739,72407493780,KPHL,D8567,KPNE",441
101,"Delran Twp, NJ, United States",2022-08-19,33.4,18.4,26.2,32.3,18.4,26.0,14.9,53.4,0.0,0.0,0.0,,0,0,31.7,17.6,257.4,1017.7,14.1,16.0,110.8,9.5,9,10,2022-08-19T06:15:15,2022-08-19T19:50:59,0.77,Clear,Clear conditions throughout the day.,clear-day,"KVAY,72408013739,72408594732,72407493780,KPHL,D8567,KPNE",441
102,"Delran Twp, NJ, United States",2022-08-20,33.5,22.8,27.7,32.7,22.8,27.8,17.0,54.7,0.0,0.0,0.0,,0,0,28.1,17.2,187.2,1020.6,12.4,16.0,183.5,15.9,9,30,2022-08-20T06:16:12,2022-08-20T19:49:33,0.82,Clear,Clear conditions throughout the day.,clear-day,"KVAY,72408594732,72408013739,72407493780,KPHL,D8567,KPNE",441
103,"Delran Twp, NJ, United States",2022-08-21,30.2,21.0,25.0,31.2,21.0,25.3,19.1,71.2,1.57,100.0,4.17,rain,0,0,22.3,13.4,105.5,1019.1,32.4,15.5,104.6,9.1,8,60,2022-08-21T06:17:09,2022-08-21T19:48:07,0.86,"Rain, Partially cloudy",Partly cloudy throughout the day with late afternoon rain.,rain,"KVAY,72408594732,72408013739,72407493780,KPHL,D8567,KPNE",441
104,"Delran Twp, NJ, United States",2022-08-22,29.9,21.9,25.0,32.4,21.9,25.6,21.5,81.4,17.64,100.0,45.83,rain,0,0,40.7,19.8,130.5,1012.6,79.7,15.1,106.5,9.3,8,100,2022-08-22T06:18:06,2022-08-22T19:46:39,0.9,"Rain, Partially cloudy",Partly cloudy throughout the day with a chance of rain throughout the day.,rain,"KVAY,72408594732,72408013739,72407493780,KPHL,D8567,KPNE",441
105,"Delran Twp, NJ, United States",2022-08-23,30.6,20.2,25.3,31.7,20.2,25.7,18.9,70.3,0.08,100.0,4.17,rain,0,0,31.7,20.4,232.0,1010.5,47.6,14.1,155.0,13.3,9,30,2022-08-23T06:19:03,2022-08-23T19:45:11,0.94,"Rain, Partially cloudy",Partly cloudy throughout the day with early morning rain.,rain,"KVAY,72408594732,72408013739,72407493780,KPHL,D8567,KPNE",441
106,"Delran Twp, NJ, United States",2022-08-24,32.2,20.4,26.3,31.3,20.4,26.2,16.4,57.9,0.0,0.0,0.0,,0,0,29.5,15.4,272.2,1014.8,11.1,16.0,157.8,13.6,10,10,2022-08-24T06:20:00,2022-08-24T19:43:41,0.97,Clear,Clear conditions throughout the day.,clear-day,"KVAY,72408594732,72408013739,72407493780,KPHL,D8567,KPNE",441
107,"Delran Twp, NJ, United States",2022-08-25,33.3,19.3,26.4,32.6,19.3,26.3,15.8,55.1,0.0,0.0,0.0,,0,0,27.7,11.0,198.0,1017.1,8.0,15.9,173.9,15.1,9,10,2022-08-25T06:20:57,2022-08-25T19:42:11,0.99,Clear,Clear conditions throughout the day.,clear-day,"KVAY,72408594732,72408013739,72407493780,KPHL,D8567,KPNE",441
108,"Delran Twp, NJ, United States",2022-08-26,33.1,23.0,28.2,34.5,23.0,29.1,19.3,60.9,0.0,0.0,0.0,rain,0,0,32.0,21.6,249.6,1013.9,22.6,15.9,151.7,13.1,9,75,2022-08-26T06:21:54,2022-08-26T19:40:41,1.0,Partially cloudy,Partly cloudy throughout the day.,partly-cloudy-day,"KVAY,72408594732,72408013739,72407493780,KPHL,D8567,KPNE",441
109,"Delran Twp, NJ, United States",2022-08-27,33.0,22.6,27.6,33.2,22.6,28.0,18.7,60.5,0.0,0.0,0.0,,0,0,33.5,17.9,163.3,1015.4,29.9,15.9,165.5,14.1,9,60,2022-08-27T06:22:51,2022-08-27T19:39:09,0.0,Partially cloudy,Partly cloudy throughout the day.,partly-cloudy-day,"KVAY,72408594732,72408013739,72407493780,KPHL,D8567,KPNE",441
110,"Delran Twp, NJ, United States",2022-08-28,30.5,23.2,26.2,33.4,23.2,27.2,21.5,75.8,0.0,0.0,0.0,rain,0,0,37.1,21.3,87.8,1019.8,79.8,15.0,172.5,14.8,8,75,2022-08-28T06:23:48,2022-08-28T19:37:37,0.01,Partially cloudy,Partly cloudy throughout the day.,partly-cloudy-day,"KVAY,72408594732,72408013739,72407493780,KPHL,D8567,KPNE",441
111,"Delran Twp, NJ, United States",2022-08-29,33.1,23.3,27.2,34.1,23.3,27.9,20.8,71.2,1.1,100.0,4.17,rain,0,0,33.5,12.9,143.3,1019.2,47.5,13.4,182.3,15.8,9,30,2022-08-29T06:24:44,2022-08-29T19:36:05,0.02,"Rain, Partially cloudy",Clearing in the afternoon with late afternoon rain.,rain,"KVAY,72408594732,72408013739,72407493780,KPHL,D8567,KPNE",441
112,"Delran Twp, NJ, United States",2022-08-30,34.0,24.2,27.7,35.9,24.2,28.8,21.6,71.8,5.6,100.0,8.33,rain,0,0,50.0,18.4,224.3,1012.2,56.4,15.6,158.8,13.5,8,75,2022-08-30T06:25:41,2022-08-30T19:34:31,0.05,"Rain, Partially cloudy",Clearing in the afternoon with late afternoon rain.,rain,"KVAY,72408594732,72408013739,72407493780,F5135,KPHL,D8567,KPNE",441
113,"Delran Twp, NJ, United States",2022-08-31,29.4,21.5,25.0,28.6,21.5,24.9,16.2,61.7,0.0,0.0,0.0,,0,0,34.6,21.8,284.5,1010.3,18.8,16.0,148.3,12.6,9,30,2022-08-31T06:26:38,2022-08-31T19:32:57,0.09,Clear,Clear conditions throughout the day.,clear-day,"KVAY,72408594732,72408013739,72407493780,KPHL,D8567,KPNE",441
114,"Delran Twp, NJ, United States",2022-09-01,31.0,19.4,24.8,29.8,19.4,24.5,12.1,47.3,0.0,0.0,0.0,,0,0,33.5,20.9,272.3,1014.5,0.9,16.0,173.1,15.1,9,10,2022-09-01T06:27:34,2022-09-01T19:31:23,0.13,Clear,Clear conditions throughout the day.,clear-day,"KVAY,72408594732,72408013739,72407493780,KPHL,D8567,KPNE",441
115,"Delran Twp, NJ, United States",2022-09-02,27.7,15.7,21.7,27.2,15.7,21.6,11.5,54.4,0.0,0.0,0.0,,0,0,26.3,19.4,59.9,1023.0,2.4,16.0,154.8,13.4,9,10,2022-09-02T06:28:31,2022-09-02T19:29:48,0.18,Clear,Clear conditions throughout the day.,clear-day,"KVAY,72408594732,72408013739,72407493780,KPHL,D8567,KPNE",441
116,"Delran Twp, NJ, United States",2022-09-03,29.6,17.2,23.1,30.1,17.2,23.2,16.9,70.2,0.0,0.0,0.0,,0,0,24.8,14.0,68.4,1024.1,20.4,16.0,130.5,11.2,9,30,2022-09-03T06:29:28,2022-09-03T19:28:12,0.24,Partially cloudy,Partly cloudy throughout the day.,partly-cloudy-day,"KVAY,72408594732,72408013739,72407493780,KPHL,D8567,KPNE",441
117,"Delran Twp, NJ, United States",2022-09-04,31.8,19.8,26.2,33.2,19.8,26.7,18.6,65.5,0.0,0.0,0.0,rain,0,0,34.6,15.8,245.9,1020.0,22.9,16.0,164.4,14.2,9,30,2022-09-04T06:30:24,2022-09-04T19:26:36,0.29,Partially cloudy,Partly cloudy throughout the day.,partly-cloudy-day,"KVAY,72408594732,72408013739,72407493780,KPHL,D8567,KPNE",441
118,"Delran Twp, NJ, United States",2022-09-05,31.4,22.4,26.4,31.3,22.4,26.6,18.4,63.2,0.0,0.0,0.0,rain,0,0,37.1,15.3,188.4,1018.3,42.1,16.0,109.8,9.5,9,30,2022-09-05T06:31:21,2022-09-05T19:25:00,0.35,Partially cloudy,Partly cloudy throughout the day.,partly-cloudy-day,"KVAY,72408594732,72408013739,72407493780,KPHL,D8567,KPNE",441
119,"Delran Twp, NJ, United States",2022-09-06,25.0,20.7,22.7,25.0,20.7,22.7,20.4,87.2,38.5,100.0,45.83,rain,0,0,38.9,25.5,113.3,1015.2,98.2,13.2,33.9,2.9,2,30,2022-09-06T06:32:17,2022-09-06T19:23:23,0.4,"Rain, Overcast",Cloudy skies throughout the day with a chance of rain throughout the day.,rain,"KVAY,72408594732,72408013739,72407493780,F5135,KPHL,D8567,KPNE",441
120,"Delran Twp, NJ, United States",2022-09-07,23.0,20.2,21.3,23.0,20.2,21.3,18.0,81.5,0.69,100.0,29.17,rain,0,0,34.9,19.7,36.0,1015.0,100.0,15.2,44.6,3.8,3,10,2022-09-07T06:33:14,2022-09-07T19:21:45,0.44,"Rain, Overcast",Cloudy skies throughout the day with rain.,rain,"KVAY,72408594732,72408013739,72407493780,KPHL,D8567,KPNE",441
121,"Delran Twp, NJ, United States",2022-09-08,26.8,17.9,22.1,26.8,17.9,22.1,15.1,66.6,0.0,0.0,0.0,rain,0,0,33.5,20.8,41.3,1013.3,46.7,16.0,101.0,8.7,9,10,2022-09-08T06:34:10,2022-09-08T19:20:08,0.47,Partially cloudy,Partly cloudy throughout the day.,partly-cloudy-day,"KVAY,72408594732,72408013739,72407493780,KPHL,D8567,KPNE",441
122,"Delran Twp, NJ, United States",2022-09-09,28.0,15.4,21.4,27.3,15.4,21.3,13.4,63.9,0.0,0.0,0.0,rain,0,0,23.4,14.4,123.0,1017.7,0.9,15.8,161.5,13.9,8,10,2022-09-09T06:35:07,2022-09-09T19:18:30,0.49,Clear,Clear conditions throughout the day.,clear-day,"KVAY,72408594732,72408013739,72407493780,KPHL,D8567,KPNE",441
123,"Delran Twp, NJ, United States",2022-09-10,28.2,13.8,21.5,28.1,13.8,21.5,14.4,66.9,0.0,0.0,0.0,rain,0,0,22.3,8.8,99.1,1023.5,3.9,15.9,154.6,13.4,9,10,2022-09-10T06:36:03,2022-09-10T19:16:52,0.5,Clear,Clear conditions throughout the day.,clear-day,"KVAY,72408594732,72408013739,72407493780,KPHL,D8567,KPNE",441
124,"Delran Twp, NJ, United States",2022-09-11,24.0,21.1,22.4,24.0,21.1,22.4,19.2,82.6,8.33,100.0,45.83,rain,0,0,27.4,13.3,50.8,1019.6,83.5,13.6,38.0,3.4,2,10,2022-09-11T06:37:00,2022-09-11T19:15:13,0.51,"Rain, Partially cloudy",Partly cloudy throughout the day with rain.,rain,"KVAY,72408594732,72408013739,72407493780,KPHL,D8567,KPNE",441
125,"Delran Twp, NJ, United States",2022-09-12,29.1,22.6,25.3,31.2,22.6,25.9,21.5,80.9,1.03,100.0,12.5,rain,0,0,29.9,10.9,158.8,1010.6,83.4,15.1,92.9,8.2,8,75,2022-09-12T06:37:56,2022-09-12T19:13:34,0.53,"Rain, Partially cloudy",Partly cloudy throughout the day with rain.,rain,"KVAY,72408594732,72408013739,72407493780,KPHL,D8567,KPNE",441
126,"Delran Twp, NJ, United States",2022-09-13,28.6,20.0,24.6,29.5,20.0,24.8,18.3,70.4,0.76,100.0,8.33,rain,0,0,35.3,23.6,257.2,1008.2,63.9,15.3,94.8,8.2,9,30,2022-09-13T06:38:53,2022-09-13T19:11:56,0.56,"Rain, Partially cloudy",Partly cloudy throughout the day with early morning rain.,rain,"KVAY,72408594732,72408013739,72407493780,F5135,KPHL,D8567,KPNE",441
127,"Delran Twp, NJ, United States",2022-09-14,27.0,16.5,21.6,27.1,16.5,21.6,13.0,59.2,0.0,0.0,0.0,,0,0,32.1,20.2,291.3,1015.1,3.9,16.0,129.5,11.2,9,10,2022-09-14T06:39:49,2022-09-14T19:10:16,0.6,Clear,Clear conditions throughout the day.,clear-day,"KVAY,72408594732,72408013739,72407493780,KPHL,D8567,KPNE",441
128,"Delran Twp, NJ, United States",2022-09-15,24.2,15.5,20.5,24.2,15.5,20.5,10.4,55.4,0.0,0.0,0.0,,0,0,37.8,23.4,260.7,1020.9,0.6,16.0,136.0,11.6,9,10,2022-09-15T06:40:46,2022-09-15T19:08:37,0.64,Clear,Clear conditions throughout the day.,clear-day,"KVAY,72408594732,72408013739,72407493780,KPHL,D8567,KPNE",441
129,"Delran Twp, NJ, United States",2022-09-16,25.4,11.7,18.5,25.4,11.7,18.5,9.9,59.5,0.0,0.0,0.0,,0,0,16.6,13.0,285.2,1022.5,1.3,16.0,128.1,11.3,7,10,2022-09-16T06:41:43,2022-09-16T19:06:58,0.69,Clear,Clear conditions throughout the day.,clear-day,"KVAY,72408594732,72408013739,72407493780,KPHL,D8567,KPNE",441
130,"Delran Twp, NJ, United States",2022-09-17,27.2,15.7,21.6,27.7,15.7,21.6,14.4,64.6,0.0,0.0,0.0,,0,0,30.6,13.3,136.9,1023.4,26.4,15.9,107.8,9.4,8,10,2022-09-17T06:42:39,2022-09-17T19:05:18,0.74,Partially cloudy,Becoming cloudy in the afternoon.,partly-cloudy-day,"KVAY,72408594732,72408013739,72407493780,KPHL,D8567,KPNE",441
131,"Delran Twp, NJ, United States",2022-09-18,29.0,17.4,23.0,28.9,17.4,23.0,15.4,65.2,0.0,0.0,0.0,,0,0,29.5,17.5,251.7,1018.9,5.3,15.9,126.2,10.9,8,10,2022-09-18T06:43:36,2022-09-18T19:03:39,0.78,Clear,Clear conditions throughout the day.,clear-day,"KVAY,72408594732,72408013739,72407493780,KPHL,D8567,KPNE",441
132,"Delran Twp, NJ, United States",2022-09-19,30.6,19.9,24.0,30.4,19.9,24.0,17.2,68.0,0.68,100.0,4.17,rain,0,0,49.6,24.0,237.6,1013.8,18.8,15.8,98.0,8.6,7,30,2022-09-19T06:44:33,2022-09-19T19:01:59,0.83,Rain,Clear conditions throughout the day with afternoon rain.,rain,"KVAY,72408594732,72408013739,72407493780,KPHL,D8567,KPNE",441
133,"Delran Twp, NJ, United States",2022-09-20,27.5,18.9,22.6,27.3,18.9,22.6,14.9,64.5,0.0,0.0,0.0,,0,0,44.5,22.3,294.0,1012.9,25.9,15.5,89.8,7.9,5,10,2022-09-20T06:45:30,2022-09-20T19:00:19,0.87,Partially cloudy,Becoming cloudy in the afternoon.,partly-cloudy-day,"KVAY,72408594732,72408013739,72407493780,KPHL,D8567,KPNE",441
134,"Delran Twp, NJ, United States",2022-09-21,28.0,15.7,22.1,27.9,15.7,22.1,14.3,63.7,0.0,0.0,0.0,,0,0,35.6,15.7,265.1,1013.6,6.9,16.0,121.1,10.4,8,10,2022-09-21T06:46:27,2022-09-21T18:58:40,0.91,Clear,Clear conditions throughout the day.,clear-day,"KVAY,72408594732,72408013739,72407493780,KPHL,D8567,KPNE",441
135,"Delran Twp, NJ, United States",2022-09-22,26.7,14.8,20.8,27.7,14.8,20.9,15.0,69.8,1.27,100.0,16.67,rain,0,0,55.4,28.6,275.7,1005.7,37.8,15.6,49.6,4.3,2,30,2022-09-22T06:47:25,2022-09-22T18:57:00,0.95,"Rain, Partially cloudy",Partly cloudy throughout the day with afternoon rain.,rain,"KVAY,72408594732,72408013739,72407493780,KPHL,D8567,KPNE",441
136,"Delran Twp, NJ, United States",2022-09-23,19.0,11.3,14.5,19.0,11.3,14.5,3.0,47.6,0.0,0.0,0.0,,0,0,55.4,31.7,329.4,1014.4,18.4,16.0,127.6,11.1,8,10,2022-09-23T06:48:22,2022-09-23T18:55:21,0.97,Clear,Clear conditions throughout the day.,clear-day,"KVAY,72408594732,72408013739,72407493780,KPHL,D8567,KPNE",441
137,"Delran Twp, NJ, United States",2022-09-24,20.8,8.5,14.0,20.8,6.7,13.5,4.5,54.1,0.0,0.0,0.0,,0,0,36.7,20.5,277.0,1016.9,7.0,16.0,115.6,10.2,8,10,2022-09-24T06:49:19,2022-09-24T18:53:42,0.99,Clear,Clear conditions throughout the day.,clear-day,"KVAY,72408594732,72408013739,72407493780,KPHL,D8567,KPNE",441
138,"Delran Twp, NJ, United States",2022-09-25,23.8,14.8,17.7,23.8,14.8,17.7,12.8,74.1,7.23,100.0,16.67,rain,0,0,56.5,18.8,189.9,1007.7,60.8,15.6,81.3,7.0,7,10,2022-09-25T06:50:17,2022-09-25T18:52:02,1.0,"Rain, Partially cloudy",Partly cloudy throughout the day with rain.,rain,"KVAY,72408594732,72408013739,72407493780,KPHL,D8567,KPNE",441
139,"Delran Twp, NJ, United States",2022-09-26,24.6,14.0,19.6,24.6,14.0,19.6,10.7,60.2,0.0,0.0,0.0,rain,0,0,41.6,29.5,250.5,1006.5,40.5,16.0,82.1,7.1,7,10,2022-09-26T06:51:15,2022-09-26T18:50:23,0.0,Partially cloudy,Partly cloudy throughout the day.,partly-cloudy-day,"KVAY,72408594732,72408013739,72407493780,KPHL,D8567,KPNE",441
140,"Delran Twp, NJ, United States",2022-09-27,22.0,13.6,17.7,22.0,13.6,17.7,6.7,49.9,0.0,0.0,0.0,rain,0,0,36.4,22.2,259.8,1012.0,27.8,16.0,98.8,8.6,8,10,2022-09-27T06:52:13,2022-09-27T18:48:44,0.01,Partially cloudy,Becoming cloudy in the afternoon.,partly-cloudy-day,"KVAY,72408594732,72408013739,72407493780,F5135,KPHL,D8567,KPNE",441
141,"Delran Twp, NJ, United States",2022-09-28,20.9,9.5,15.5,20.9,8.7,15.5,7.8,60.9,0.0,0.0,0.0,,0,0,37.1,20.5,298.8,1020.3,24.0,16.0,105.3,9.2,8,10,2022-09-28T06:53:11,2022-09-28T18:47:06,0.04,Partially cloudy,Becoming cloudy in the afternoon.,partly-cloudy-day,"KVAY,72408594732,72408013739,72407493780,KPHL,D8567,KPNE",441
142,"Delran Twp, NJ, United States",2022-09-29,20.0,10.6,15.6,20.0,10.6,15.6,7.5,59.9,0.0,0.0,0.0,,0,0,37.1,22.7,130.7,1027.0,6.7,16.0,132.0,11.4,9,10,2022-09-29T06:54:10,2022-09-29T18:45:27,0.07,Clear,Clear conditions throughout the day.,clear-day,"KVAY,72408594732,72408013739,72407493780,KPHL,D8567,KPNE",441
143,"Delran Twp, NJ, United States",2022-09-30,18.3,10.8,14.3,18.3,10.8,14.3,7.8,65.6,0.1,71.4,4.17,rain,0,0,38.5,19.8,41.9,1024.5,33.9,19.3,70.9,6.2,2,10,2022-09-30T06:55:08,2022-09-30T18:43:49,0.12,"Rain, Partially cloudy",Becoming cloudy in the afternoon with late afternoon rain.,rain,"KVAY,KPHL,D8567,KPNE",441
