,name,datetime,tempmax,tempmin,temp,feelslikemax,feelslikemin,feelslike,dew,humidity,precip,precipprob,precipcover,preciptype,snow,snowdepth,windgust,windspeed,winddir,sealevelpressure,cloudcover,visibility,solarradiation,solarenergy,uvindex,severerisk,sunrise,sunset,moonphase,conditions,description,icon,stations,skey
0,"Lindenwold, NJ, United States",2022-05-10,22.5,10.3,16.2,22.5,10.3,16.2,-3.1,26.9,0.0,0.0,0.0,,0,0,52.6,25.9,54.1,1025.9,32.4,16.0,30.6,2.5,2,10,2022-05-10T05:49:59,2022-05-10T20:03:15,0.32,Partially cloudy,Becoming cloudy in the afternoon.,partly-cloudy-day,"KVAY,F5255,72408013739,72408594732,72407493780,KPHL,KPNE",459
1,"Lindenwold, NJ, United States",2022-05-11,22.5,11.3,16.5,22.5,11.3,16.5,5.6,49.2,0.0,0.0,0.0,,0,0,42.5,25.6,43.0,1024.5,47.8,16.0,30.0,2.6,2,10,2022-05-11T05:48:58,2022-05-11T20:04:13,0.37,Partially cloudy,Partly cloudy throughout the day.,partly-cloudy-day,"KVAY,F5255,72408013739,72408594732,72407493780,KPHL,KPNE",459
2,"Lindenwold, NJ, United States",2022-05-12,23.7,12.4,17.8,23.7,12.4,17.8,13.6,76.8,0.0,0.0,0.0,rain,0,0,37.4,18.1,66.8,1024.8,67.4,15.7,37.0,3.4,2,10,2022-05-12T05:47:58,2022-05-12T20:05:10,0.41,Partially cloudy,Partly cloudy throughout the day.,partly-cloudy-day,"KVAY,F5255,72408013739,72408594732,72407493780,KPHL,KPNE",459
3,"Lindenwold, NJ, United States",2022-05-13,22.7,15.4,18.5,22.7,15.4,18.5,16.8,90.2,7.18,100.0,29.17,rain,0,0,35.6,13.6,66.3,1023.5,99.0,10.4,36.6,3.1,2,10,2022-05-13T05:46:59,2022-05-13T20:06:07,0.45,"Rain, Overcast",Cloudy skies throughout the day with rain in the morning and afternoon.,rain,"KVAY,F5255,72408013739,72408594732,72407493780,KPHL,KPNE",459
4,"Lindenwold, NJ, United States",2022-05-14,20.5,17.7,18.9,20.5,17.7,18.9,18.0,94.3,3.03,100.0,33.33,rain,0,0,20.2,9.4,74.8,1017.9,83.7,8.1,32.2,2.9,1,10,2022-05-14T05:46:02,2022-05-14T20:07:04,0.48,"Rain, Partially cloudy",Partly cloudy throughout the day with rain.,rain,"KVAY,F5255,72408013739,72408594732,72407493780,KPHL,KPNE",459
5,"Lindenwold, NJ, United States",2022-05-15,25.9,17.6,21.2,25.9,17.6,21.2,17.3,80.2,0.0,0.0,0.0,rain,0,0,37.1,14.6,179.7,1011.9,74.9,12.4,17.2,1.3,1,30,2022-05-15T05:45:07,2022-05-15T20:08:00,0.5,Partially cloudy,Partly cloudy throughout the day.,partly-cloudy-day,"KVAY,F5255,72408013739,72408594732,72407493780,KPHL,KPNE",459
6,"Lindenwold, NJ, United States",2022-05-16,26.4,17.4,21.5,26.4,17.4,21.5,17.1,77.1,2.74,100.0,20.83,rain,0,0,47.4,26.3,223.0,1005.8,54.2,14.6,31.8,2.7,2,60,2022-05-16T05:44:13,2022-05-16T20:08:56,0.5,"Rain, Partially cloudy",Partly cloudy throughout the day with rain.,rain,"KVAY,F5255,F6990,72408013739,72408594732,72407493780,KPHL,KPNE",459
7,"Lindenwold, NJ, United States",2022-05-17,26.6,13.2,20.7,26.6,13.2,20.7,7.6,47.6,0.0,0.0,0.0,,0,0,51.5,30.6,263.2,1009.0,17.8,16.0,177.7,15.1,10,10,2022-05-17T05:43:20,2022-05-17T20:09:51,0.52,Clear,Clear conditions throughout the day.,clear-day,"KVAY,F5255,72408013739,72408594732,72407493780,KPHL,KPNE",459
8,"Lindenwold, NJ, United States",2022-05-18,22.5,12.5,18.1,22.5,12.5,18.1,5.9,45.6,0.0,0.0,0.0,,0,0,37.1,19.0,281.9,1014.6,25.5,16.0,22.7,1.9,1,10,2022-05-18T05:42:30,2022-05-18T20:10:45,0.54,Partially cloudy,Partly cloudy throughout the day.,partly-cloudy-day,"KVAY,F5255,72408013739,72408594732,72407493780,KPHL,KPNE",459
9,"Lindenwold, NJ, United States",2022-05-19,24.7,13.6,18.0,24.7,13.6,18.0,14.2,79.7,11.21,100.0,33.33,rain,0,0,35.3,14.9,165.8,1008.1,76.0,14.2,29.3,2.5,2,30,2022-05-19T05:41:41,2022-05-19T20:11:39,0.58,"Rain, Partially cloudy",Partly cloudy throughout the day with rain clearing later.,rain,"KVAY,F5255,72408013739,72408594732,72407493780,KPHL,KPNE",459
10,"Lindenwold, NJ, United States",2022-05-20,30.0,14.8,21.7,30.1,14.8,21.9,17.6,79.9,5.35,100.0,12.5,rain,0,0,37.1,17.2,107.0,1011.9,39.4,13.6,23.8,2.0,1,60,2022-05-20T05:40:54,2022-05-20T20:12:33,0.63,"Rain, Partially cloudy",Partly cloudy throughout the day with afternoon rain.,rain,"KVAY,F5255,72408013739,72408594732,72407493780,KPHL,KPNE",459
11,"Lindenwold, NJ, United States",2022-05-21,34.4,19.0,26.4,36.4,19.0,27.4,19.2,69.1,0.0,0.0,0.0,,0,0,32.4,16.3,142.5,1015.6,30.9,11.4,34.8,2.9,2,100,2022-05-21T05:40:08,2022-05-21T20:13:26,0.68,Partially cloudy,Partly cloudy throughout the day.,partly-cloudy-day,"KVAY,F5255,72408013739,72408594732,72407493780,KPHL,KPNE",459
12,"Lindenwold, NJ, United States",2022-05-22,32.7,23.8,27.3,34.2,23.8,28.2,19.8,64.6,0.27,100.0,8.33,rain,0,0,47.9,18.7,235.4,1016.3,26.4,15.9,33.9,2.9,2,100,2022-05-22T05:39:24,2022-05-22T20:14:18,0.74,"Rain, Partially cloudy",Partly cloudy throughout the day with late afternoon rain.,rain,"KVAY,F5255,72408013739,72408594732,72407493780,KPHL,KPNE",459
13,"Lindenwold, NJ, United States",2022-05-23,25.0,16.2,21.0,25.0,16.2,21.0,10.7,53.3,0.25,100.0,8.33,rain,0,0,43.2,24.6,235.3,1021.3,46.7,15.9,28.2,2.4,1,10,2022-05-23T05:38:42,2022-05-23T20:15:09,0.79,"Rain, Partially cloudy",Partly cloudy throughout the day with early morning rain.,rain,"KVAY,F5255,72408013739,72408594732,72407493780,KPHL,KPNE",459
14,"Lindenwold, NJ, United States",2022-05-24,21.1,15.2,18.1,21.1,15.2,18.1,9.8,59.3,0.27,100.0,12.5,rain,0,0,31.3,18.8,86.4,1024.6,97.7,16.0,30.8,2.5,1,10,2022-05-24T05:38:02,2022-05-24T20:16:00,0.85,"Rain, Overcast",Cloudy skies throughout the day with rain clearing later.,rain,"KVAY,F5255,72408013739,72408594732,72407493780,KPHL,KPNE",459
15,"Lindenwold, NJ, United States",2022-05-25,23.5,12.1,17.3,23.5,12.1,17.3,8.7,59.5,0.0,0.0,0.0,,0,0,33.5,16.1,79.7,1027.5,46.1,16.0,41.8,3.6,2,10,2022-05-25T05:37:23,2022-05-25T20:16:49,0.89,Partially cloudy,Partly cloudy throughout the day.,partly-cloudy-day,"KVAY,F5255,F6990,72408013739,72408594732,72407493780,KPHL,KPNE",459
16,"Lindenwold, NJ, United States",2022-05-26,23.4,11.0,17.8,23.4,11.0,17.8,12.5,72.1,0.0,0.0,0.0,rain,0,0,28.4,14.0,108.1,1024.0,77.1,15.6,28.8,2.6,2,10,2022-05-26T05:36:47,2022-05-26T20:17:38,0.93,Partially cloudy,Partly cloudy throughout the day.,partly-cloudy-day,"KVAY,F5255,72408013739,72408594732,72407493780,KPHL,KPNE",459
17,"Lindenwold, NJ, United States",2022-05-27,26.9,19.0,21.1,28.5,19.0,21.1,19.0,88.2,8.28,100.0,12.5,rain,0,0,42.5,15.5,175.6,1013.2,91.1,11.4,24.4,2.1,1,30,2022-05-27T05:36:12,2022-05-27T20:18:26,0.96,"Rain, Overcast",Cloudy skies throughout the day with rain.,rain,"KVAY,F5255,72408013739,72408594732,72407493780,KPHL,KPNE",459
18,"Lindenwold, NJ, United States",2022-05-28,25.2,19.1,22.0,25.2,19.1,22.0,16.9,74.9,15.17,100.0,25.0,rain,0,0,48.6,21.4,267.6,1008.1,70.4,15.2,23.8,2.0,1,30,2022-05-28T05:35:39,2022-05-28T20:19:13,0.99,"Rain, Partially cloudy",Partly cloudy throughout the day with rain.,rain,"KVAY,F5255,72408013739,72408594732,72407493780,KPHL,KPNE",459
19,"Lindenwold, NJ, United States",2022-05-29,27.5,16.0,22.5,27.2,16.0,22.4,14.0,61.6,0.0,0.0,0.0,,0,0,21.2,10.3,213.4,1017.0,39.8,16.0,48.9,4.1,3,10,2022-05-29T05:35:08,2022-05-29T20:19:59,1.0,Partially cloudy,Partly cloudy throughout the day.,partly-cloudy-day,"KVAY,F5255,72408013739,72408594732,72407493780,KPHL,KPNE",459
20,"Lindenwold, NJ, United States",2022-05-30,31.6,16.3,24.7,32.6,16.3,25.2,17.4,66.3,0.0,0.0,0.0,,0,0,26.3,14.3,195.1,1018.9,14.5,15.5,76.2,6.6,9,60,2022-05-30T05:34:38,2022-05-30T20:20:44,0.0,Clear,Clear conditions throughout the day.,clear-day,"KVAY,F5255,F6990,72408013739,72408594732,72407493780,KPHL,KPNE",459
21,"Lindenwold, NJ, United States",2022-05-31,34.9,22.3,28.8,34.8,22.3,29.1,18.1,56.2,0.0,0.0,0.0,,0,0,35.3,17.8,273.8,1015.4,16.9,16.0,25.3,2.2,1,60,2022-05-31T05:34:11,2022-05-31T20:21:28,0.0,Clear,Clear conditions throughout the day.,clear-day,"KVAY,F5255,72408013739,72408594732,72407493780,KPHL,KPNE",459
22,"Lindenwold, NJ, United States",2022-06-01,28.6,18.2,23.5,30.0,18.2,23.8,17.7,70.9,0.0,0.0,0.0,rain,0,0,30.6,17.6,123.4,1012.7,44.5,15.8,55.8,4.9,4,60,2022-06-01T05:33:45,2022-06-01T20:22:11,0.02,Partially cloudy,Clearing in the afternoon.,partly-cloudy-day,"KVAY,F5255,F6990,72408013739,72408594732,72407493780,KPHL,KPNE",459
23,"Lindenwold, NJ, United States",2022-06-02,29.0,17.3,22.3,30.8,17.3,22.6,18.6,80.2,21.21,100.0,29.17,rain,0,0,65.7,30.7,205.3,1007.7,79.1,14.3,49.4,4.3,2,60,2022-06-02T05:33:22,2022-06-02T20:22:53,0.04,"Rain, Partially cloudy",Partly cloudy throughout the day with rain.,rain,"KVAY,F5255,72408013739,72408594732,72407493780,KPHL,KPNE",459
24,"Lindenwold, NJ, United States",2022-06-03,27.0,18.6,22.7,27.0,18.6,22.7,15.9,68.8,0.78,100.0,8.33,rain,0,0,27.7,17.4,256.0,1007.9,61.4,12.4,57.0,5.0,5,30,2022-06-03T05:33:00,2022-06-03T20:23:33,0.07,"Rain, Partially cloudy",Partly cloudy throughout the day with morning rain.,rain,"KVAY,F5255,72408013739,72408594732,72407493780,KPHL,KPNE",459
25,"Lindenwold, NJ, United States",2022-06-04,29.2,15.0,22.5,27.8,15.0,22.1,9.5,48.5,0.0,0.0,0.0,,0,0,40.7,16.4,255.6,1011.6,14.0,16.0,54.2,4.7,5,10,2022-06-04T05:32:40,2022-06-04T20:24:13,0.11,Clear,Clear conditions throughout the day.,clear-day,"KVAY,F5255,72408013739,72408594732,72407493780,KPHL,KPNE",459
26,"Lindenwold, NJ, United States",2022-06-05,26.1,14.0,20.5,26.1,14.0,20.5,5.9,40.6,0.0,0.0,0.0,,0,0,33.5,14.4,119.8,1015.2,9.5,16.0,49.7,4.3,3,10,2022-06-05T05:32:22,2022-06-05T20:24:51,0.14,Clear,Clear conditions throughout the day.,clear-day,"KVAY,F5255,72408013739,72408594732,72407493780,KPHL,KPNE",459
27,"Lindenwold, NJ, United States",2022-06-06,27.4,12.3,20.8,26.7,12.3,20.6,8.1,47.3,0.0,0.0,0.0,,0,0,35.3,14.0,194.7,1017.3,5.3,16.0,38.7,3.2,2,10,2022-06-06T05:32:06,2022-06-06T20:25:27,0.19,Clear,Clear conditions throughout the day.,clear-day,"KVAY,F5255,72408013739,72408594732,72407493780,KPHL,KPNE",459
28,"Lindenwold, NJ, United States",2022-06-07,26.1,14.8,21.5,26.1,14.8,21.5,14.6,65.9,1.47,100.0,12.5,rain,0,0,42.1,20.4,163.4,1016.2,50.7,15.8,23.0,1.9,1,10,2022-06-07T05:31:52,2022-06-07T20:26:03,0.24,"Rain, Partially cloudy",Partly cloudy throughout the day with late afternoon rain.,rain,"KVAY,F5255,72408013739,72408594732,72407493780,KPHL,KPNE",459
29,"Lindenwold, NJ, United States",2022-06-08,30.0,20.6,25.4,30.1,20.6,25.5,18.3,67.2,0.71,100.0,12.5,rain,0,0,46.4,16.8,236.9,1011.4,58.7,15.8,53.1,4.5,3,30,2022-06-08T05:31:40,2022-06-08T20:26:37,0.29,"Rain, Partially cloudy",Partly cloudy throughout the day with rain.,rain,"KVAY,F5255,F6990,72408013739,72408594732,72407493780,KPHL,KPNE",459
30,"Lindenwold, NJ, United States",2022-06-09,28.4,21.4,24.6,28.4,21.4,24.6,16.4,63.8,38.9,100.0,33.33,rain,0,0,66.6,34.9,243.1,1005.5,62.3,14.2,46.6,3.9,2,30,2022-06-09T05:31:30,2022-06-09T20:27:09,0.35,"Rain, Partially cloudy",Partly cloudy throughout the day with rain clearing later.,rain,"KVAY,F5255,F6990,72408013739,72408594732,72407493780,KPHL,KPNE",459
31,"Lindenwold, NJ, United States",2022-06-10,27.1,16.5,22.3,26.6,16.5,22.3,10.4,48.7,0.0,0.0,0.0,,0,0,33.5,19.2,295.4,1011.2,20.3,16.0,33.8,2.9,1,10,2022-06-10T05:31:22,2022-06-10T20:27:40,0.39,Partially cloudy,Partly cloudy throughout the day.,partly-cloudy-day,"KVAY,F5255,72408013739,72408594732,72407493780,KPHL,KPNE",459
32,"Lindenwold, NJ, United States",2022-06-11,23.3,17.7,20.9,23.3,17.7,20.9,14.1,66.1,0.93,100.0,16.67,rain,0,0,20.5,11.4,242.7,1013.4,54.2,16.0,51.3,4.4,2,10,2022-06-11T05:31:16,2022-06-11T20:28:10,0.44,"Rain, Partially cloudy",Partly cloudy throughout the day with afternoon rain.,rain,"KVAY,F5255,72408013739,72408594732,72407493780,KPHL,KPNE",459
33,"Lindenwold, NJ, United States",2022-06-12,25.6,17.2,20.8,25.6,17.2,20.8,17.7,82.7,29.77,100.0,29.17,rain,0,0,29.5,14.3,100.9,1014.1,87.0,13.8,29.8,2.6,1,30,2022-06-12T05:31:11,2022-06-12T20:28:38,0.47,"Rain, Partially cloudy",Partly cloudy throughout the day with rain.,rain,"KVAY,F5255,72408013739,72408594732,72407493780,KPHL,KPNE",459
34,"Lindenwold, NJ, United States",2022-06-13,32.0,20.8,26.1,33.5,20.8,26.8,19.8,70.7,0.15,100.0,8.33,rain,0,0,33.5,19.4,226.8,1012.7,45.0,15.2,39.3,3.3,3,60,2022-06-13T05:31:09,2022-06-13T20:29:05,0.49,"Rain, Partially cloudy",Partly cloudy throughout the day with rain clearing later.,rain,"KVAY,F5255,72408013739,72408594732,72407493780,KPHL,KPNE",459
35,"Lindenwold, NJ, United States",2022-06-14,28.8,18.4,24.1,28.6,18.4,24.0,14.9,57.6,3.14,100.0,8.33,rain,0,0,64.8,13.6,105.3,1012.8,28.9,15.6,45.3,3.9,2,60,2022-06-14T05:31:08,2022-06-14T20:29:30,0.5,"Rain, Partially cloudy",Clearing in the afternoon with morning rain.,rain,"KVAY,F5255,72408013739,72408594732,72407493780,KPHL,KPNE",459
36,"Lindenwold, NJ, United States",2022-06-15,30.1,17.0,23.6,29.7,17.0,23.6,15.5,62.8,0.0,0.0,0.0,rain,0,0,31.7,16.5,158.1,1018.1,14.6,16.0,47.7,4.0,2,10,2022-06-15T05:31:09,2022-06-15T20:29:53,0.51,Clear,Clear conditions throughout the day.,clear-day,"KVAY,F5255,72408013739,72408594732,72407493780,KPHL,KPNE",459
37,"Lindenwold, NJ, United States",2022-06-16,25.6,18.7,21.7,25.6,18.7,21.7,17.3,76.6,10.5,100.0,16.67,rain,0,0,42.8,15.7,144.3,1019.4,91.0,14.9,38.8,3.2,1,10,2022-06-16T05:31:12,2022-06-16T20:30:14,0.53,"Rain, Overcast",Cloudy skies throughout the day with morning rain.,rain,"KVAY,F5255,F6990,72408013739,72408594732,72407493780,KPHL,KPNE",459
38,"Lindenwold, NJ, United States",2022-06-17,34.4,21.8,27.9,35.1,21.8,28.1,17.3,57.5,0.0,0.0,0.0,rain,0,0,48.2,24.9,234.5,1007.4,49.1,16.0,47.4,4.1,2,100,2022-06-17T05:31:17,2022-06-17T20:30:34,0.57,Partially cloudy,Partly cloudy throughout the day.,partly-cloudy-day,"KVAY,F5255,72408013739,72408594732,72407493780,KPHL,KPNE",459
39,"Lindenwold, NJ, United States",2022-06-18,26.4,17.0,21.6,26.4,17.0,21.6,9.2,45.3,0.0,0.0,0.0,rain,0,0,49.3,29.8,319.4,1007.8,43.0,16.0,57.0,4.7,4,10,2022-06-18T05:31:24,2022-06-18T20:30:52,0.62,Partially cloudy,Partly cloudy throughout the day.,partly-cloudy-day,"KVAY,F5255,72408013739,72408594732,72407493780,KPHL,KPNE",459
40,"Lindenwold, NJ, United States",2022-06-19,24.2,14.4,19.1,24.2,14.4,19.1,3.8,37.1,0.0,0.0,0.0,,0,0,46.8,28.8,306.5,1015.5,8.2,16.0,46.4,3.8,2,10,2022-06-19T05:31:33,2022-06-19T20:31:09,0.67,Clear,Clear conditions throughout the day.,clear-day,"KVAY,F5255,72408013739,72408594732,72407493780,KPHL,KPNE",459
41,"Lindenwold, NJ, United States",2022-06-20,27.2,12.2,20.4,26.6,12.2,20.3,5.7,40.6,0.0,0.0,0.0,,0,0,31.7,16.6,311.9,1020.4,17.0,16.0,47.5,4.0,3,10,2022-06-20T05:31:43,2022-06-20T20:31:23,0.72,Clear,Clear conditions throughout the day.,clear-day,"KVAY,F5255,72408013739,72408594732,72407493780,KPHL,KPNE",459
42,"Lindenwold, NJ, United States",2022-06-21,27.4,15.2,22.0,27.1,15.2,22.0,12.3,55.2,0.09,100.0,4.17,rain,0,0,25.9,11.9,214.0,1019.7,37.4,16.0,39.4,3.2,1,10,2022-06-21T05:31:55,2022-06-21T20:31:36,0.77,"Rain, Partially cloudy",Partly cloudy throughout the day with afternoon rain.,rain,"KVAY,F5255,72408013739,72408594732,72407493780,KPHL,KPNE",459
43,"Lindenwold, NJ, United States",2022-06-22,24.1,18.6,20.7,24.1,18.6,20.7,16.5,77.1,0.0,0.0,0.0,rain,0,0,31.7,18.7,138.6,1015.5,79.7,14.5,35.8,3.1,1,10,2022-06-22T05:32:09,2022-06-22T20:31:47,0.82,Partially cloudy,Partly cloudy throughout the day.,partly-cloudy-day,"KVAY,F5255,72408013739,72408594732,72407493780,KPHL,KPNE",459
44,"Lindenwold, NJ, United States",2022-06-23,23.2,18.0,20.1,23.2,18.0,20.1,16.7,81.4,4.96,100.0,33.33,rain,0,0,31.7,14.0,72.9,1014.4,91.1,14.9,48.0,4.1,2,10,2022-06-23T05:32:25,2022-06-23T20:31:56,0.87,"Rain, Overcast",Cloudy skies throughout the day with a chance of rain throughout the day.,rain,"KVAY,F5255,F6990,72408013739,72408594732,72407493780,KPHL,KPNE",459
45,"Lindenwold, NJ, United States",2022-06-24,28.7,16.7,22.6,29.3,16.7,22.8,16.8,72.1,0.0,0.0,0.0,rain,0,0,19.1,11.9,188.1,1016.8,56.6,14.4,43.8,3.9,2,10,2022-06-24T05:32:42,2022-06-24T20:32:04,0.91,Partially cloudy,Partly cloudy throughout the day.,partly-cloudy-day,"KVAY,F5255,72408013739,72408594732,72407493780,KPHL,KPNE",459
46,"Lindenwold, NJ, United States",2022-06-25,32.4,19.7,26.4,32.8,19.7,26.7,17.9,62.4,0.0,0.0,0.0,,0,0,37.1,11.5,255.7,1019.2,19.6,15.9,38.5,3.3,2,60,2022-06-25T05:33:01,2022-06-25T20:32:09,0.95,Clear,Clear conditions throughout the day.,clear-day,"KVAY,F5255,72408013739,72408594732,72407493780,KPHL,KPNE",459
47,"Lindenwold, NJ, United States",2022-06-26,32.3,21.9,27.1,32.0,21.9,27.1,17.2,57.3,0.0,0.0,0.0,,0,0,41.0,17.2,217.3,1018.6,15.8,16.0,61.6,5.4,8,10,2022-06-26T05:33:22,2022-06-26T20:32:13,0.97,Clear,Clear conditions throughout the day.,clear-day,"KVAY,F5255,F6990,72408013739,72408594732,72407493780,KPHL,KPNE",459
48,"Lindenwold, NJ, United States",2022-06-27,27.3,21.4,24.5,29.3,21.4,24.8,20.4,77.9,9.85,100.0,25.0,rain,0,0,47.9,17.7,218.5,1014.9,81.5,14.6,48.8,4.1,2,60,2022-06-27T05:33:44,2022-06-27T20:32:14,0.99,"Rain, Partially cloudy",Partly cloudy throughout the day with rain.,rain,"KVAY,F5255,F6990,72408013739,72408594732,72407493780,KPHL,KPNE",459
49,"Lindenwold, NJ, United States",2022-06-28,26.8,18.8,22.7,26.6,18.8,22.7,12.9,56.3,1.56,100.0,4.17,rain,0,0,28.8,16.1,290.8,1020.5,34.3,15.0,36.3,3.2,2,10,2022-06-28T05:34:08,2022-06-28T20:32:14,1.0,"Rain, Partially cloudy",Partly cloudy throughout the day with morning rain.,rain,"KVAY,F5255,72408013739,72408594732,72407493780,KPHL,KPNE",459
50,"Lindenwold, NJ, United States",2022-06-29,30.5,16.5,24.1,29.9,16.5,23.9,14.3,58.0,0.0,0.0,0.0,,0,0,27.7,16.9,193.5,1022.9,20.8,16.0,39.0,3.4,2,10,2022-06-29T05:34:33,2022-06-29T20:32:11,0.0,Partially cloudy,Partly cloudy throughout the day.,partly-cloudy-day,"KVAY,F5255,72408013739,72408594732,72407493780,KPHL,KPNE",459
51,"Lindenwold, NJ, United States",2022-06-30,32.1,19.9,26.7,31.1,19.9,26.3,15.3,53.1,0.0,0.0,0.0,,0,0,26.3,13.4,233.5,1021.9,11.7,16.0,37.8,3.2,2,10,2022-06-30T05:35:00,2022-06-30T20:32:07,0.01,Clear,Clear conditions throughout the day.,clear-day,"KVAY,F5255,72408013739,72408594732,72407493780,KPHL,KPNE",459
52,"Lindenwold, NJ, United States",2022-07-01,33.9,21.7,27.7,36.4,21.7,29.3,20.4,66.3,0.0,0.0,0.0,rain,0,0,49.3,20.0,236.2,1017.4,27.0,14.9,36.4,3.1,2,100,2022-07-01T05:35:29,2022-07-01T20:32:01,0.03,Partially cloudy,Becoming cloudy in the afternoon.,partly-cloudy-day,"KVAY,F5255,72408013739,72408594732,72407493780,KPHL,KPNE",459
53,"Lindenwold, NJ, United States",2022-07-02,33.4,25.3,28.4,36.8,25.3,30.1,21.4,66.5,0.0,0.0,0.0,rain,0,0,43.9,16.4,236.9,1013.4,46.9,15.9,37.3,3.1,1,75,2022-07-02T05:35:59,2022-07-02T20:31:53,0.05,Partially cloudy,Partly cloudy throughout the day.,partly-cloudy-day,"KVAY,F5255,F6990,72408013739,72408594732,72407493780,KPHL,KPNE",459
54,"Lindenwold, NJ, United States",2022-07-03,32.0,23.0,26.8,31.3,23.0,26.6,17.2,60.2,1.06,100.0,20.83,rain,0,0,41.4,18.0,181.7,1015.9,41.1,16.0,42.1,3.5,2,30,2022-07-03T05:36:30,2022-07-03T20:31:43,0.08,"Rain, Partially cloudy",Partly cloudy throughout the day with rain clearing later.,rain,"KVAY,F5255,72408013739,72408594732,72407493780,KPHL,KPNE",459
55,"Lindenwold, NJ, United States",2022-07-04,30.9,17.4,25.0,29.4,17.4,24.5,11.3,45.2,0.0,0.0,0.0,,0,0,31.7,17.2,169.1,1020.6,18.0,16.0,38.5,3.3,2,10,2022-07-04T05:37:02,2022-07-04T20:31:31,0.12,Clear,Clear conditions throughout the day.,clear-day,"KVAY,F5255,72408013739,72408594732,72407493780,KPHL,KPNE",459
56,"Lindenwold, NJ, United States",2022-07-05,31.8,20.6,25.5,32.3,20.6,25.9,18.1,65.2,1.75,100.0,12.5,rain,0,0,38.1,19.6,234.2,1016.3,50.1,15.8,24.9,2.3,1,10,2022-07-05T05:37:36,2022-07-05T20:31:17,0.17,"Rain, Partially cloudy",Becoming cloudy in the afternoon with rain.,rain,"KVAY,F5255,F6990,72408013739,72408594732,72407493780,KPHL,KPNE",459
57,"Lindenwold, NJ, United States",2022-07-06,31.8,23.6,27.7,34.0,23.6,28.8,20.4,66.5,0.09,100.0,4.17,rain,0,0,32.0,17.5,237.5,1011.0,59.1,15.3,37.5,3.1,2,30,2022-07-06T05:38:11,2022-07-06T20:31:00,0.22,"Rain, Partially cloudy",Partly cloudy throughout the day with afternoon rain.,rain,"KVAY,F5255,72408013739,72408594732,72407493780,KPHL,KPNE",459
58,"Lindenwold, NJ, United States",2022-07-07,27.4,21.4,24.5,29.2,21.4,24.8,19.9,76.5,17.03,100.0,33.33,rain,0,0,22.3,15.1,85.0,1014.7,93.1,14.1,40.5,3.5,2,10,2022-07-07T05:38:48,2022-07-07T20:30:42,0.27,"Rain, Overcast",Cloudy skies throughout the day with rain clearing later.,rain,"KVAY,F5255,72408013739,72408594732,72407493780,KPHL,KPNE",459
59,"Lindenwold, NJ, United States",2022-07-08,31.2,18.7,25.3,33.8,18.7,26.2,19.4,71.9,0.26,100.0,4.17,rain,0,0,23.8,16.4,159.4,1015.8,32.6,15.0,34.4,2.9,2,30,2022-07-08T05:39:26,2022-07-08T20:30:23,0.33,"Rain, Partially cloudy",Partly cloudy throughout the day with late afternoon rain.,rain,"KVAY,F5255,72408013739,72408594732,72407493780,KPHL,KPNE",459
60,"Lindenwold, NJ, United States",2022-07-09,25.0,21.3,23.5,25.0,21.3,23.5,19.1,77.0,1.54,100.0,29.17,rain,0,0,26.6,12.2,112.6,1016.5,68.6,15.7,49.4,4.2,4,10,2022-07-09T05:40:04,2022-07-09T20:30:01,0.38,"Rain, Partially cloudy",Partly cloudy throughout the day with a chance of rain throughout the day.,rain,"KVAY,F5255,72408013739,72408594732,72407493780,KPHL,KPNE",459
61,"Lindenwold, NJ, United States",2022-07-10,27.7,18.2,23.3,28.4,18.2,23.5,16.8,68.1,0.0,0.0,0.0,,0,0,24.8,13.9,104.6,1017.4,28.5,15.7,48.3,4.1,3,10,2022-07-10T05:40:44,2022-07-10T20:29:37,0.42,Partially cloudy,Partly cloudy throughout the day.,partly-cloudy-day,"KVAY,F5255,72408013739,72408594732,72407493780,KPHL,KPNE",459
62,"Lindenwold, NJ, United States",2022-07-11,29.7,16.4,23.6,28.8,16.4,23.4,14.0,59.0,0.0,0.0,0.0,rain,0,0,33.5,12.2,166.1,1014.4,5.6,16.0,51.5,4.4,3,10,2022-07-11T05:41:25,2022-07-11T20:29:11,0.46,Clear,Clear conditions throughout the day.,clear-day,"KVAY,F5255,72408013739,72408594732,72407493780,KPHL,KPNE",459
63,"Lindenwold, NJ, United States",2022-07-12,33.8,20.8,26.7,36.9,20.8,27.8,19.5,66.8,0.0,0.0,0.0,,0,0,41.9,23.3,235.2,1009.0,29.4,15.8,70.0,6.1,8,60,2022-07-12T05:42:07,2022-07-12T20:28:43,0.49,Partially cloudy,Partly cloudy throughout the day.,partly-cloudy-day,"KVAY,F5255,F6990,72408013739,72408594732,72407493780,KPHL,KPNE",459
64,"Lindenwold, NJ, United States",2022-07-13,33.2,22.9,28.3,33.3,22.9,28.6,18.1,56.4,0.0,0.0,0.0,,0,0,43.2,18.8,241.0,1011.5,30.2,16.0,25.4,2.1,1,30,2022-07-13T05:42:50,2022-07-13T20:28:14,0.5,Partially cloudy,Partly cloudy throughout the day.,partly-cloudy-day,"KVAY,F5255,F6990,72408013739,72408594732,72407493780,KPHL,KPNE",459
65,"Lindenwold, NJ, United States",2022-07-14,32.5,23.8,28.1,32.6,23.8,28.3,17.6,55.0,0.0,0.0,0.0,rain,0,0,27.7,14.7,291.2,1014.3,41.4,16.0,58.9,5.2,4,60,2022-07-14T05:43:34,2022-07-14T20:27:42,0.51,Partially cloudy,Partly cloudy throughout the day.,partly-cloudy-day,"KVAY,F5255,72408013739,72408594732,72407493780,KPHL,KPNE",459
66,"Lindenwold, NJ, United States",2022-07-15,31.2,20.6,25.7,31.4,20.6,25.7,17.0,60.6,2.28,100.0,8.33,rain,0,0,30.6,11.4,62.7,1019.5,41.3,16.0,55.4,4.6,4,30,2022-07-15T05:44:19,2022-07-15T20:27:09,0.53,"Rain, Partially cloudy",Partly cloudy throughout the day with late afternoon rain.,rain,"KVAY,F5255,72408013739,72408594732,72407493780,KPHL,KPNE",459
67,"Lindenwold, NJ, United States",2022-07-16,31.7,22.1,26.0,32.3,22.1,26.4,20.0,71.8,0.19,100.0,8.33,rain,0,0,34.2,10.3,108.3,1018.6,69.3,13.5,35.4,2.9,2,100,2022-07-16T05:45:05,2022-07-16T20:26:33,0.55,"Rain, Partially cloudy",Clearing in the afternoon with late afternoon rain.,rain,"KVAY,F5255,72408013739,72408594732,72407493780,KPHL,KPNE",459
68,"Lindenwold, NJ, United States",2022-07-17,30.3,22.0,26.3,33.1,22.0,27.6,20.7,72.3,1.89,100.0,8.33,rain,0,0,20.2,16.2,121.6,1016.6,83.8,15.6,30.5,2.6,1,60,2022-07-17T05:45:52,2022-07-17T20:25:56,0.6,"Rain, Partially cloudy",Partly cloudy throughout the day with early morning rain.,rain,"KVAY,F5255,72408013739,72408594732,72407493780,KPHL,E8839,KPNE",459
69,"Lindenwold, NJ, United States",2022-07-18,34.0,24.7,28.6,38.4,24.7,30.8,22.6,71.5,2.41,100.0,20.83,rain,0,0,48.6,23.2,184.4,1012.2,67.5,15.9,23.4,1.7,1,75,2022-07-18T05:46:39,2022-07-18T20:25:17,0.65,"Rain, Partially cloudy",Partly cloudy throughout the day with late afternoon rain.,rain,"F5255,KVAY,F6990,72408013739,72408594732,72407493780,KPHL,KPNE",459
70,"Lindenwold, NJ, United States",2022-07-19,33.9,24.2,28.9,34.4,24.2,29.5,19.5,59.9,0.08,100.0,4.17,rain,0,0,48.0,19.2,263.9,1009.5,22.8,16.0,55.6,4.7,4,10,2022-07-19T05:47:28,2022-07-19T20:24:36,0.7,"Rain, Partially cloudy",Partly cloudy throughout the day with early morning rain.,rain,"KVAY,F5255,72408013739,72408594732,72407493780,KPHL,KPNE",459
71,"Lindenwold, NJ, United States",2022-07-20,35.6,24.5,30.3,37.9,24.5,31.9,20.1,56.7,0.0,0.0,0.0,,0,0,31.7,16.4,229.7,1008.5,8.8,16.0,45.7,4.1,2,60,2022-07-20T05:48:16,2022-07-20T20:23:54,0.75,Clear,Clear conditions throughout the day.,clear-day,"KVAY,F5255,72408013739,72408594732,72407493780,KPHL,KPNE",459
72,"Lindenwold, NJ, United States",2022-07-21,35.7,25.9,30.4,40.6,25.9,33.4,22.2,63.1,1.97,100.0,8.33,rain,0,0,51.9,20.3,219.9,1005.5,21.6,16.0,49.2,4.2,3,75,2022-07-21T05:49:06,2022-07-21T20:23:09,0.8,"Rain, Partially cloudy",Becoming cloudy in the afternoon with afternoon rain.,rain,"KVAY,F5255,72408013739,72408594732,72407493780,KPHL,KPNE",459
73,"Lindenwold, NJ, United States",2022-07-22,35.8,25.5,30.8,36.2,25.5,31.5,18.6,52.0,0.0,0.0,0.0,,0,0,33.5,21.4,260.0,1011.5,13.1,16.0,25.9,2.4,2,60,2022-07-22T05:49:56,2022-07-22T20:22:23,0.85,Clear,Clear conditions throughout the day.,clear-day,"KVAY,F5255,72408013739,72408594732,72407493780,KPHL,KPNE",459
74,"Lindenwold, NJ, United States",2022-07-23,36.8,25.5,31.4,37.7,25.5,32.6,19.2,51.3,0.0,0.0,0.0,,0,0,28.5,16.6,240.1,1015.8,14.7,16.0,17.9,1.4,1,75,2022-07-23T05:50:47,2022-07-23T20:21:35,0.89,Clear,Clear conditions throughout the day.,clear-day,"KVAY,F5255,72408013739,72408594732,72407493780,KPHL,KPNE",459
75,"Lindenwold, NJ, United States",2022-07-24,37.3,25.0,31.2,38.4,25.0,32.6,19.6,53.8,0.0,0.0,0.0,,0,0,49.7,22.5,244.8,1016.0,20.1,16.0,24.6,2.2,1,100,2022-07-24T05:51:39,2022-07-24T20:20:45,0.93,Partially cloudy,Partly cloudy throughout the day.,partly-cloudy-day,"KVAY,F5255,F6990,72408013739,72408594732,72407493780,KPHL,KPNE",459
76,"Lindenwold, NJ, United States",2022-07-25,32.5,26.7,29.6,36.9,29.0,33.5,23.0,68.3,7.38,100.0,12.5,rain,0,0,51.1,21.3,228.6,1012.5,36.2,16.0,37.3,3.2,3,100,2022-07-25T05:52:30,2022-07-25T20:19:54,0.96,"Rain, Partially cloudy",Partly cloudy throughout the day with rain.,rain,"KVAY,F5255,F6990,72408013739,72408594732,72407493780,KPHL,KPNE",459
77,"Lindenwold, NJ, United States",2022-07-26,27.7,23.5,25.5,29.2,23.5,25.7,17.4,61.7,0.0,0.0,0.0,,0,0,35.3,12.6,232.7,1015.6,38.2,16.0,43.8,3.8,3,30,2022-07-26T05:53:23,2022-07-26T20:19:01,0.98,Partially cloudy,Partly cloudy throughout the day.,partly-cloudy-day,"KVAY,F5255,72408013739,72408594732,72407493780,KPHL,KPNE",459
78,"Lindenwold, NJ, United States",2022-07-27,31.6,23.3,27.0,33.2,23.3,27.8,18.9,62.5,0.06,100.0,8.33,rain,0,0,35.3,15.5,174.5,1013.8,74.4,16.0,29.6,2.5,1,10,2022-07-27T05:54:16,2022-07-27T20:18:06,1.0,"Rain, Partially cloudy",Partly cloudy throughout the day with early morning rain.,rain,"KVAY,F7863,F5255,72408013739,72408594732,72407493780,KPHL,KPNE",459
79,"Lindenwold, NJ, United States",2022-07-28,33.5,24.4,28.7,36.9,24.4,30.6,22.0,68.9,11.91,100.0,16.67,rain,0,0,57.4,18.3,246.8,1010.8,51.4,15.4,28.3,2.4,1,30,2022-07-28T05:55:09,2022-07-28T20:17:10,1.0,"Rain, Partially cloudy",Partly cloudy throughout the day with rain.,rain,"KVAY,F5255,72408013739,72408594732,72407493780,KPHL,KPNE",459
80,"Lindenwold, NJ, United States",2022-07-29,31.0,23.6,26.4,33.3,23.6,27.3,21.3,74.3,2.39,100.0,8.33,rain,0,0,24.1,12.4,277.8,1012.9,49.0,15.6,22.4,1.9,1,30,2022-07-29T05:56:03,2022-07-29T20:16:12,0.0,"Rain, Partially cloudy",Becoming cloudy in the afternoon with late afternoon rain.,rain,"KVAY,F5255,F6990,72408013739,72408594732,72407493780,KPHL,E8839,KPNE",459
81,"Lindenwold, NJ, United States",2022-07-30,32.1,23.4,27.5,31.2,23.4,27.2,16.3,53.6,0.0,0.0,0.0,rain,0,0,33.5,19.1,307.2,1017.1,38.0,16.0,34.3,2.8,2,10,2022-07-30T05:56:57,2022-07-30T20:15:13,0.01,Partially cloudy,Partly cloudy throughout the day.,partly-cloudy-day,"KVAY,F5255,F6990,72408013739,72408594732,72407493780,KPHL,KPNE",459
82,"Lindenwold, NJ, United States",2022-07-31,32.3,20.2,26.2,31.9,20.2,26.4,17.3,60.3,0.62,100.0,8.33,rain,0,0,29.5,14.8,155.6,1020.5,42.1,16.0,26.7,2.3,1,10,2022-07-31T05:57:51,2022-07-31T20:14:12,0.04,"Rain, Partially cloudy",Partly cloudy throughout the day with late afternoon rain.,rain,"KVAY,F5255,F6990,72408013739,72408594732,72407493780,KPHL,KPNE",459
83,"Lindenwold, NJ, United States",2022-08-01,26.6,21.1,23.3,26.6,21.1,23.3,19.8,81.1,5.2,100.0,29.17,rain,0,0,20.9,12.4,180.8,1014.6,86.8,13.9,35.0,3.1,2,10,2022-08-01T05:58:46,2022-08-01T20:13:10,0.07,"Rain, Partially cloudy",Partly cloudy throughout the day with rain clearing later.,rain,"KVAY,F5255,72408013739,72408594732,72407493780,KPHL,E8839,KPNE",459
84,"Lindenwold, NJ, United States",2022-08-02,33.7,22.0,27.9,35.1,22.0,28.9,19.9,64.9,0.43,100.0,8.33,rain,0,0,34.5,19.8,233.6,1010.5,27.6,15.6,46.7,4.0,4,60,2022-08-02T05:59:41,2022-08-02T20:12:06,0.1,"Rain, Partially cloudy",Partly cloudy throughout the day with early morning rain.,rain,"KVAY,F5255,F6990,72408013739,72408594732,72407493780,KPHL,KPNE",459
85,"Lindenwold, NJ, United States",2022-08-03,33.4,22.7,28.3,33.9,22.7,28.6,17.3,53.0,0.0,0.0,0.0,,0,0,29.2,14.6,244.0,1015.2,7.6,16.0,25.4,2.3,2,10,2022-08-03T06:00:36,2022-08-03T20:11:00,0.14,Clear,Clear conditions throughout the day.,clear-day,"KVAY,F5255,F6990,72408013739,72408594732,72407493780,KPHL,KPNE",459
86,"Lindenwold, NJ, United States",2022-08-04,36.3,22.7,29.5,40.2,22.7,31.6,20.9,62.6,0.43,100.0,12.5,rain,0,0,46.1,16.9,213.0,1017.4,16.8,15.3,12.4,1.2,1,100,2022-08-04T06:01:32,2022-08-04T20:09:54,0.2,Rain,Clear conditions throughout the day with late afternoon rain.,rain,"KVAY,F5255,F6990,72408013739,72408594732,72407493780,KPHL,KPNE",459
87,"Lindenwold, NJ, United States",2022-08-05,33.6,23.2,27.7,37.3,23.2,29.5,21.5,70.8,1.64,100.0,20.83,rain,0,0,55.4,17.2,245.3,1020.5,41.9,15.9,29.4,2.5,1,60,2022-08-05T06:02:27,2022-08-05T20:08:45,0.25,"Rain, Partially cloudy",Partly cloudy throughout the day with rain.,rain,"KVAY,F5255,F6990,72408013739,72408594732,72407493780,KPHL,KPNE",459
88,"Lindenwold, NJ, United States",2022-08-06,32.9,23.6,28.4,36.5,23.6,30.5,21.8,69.0,0.03,100.0,4.17,rain,0,0,36.0,19.8,227.3,1022.7,37.0,16.0,25.3,2.2,1,75,2022-08-06T06:03:23,2022-08-06T20:07:36,0.31,"Rain, Partially cloudy",Partly cloudy throughout the day with early morning rain.,rain,"KVAY,F5255,F6990,72408013739,72408594732,72407493780,KPHL,KPNE",459
89,"Lindenwold, NJ, United States",2022-08-07,34.5,25.7,30.1,38.6,25.7,32.9,22.2,64.8,0.0,0.0,0.0,,0,0,42.1,23.6,223.4,1021.2,33.6,16.0,29.3,2.5,1,75,2022-08-07T06:04:19,2022-08-07T20:06:25,0.36,Partially cloudy,Partly cloudy throughout the day.,partly-cloudy-day,"KVAY,F5255,F6990,72408013739,72408594732,72407493780,KPHL,KPNE",459
90,"Lindenwold, NJ, United States",2022-08-08,35.3,26.3,30.6,39.9,26.3,34.0,22.8,64.8,0.0,0.0,0.0,,0,0,37.1,23.7,238.2,1016.4,27.6,16.0,22.0,1.9,1,75,2022-08-08T06:05:16,2022-08-08T20:05:13,0.41,Partially cloudy,Partly cloudy throughout the day.,partly-cloudy-day,"KVAY,F5255,F6990,72408013739,72408594732,72407493780,KPHL,KPNE",459
91,"Lindenwold, NJ, United States",2022-08-09,36.9,27.1,31.2,41.8,30.0,35.8,23.4,65.4,7.96,100.0,12.5,rain,0,0,50.0,22.6,256.6,1013.8,32.4,15.6,29.8,2.5,1,75,2022-08-09T06:06:12,2022-08-09T20:03:59,0.45,"Rain, Partially cloudy",Partly cloudy throughout the day with late afternoon rain.,rain,"KVAY,F5255,F6990,72408013739,72408594732,72407493780,KPHL,KPNE",459
92,"Lindenwold, NJ, United States",2022-08-10,33.4,25.3,28.9,35.5,25.3,30.3,21.4,65.9,0.09,100.0,4.17,rain,0,0,27.7,14.2,232.3,1016.1,52.9,15.5,28.8,2.5,1,75,2022-08-10T06:07:08,2022-08-10T20:02:45,0.48,"Rain, Partially cloudy",Becoming cloudy in the afternoon with early morning rain.,rain,"KVAY,F5255,72408013739,72408594732,72407493780,KPHL,KPNE",459
93,"Lindenwold, NJ, United States",2022-08-11,32.1,23.4,27.4,31.8,23.4,27.8,19.6,65.6,28.09,100.0,25.0,rain,0,0,28.8,12.5,272.9,1012.7,60.0,15.0,25.5,2.1,2,60,2022-08-11T06:08:05,2022-08-11T20:01:29,0.5,"Rain, Partially cloudy",Partly cloudy throughout the day with a chance of rain throughout the day.,rain,"KVAY,F5255,72408013739,72408594732,72407493780,KPHL,KPNE",459
94,"Lindenwold, NJ, United States",2022-08-12,30.6,21.6,26.1,29.1,21.6,25.8,12.3,43.5,0.0,0.0,0.0,rain,0,0,35.3,18.9,226.3,1015.2,37.1,16.0,21.8,1.8,2,30,2022-08-12T06:09:01,2022-08-12T20:00:12,0.5,Partially cloudy,Partly cloudy throughout the day.,partly-cloudy-day,"KVAY,F5255,72408013739,72408594732,72407493780,KPHL,KPNE",459
95,"Lindenwold, NJ, United States",2022-08-13,28.4,17.6,23.0,27.3,17.6,22.7,9.4,44.0,0.0,0.0,0.0,,0,0,34.6,18.7,185.4,1018.7,8.8,16.0,24.7,2.0,2,10,2022-08-13T06:09:58,2022-08-13T19:58:54,0.52,Clear,Clear conditions throughout the day.,clear-day,"KVAY,F5255,72408013739,72408594732,72407493780,KPHL,KPNE",459
96,"Lindenwold, NJ, United States",2022-08-14,29.7,18.3,23.4,28.5,18.3,23.2,13.4,56.4,0.0,0.0,0.0,,0,0,27.7,13.5,156.7,1017.4,30.4,16.0,20.0,1.8,1,10,2022-08-14T06:10:54,2022-08-14T19:57:35,0.54,Partially cloudy,Partly cloudy throughout the day.,partly-cloudy-day,"KVAY,F5255,72408013739,72408594732,72407493780,KPHL,E8839,KPNE",459
97,"Lindenwold, NJ, United States",2022-08-15,28.6,18.2,22.8,28.0,18.2,22.7,13.7,59.1,0.0,0.0,0.0,,0,0,35.3,16.6,102.4,1015.5,26.3,16.0,27.8,2.4,1,10,2022-08-15T06:11:51,2022-08-15T19:56:14,0.58,Partially cloudy,Partly cloudy throughout the day.,partly-cloudy-day,"KVAY,F5255,72408013739,72408594732,72407493780,KPHL,KPNE",459
98,"Lindenwold, NJ, United States",2022-08-16,29.0,16.4,22.6,28.1,16.4,22.5,13.3,58.5,0.0,0.0,0.0,,0,0,46.4,19.8,87.9,1015.7,19.6,16.0,22.4,2.0,1,10,2022-08-16T06:12:48,2022-08-16T19:54:53,0.62,Clear,Clear conditions throughout the day.,clear-day,"KVAY,F5255,72408013739,72408594732,72407493780,KPHL,KPNE",459
99,"Lindenwold, NJ, United States",2022-08-17,28.4,18.2,23.5,27.7,18.2,23.4,14.2,58.8,0.0,0.0,0.0,rain,0,0,17.6,13.3,144.9,1015.5,44.5,16.0,25.7,2.2,1,30,2022-08-17T06:13:44,2022-08-17T19:53:30,0.67,Partially cloudy,Partly cloudy throughout the day.,partly-cloudy-day,"KVAY,F5255,F6990,72408013739,72408594732,72407493780,KPHL,KPNE",459
100,"Lindenwold, NJ, United States",2022-08-18,30.5,17.6,24.5,29.5,17.6,24.2,13.9,55.4,0.0,0.0,0.0,,0,0,37.1,18.2,285.7,1013.7,11.0,16.0,24.7,1.9,1,10,2022-08-18T06:14:41,2022-08-18T19:52:07,0.72,Clear,Clear conditions throughout the day.,clear-day,"KVAY,F5255,72408013739,72408594732,72407493780,KPHL,KPNE",459
101,"Lindenwold, NJ, United States",2022-08-19,33.3,18.8,26.4,32.3,18.8,26.2,15.7,55.7,0.0,0.0,0.0,,0,0,31.3,15.4,239.2,1017.7,16.0,16.0,13.4,1.1,0,10,2022-08-19T06:15:38,2022-08-19T19:50:43,0.77,Clear,Clear conditions throughout the day.,clear-day,"KVAY,F5255,72408013739,72408594732,72407493780,KPHL,KPNE",459
102,"Lindenwold, NJ, United States",2022-08-20,33.9,22.2,27.5,33.6,22.2,27.6,17.5,57.4,0.0,0.0,0.0,,0,0,27.7,16.7,180.5,1020.5,21.8,16.0,21.9,1.7,1,60,2022-08-20T06:16:34,2022-08-20T19:49:17,0.82,Partially cloudy,Partly cloudy throughout the day.,partly-cloudy-day,"KVAY,F5255,72408013739,72408594732,72407493780,KPHL,KPNE",459
103,"Lindenwold, NJ, United States",2022-08-21,30.3,20.2,24.7,31.7,20.2,25.3,19.3,73.2,0.43,100.0,4.17,rain,0,0,27.7,14.0,101.2,1018.9,46.1,14.9,21.3,1.8,1,60,2022-08-21T06:17:31,2022-08-21T19:47:51,0.86,"Rain, Partially cloudy",Partly cloudy throughout the day with late afternoon rain.,rain,"KVAY,F5255,72408013739,72408594732,72407493780,KPHL,KPNE",459
104,"Lindenwold, NJ, United States",2022-08-22,30.7,22.4,25.5,33.3,22.4,26.4,21.6,80.0,11.2,100.0,45.83,rain,0,0,40.7,20.8,126.0,1012.4,79.2,15.0,19.7,1.7,1,75,2022-08-22T06:18:27,2022-08-22T19:46:24,0.9,"Rain, Partially cloudy",Partly cloudy throughout the day with a chance of rain throughout the day.,rain,"KVAY,F5255,F6990,72408013739,72408594732,72407493780,KPHL,KPNE",459
105,"Lindenwold, NJ, United States",2022-08-23,30.3,21.2,25.6,31.3,21.2,26.1,19.2,69.7,0.16,100.0,4.17,rain,0,0,31.7,18.4,228.1,1010.4,54.8,14.5,24.1,2.1,1,75,2022-08-23T06:19:24,2022-08-23T19:44:56,0.94,"Rain, Partially cloudy",Partly cloudy throughout the day with early morning rain.,rain,"KVAY,F5255,F6990,72408013739,72408594732,72407493780,KPHL,KPNE",459
106,"Lindenwold, NJ, United States",2022-08-24,32.3,20.6,26.5,31.5,20.6,26.4,16.7,58.6,0.0,0.0,0.0,,0,0,29.5,15.5,276.7,1014.7,12.0,16.0,19.5,1.7,2,30,2022-08-24T06:20:20,2022-08-24T19:43:28,0.97,Clear,Clear conditions throughout the day.,clear-day,"KVAY,F5255,72408013739,72408594732,72407493780,KPHL,KPNE",459
107,"Lindenwold, NJ, United States",2022-08-25,33.4,19.7,26.6,32.6,19.7,26.5,16.3,56.5,0.0,0.0,0.0,,0,0,20.5,12.0,219.0,1016.9,19.2,15.8,21.5,2.0,2,30,2022-08-25T06:21:17,2022-08-25T19:41:58,0.99,Clear,Clear conditions throughout the day.,clear-day,"KVAY,F5255,72408013739,72408594732,72407493780,KPHL,KPNE",459
108,"Lindenwold, NJ, United States",2022-08-26,33.4,22.8,28.1,34.8,22.8,29.0,19.6,62.5,0.0,0.0,0.0,rain,0,0,30.6,18.7,262.7,1013.9,32.6,15.7,19.0,1.5,1,100,2022-08-26T06:22:13,2022-08-26T19:40:28,1.0,Partially cloudy,Partly cloudy throughout the day.,partly-cloudy-day,"KVAY,F5255,72408013739,72408594732,72407493780,KPHL,KPNE",459
109,"Lindenwold, NJ, United States",2022-08-27,33.6,22.6,27.7,33.8,22.6,28.2,19.2,62.1,0.0,0.0,0.0,rain,0,0,33.5,14.5,149.0,1015.2,40.6,15.8,48.4,4.1,4,75,2022-08-27T06:23:10,2022-08-27T19:38:57,0.0,Partially cloudy,Partly cloudy throughout the day.,partly-cloudy-day,"KVAY,F5255,72408013739,72408594732,72407493780,KPHL,KPNE",459
110,"Lindenwold, NJ, United States",2022-08-28,31.4,23.2,26.4,34.9,23.2,27.6,21.8,76.8,0.0,0.0,0.0,rain,0,0,37.1,18.8,80.8,1019.5,82.6,14.0,137.8,11.7,7,75,2022-08-28T06:24:06,2022-08-28T19:37:26,0.01,Partially cloudy,Partly cloudy throughout the day.,partly-cloudy-day,"KVAY,F5255,72408013739,72408594732,72407493780,KPHL,KPNE",459
111,"Lindenwold, NJ, United States",2022-08-29,33.2,23.4,27.3,35.4,23.4,28.2,21.3,72.9,2.36,100.0,4.17,rain,0,0,33.5,13.9,140.4,1019.1,50.2,12.0,22.0,1.9,2,60,2022-08-29T06:25:02,2022-08-29T19:35:54,0.02,"Rain, Partially cloudy",Partly cloudy throughout the day with late afternoon rain.,rain,"KVAY,F5255,F6990,72408013739,72408594732,72407493780,KPHL,KPNE",459
112,"Lindenwold, NJ, United States",2022-08-30,34.2,24.6,28.0,36.0,24.6,29.3,21.8,71.6,9.67,100.0,8.33,rain,0,0,50.0,19.0,226.3,1012.1,63.9,15.9,23.0,1.9,1,60,2022-08-30T06:25:58,2022-08-30T19:34:21,0.05,"Rain, Partially cloudy",Partly cloudy throughout the day with late afternoon rain.,rain,"KVAY,F5255,72408013739,72408594732,72407493780,KPHL,KPNE",459
113,"Lindenwold, NJ, United States",2022-08-31,30.1,22.0,25.6,29.3,22.0,25.4,16.5,60.9,0.0,0.0,0.0,,0,0,33.8,22.6,284.0,1010.2,26.1,16.0,15.8,1.4,1,10,2022-08-31T06:26:54,2022-08-31T19:32:47,0.09,Partially cloudy,Becoming cloudy in the afternoon.,partly-cloudy-day,"KVAY,F5255,72408013739,72408594732,72407493780,KPHL,KPNE",459
114,"Lindenwold, NJ, United States",2022-09-01,31.3,19.5,25.0,30.3,19.5,24.7,13.0,49.7,0.0,0.0,0.0,,0,0,33.5,19.8,272.6,1014.4,4.8,16.0,16.9,1.6,2,10,2022-09-01T06:27:50,2022-09-01T19:31:13,0.13,Clear,Clear conditions throughout the day.,clear-day,"KVAY,F5255,72408013739,72408594732,72407493780,KPHL,KPNE",459
115,"Lindenwold, NJ, United States",2022-09-02,28.5,16.2,22.2,27.7,16.2,22.0,12.5,56.3,0.0,0.0,0.0,,0,0,26.6,11.6,59.7,1022.7,12.5,16.0,17.5,1.5,1,10,2022-09-02T06:28:46,2022-09-02T19:29:39,0.18,Clear,Clear conditions throughout the day.,clear-day,"KVAY,F5255,72408013739,72408594732,72407493780,KPHL,KPNE",459
116,"Lindenwold, NJ, United States",2022-09-03,30.1,17.8,23.5,30.6,17.8,23.7,17.3,70.4,0.0,0.0,0.0,rain,0,0,27.0,10.8,88.9,1023.9,39.3,16.0,30.7,2.6,2,10,2022-09-03T06:29:42,2022-09-03T19:28:04,0.24,Partially cloudy,Partly cloudy throughout the day.,partly-cloudy-day,"KVAY,F5255,72408013739,72408594732,72407493780,KPHL,KPNE",459
117,"Lindenwold, NJ, United States",2022-09-04,32.5,20.0,26.1,33.5,20.0,26.7,18.8,66.4,0.0,0.0,0.0,,0,0,35.6,13.0,246.6,1019.9,34.7,16.0,23.3,1.9,1,60,2022-09-04T06:30:38,2022-09-04T19:26:28,0.29,Partially cloudy,Partly cloudy throughout the day.,partly-cloudy-day,"KVAY,F5255,F6990,72408013739,72408594732,72407493780,KPHL,KPNE",459
118,"Lindenwold, NJ, United States",2022-09-05,32.2,22.0,26.5,32.3,22.0,26.8,18.8,65.0,0.0,0.0,0.0,rain,0,0,37.1,14.3,190.7,1018.1,49.7,16.0,15.0,1.2,1,10,2022-09-05T06:31:34,2022-09-05T19:24:52,0.35,Partially cloudy,Partly cloudy throughout the day.,partly-cloudy-day,"KVAY,F5255,F6990,72408013739,72408594732,72407493780,KPHL,KPNE",459
119,"Lindenwold, NJ, United States",2022-09-06,25.2,21.2,23.1,25.2,21.2,23.1,20.7,86.6,29.16,100.0,45.83,rain,0,0,40.0,22.7,102.0,1014.9,96.2,13.1,20.0,1.8,1,30,2022-09-06T06:32:30,2022-09-06T19:23:16,0.4,"Rain, Overcast",Cloudy skies throughout the day with a chance of rain throughout the day.,rain,"KVAY,F5255,F6990,72408013739,72408594732,72407493780,KPHL,KPNE",459
120,"Lindenwold, NJ, United States",2022-09-07,23.0,20.7,21.6,23.0,20.7,21.6,18.5,82.4,2.13,100.0,29.17,rain,0,0,36.7,18.2,31.5,1014.7,100.0,14.6,17.4,1.4,1,10,2022-09-07T06:33:26,2022-09-07T19:21:39,0.44,"Rain, Overcast",Cloudy skies throughout the day with rain.,rain,"KVAY,F5255,F6990,72408013739,72408594732,72407493780,KPHL,KPNE",459
121,"Lindenwold, NJ, United States",2022-09-08,27.0,18.1,22.3,27.1,18.1,22.4,15.6,67.7,0.0,0.0,0.0,rain,0,0,33.5,20.3,100.9,1013.1,50.2,16.0,19.8,1.7,1,10,2022-09-08T06:34:22,2022-09-08T19:20:02,0.47,Partially cloudy,Partly cloudy throughout the day.,partly-cloudy-day,"KVAY,F5255,F6990,72408013739,72408594732,72407493780,KPHL,KPNE",459
122,"Lindenwold, NJ, United States",2022-09-09,28.3,15.6,21.6,27.6,15.6,21.5,13.9,65.5,0.0,0.0,0.0,rain,0,0,23.0,12.5,124.3,1017.5,4.7,15.5,36.0,3.2,4,10,2022-09-09T06:35:18,2022-09-09T19:18:25,0.49,Clear,Clear conditions throughout the day.,clear-day,"KVAY,F5255,F6990,72408013739,72408594732,72407493780,KPHL,KPNE",459
123,"Lindenwold, NJ, United States",2022-09-10,28.6,14.3,21.8,28.4,14.3,21.8,15.1,68.4,0.0,0.0,0.0,rain,0,0,17.3,8.1,106.6,1023.2,15.3,15.9,25.5,2.3,3,10,2022-09-10T06:36:14,2022-09-10T19:16:47,0.5,Clear,Clear conditions throughout the day.,clear-day,"KVAY,F5255,72408013739,72408594732,72407493780,KPHL,KPNE",459
124,"Lindenwold, NJ, United States",2022-09-11,25.7,21.2,22.9,25.7,21.2,22.9,19.7,82.5,6.57,100.0,45.83,rain,0,0,41.0,11.9,59.0,1019.4,87.2,14.2,13.8,1.2,1,10,2022-09-11T06:37:10,2022-09-11T19:15:09,0.51,"Rain, Partially cloudy",Partly cloudy throughout the day with rain.,rain,"KVAY,F5255,72408013739,72408594732,72407493780,KPHL,KPNE",459
125,"Lindenwold, NJ, United States",2022-09-12,29.5,23.1,25.8,32.1,23.1,26.7,21.8,79.6,1.42,100.0,12.5,rain,0,0,32.0,8.8,178.1,1010.4,84.8,14.7,21.8,1.9,1,60,2022-09-12T06:38:06,2022-09-12T19:13:31,0.53,"Rain, Partially cloudy",Partly cloudy throughout the day with rain.,rain,"KVAY,F5255,72408013739,72408594732,72407493780,KPHL,KPNE",459
126,"Lindenwold, NJ, United States",2022-09-13,29.3,20.5,25.2,30.1,20.5,25.4,18.4,68.8,0.27,100.0,8.33,rain,0,0,35.3,23.3,253.0,1008.0,61.5,15.2,14.5,1.3,1,30,2022-09-13T06:39:02,2022-09-13T19:11:53,0.56,"Rain, Partially cloudy",Partly cloudy throughout the day with early morning rain.,rain,"KVAY,F5255,F6990,72408013739,72408594732,72407493780,KPHL,KPNE",459
127,"Lindenwold, NJ, United States",2022-09-14,27.4,16.7,22.1,27.3,16.7,22.1,13.2,58.3,0.0,0.0,0.0,,0,0,34.8,19.5,298.0,1014.9,8.7,16.0,18.2,1.4,1,10,2022-09-14T06:39:58,2022-09-14T19:10:14,0.6,Clear,Clear conditions throughout the day.,clear-day,"KVAY,F5255,72408013739,72408594732,72407493780,KPHL,KPNE",459
128,"Lindenwold, NJ, United States",2022-09-15,24.8,15.4,20.9,24.8,15.4,20.9,10.9,55.8,0.0,0.0,0.0,,0,0,38.1,23.3,307.6,1020.6,3.0,16.0,13.0,1.1,0,10,2022-09-15T06:40:54,2022-09-15T19:08:36,0.64,Clear,Clear conditions throughout the day.,clear-day,"KVAY,F5255,72408013739,72408594732,72407493780,KPHL,KPNE",459
129,"Lindenwold, NJ, United States",2022-09-16,25.9,11.7,18.7,25.9,11.7,18.7,10.2,60.2,0.0,0.0,0.0,,0,0,19.8,11.5,278.6,1022.3,6.6,16.0,18.4,1.4,1,10,2022-09-16T06:41:50,2022-09-16T19:06:57,0.69,Clear,Clear conditions throughout the day.,clear-day,"KVAY,F5255,72408013739,72408594732,72407493780,KPHL,KPNE",459
130,"Lindenwold, NJ, United States",2022-09-17,27.9,15.7,21.8,28.3,15.7,21.8,14.8,66.1,0.0,0.0,0.0,,0,0,27.0,12.0,148.9,1023.2,33.8,16.0,19.2,1.7,1,10,2022-09-17T06:42:46,2022-09-17T19:05:18,0.74,Partially cloudy,Becoming cloudy in the afternoon.,partly-cloudy-day,"KVAY,F5255,72408013739,72408594732,72407493780,KPHL,KPNE",459
131,"Lindenwold, NJ, United States",2022-09-18,29.3,17.1,23.1,28.8,17.1,23.0,15.5,65.4,0.0,0.0,0.0,,0,0,29.5,20.2,251.9,1018.9,11.3,15.7,15.8,1.3,1,10,2022-09-18T06:43:43,2022-09-18T19:03:39,0.78,Clear,Clear conditions throughout the day.,clear-day,"KVAY,F5255,72408013739,72408594732,72407493780,KPHL,KPNE",459
132,"Lindenwold, NJ, United States",2022-09-19,31.5,19.8,24.6,31.3,19.8,24.6,17.3,66.5,0.19,100.0,4.17,rain,0,0,42.5,24.7,242.5,1013.7,26.8,15.9,19.4,1.8,1,30,2022-09-19T06:44:39,2022-09-19T19:02:00,0.83,"Rain, Partially cloudy",Becoming cloudy in the afternoon with afternoon rain.,rain,"KVAY,F5255,72408013739,72408594732,72407493780,KPHL,KPNE",459
133,"Lindenwold, NJ, United States",2022-09-20,28.0,19.9,23.3,27.6,19.9,23.3,15.0,62.5,0.0,0.0,0.0,,0,0,37.4,21.7,282.9,1012.8,30.1,15.4,15.4,1.4,1,10,2022-09-20T06:45:35,2022-09-20T19:00:21,0.87,Partially cloudy,Partly cloudy throughout the day.,partly-cloudy-day,"KVAY,F5255,72408013739,72408594732,72407493780,KPHL,KPNE",459
134,"Lindenwold, NJ, United States",2022-09-21,28.4,15.8,22.2,28.0,15.8,22.1,14.6,64.5,0.0,0.0,0.0,,0,0,25.9,15.2,264.9,1013.5,18.7,16.0,16.8,1.5,1,10,2022-09-21T06:46:32,2022-09-21T18:58:42,0.91,Clear,Clear conditions throughout the day.,clear-day,"KVAY,F5255,72408013739,72408594732,72407493780,KPHL,KPNE",459
135,"Lindenwold, NJ, United States",2022-09-22,27.6,15.7,21.1,28.9,15.7,21.2,15.3,70.7,1.63,100.0,16.67,rain,0,0,55.4,24.7,269.2,1005.5,42.0,15.5,16.6,1.5,1,30,2022-09-22T06:47:29,2022-09-22T18:57:03,0.95,"Rain, Partially cloudy",Partly cloudy throughout the day with afternoon rain.,rain,"KVAY,F5255,F6990,72408013739,72408594732,72407493780,KPHL,KPNE",459
136,"Lindenwold, NJ, United States",2022-09-23,19.4,11.8,14.9,19.4,11.8,14.9,3.2,46.9,0.0,0.0,0.0,,0,0,51.4,30.6,328.4,1014.2,21.0,16.0,18.9,1.6,1,10,2022-09-23T06:48:26,2022-09-23T18:55:24,0.97,Partially cloudy,Partly cloudy throughout the day.,partly-cloudy-day,"KVAY,F5255,72408013739,72408594732,72407493780,KPHL,KPNE",459
137,"Lindenwold, NJ, United States",2022-09-24,21.1,8.7,14.3,21.1,7.7,14.0,4.7,53.9,0.0,0.0,0.0,,0,0,27.7,18.9,277.3,1016.8,19.5,16.0,23.3,1.9,2,10,2022-09-24T06:49:23,2022-09-24T18:53:45,0.99,Clear,Clear conditions throughout the day.,clear-day,"KVAY,F5255,F6990,72408013739,72408594732,72407493780,KPHL,KPNE",459
138,"Lindenwold, NJ, United States",2022-09-25,24.5,14.7,17.9,24.5,14.7,17.9,13.2,75.4,3.81,100.0,16.67,rain,0,0,55.7,15.0,200.9,1007.6,66.4,15.6,16.0,1.3,1,10,2022-09-25T06:50:20,2022-09-25T18:52:06,1.0,"Rain, Partially cloudy",Partly cloudy throughout the day with rain.,rain,"KVAY,F5255,F6990,72408013739,72408594732,72407493780,KPHL,KPNE",459
139,"Lindenwold, NJ, United States",2022-09-26,25.2,14.5,19.8,25.2,14.5,19.8,11.1,61.3,0.0,0.0,0.0,,0,0,39.9,23.5,251.0,1006.5,43.7,16.0,16.5,1.5,1,10,2022-09-26T06:51:17,2022-09-26T18:50:28,0.0,Partially cloudy,Partly cloudy throughout the day.,partly-cloudy-day,"KVAY,F5255,72408013739,72408594732,72407493780,KPHL,KPNE",459
140,"Lindenwold, NJ, United States",2022-09-27,22.2,13.8,17.9,22.2,13.8,17.9,7.1,50.7,0.0,0.0,0.0,,0,0,41.0,21.9,266.4,1011.9,38.7,16.0,24.2,2.1,2,10,2022-09-27T06:52:15,2022-09-27T18:48:50,0.01,Partially cloudy,Partly cloudy throughout the day.,partly-cloudy-day,"KVAY,F5255,72408013739,72408594732,72407493780,KPHL,KPNE",459
141,"Lindenwold, NJ, United States",2022-09-28,21.1,9.4,15.7,21.1,8.9,15.7,8.0,61.1,0.0,0.0,0.0,rain,0,0,37.1,18.9,302.2,1020.2,27.6,16.0,14.8,1.2,1,10,2022-09-28T06:53:12,2022-09-28T18:47:11,0.04,Partially cloudy,Becoming cloudy in the afternoon.,partly-cloudy-day,"KVAY,F5255,F6990,72408013739,72408594732,72407493780,KPHL,KPNE",459
142,"Lindenwold, NJ, United States",2022-09-29,20.4,10.9,15.8,20.4,10.9,15.8,7.8,60.7,0.0,0.0,0.0,,0,0,38.5,22.9,114.3,1026.7,19.1,16.0,21.6,1.6,2,10,2022-09-29T06:54:10,2022-09-29T18:45:34,0.07,Clear,Clear conditions throughout the day.,clear-day,"KVAY,F5255,F6990,72408013739,72408594732,72407493780,KPHL,KPNE",459
143,"Lindenwold, NJ, United States",2022-09-30,17.8,11.2,14.3,17.8,11.2,14.3,8.5,68.4,0.5,71.4,8.33,rain,0,0,42.5,19.9,38.3,1024.2,49.8,18.1,24.9,2.2,2,10,2022-09-30T06:55:08,2022-09-30T18:43:56,0.12,"Rain, Partially cloudy",Partly cloudy throughout the day with late afternoon rain.,rain,"KVAY,F5255,F6990,KPHL,KPNE",459
