,name,datetime,tempmax,tempmin,temp,feelslikemax,feelslikemin,feelslike,dew,humidity,precip,precipprob,precipcover,preciptype,snow,snowdepth,windgust,windspeed,winddir,sealevelpressure,cloudcover,visibility,solarradiation,solarenergy,uvindex,severerisk,sunrise,sunset,moonphase,conditions,description,icon,stations,skey
0,"Mt Laurel, NJ, United States",2022-05-10,22.2,9.4,15.9,22.2,7.0,15.7,-3.3,27.1,0.0,0.0,0.0,,0,0,49.3,21.4,51.3,1025.8,29.6,16.0,220.8,19.0,10,10,2022-05-10T05:49:24,2022-05-10T20:03:13,0.32,Partially cloudy,Becoming cloudy in the afternoon.,partly-cloudy-day,"KVAY,KWRI,72408594732,72407493780,F5135,72409614706,KPNE",483
1,"Mt Laurel, NJ, United States",2022-05-11,22.2,10.6,16.0,22.2,10.6,16.0,5.4,50.6,0.0,0.0,0.0,,0,0,45.0,22.5,30.0,1024.4,49.2,16.0,116.3,10.0,4,10,2022-05-11T05:48:22,2022-05-11T20:04:11,0.37,Partially cloudy,Partly cloudy throughout the day.,partly-cloudy-day,"KVAY,KWRI,72408594732,72407493780,F5135,72409614706,KPNE",483
2,"Mt Laurel, NJ, United States",2022-05-12,23.4,11.2,17.2,23.4,11.2,17.2,13.3,78.9,0.0,0.0,0.0,rain,0,0,36.4,15.6,61.9,1024.8,69.2,15.5,118.5,10.3,7,10,2022-05-12T05:47:22,2022-05-12T20:05:09,0.41,Partially cloudy,Partly cloudy throughout the day.,partly-cloudy-day,"KVAY,KWRI,72408594732,72407493780,F5135,72409614706,KPNE",483
3,"Mt Laurel, NJ, United States",2022-05-13,22.0,15.0,18.0,22.0,15.0,18.0,16.5,90.9,8.08,100.0,16.67,rain,0,0,29.2,11.8,58.5,1023.5,99.2,9.5,79.1,6.7,4,10,2022-05-13T05:46:23,2022-05-13T20:06:06,0.45,"Rain, Overcast",Cloudy skies throughout the day with afternoon rain.,rain,"KVAY,KWRI,72408594732,72407493780,F5135,72409614706,KPNE",483
4,"Mt Laurel, NJ, United States",2022-05-14,20.0,17.2,18.4,20.0,17.2,18.4,17.6,95.0,3.55,100.0,37.5,rain,0,0,19.8,9.4,74.3,1017.8,81.1,7.3,41.9,3.6,2,10,2022-05-14T05:45:26,2022-05-14T20:07:03,0.48,"Rain, Partially cloudy",Partly cloudy throughout the day with rain.,rain,"KVAY,KWRI,72408594732,72407493780,F5135,72409614706,E8839,KPNE",483
5,"Mt Laurel, NJ, United States",2022-05-15,26.1,17.2,21.0,26.1,17.2,21.0,17.2,80.6,0.0,0.0,0.0,rain,0,0,33.1,14.9,202.5,1011.8,67.2,12.7,97.4,8.3,5,30,2022-05-15T05:44:30,2022-05-15T20:07:59,0.5,Partially cloudy,Partly cloudy throughout the day.,partly-cloudy-day,"KVAY,KWRI,72408594732,72407493780,F5135,72409614706,E8839,KPNE",483
6,"Mt Laurel, NJ, United States",2022-05-16,27.2,16.7,21.7,28.1,16.7,21.7,16.9,76.1,0.9,100.0,20.83,rain,0,0,41.9,27.5,241.1,1005.6,43.6,14.9,85.6,7.4,5,60,2022-05-16T05:43:36,2022-05-16T20:08:55,0.5,"Rain, Partially cloudy",Partly cloudy throughout the day with rain.,rain,"KVAY,KWRI,72408594732,72407493780,F5135,72409614706,KPNE",483
7,"Mt Laurel, NJ, United States",2022-05-17,26.6,12.8,20.5,26.6,12.8,20.5,7.3,47.1,0.0,0.0,0.0,,0,0,50.1,31.4,281.3,1008.9,18.2,16.0,244.3,21.1,10,10,2022-05-17T05:42:43,2022-05-17T20:09:51,0.52,Clear,Clear conditions throughout the day.,clear-day,"KVAY,KWRI,72408594732,72407493780,F5135,72409614706,KPNE",483
8,"Mt Laurel, NJ, United States",2022-05-18,22.8,11.2,17.7,22.8,11.2,17.7,5.6,46.5,0.0,0.0,0.0,,0,0,37.1,16.7,290.6,1014.4,10.0,16.0,205.6,17.8,9,10,2022-05-18T05:41:53,2022-05-18T20:10:46,0.54,Clear,Clear conditions throughout the day.,clear-day,"KVAY,KWRI,72408594732,72407493780,F5135,72409614706,KPNE",483
9,"Mt Laurel, NJ, United States",2022-05-19,24.3,13.3,17.4,24.3,13.3,17.4,14.0,81.5,13.31,100.0,33.33,rain,0,0,35.6,16.2,178.3,1008.1,73.5,14.0,64.2,5.6,4,30,2022-05-19T05:41:03,2022-05-19T20:11:40,0.58,"Rain, Partially cloudy",Partly cloudy throughout the day with rain clearing later.,rain,"KVAY,KWRI,72408594732,72407493780,F5135,72409614706,KPNE",483
10,"Mt Laurel, NJ, United States",2022-05-20,30.0,13.9,21.5,29.9,13.9,21.6,17.3,79.7,4.9,100.0,12.5,rain,0,0,37.1,16.3,93.3,1011.9,21.0,12.4,184.3,15.9,9,60,2022-05-20T05:40:16,2022-05-20T20:12:34,0.63,"Rain, Partially cloudy",Becoming cloudy in the afternoon with afternoon rain.,rain,"KVAY,KWRI,72408594732,72407493780,F5135,72409614706,KPNE",483
11,"Mt Laurel, NJ, United States",2022-05-21,34.3,18.4,26.1,36.1,18.4,27.0,19.0,69.5,0.0,0.0,0.0,,0,0,32.0,14.9,175.0,1015.5,14.2,10.8,199.6,17.3,9,100,2022-05-21T05:39:30,2022-05-21T20:13:27,0.68,Clear,Clear conditions throughout the day.,clear-day,"KVAY,KWRI,72408594732,72407493780,F5135,72409614706,KPNE",483
12,"Mt Laurel, NJ, United States",2022-05-22,32.8,23.4,27.3,34.4,23.4,28.2,19.6,64.2,0.06,100.0,8.33,rain,0,0,38.2,16.6,261.4,1016.1,6.9,16.0,197.2,17.1,9,100,2022-05-22T05:38:46,2022-05-22T20:14:19,0.74,Rain,Clear conditions throughout the day with late afternoon rain.,rain,"KVAY,KWRI,72408594732,72407493780,F5135,72409614706,KPNE",483
13,"Mt Laurel, NJ, United States",2022-05-23,24.9,16.1,21.0,24.9,16.1,21.0,10.8,53.5,0.28,100.0,4.17,rain,0,0,37.8,22.4,269.6,1021.1,28.7,15.8,203.1,17.4,8,10,2022-05-23T05:38:04,2022-05-23T20:15:10,0.79,"Rain, Partially cloudy",Partly cloudy throughout the day with early morning rain.,rain,"KVAY,KWRI,72408594732,72407493780,F5135,72409614706,KPNE",483
14,"Mt Laurel, NJ, United States",2022-05-24,20.6,14.9,17.8,20.6,14.9,17.8,9.7,60.2,0.08,100.0,12.5,rain,0,0,31.7,17.2,70.6,1024.6,97.9,16.0,132.3,11.4,8,10,2022-05-24T05:37:23,2022-05-24T20:16:01,0.85,"Rain, Overcast",Cloudy skies throughout the day with rain clearing later.,rain,"KVAY,KWRI,72408594732,72407493780,F5135,72409614706,KPNE",483
15,"Mt Laurel, NJ, United States",2022-05-25,23.3,11.6,16.9,23.3,11.6,16.9,8.5,60.2,0.0,0.0,0.0,,0,0,33.5,16.3,74.7,1027.4,30.5,16.0,139.1,12.1,7,10,2022-05-25T05:36:44,2022-05-25T20:16:51,0.89,Partially cloudy,Partly cloudy throughout the day.,partly-cloudy-day,"KVAY,KWRI,72408594732,72407493780,F5135,72409614706,E8839,KPNE",483
16,"Mt Laurel, NJ, United States",2022-05-26,23.8,10.1,17.5,23.8,10.1,17.5,12.2,72.4,0.0,0.0,0.0,rain,0,0,26.3,13.2,93.6,1023.9,67.5,15.8,132.9,11.3,7,10,2022-05-26T05:36:08,2022-05-26T20:17:40,0.93,Partially cloudy,Partly cloudy throughout the day.,partly-cloudy-day,"KVAY,KWRI,72408594732,72407493780,F5135,72409614706,KPNE",483
17,"Mt Laurel, NJ, United States",2022-05-27,27.1,18.8,21.1,28.9,18.8,21.2,18.9,87.7,7.96,100.0,12.5,rain,0,0,37.1,13.3,153.1,1013.2,88.3,10.9,70.9,5.9,3,60,2022-05-27T05:35:33,2022-05-27T20:18:28,0.96,"Rain, Partially cloudy",Partly cloudy throughout the day with rain.,rain,"KVAY,KWRI,F5255,72408594732,72407493780,F5135,72409614706,KPNE",483
18,"Mt Laurel, NJ, United States",2022-05-28,25.6,18.9,22.0,25.6,18.9,22.0,16.8,74.6,13.02,100.0,20.83,rain,0,0,46.4,15.6,296.0,1007.9,64.6,14.8,158.5,13.8,10,30,2022-05-28T05:34:59,2022-05-28T20:19:16,0.99,"Rain, Partially cloudy",Partly cloudy throughout the day with rain.,rain,"KVAY,KWRI,F5255,72408594732,72407493780,F5135,72409614706,KPNE",483
19,"Mt Laurel, NJ, United States",2022-05-29,27.8,15.0,22.0,27.3,15.0,22.0,14.1,64.4,0.0,0.0,0.0,rain,0,0,20.2,11.4,201.6,1016.8,27.5,15.9,164.9,14.1,9,10,2022-05-29T05:34:28,2022-05-29T20:20:02,1.0,Partially cloudy,Partly cloudy throughout the day.,partly-cloudy-day,"KVAY,KWRI,72408594732,72407493780,F5135,72409614706,E8839,KPNE",483
20,"Mt Laurel, NJ, United States",2022-05-30,31.7,15.0,24.3,32.2,15.0,24.7,17.0,67.1,0.0,0.0,0.0,rain,0,0,27.4,13.1,190.1,1018.8,4.7,15.2,220.9,19.1,10,100,2022-05-30T05:33:58,2022-05-30T20:20:47,0.0,Clear,Clear conditions throughout the day.,clear-day,"KVAY,KWRI,72408594732,72407493780,F5135,72409614706,E8839,KPNE",483
21,"Mt Laurel, NJ, United States",2022-05-31,35.0,22.2,28.7,34.8,22.2,29.0,17.7,55.3,0.0,0.0,0.0,,0,0,35.3,16.8,283.1,1015.2,4.7,16.0,209.0,17.9,9,60,2022-05-31T05:33:31,2022-05-31T20:21:31,0.0,Clear,Clear conditions throughout the day.,clear-day,"KVAY,KWRI,72408594732,72407493780,F5135,72409614706,E8839,KPNE",483
22,"Mt Laurel, NJ, United States",2022-06-01,28.3,17.8,22.8,29.3,17.8,23.1,17.3,71.9,0.0,0.0,0.0,rain,0,0,29.5,15.4,103.5,1012.7,38.5,15.6,193.2,16.8,9,10,2022-06-01T05:33:05,2022-06-01T20:22:14,0.02,Partially cloudy,Clearing in the afternoon.,partly-cloudy-day,"KVAY,KWRI,F5255,72408594732,72407493780,F5135,72409614706,KPNE",483
23,"Mt Laurel, NJ, United States",2022-06-02,29.3,17.2,22.1,30.5,17.2,22.4,18.7,82.0,17.91,100.0,41.67,rain,0,0,66.4,45.6,146.7,1007.6,77.1,13.8,177.4,15.3,9,75,2022-06-02T05:32:41,2022-06-02T20:22:56,0.04,"Rain, Partially cloudy",Partly cloudy throughout the day with rain.,rain,"KVAY,KWRI,E8427,72408594732,72407493780,F5135,72409614706,E8839,KPNE",483
24,"Mt Laurel, NJ, United States",2022-06-03,27.1,16.8,22.2,27.3,16.8,22.2,16.5,73.5,0.45,100.0,8.33,rain,0,0,27.7,16.0,183.4,1007.8,56.9,10.9,102.1,8.9,7,30,2022-06-03T05:32:20,2022-06-03T20:23:37,0.07,"Rain, Partially cloudy",Partly cloudy throughout the day with morning rain.,rain,"KVAY,KWRI,72408594732,72407493780,F5135,72409614706,E8839,KPNE",483
25,"Mt Laurel, NJ, United States",2022-06-04,29.3,13.5,21.7,28.0,13.5,21.3,10.3,55.1,0.0,0.0,0.0,,0,0,40.7,13.5,208.3,1011.4,7.3,16.0,214.4,18.4,10,10,2022-06-04T05:32:00,2022-06-04T20:24:16,0.11,Clear,Clear conditions throughout the day.,clear-day,"KVAY,KWRI,72408594732,72407493780,F5135,72409614706,E8839,KPNE",483
26,"Mt Laurel, NJ, United States",2022-06-05,26.1,12.3,19.8,26.1,12.3,19.8,6.4,45.3,0.0,0.0,0.0,,0,0,29.9,11.3,108.3,1015.1,0.0,16.0,229.3,19.7,10,10,2022-06-05T05:31:42,2022-06-05T20:24:54,0.14,Clear,Clear conditions throughout the day.,clear-day,"KVAY,KWRI,72408594732,72407493780,F5135,72409614706,E8839,KPNE",483
27,"Mt Laurel, NJ, United States",2022-06-06,27.8,10.7,20.1,26.9,10.7,19.9,8.3,51.3,0.0,0.0,0.0,,0,0,33.5,13.0,136.8,1017.2,0.0,16.0,228.5,19.6,10,10,2022-06-06T05:31:26,2022-06-06T20:25:31,0.19,Clear,Clear conditions throughout the day.,clear-day,"KVAY,KWRI,72408594732,72407493780,F5135,72409614706,E8839,KPNE",483
28,"Mt Laurel, NJ, United States",2022-06-07,26.1,13.5,21.1,26.1,13.5,21.1,14.6,67.8,0.46,100.0,12.5,rain,0,0,36.7,18.5,174.5,1016.2,38.9,15.8,164.5,14.2,9,10,2022-06-07T05:31:11,2022-06-07T20:26:07,0.24,"Rain, Partially cloudy",Partly cloudy throughout the day with late afternoon rain.,rain,"KVAY,KWRI,F5255,72408594732,72407493780,F5135,72409614706,KPNE",483
29,"Mt Laurel, NJ, United States",2022-06-08,30.6,20.0,25.4,30.6,20.0,25.6,18.5,68.3,0.92,100.0,12.5,rain,0,0,45.4,14.9,254.6,1011.3,49.1,15.8,171.4,14.7,10,30,2022-06-08T05:30:59,2022-06-08T20:26:41,0.29,"Rain, Partially cloudy",Partly cloudy throughout the day with early morning rain.,rain,"KVAY,KWRI,72408594732,72407493780,F5135,72409614706,E8839,KPNE",483
30,"Mt Laurel, NJ, United States",2022-06-09,28.7,20.7,24.6,28.6,20.7,24.6,16.5,64.6,37.29,100.0,33.33,rain,0,0,51.8,36.2,247.5,1005.3,57.1,14.0,220.5,18.7,10,30,2022-06-09T05:30:49,2022-06-09T20:27:14,0.35,"Rain, Partially cloudy",Clearing in the afternoon with rain clearing later.,rain,"KVAY,KWRI,72408594732,72407493780,F5135,72409614706,E8839,KPNE",483
31,"Mt Laurel, NJ, United States",2022-06-10,27.1,15.7,22.0,26.6,15.7,22.0,10.6,50.9,0.0,0.0,0.0,,0,0,32.8,18.3,278.0,1011.0,7.4,16.0,228.6,19.6,10,10,2022-06-10T05:30:41,2022-06-10T20:27:45,0.39,Clear,Clear conditions throughout the day.,clear-day,"KVAY,KWRI,72408594732,72407493780,F5135,72409614706,E8839,KPNE",483
32,"Mt Laurel, NJ, United States",2022-06-11,23.4,16.7,20.4,23.4,16.7,20.4,14.6,70.2,0.26,100.0,16.67,rain,0,0,23.8,9.8,214.2,1013.3,40.2,16.0,63.6,5.4,3,10,2022-06-11T05:30:34,2022-06-11T20:28:14,0.44,"Rain, Partially cloudy",Partly cloudy throughout the day with afternoon rain.,rain,"KVAY,KWRI,72408594732,72407493780,F5135,72409614706,E8839,KPNE",483
33,"Mt Laurel, NJ, United States",2022-06-12,25.5,16.2,20.3,25.5,16.2,20.3,17.8,85.8,39.43,100.0,33.33,rain,0,0,29.2,11.4,82.9,1014.1,86.7,13.3,80.8,7.1,6,30,2022-06-12T05:30:30,2022-06-12T20:28:43,0.47,"Rain, Partially cloudy",Partly cloudy throughout the day with rain.,rain,"KVAY,KWRI,F5255,72408594732,72407493780,F5135,72409614706,E8839,KPNE",483
34,"Mt Laurel, NJ, United States",2022-06-13,32.1,20.0,25.7,33.8,20.0,26.5,19.9,72.7,0.06,100.0,4.17,rain,0,0,31.7,18.5,204.5,1012.6,34.0,14.8,178.2,15.6,8,60,2022-06-13T05:30:27,2022-06-13T20:29:09,0.49,"Rain, Partially cloudy",Partly cloudy throughout the day with early morning rain.,rain,"KVAY,KWRI,72408594732,72407493780,F5135,72409614706,E8839,KPNE",483
35,"Mt Laurel, NJ, United States",2022-06-14,28.8,18.0,23.5,28.6,18.0,23.5,15.3,61.8,3.23,100.0,8.33,rain,0,0,28.1,13.0,53.6,1012.7,9.4,15.6,127.5,11.0,10,30,2022-06-14T05:30:26,2022-06-14T20:29:34,0.5,Rain,Clear conditions throughout the day with morning rain.,rain,"KVAY,KWRI,72408594732,72407493780,F5135,72409614706,E8839,KPNE",483
36,"Mt Laurel, NJ, United States",2022-06-15,29.9,15.8,22.9,29.6,15.8,23.0,15.4,65.1,0.0,0.0,0.0,,0,0,31.7,15.1,112.1,1018.0,1.7,16.0,216.6,18.7,10,10,2022-06-15T05:30:28,2022-06-15T20:29:57,0.51,Clear,Clear conditions throughout the day.,clear-day,"KVAY,KWRI,72408594732,72407493780,F5135,72409614706,E8839,KPNE",483
37,"Mt Laurel, NJ, United States",2022-06-16,26.0,18.3,21.4,26.0,18.3,21.4,17.4,78.3,13.78,100.0,16.67,rain,0,0,46.1,11.7,136.0,1019.4,86.0,14.6,90.5,7.6,5,10,2022-06-16T05:30:31,2022-06-16T20:30:19,0.53,"Rain, Partially cloudy",Partly cloudy throughout the day with morning rain.,rain,"KVAY,KWRI,72408594732,72407493780,F5135,72409614706,E8839,KPNE",483
38,"Mt Laurel, NJ, United States",2022-06-17,34.3,21.1,27.6,35.1,21.1,28.0,17.3,58.4,0.0,0.0,0.0,rain,0,0,42.3,24.3,244.4,1007.2,45.6,16.0,202.7,17.5,10,75,2022-06-17T05:30:36,2022-06-17T20:30:39,0.57,Partially cloudy,Partly cloudy throughout the day.,partly-cloudy-day,"KVAY,KWRI,72408594732,72407493780,F5135,72409614706,E8839,KPNE",483
39,"Mt Laurel, NJ, United States",2022-06-18,26.5,16.7,21.6,26.5,16.7,21.6,9.4,45.9,0.0,0.0,0.0,rain,0,0,49.7,29.6,316.6,1007.6,37.9,16.0,194.6,16.7,10,10,2022-06-18T05:30:42,2022-06-18T20:30:57,0.62,Partially cloudy,Partly cloudy throughout the day.,partly-cloudy-day,"KVAY,KWRI,72408594732,72407493780,F5135,72409614706,E8839,KPNE",483
40,"Mt Laurel, NJ, United States",2022-06-19,24.3,14.3,19.0,24.3,14.3,19.0,4.1,38.1,0.0,0.0,0.0,,0,0,47.8,26.0,305.1,1015.2,1.2,16.0,228.1,19.6,10,10,2022-06-19T05:30:51,2022-06-19T20:31:14,0.67,Clear,Clear conditions throughout the day.,clear-day,"KVAY,KWRI,72408594732,72407493780,F5135,72409614706,E8839,KPNE",483
41,"Mt Laurel, NJ, United States",2022-06-20,27.1,10.8,19.8,26.6,10.8,19.7,6.3,44.8,0.0,0.0,0.0,,0,0,27.7,14.9,309.9,1020.2,0.4,16.0,221.5,19.0,10,10,2022-06-20T05:31:01,2022-06-20T20:31:28,0.72,Clear,Clear conditions throughout the day.,clear-day,"KVAY,KWRI,72408594732,72407493780,F5135,72409614706,E8839,KPNE",483
42,"Mt Laurel, NJ, United States",2022-06-21,27.8,13.9,21.8,27.3,13.9,21.7,12.3,56.7,0.0,0.0,0.0,,0,0,24.5,11.2,182.4,1019.6,17.3,16.0,134.9,11.8,6,10,2022-06-21T05:31:13,2022-06-21T20:31:41,0.77,Clear,Clear conditions throughout the day.,clear-day,"KVAY,KWRI,72408594732,72407493780,F5135,72409614706,KPNE",483
43,"Mt Laurel, NJ, United States",2022-06-22,24.2,18.3,20.4,24.2,18.3,20.4,16.5,78.9,0.0,0.0,0.0,rain,0,0,33.5,16.7,90.7,1015.6,79.3,13.7,83.9,7.1,5,10,2022-06-22T05:31:27,2022-06-22T20:31:52,0.82,Partially cloudy,Partly cloudy throughout the day.,partly-cloudy-day,"KVAY,KWRI,72408594732,72407493780,F5135,72409614706,KPNE",483
44,"Mt Laurel, NJ, United States",2022-06-23,23.8,17.8,20.2,23.8,17.8,20.2,16.9,82.1,3.71,100.0,33.33,rain,0,0,31.3,13.2,81.6,1014.2,88.3,14.7,50.4,4.5,3,10,2022-06-23T05:31:43,2022-06-23T20:32:01,0.87,"Rain, Partially cloudy",Partly cloudy throughout the day with a chance of rain throughout the day.,rain,"KVAY,KWRI,72408594732,72407493780,F5135,72409614706,E8839,KPNE",483
45,"Mt Laurel, NJ, United States",2022-06-24,28.8,15.7,22.4,29.4,15.7,22.5,16.8,73.1,0.0,0.0,0.0,rain,0,0,18.4,11.1,154.6,1016.7,55.1,14.0,137.3,11.6,10,30,2022-06-24T05:32:00,2022-06-24T20:32:08,0.91,Partially cloudy,Partly cloudy throughout the day.,partly-cloudy-day,"KVAY,KWRI,72408594732,72407493780,F5135,72409614706,E8839,KPNE",483
46,"Mt Laurel, NJ, United States",2022-06-25,32.8,19.3,26.3,33.3,19.3,26.6,17.8,63.0,0.0,0.0,0.0,,0,0,25.9,11.0,298.5,1019.1,15.6,15.9,226.6,19.5,10,60,2022-06-25T05:32:19,2022-06-25T20:32:14,0.95,Clear,Clear conditions throughout the day.,clear-day,"KVAY,KWRI,72408594732,72407493780,F5135,72409614706,KPNE",483
47,"Mt Laurel, NJ, United States",2022-06-26,32.7,21.6,27.0,32.4,21.6,26.9,16.7,56.5,0.0,0.0,0.0,,0,0,41.8,13.4,228.9,1018.5,5.6,16.0,223.0,19.3,9,10,2022-06-26T05:32:40,2022-06-26T20:32:17,0.97,Clear,Clear conditions throughout the day.,clear-day,"KVAY,KWRI,72408594732,72407493780,F5135,72409614706,KPNE",483
48,"Mt Laurel, NJ, United States",2022-06-27,27.8,21.1,24.5,29.8,21.1,24.8,20.4,78.4,13.54,100.0,25.0,rain,0,0,48.6,16.7,203.8,1014.8,76.4,14.0,61.0,5.2,2,30,2022-06-27T05:33:03,2022-06-27T20:32:19,0.99,"Rain, Partially cloudy",Partly cloudy throughout the day with rain.,rain,"KVAY,KWRI,72408594732,72407493780,F5135,72409614706,KPNE",483
49,"Mt Laurel, NJ, United States",2022-06-28,27.1,18.8,22.3,26.8,18.8,22.2,13.6,61.6,0.0,0.0,0.0,rain,0,0,30.2,15.1,227.7,1020.3,29.6,14.3,262.7,22.6,10,10,2022-06-28T05:33:26,2022-06-28T20:32:18,1.0,Partially cloudy,Partly cloudy throughout the day.,partly-cloudy-day,"KVAY,KWRI,72408594732,72407493780,F5135,72409614706,E8839,KPNE",483
50,"Mt Laurel, NJ, United States",2022-06-29,30.6,15.7,23.9,29.9,15.7,23.6,14.1,58.6,0.0,0.0,0.0,,0,0,27.7,19.6,202.3,1022.8,5.6,16.0,249.4,21.3,10,10,2022-06-29T05:33:52,2022-06-29T20:32:16,0.0,Clear,Clear conditions throughout the day.,clear-day,"KVAY,KWRI,72408594732,72407493780,F5135,72409614706,E8839,KPNE",483
51,"Mt Laurel, NJ, United States",2022-06-30,32.2,19.3,26.4,31.3,19.3,26.1,15.2,53.7,0.0,0.0,0.0,,0,0,26.6,12.8,292.1,1021.7,5.6,16.0,219.7,19.0,9,10,2022-06-30T05:34:19,2022-06-30T20:32:11,0.01,Clear,Clear conditions throughout the day.,clear-day,"KVAY,KWRI,72408594732,72407493780,F5135,72409614706,E8839,KPNE",483
52,"Mt Laurel, NJ, United States",2022-07-01,34.3,20.7,27.5,36.6,20.7,29.0,20.2,66.6,0.0,0.0,0.0,rain,0,0,50.4,16.9,227.5,1017.4,15.6,14.1,235.9,20.3,9,100,2022-07-01T05:34:47,2022-07-01T20:32:05,0.03,Clear,Clear conditions throughout the day.,clear-day,"KVAY,KWRI,72408594732,72407493780,F5135,72409614706,E8839,KPNE",483
53,"Mt Laurel, NJ, United States",2022-07-02,33.8,25.0,28.6,37.1,25.0,30.3,21.5,66.4,0.01,100.0,4.17,rain,0,0,46.4,13.4,242.8,1013.2,28.9,16.0,160.0,13.8,9,75,2022-07-02T05:35:17,2022-07-02T20:31:57,0.05,"Rain, Partially cloudy",Partly cloudy throughout the day with late afternoon rain.,rain,"KVAY,KWRI,72408594732,72407493780,F5135,72409614706,KPNE",483
54,"Mt Laurel, NJ, United States",2022-07-03,32.1,21.8,26.7,31.5,21.8,26.4,17.6,62.2,1.27,100.0,16.67,rain,0,0,50.0,16.2,197.4,1015.7,32.0,15.9,163.1,14.1,9,30,2022-07-03T05:35:49,2022-07-03T20:31:47,0.08,"Rain, Partially cloudy",Partly cloudy throughout the day with morning rain.,rain,"KVAY,KWRI,72408594732,72407493780,F5135,72409614706,E8839,KPNE",483
55,"Mt Laurel, NJ, United States",2022-07-04,31.1,15.7,24.3,29.5,15.7,23.8,11.5,49.6,0.0,0.0,0.0,,0,0,21.6,13.0,201.1,1020.4,1.2,16.0,236.8,20.5,10,10,2022-07-04T05:36:21,2022-07-04T20:31:34,0.12,Clear,Clear conditions throughout the day.,clear-day,"KVAY,KWRI,72408594732,72407493780,F5135,72409614706,E8839,KPNE",483
56,"Mt Laurel, NJ, United States",2022-07-05,32.1,19.0,25.3,32.1,19.0,25.7,17.8,64.8,0.22,100.0,4.17,rain,0,0,35.8,15.4,236.3,1016.2,30.5,16.0,177.1,15.4,9,10,2022-07-05T05:36:55,2022-07-05T20:31:20,0.17,"Rain, Partially cloudy",Becoming cloudy in the afternoon with late afternoon rain.,rain,"KVAY,KWRI,72408594732,72407493780,F5135,72409614706,E8839,KPNE",483
57,"Mt Laurel, NJ, United States",2022-07-06,32.1,22.9,27.7,34.3,22.9,28.7,20.2,65.8,0.0,0.0,0.0,,0,0,30.2,18.4,188.3,1010.9,44.0,15.3,106.3,9.2,5,30,2022-07-06T05:37:31,2022-07-06T20:31:04,0.22,Partially cloudy,Becoming cloudy in the afternoon.,partly-cloudy-day,"KVAY,KWRI,F5255,72408594732,72407493780,F5135,72409614706,KPNE",483
58,"Mt Laurel, NJ, United States",2022-07-07,27.7,21.6,24.4,29.5,21.6,24.4,20.0,77.0,12.7,100.0,33.33,rain,0,0,24.1,13.2,43.0,1014.6,93.2,14.0,97.6,8.4,6,10,2022-07-07T05:38:07,2022-07-07T20:30:46,0.27,"Rain, Overcast",Cloudy skies throughout the day with rain clearing later.,rain,"KVAY,KWRI,F5255,72408594732,72407493780,F5135,72409614706,E8839,KPNE",483
59,"Mt Laurel, NJ, United States",2022-07-08,31.6,18.1,25.2,34.2,18.1,26.1,19.2,71.5,0.07,100.0,4.17,rain,0,0,33.5,15.2,166.2,1015.6,11.7,14.3,189.7,16.1,10,10,2022-07-08T05:38:45,2022-07-08T20:30:26,0.33,Rain,Clear conditions throughout the day with late afternoon rain.,rain,"KVAY,KWRI,72408594732,72407493780,F5135,72409614706,E8839,KPNE",483
60,"Mt Laurel, NJ, United States",2022-07-09,25.6,20.6,23.4,25.6,20.6,23.4,19.0,76.9,1.14,100.0,25.0,rain,0,0,24.5,11.5,114.8,1016.4,59.0,15.5,58.5,5.0,2,10,2022-07-09T05:39:24,2022-07-09T20:30:04,0.38,"Rain, Partially cloudy",Partly cloudy throughout the day with rain clearing later.,rain,"KVAY,KWRI,72408594732,72407493780,F5135,72409614706,E8839,KPNE",483
61,"Mt Laurel, NJ, United States",2022-07-10,27.8,17.2,22.9,28.6,17.2,23.1,16.7,69.9,0.0,0.0,0.0,rain,0,0,22.0,11.5,66.8,1017.3,12.6,15.5,135.8,11.5,7,10,2022-07-10T05:40:04,2022-07-10T20:29:40,0.42,Clear,Clear conditions throughout the day.,clear-day,"KVAY,KWRI,72408594732,72407493780,F5135,72409614706,E8839,KPNE",483
62,"Mt Laurel, NJ, United States",2022-07-11,30.0,15.0,23.2,29.1,15.0,22.9,13.7,59.9,0.0,0.0,0.0,,0,0,34.9,9.8,150.7,1014.3,0.2,16.0,233.3,20.1,10,10,2022-07-11T05:40:45,2022-07-11T20:29:14,0.46,Clear,Clear conditions throughout the day.,clear-day,"KVAY,KWRI,72408594732,72407493780,F5135,72409614706,E8839,KPNE",483
63,"Mt Laurel, NJ, United States",2022-07-12,34.2,20.0,26.6,37.6,20.0,27.8,19.3,66.4,0.0,0.0,0.0,rain,0,0,45.7,19.1,255.7,1008.9,22.6,15.6,215.8,18.6,9,60,2022-07-12T05:41:27,2022-07-12T20:28:46,0.49,Partially cloudy,Partly cloudy throughout the day.,partly-cloudy-day,"KVAY,KWRI,72408594732,72407493780,F5135,72409614706,KPNE",483
64,"Mt Laurel, NJ, United States",2022-07-13,33.8,22.8,28.4,33.7,22.8,28.8,18.2,56.6,0.0,0.0,0.0,,0,0,34.9,18.3,262.0,1011.4,11.4,16.0,181.8,15.8,9,10,2022-07-13T05:42:11,2022-07-13T20:28:16,0.5,Clear,Clear conditions throughout the day.,clear-day,"KVAY,KWRI,72408594732,72407493780,F5135,72409614706,KPNE",483
65,"Mt Laurel, NJ, United States",2022-07-14,32.8,22.9,27.6,32.7,22.9,27.9,17.8,57.5,0.0,0.0,0.0,rain,0,0,23.4,14.1,264.3,1014.2,34.7,16.0,195.3,16.8,10,60,2022-07-14T05:42:55,2022-07-14T20:27:44,0.51,Partially cloudy,Partly cloudy throughout the day.,partly-cloudy-day,"KVAY,KWRI,72408594732,72407493780,F5135,72409614706,KPNE",483
66,"Mt Laurel, NJ, United States",2022-07-15,31.6,19.4,25.1,31.8,19.4,25.1,17.2,64.3,2.97,100.0,8.33,rain,0,0,31.3,9.7,62.2,1019.5,29.1,16.0,192.0,16.6,9,60,2022-07-15T05:43:40,2022-07-15T20:27:11,0.53,"Rain, Partially cloudy",Becoming cloudy in the afternoon with late afternoon rain.,rain,"KVAY,KWRI,72408594732,72407493780,F5135,72409614706,E8839,KPNE",483
67,"Mt Laurel, NJ, United States",2022-07-16,32.2,21.2,25.8,32.7,21.2,26.2,20.0,72.9,0.02,100.0,4.17,rain,0,0,30.2,8.0,90.5,1018.5,58.8,12.2,170.4,14.7,9,60,2022-07-16T05:44:26,2022-07-16T20:26:35,0.55,"Rain, Partially cloudy",Clearing in the afternoon with late afternoon rain.,rain,"KVAY,KWRI,72408594732,72407493780,F5135,72409614706,KPNE",483
68,"Mt Laurel, NJ, United States",2022-07-17,30.9,21.3,26.1,32.2,21.3,27.0,20.0,70.9,2.78,100.0,12.5,rain,0,0,23.8,14.8,192.0,1016.6,70.3,15.2,193.1,16.6,9,60,2022-07-17T05:45:13,2022-07-17T20:25:58,0.6,"Rain, Partially cloudy",Partly cloudy throughout the day with early morning rain.,rain,"KVAY,KWRI,72408594732,72407493780,F5135,72409614706,E8839,KPNE",483
69,"Mt Laurel, NJ, United States",2022-07-18,34.3,23.9,28.4,38.8,23.9,30.6,22.4,71.5,2.71,100.0,20.83,rain,0,0,43.4,17.8,172.7,1012.2,49.0,15.8,140.0,12.0,9,75,2022-07-18T05:46:00,2022-07-18T20:25:19,0.65,"Rain, Partially cloudy",Partly cloudy throughout the day with late afternoon rain.,rain,"KWRI,KVAY,E8427,72408594732,72407493780,F5135,72409614706,KPNE",483
70,"Mt Laurel, NJ, United States",2022-07-19,33.8,23.8,28.8,34.8,23.8,29.4,19.4,60.4,0.14,100.0,4.17,rain,0,0,37.8,18.2,265.8,1009.3,8.9,16.0,216.3,18.6,10,10,2022-07-19T05:46:49,2022-07-19T20:24:38,0.7,Rain,Clear conditions throughout the day with early morning rain.,rain,"KVAY,KWRI,72408594732,72407493780,F5135,72409614706,E8839,KPNE",483
71,"Mt Laurel, NJ, United States",2022-07-20,36.1,24.3,30.4,38.8,24.3,32.0,20.2,57.0,0.0,0.0,0.0,,0,0,32.0,14.8,243.2,1008.4,2.7,15.9,173.5,14.9,9,30,2022-07-20T05:47:38,2022-07-20T20:23:55,0.75,Clear,Clear conditions throughout the day.,clear-day,"KVAY,KWRI,72408594732,72407493780,F5135,72409614706,E8839,KPNE",483
72,"Mt Laurel, NJ, United States",2022-07-21,35.7,25.1,30.0,41.2,25.1,32.9,22.4,65.6,2.89,100.0,8.33,rain,0,0,55.9,18.0,244.6,1005.4,10.8,16.0,180.9,15.6,9,75,2022-07-21T05:48:28,2022-07-21T20:23:10,0.8,Rain,Clear conditions throughout the day with afternoon rain.,rain,"KVAY,KWRI,72408594732,72407493780,F5135,72409614706,E8839,KPNE",483
73,"Mt Laurel, NJ, United States",2022-07-22,36.2,25.0,30.6,36.4,25.0,31.3,18.8,53.6,0.0,0.0,0.0,,0,0,31.1,17.1,273.8,1011.4,1.3,15.9,191.0,16.4,9,30,2022-07-22T05:49:18,2022-07-22T20:22:24,0.85,Clear,Clear conditions throughout the day.,clear-day,"KVAY,KWRI,72408594732,72407493780,F5135,72409614706,E8839,KPNE",483
74,"Mt Laurel, NJ, United States",2022-07-23,37.1,25.0,31.1,38.0,25.0,32.3,19.2,52.3,0.0,0.0,0.0,,0,0,31.7,14.6,279.8,1015.7,1.9,16.0,211.0,18.0,10,60,2022-07-23T05:50:09,2022-07-23T20:21:36,0.89,Clear,Clear conditions throughout the day.,clear-day,"KVAY,KWRI,F5255,72408594732,72407493780,F5135,72409614706,KPNE",483
75,"Mt Laurel, NJ, United States",2022-07-24,37.8,23.9,31.0,38.2,23.9,32.3,19.5,54.8,0.0,0.0,0.0,,0,0,46.1,20.8,271.8,1015.9,0.0,16.0,179.6,15.3,8,75,2022-07-24T05:51:01,2022-07-24T20:20:46,0.93,Clear,Clear conditions throughout the day.,clear-day,"KVAY,KWRI,72408594732,72407493780,F5135,72409614706,E8839,KPNE",483
76,"Mt Laurel, NJ, United States",2022-07-25,32.7,25.8,29.4,37.5,25.8,33.0,23.1,69.6,10.8,100.0,16.67,rain,0,0,49.9,18.9,240.8,1012.5,19.9,16.0,105.0,9.0,8,100,2022-07-25T05:51:53,2022-07-25T20:19:54,0.96,Rain,Clear conditions throughout the day with rain.,rain,"KVAY,KWRI,F5255,72408594732,72407493780,F5135,72409614706,KPNE",483
77,"Mt Laurel, NJ, United States",2022-07-26,27.8,22.8,25.3,28.1,22.8,25.3,18.0,65.2,0.0,0.0,0.0,,0,0,27.0,9.7,293.4,1015.5,15.0,16.0,70.4,6.1,2,30,2022-07-26T05:52:46,2022-07-26T20:19:01,0.98,Clear,Clear conditions throughout the day.,clear-day,"KVAY,KWRI,E8427,72408594732,72407493780,F5135,72409614706,KPNE",483
78,"Mt Laurel, NJ, United States",2022-07-27,32.1,22.2,26.7,33.8,22.2,27.5,19.1,64.3,0.02,100.0,8.33,rain,0,0,25.6,13.3,166.6,1013.7,67.4,16.0,152.1,13.1,9,10,2022-07-27T05:53:39,2022-07-27T20:18:06,1.0,"Rain, Partially cloudy",Partly cloudy throughout the day with early morning rain.,rain,"KVAY,KWRI,E8427,72408594732,72407493780,F5135,72409614706,KPNE",483
79,"Mt Laurel, NJ, United States",2022-07-28,33.8,23.8,28.8,37.2,23.8,30.7,21.8,68.3,16.08,100.0,16.67,rain,0,0,57.2,16.8,209.9,1010.6,33.2,15.4,127.0,11.1,7,30,2022-07-28T05:54:33,2022-07-28T20:17:09,1.0,"Rain, Partially cloudy",Partly cloudy throughout the day with rain.,rain,"KVAY,KWRI,72408594732,72407493780,F5135,72409614706,KPNE",483
80,"Mt Laurel, NJ, United States",2022-07-29,31.6,23.3,26.3,34.6,23.3,27.4,21.7,76.8,2.67,100.0,4.17,rain,0,0,23.0,11.1,280.8,1012.7,33.8,15.6,109.7,9.3,10,30,2022-07-29T05:55:26,2022-07-29T20:16:11,0.0,"Rain, Partially cloudy",Becoming cloudy in the afternoon with late afternoon rain.,rain,"KVAY,KWRI,72408594732,72407493780,F5135,72409614706,E8839,KPNE",483
81,"Mt Laurel, NJ, United States",2022-07-30,32.2,23.3,27.3,31.2,23.3,27.0,16.4,55.0,0.0,0.0,0.0,,0,0,34.2,17.1,317.2,1016.9,27.1,16.0,176.8,15.3,10,10,2022-07-30T05:56:21,2022-07-30T20:15:12,0.01,Partially cloudy,Partly cloudy throughout the day.,partly-cloudy-day,"KVAY,KWRI,F5255,72408594732,72407493780,F5135,72409614706,KPNE",483
82,"Mt Laurel, NJ, United States",2022-07-31,32.7,18.9,25.8,32.5,18.9,26.2,17.7,63.4,0.17,100.0,8.33,rain,0,0,29.5,14.7,112.3,1020.4,22.6,16.0,160.1,13.9,8,10,2022-07-31T05:57:16,2022-07-31T20:14:10,0.04,"Rain, Partially cloudy",Clearing in the afternoon with late afternoon rain.,rain,"KVAY,KWRI,72408594732,72407493780,F5135,72409614706,E8839,KPNE",483
83,"Mt Laurel, NJ, United States",2022-08-01,26.6,21.5,23.3,26.6,21.5,23.3,20.1,82.2,4.57,100.0,25.0,rain,0,0,20.2,9.6,216.3,1014.5,86.3,13.6,48.8,4.0,2,10,2022-08-01T05:58:11,2022-08-01T20:13:08,0.07,"Rain, Partially cloudy",Partly cloudy throughout the day with rain clearing later.,rain,"KVAY,KWRI,72408594732,72407493780,F5135,72409614706,E8839,KPNE",483
84,"Mt Laurel, NJ, United States",2022-08-02,33.7,21.6,27.7,35.4,21.6,28.7,19.9,65.9,0.33,100.0,8.33,rain,0,0,33.5,16.8,232.9,1010.4,18.7,15.3,145.6,12.5,8,60,2022-08-02T05:59:06,2022-08-02T20:12:04,0.1,Rain,Clear conditions throughout the day with early morning rain.,rain,"KVAY,KWRI,E8427,72408594732,72407493780,F5135,72409614706,KPNE",483
85,"Mt Laurel, NJ, United States",2022-08-03,33.8,21.8,28.1,34.1,21.8,28.4,17.4,54.4,0.0,0.0,0.0,,0,0,25.9,14.7,286.8,1015.0,0.1,16.0,179.6,15.4,9,10,2022-08-03T06:00:01,2022-08-03T20:10:58,0.14,Clear,Clear conditions throughout the day.,clear-day,"KVAY,KWRI,E8427,72408594732,72407493780,F5135,72409614706,E8839,KPNE",483
86,"Mt Laurel, NJ, United States",2022-08-04,36.7,21.7,29.4,40.3,21.7,31.5,20.7,62.3,0.0,0.0,0.0,rain,0,0,33.5,15.1,171.6,1017.2,9.2,15.0,181.8,15.6,9,75,2022-08-04T06:00:57,2022-08-04T20:09:51,0.2,Clear,Clear conditions throughout the day.,clear-day,"KVAY,KWRI,72408594732,72407493780,F5135,72409614706,E8839,KPNE",483
87,"Mt Laurel, NJ, United States",2022-08-05,34.3,22.9,27.8,38.0,22.9,29.5,21.5,70.6,1.09,100.0,25.0,rain,0,0,55.4,15.2,266.2,1020.4,22.5,16.0,90.0,7.7,5,60,2022-08-05T06:01:53,2022-08-05T20:08:42,0.25,"Rain, Partially cloudy",Partly cloudy throughout the day with rain.,rain,"KVAY,KWRI,72408594732,72407493780,F5135,72409614706,E8839,KPNE",483
88,"Mt Laurel, NJ, United States",2022-08-06,33.3,23.3,28.6,37.1,23.3,30.7,21.8,68.1,0.01,100.0,4.17,rain,0,0,37.1,20.3,206.7,1022.6,13.4,16.0,149.1,12.9,9,60,2022-08-06T06:02:49,2022-08-06T20:07:33,0.31,Rain,Clear conditions throughout the day with early morning rain.,rain,"KVAY,KWRI,72408594732,72407493780,F5135,72409614706,E8839,KPNE",483
89,"Mt Laurel, NJ, United States",2022-08-07,34.9,25.6,30.2,39.5,25.6,32.9,22.1,64.2,0.0,0.0,0.0,,0,0,40.7,17.4,239.6,1021.2,17.8,16.0,145.4,12.4,9,60,2022-08-07T06:03:46,2022-08-07T20:06:22,0.36,Clear,Clear conditions throughout the day.,clear-day,"KVAY,KWRI,72408594732,72407493780,F5135,72409614706,E8839,KPNE",483
90,"Mt Laurel, NJ, United States",2022-08-08,35.6,26.1,30.7,40.5,26.1,33.8,22.7,64.3,0.0,0.0,0.0,rain,0,0,37.1,22.6,263.9,1016.3,18.5,16.0,143.0,12.5,8,60,2022-08-08T06:04:42,2022-08-08T20:05:09,0.41,Clear,Clear conditions throughout the day.,clear-day,"KVAY,KWRI,72408594732,72407493780,F5135,72409614706,KPNE",483
91,"Mt Laurel, NJ, United States",2022-08-09,37.2,26.7,31.3,43.0,29.5,35.9,23.4,65.2,10.71,100.0,12.5,rain,0,0,44.6,18.8,269.5,1013.7,24.0,15.5,164.3,14.4,9,75,2022-08-09T06:05:39,2022-08-09T20:03:55,0.45,"Rain, Partially cloudy",Becoming cloudy in the afternoon with late afternoon rain.,rain,"KVAY,KWRI,72408594732,72407493780,F5135,72409614706,KPNE",483
92,"Mt Laurel, NJ, United States",2022-08-10,33.7,25.0,28.6,35.7,25.0,29.7,21.6,68.1,0.0,0.0,0.0,rain,0,0,21.6,14.6,206.7,1016.0,41.4,15.1,190.0,16.4,9,30,2022-08-10T06:06:35,2022-08-10T20:02:40,0.48,Partially cloudy,Becoming cloudy in the afternoon.,partly-cloudy-day,"KVAY,KWRI,72408594732,72407493780,F5135,72409614706,E8839,KPNE",483
93,"Mt Laurel, NJ, United States",2022-08-11,32.1,23.3,27.0,31.9,23.3,27.4,19.8,67.8,31.3,100.0,25.0,rain,0,0,38.9,11.2,271.7,1012.5,52.4,14.8,137.9,11.9,7,30,2022-08-11T06:07:32,2022-08-11T20:01:24,0.5,"Rain, Partially cloudy",Partly cloudy throughout the day with a chance of rain throughout the day.,rain,"KVAY,KWRI,72408594732,72407493780,F5135,72409614706,KPNE",483
94,"Mt Laurel, NJ, United States",2022-08-12,31.1,19.5,25.9,29.5,19.5,25.5,12.8,46.3,0.0,0.0,0.0,,0,0,37.1,17.1,199.5,1015.0,25.9,16.0,149.1,12.7,9,10,2022-08-12T06:08:29,2022-08-12T20:00:07,0.5,Partially cloudy,Partly cloudy throughout the day.,partly-cloudy-day,"KVAY,KWRI,72408594732,72407493780,F5135,72409614706,KPNE",483
95,"Mt Laurel, NJ, United States",2022-08-13,28.3,17.1,22.6,27.3,17.1,22.3,9.8,46.3,0.0,0.0,0.0,,0,0,33.5,17.8,201.0,1018.6,0.0,16.0,184.4,16.1,10,10,2022-08-13T06:09:26,2022-08-13T19:58:49,0.52,Clear,Clear conditions throughout the day.,clear-day,"KVAY,KWRI,72408594732,72407493780,F5135,72409614706,KPNE",483
96,"Mt Laurel, NJ, United States",2022-08-14,29.9,17.2,22.9,28.7,17.2,22.7,13.4,58.5,0.0,0.0,0.0,,0,0,27.7,14.2,116.8,1017.4,8.4,16.0,121.3,10.5,9,10,2022-08-14T06:10:23,2022-08-14T19:57:29,0.54,Clear,Clear conditions throughout the day.,clear-day,"KVAY,KWRI,72408594732,72407493780,F5135,72409614706,E8839,KPNE",483
97,"Mt Laurel, NJ, United States",2022-08-15,28.8,16.7,22.0,28.3,16.7,21.9,13.8,62.6,0.0,0.0,0.0,,0,0,35.3,13.5,113.1,1015.4,5.8,16.0,84.2,7.4,4,10,2022-08-15T06:11:20,2022-08-15T19:56:08,0.58,Clear,Clear conditions throughout the day.,clear-day,"KVAY,KWRI,72408594732,72407493780,F5135,72409614706,E8839,KPNE",483
98,"Mt Laurel, NJ, United States",2022-08-16,28.8,15.1,21.9,28.0,15.1,21.8,13.2,61.6,0.0,0.0,0.0,,0,0,43.4,17.0,79.6,1015.6,1.2,16.0,152.8,13.2,9,10,2022-08-16T06:12:17,2022-08-16T19:54:47,0.62,Clear,Clear conditions throughout the day.,clear-day,"KVAY,KWRI,72408594732,72407493780,F5135,72409614706,KPNE",483
99,"Mt Laurel, NJ, United States",2022-08-17,28.7,16.8,22.9,28.2,16.8,22.8,14.2,61.4,0.0,0.0,0.0,,0,0,21.2,13.1,94.3,1015.4,33.8,16.0,160.1,13.9,9,10,2022-08-17T06:13:13,2022-08-17T19:53:24,0.67,Partially cloudy,Partly cloudy throughout the day.,partly-cloudy-day,"KVAY,KWRI,72408594732,72407493780,F5135,72409614706,KPNE",483
100,"Mt Laurel, NJ, United States",2022-08-18,30.6,16.7,24.1,29.6,16.7,23.8,13.8,56.7,0.0,0.0,0.0,,0,0,33.5,18.6,287.5,1013.5,4.4,16.0,140.6,12.1,9,10,2022-08-18T06:14:10,2022-08-18T19:52:00,0.72,Clear,Clear conditions throughout the day.,clear-day,"KVAY,KWRI,72408594732,72407493780,F5135,72409614706,KPNE",483
101,"Mt Laurel, NJ, United States",2022-08-19,33.8,17.3,26.0,32.7,17.3,25.7,15.3,56.5,0.0,0.0,0.0,,0,0,34.6,11.7,158.5,1017.6,3.8,16.0,146.3,12.5,9,10,2022-08-19T06:15:07,2022-08-19T19:50:36,0.77,Clear,Clear conditions throughout the day.,clear-day,"KVAY,KWRI,72408594732,72407493780,F5135,72409614706,KPNE",483
102,"Mt Laurel, NJ, United States",2022-08-20,34.8,21.2,27.1,34.7,21.2,27.2,17.3,58.7,0.0,0.0,0.0,,0,0,31.7,13.3,177.8,1020.4,4.3,16.0,110.8,9.5,7,30,2022-08-20T06:16:04,2022-08-20T19:49:10,0.82,Clear,Clear conditions throughout the day.,clear-day,"KVAY,KWRI,72408594732,72407493780,F5135,72409614706,KPNE",483
103,"Mt Laurel, NJ, United States",2022-08-21,31.0,18.9,24.3,32.5,18.9,24.9,18.8,73.1,0.12,100.0,4.17,rain,0,0,27.7,16.1,59.1,1018.9,31.8,14.2,87.9,7.6,3,30,2022-08-21T06:17:01,2022-08-21T19:47:44,0.86,"Rain, Partially cloudy",Partly cloudy throughout the day with late afternoon rain.,rain,"KVAY,KWRI,72408594732,72407493780,F5135,72409614706,KPNE",483
104,"Mt Laurel, NJ, United States",2022-08-22,31.0,22.1,25.5,33.5,22.1,26.2,21.5,79.6,11.64,100.0,54.17,rain,0,0,40.7,23.4,113.4,1012.4,71.1,14.9,75.6,6.5,3,75,2022-08-22T06:17:58,2022-08-22T19:46:16,0.9,"Rain, Partially cloudy",Partly cloudy throughout the day with a chance of rain throughout the day.,rain,"KVAY,KWRI,E8427,72408594732,72407493780,F5135,72409614706,KPNE",483
105,"Mt Laurel, NJ, United States",2022-08-23,30.6,20.6,25.5,32.1,20.6,26.0,19.2,70.5,0.28,100.0,4.17,rain,0,0,21.2,15.2,215.2,1010.2,53.4,13.6,111.2,9.5,8,30,2022-08-23T06:18:55,2022-08-23T19:44:48,0.94,"Rain, Partially cloudy",Partly cloudy throughout the day with early morning rain.,rain,"KVAY,KWRI,72408594732,72407493780,F5135,72409614706,KPNE",483
106,"Mt Laurel, NJ, United States",2022-08-24,32.8,19.4,26.0,31.6,19.4,25.9,16.6,60.9,0.0,0.0,0.0,,0,0,29.5,19.3,286.6,1014.5,5.1,16.0,134.0,11.8,9,30,2022-08-24T06:19:52,2022-08-24T19:43:19,0.97,Clear,Clear conditions throughout the day.,clear-day,"KVAY,KWRI,72408594732,72407493780,F5135,72409614706,KPNE",483
107,"Mt Laurel, NJ, United States",2022-08-25,33.8,18.0,25.9,32.8,18.0,25.8,16.4,60.2,0.0,0.0,0.0,,0,0,28.4,11.1,140.7,1016.8,7.2,15.6,143.3,12.4,9,10,2022-08-25T06:20:48,2022-08-25T19:41:49,0.99,Clear,Clear conditions throughout the day.,clear-day,"KVAY,KWRI,72408594732,72407493780,F5135,KPNE",483
108,"Mt Laurel, NJ, United States",2022-08-26,33.8,21.3,27.7,35.1,21.3,28.8,19.6,63.8,0.0,0.0,0.0,rain,0,0,29.5,16.8,222.2,1013.8,22.1,15.6,135.3,11.6,8,75,2022-08-26T06:21:45,2022-08-26T19:40:19,1.0,Partially cloudy,Partly cloudy throughout the day.,partly-cloudy-day,"KVAY,KWRI,72408594732,72407493780,F5135,E8839,KPNE",483
109,"Mt Laurel, NJ, United States",2022-08-27,34.1,21.7,27.5,34.5,21.7,28.2,19.4,63.9,0.0,0.0,0.0,,0,0,25.2,13.2,169.2,1015.1,30.8,15.6,190.4,16.4,9,60,2022-08-27T06:22:42,2022-08-27T19:38:48,0.0,Partially cloudy,Partly cloudy throughout the day.,partly-cloudy-day,"KVAY,KWRI,72408594732,72407493780,F5135,72409614706,E8839,KPNE",483
110,"Mt Laurel, NJ, United States",2022-08-28,31.0,22.8,26.2,34.2,22.8,27.4,21.9,77.9,0.0,0.0,0.0,rain,0,0,37.1,17.5,63.0,1019.5,85.8,13.2,150.7,12.9,7,75,2022-08-28T06:23:38,2022-08-28T19:37:16,0.01,Partially cloudy,Partly cloudy throughout the day.,partly-cloudy-day,"KVAY,KWRI,72408594732,72407493780,F5135,72409614706,KPNE",483
111,"Mt Laurel, NJ, United States",2022-08-29,33.8,23.3,27.1,37.0,23.3,28.0,21.5,74.5,3.83,100.0,4.17,rain,0,0,31.0,11.3,107.8,1019.0,48.2,10.9,128.8,11.1,8,60,2022-08-29T06:24:35,2022-08-29T19:35:43,0.02,"Rain, Partially cloudy",Partly cloudy throughout the day with late afternoon rain.,rain,"KVAY,KWRI,72408594732,72407493780,F5135,72409614706,E8839,KPNE",483
112,"Mt Laurel, NJ, United States",2022-08-30,34.3,23.9,28.0,36.2,23.9,29.1,21.7,71.6,10.83,100.0,12.5,rain,0,0,50.0,16.2,246.5,1012.0,57.7,15.9,132.8,11.5,9,75,2022-08-30T06:25:31,2022-08-30T19:34:10,0.05,"Rain, Partially cloudy",Partly cloudy throughout the day with late afternoon rain.,rain,"KVAY,KWRI,72408594732,72407493780,F5135,72409614706,KPNE",483
113,"Mt Laurel, NJ, United States",2022-08-31,30.5,20.7,25.5,29.7,20.7,25.4,16.7,61.7,0.07,100.0,4.17,rain,0,0,33.1,22.2,290.3,1010.0,21.0,16.0,135.9,11.8,9,10,2022-08-31T06:26:28,2022-08-31T19:32:36,0.09,"Rain, Partially cloudy",Becoming cloudy in the afternoon with early morning rain.,rain,"KVAY,KWRI,72408594732,72407493780,F5135,72409614706,E8839,KPNE",483
114,"Mt Laurel, NJ, United States",2022-09-01,31.6,18.4,24.4,30.6,18.4,24.0,13.1,52.6,0.0,0.0,0.0,,0,0,33.5,18.1,286.4,1014.2,0.0,16.0,133.7,11.3,9,10,2022-09-01T06:27:24,2022-09-01T19:31:02,0.13,Clear,Clear conditions throughout the day.,clear-day,"KVAY,KWRI,72408594732,72407493780,F5135,E8839,KPNE",483
115,"Mt Laurel, NJ, United States",2022-09-02,28.8,15.0,21.5,27.8,15.0,21.4,12.7,60.1,0.0,0.0,0.0,,0,0,27.4,12.9,67.5,1022.7,0.0,16.0,126.3,10.9,9,10,2022-09-02T06:28:21,2022-09-02T19:29:27,0.18,Clear,Clear conditions throughout the day.,clear-day,"KVAY,KWRI,72408594732,72407493780,F5135,E8839,KPNE",483
116,"Mt Laurel, NJ, United States",2022-09-03,29.9,16.7,23.1,30.7,16.7,23.3,16.9,70.8,0.0,0.0,0.0,,0,0,22.3,8.1,49.3,1023.8,20.0,16.0,128.8,11.1,7,30,2022-09-03T06:29:17,2022-09-03T19:27:52,0.24,Clear,Becoming cloudy in the afternoon.,clear-day,"KVAY,KWRI,72408594732,72407493780,F5135,E8839,KPNE",483
117,"Mt Laurel, NJ, United States",2022-09-04,32.8,18.9,25.8,33.7,18.9,26.5,18.4,66.6,0.0,0.0,0.0,rain,0,0,32.0,14.5,165.3,1019.8,13.9,16.0,104.5,9.0,7,30,2022-09-04T06:30:13,2022-09-04T19:26:16,0.29,Clear,Clear conditions throughout the day.,clear-day,"KVAY,KWRI,72408594732,72407493780,F5135,E8839,KPNE",483
118,"Mt Laurel, NJ, United States",2022-09-05,33.2,21.2,26.3,33.5,21.2,26.6,18.8,66.3,0.0,0.0,0.0,rain,0,0,36.0,11.5,154.3,1018.1,28.8,16.0,97.5,8.5,5,10,2022-09-05T06:31:10,2022-09-05T19:24:40,0.35,Partially cloudy,Clearing in the afternoon.,partly-cloudy-day,"KVAY,KWRI,72408594732,72407493780,F5135,E8839,KPNE",483
119,"Mt Laurel, NJ, United States",2022-09-06,25.0,20.3,23.1,25.0,20.3,23.1,20.7,86.4,25.39,100.0,54.17,rain,0,0,38.9,21.7,72.6,1014.9,93.3,13.1,28.0,2.4,1,30,2022-09-06T06:32:06,2022-09-06T19:23:03,0.4,"Rain, Overcast",Cloudy skies throughout the day with a chance of rain throughout the day.,rain,"KVAY,KWRI,72408594732,72407493780,F5135,72409614706,KPNE",483
120,"Mt Laurel, NJ, United States",2022-09-07,23.2,20.6,21.7,23.2,20.6,21.7,18.5,82.3,1.79,100.0,33.33,rain,0,0,36.7,18.6,27.5,1014.5,99.9,14.2,44.9,3.9,2,10,2022-09-07T06:33:02,2022-09-07T19:21:26,0.44,"Rain, Overcast",Cloudy skies throughout the day with rain.,rain,"KVAY,KWRI,F5255,72408594732,72407493780,F5135,72409614706,KPNE",483
121,"Mt Laurel, NJ, United States",2022-09-08,26.7,17.8,22.2,26.9,17.8,22.2,15.7,68.8,0.0,0.0,0.0,rain,0,0,31.7,22.2,80.4,1012.9,48.2,16.0,139.8,11.9,9,10,2022-09-08T06:33:58,2022-09-08T19:19:49,0.47,Partially cloudy,Partly cloudy throughout the day.,partly-cloudy-day,"KVAY,KWRI,72408594732,72407493780,F5135,E8839,KPNE",483
122,"Mt Laurel, NJ, United States",2022-09-09,28.3,14.4,21.0,27.6,14.4,20.9,13.6,66.6,0.0,0.0,0.0,,0,0,25.2,11.3,54.0,1017.4,0.0,15.2,112.5,9.8,8,10,2022-09-09T06:34:55,2022-09-09T19:18:11,0.49,Clear,Clear conditions throughout the day.,clear-day,"KVAY,KWRI,72408594732,72407493780,F5135,E8839,KPNE",483
123,"Mt Laurel, NJ, United States",2022-09-10,29.3,12.9,21.3,29.0,12.9,21.3,14.8,69.2,0.0,0.0,0.0,rain,0,0,24.1,9.3,85.0,1023.1,1.6,15.8,125.8,10.8,8,10,2022-09-10T06:35:51,2022-09-10T19:16:33,0.5,Clear,Clear conditions throughout the day.,clear-day,"KVAY,KWRI,72408594732,72407493780,F5135,72409614706,KPNE",483
124,"Mt Laurel, NJ, United States",2022-09-11,26.9,20.7,23.0,28.2,20.7,23.0,19.7,82.0,3.47,100.0,33.33,rain,0,0,36.0,11.1,61.0,1019.4,81.8,15.0,41.3,3.6,2,10,2022-09-11T06:36:47,2022-09-11T19:14:55,0.51,"Rain, Partially cloudy",Partly cloudy throughout the day with rain.,rain,"KVAY,KWRI,72408594732,72407493780,F5135,72409614706,KPNE",483
125,"Mt Laurel, NJ, United States",2022-09-12,29.9,23.3,25.9,32.6,23.3,26.7,21.8,79.5,1.55,100.0,16.67,rain,0,0,28.4,9.2,215.4,1010.3,80.4,14.0,97.9,8.3,8,75,2022-09-12T06:37:43,2022-09-12T19:13:16,0.53,"Rain, Partially cloudy",Partly cloudy throughout the day with rain.,rain,"KVAY,KWRI,72408594732,72407493780,F5135,72409614706,KPNE",483
126,"Mt Laurel, NJ, United States",2022-09-13,29.9,19.4,25.2,31.1,19.4,25.4,18.6,69.9,0.35,100.0,8.33,rain,0,0,35.9,22.0,248.1,1007.9,60.5,15.2,52.8,4.5,3,60,2022-09-13T06:38:40,2022-09-13T19:11:38,0.56,"Rain, Partially cloudy",Partly cloudy throughout the day with early morning rain.,rain,"KVAY,KWRI,72408594732,72407493780,F5135,KPNE",483
127,"Mt Laurel, NJ, United States",2022-09-14,27.8,15.7,22.0,27.5,15.7,22.0,13.2,59.0,0.0,0.0,0.0,,0,0,31.7,18.3,309.0,1014.7,1.2,16.0,121.8,10.6,8,10,2022-09-14T06:39:36,2022-09-14T19:09:59,0.6,Clear,Clear conditions throughout the day.,clear-day,"KVAY,KWRI,72408594732,72407493780,F5135,KPNE",483
128,"Mt Laurel, NJ, United States",2022-09-15,24.9,13.0,20.5,24.9,13.0,20.5,10.9,57.7,0.0,0.0,0.0,,0,0,37.1,20.7,287.2,1020.5,0.0,15.9,109.4,9.3,7,10,2022-09-15T06:40:32,2022-09-15T19:08:20,0.64,Clear,Clear conditions throughout the day.,clear-day,"KVAY,KWRI,72408594732,72407493780,F5135,72409614706,KPNE",483
129,"Mt Laurel, NJ, United States",2022-09-16,26.1,10.1,17.8,26.1,10.1,17.8,10.1,65.1,0.0,0.0,0.0,,0,0,16.6,10.6,190.8,1022.2,0.0,16.0,114.6,10.0,6,10,2022-09-16T06:41:29,2022-09-16T19:06:41,0.69,Clear,Clear conditions throughout the day.,clear-day,"KVAY,KWRI,72408594732,72407493780,F5135,72409614706,KPNE",483
130,"Mt Laurel, NJ, United States",2022-09-17,28.2,14.0,21.2,28.7,14.0,21.2,14.8,69.4,0.0,0.0,0.0,,0,0,27.7,11.3,84.5,1023.1,23.7,16.0,94.1,8.0,6,10,2022-09-17T06:42:25,2022-09-17T19:05:01,0.74,Partially cloudy,Becoming cloudy in the afternoon.,partly-cloudy-day,"KVAY,KWRI,72408594732,72407493780,F5135,KPNE",483
131,"Mt Laurel, NJ, United States",2022-09-18,29.3,15.8,22.7,29.0,15.8,22.6,15.2,65.9,0.0,0.0,0.0,rain,0,0,29.5,18.3,273.5,1018.8,0.3,15.5,96.7,8.5,6,10,2022-09-18T06:43:22,2022-09-18T19:03:22,0.78,Clear,Clear conditions throughout the day.,clear-day,"KVAY,KWRI,72408594732,72407493780,F5135,KPNE",483
132,"Mt Laurel, NJ, United States",2022-09-19,32.1,19.4,24.5,31.9,19.4,24.5,17.1,66.4,0.05,100.0,4.17,rain,0,0,38.9,22.5,249.1,1013.6,16.7,15.9,95.3,8.1,7,30,2022-09-19T06:44:19,2022-09-19T19:01:43,0.83,Rain,Clear conditions throughout the day with afternoon rain.,rain,"KVAY,KWRI,72408594732,72407493780,F5135,KPNE",483
133,"Mt Laurel, NJ, United States",2022-09-20,28.3,17.9,22.9,27.8,17.9,22.9,15.0,64.4,0.0,0.0,0.0,,0,0,33.4,20.4,222.4,1012.6,28.7,15.0,134.5,11.5,7,10,2022-09-20T06:45:16,2022-09-20T19:00:03,0.87,Partially cloudy,Becoming cloudy in the afternoon.,partly-cloudy-day,"KVAY,KWRI,72408594732,72407493780,F5135,KPNE",483
134,"Mt Laurel, NJ, United States",2022-09-21,28.3,14.4,21.5,28.0,14.4,21.5,14.3,66.5,0.0,0.0,0.0,,0,0,36.0,14.4,264.7,1013.4,3.6,16.0,100.2,8.6,6,10,2022-09-21T06:46:13,2022-09-21T18:58:24,0.91,Clear,Clear conditions throughout the day.,clear-day,"KVAY,KWRI,72408594732,72407493780,F5135,KPNE",483
135,"Mt Laurel, NJ, United States",2022-09-22,27.8,15.6,20.8,28.9,15.6,20.9,15.5,72.7,1.9,100.0,16.67,rain,0,0,42.5,21.2,273.6,1005.3,30.5,15.5,52.1,4.4,5,30,2022-09-22T06:47:10,2022-09-22T18:56:45,0.95,"Rain, Partially cloudy",Partly cloudy throughout the day with afternoon rain.,rain,"KVAY,KWRI,72408594732,72407493780,F5135,KPNE",483
136,"Mt Laurel, NJ, United States",2022-09-23,19.3,11.1,14.5,19.3,11.1,14.5,3.2,48.4,0.0,0.0,0.0,,0,0,49.4,27.8,326.3,1013.9,20.7,16.0,92.7,7.9,7,10,2022-09-23T06:48:07,2022-09-23T18:55:05,0.97,Partially cloudy,Clearing in the afternoon.,partly-cloudy-day,"KVAY,KWRI,72408594732,72407493780,F5135,KPNE",483
137,"Mt Laurel, NJ, United States",2022-09-24,21.1,7.3,13.8,21.1,7.3,13.6,4.3,54.8,0.0,0.0,0.0,,0,0,34.6,16.7,287.8,1016.6,3.8,16.0,67.4,5.7,5,10,2022-09-24T06:49:04,2022-09-24T18:53:26,0.99,Clear,Clear conditions throughout the day.,clear-day,"KVAY,KWRI,72408594732,72407493780,F5135,72409614706,KPNE",483
138,"Mt Laurel, NJ, United States",2022-09-25,24.9,13.9,17.4,24.9,13.9,17.4,13.1,77.2,3.51,100.0,12.5,rain,0,0,48.4,13.2,183.1,1007.5,56.6,15.5,61.3,5.2,3,10,2022-09-25T06:50:01,2022-09-25T18:51:47,1.0,"Rain, Partially cloudy",Partly cloudy throughout the day with rain.,rain,"KVAY,KWRI,72408594732,72407493780,F5135,E8839,KPNE",483
139,"Mt Laurel, NJ, United States",2022-09-26,25.0,13.0,19.2,25.0,13.0,19.2,11.2,64.5,0.0,0.0,0.0,rain,0,0,38.9,21.3,258.2,1006.3,38.4,16.0,113.3,9.8,8,10,2022-09-26T06:50:59,2022-09-26T18:50:08,0.0,Partially cloudy,Becoming cloudy in the afternoon.,partly-cloudy-day,"KVAY,KWRI,72408594732,72407493780,F5135,KPNE",483
140,"Mt Laurel, NJ, United States",2022-09-27,22.2,12.3,17.2,22.2,12.3,17.2,7.2,54.4,0.0,0.0,0.0,,0,0,35.3,23.7,284.2,1011.7,36.6,16.0,81.9,7.0,6,10,2022-09-27T06:51:57,2022-09-27T18:48:30,0.01,Partially cloudy,Becoming cloudy in the afternoon.,partly-cloudy-day,"KVAY,KWRI,72408594732,72407493780,F5135,72409614706,KPNE",483
141,"Mt Laurel, NJ, United States",2022-09-28,21.6,8.0,15.2,21.6,8.0,15.2,7.8,62.7,0.0,0.0,0.0,,0,0,37.1,16.4,312.0,1019.9,24.9,16.0,75.5,6.5,6,10,2022-09-28T06:52:55,2022-09-28T18:46:51,0.04,Partially cloudy,Becoming cloudy in the afternoon.,partly-cloudy-day,"KVAY,KWRI,72408594732,72407493780,F5135,E8839,KPNE",483
142,"Mt Laurel, NJ, United States",2022-09-29,20.0,10.0,15.1,20.0,8.7,15.1,7.7,63.1,0.0,0.0,0.0,,0,0,35.3,24.1,140.6,1026.5,5.9,16.0,93.1,8.0,6,10,2022-09-29T06:53:53,2022-09-29T18:45:13,0.07,Clear,Clear conditions throughout the day.,clear-day,"KVAY,KWRI,72408594732,72407493780,F5135,KPNE",483
143,"Mt Laurel, NJ, United States",2022-09-30,18.1,10.0,14.0,18.1,10.0,14.0,8.4,69.5,0.2,71.4,4.17,rain,0,0,37.8,18.4,34.1,1024.1,33.9,18.5,61.1,5.2,2,10,2022-09-30T06:54:52,2022-09-30T18:43:35,0.12,"Rain, Partially cloudy",Partly cloudy throughout the day with late afternoon rain.,rain,"KVAY,KWRI,F5135,KPNE",483
