,name,datetime,tempmax,tempmin,temp,feelslikemax,feelslikemin,feelslike,dew,humidity,precip,precipprob,precipcover,preciptype,snow,snowdepth,windgust,windspeed,winddir,sealevelpressure,cloudcover,visibility,solarradiation,solarenergy,uvindex,severerisk,sunrise,sunset,moonphase,conditions,description,icon,stations,skey
0,"Philadelphia, PA, United States",2022-05-10,22.9,11.2,16.6,22.9,11.2,16.6,-2.8,26.9,0.0,0.0,0.0,,0,0,52.7,32.7,55.1,1026.0,35.2,16.0,314.0,27.3,10,10,2022-05-10T05:50:26,2022-05-10T20:04:20,0.32,Partially cloudy,Partly cloudy throughout the day.,partly-cloudy-day,"F6057,72408013739,72408594732,72407493780,72030464752,E8199,KPHL,KPNE",519
1,"Philadelphia, PA, United States",2022-05-11,22.7,11.8,17.0,22.7,11.8,17.0,5.6,47.9,0.0,0.0,0.0,,0,0,45.7,30.7,52.9,1024.6,45.9,16.0,207.5,17.8,7,10,2022-05-11T05:49:24,2022-05-11T20:05:18,0.37,Partially cloudy,Partly cloudy throughout the day.,partly-cloudy-day,"KVAY,F6057,72408013739,72408594732,72407493780,72030464752,E8199,KPHL,KPNE",519
2,"Philadelphia, PA, United States",2022-05-12,24.0,13.0,18.5,24.0,13.0,18.5,13.8,74.4,0.0,0.0,0.0,,0,0,30.6,20.0,70.3,1024.8,63.9,16.0,228.3,19.7,10,10,2022-05-12T05:48:24,2022-05-12T20:06:16,0.41,Partially cloudy,Partly cloudy throughout the day.,partly-cloudy-day,"F6057,72408013739,72408594732,72407493780,72030464752,E8199,KPHL,KPNE",519
3,"Philadelphia, PA, United States",2022-05-13,23.4,15.9,18.9,23.4,15.9,18.9,17.1,89.5,6.2,100.0,29.17,rain,0,0,33.5,15.8,69.1,1023.4,98.5,11.3,152.1,13.1,8,30,2022-05-13T05:47:25,2022-05-13T20:07:13,0.45,"Rain, Overcast",Cloudy skies throughout the day with rain in the morning and afternoon.,rain,"KVAY,F6057,72408013739,72408594732,72407493780,72030464752,E8199,KPHL,KPNE",519
4,"Philadelphia, PA, United States",2022-05-14,21.0,18.1,19.4,21.0,18.1,19.4,18.3,93.4,3.96,100.0,37.5,rain,0,0,15.1,11.7,90.9,1017.8,87.5,9.2,65.6,5.7,3,10,2022-05-14T05:46:28,2022-05-14T20:08:10,0.48,"Rain, Partially cloudy",Partly cloudy throughout the day with rain.,rain,"F6057,72408013739,72408594732,72407493780,72030464752,E8199,KPHL,KPNE",519
5,"Philadelphia, PA, United States",2022-05-15,25.8,18.1,21.4,25.8,18.1,21.4,17.5,79.6,0.0,0.0,0.0,rain,0,0,37.1,15.6,170.4,1012.0,84.9,12.2,189.3,16.4,7,30,2022-05-15T05:45:32,2022-05-15T20:09:07,0.5,Partially cloudy,Partly cloudy throughout the day.,partly-cloudy-day,"F6057,72408013739,72408594732,72407493780,72030464752,E8199,KPHL,KPNE",519
6,"Philadelphia, PA, United States",2022-05-16,26.2,17.9,21.2,26.2,17.9,21.2,17.0,78.4,4.54,100.0,25.0,rain,0,0,51.7,27.5,205.6,1005.9,69.2,14.0,148.0,12.9,7,60,2022-05-16T05:44:38,2022-05-16T20:10:02,0.5,"Rain, Partially cloudy",Partly cloudy throughout the day with rain.,rain,"F6057,72408013739,72408594732,72407493780,72030464752,E8199,KPHL,KPNE",519
7,"Philadelphia, PA, United States",2022-05-17,26.8,13.3,20.6,26.5,13.3,20.6,7.8,48.0,0.0,0.0,0.0,,0,0,54.4,33.2,260.3,1009.2,18.3,16.0,307.9,26.7,10,10,2022-05-17T05:43:45,2022-05-17T20:10:58,0.52,Clear,Clear conditions throughout the day.,clear-day,"F6057,72408013739,72408594732,72407493780,72030464752,E8199,KPHL,KPNE",519
8,"Philadelphia, PA, United States",2022-05-18,22.3,12.7,18.4,22.3,12.7,18.4,6.0,45.2,0.0,0.0,0.0,,0,0,37.1,19.7,278.9,1014.7,46.0,16.0,303.4,26.1,9,10,2022-05-18T05:42:54,2022-05-18T20:11:53,0.54,Partially cloudy,Partly cloudy throughout the day.,partly-cloudy-day,"F6057,72408013739,72408594732,72407493780,72030464752,E8199,KPHL,KPNE",519
9,"Philadelphia, PA, United States",2022-05-19,25.2,13.6,18.4,25.2,13.6,18.4,14.3,78.2,11.52,100.0,33.33,rain,0,0,32.4,18.5,183.0,1008.1,78.7,14.2,148.0,12.6,7,30,2022-05-19T05:42:05,2022-05-19T20:12:47,0.58,"Rain, Partially cloudy",Partly cloudy throughout the day with rain clearing later.,rain,"F6057,72408013739,72408594732,72407493780,72030464752,E8199,KPHL,KLOM,KPNE",519
10,"Philadelphia, PA, United States",2022-05-20,29.8,15.6,21.9,30.2,15.6,22.0,17.8,79.5,4.31,100.0,12.5,rain,0,0,39.3,23.4,101.8,1011.9,62.5,15.0,173.5,14.9,9,60,2022-05-20T05:41:18,2022-05-20T20:13:41,0.63,"Rain, Partially cloudy",Partly cloudy throughout the day with afternoon rain.,rain,"F6057,72408013739,72408594732,72407493780,72030464752,E8199,KPHL,KPNE",519
11,"Philadelphia, PA, United States",2022-05-21,34.6,19.1,26.7,36.8,19.1,27.7,19.4,68.5,0.0,0.0,0.0,rain,0,0,29.9,21.5,157.5,1015.6,51.9,12.1,310.8,26.8,9,100,2022-05-21T05:40:32,2022-05-21T20:14:34,0.68,Partially cloudy,Partly cloudy throughout the day.,partly-cloudy-day,"F6057,72408013739,72408594732,72407493780,72030464752,E8199,KPHL,KPNE",519
12,"Philadelphia, PA, United States",2022-05-22,32.5,23.3,27.0,34.6,23.3,27.8,19.8,66.0,0.47,100.0,8.33,rain,0,0,50.0,22.7,227.3,1016.4,51.4,15.9,269.6,23.0,9,100,2022-05-22T05:39:48,2022-05-22T20:15:26,0.74,"Rain, Partially cloudy",Clearing in the afternoon with late afternoon rain.,rain,"72408013739,72408594732,72407493780,72030464752,E8199,KPHL,KPNE",519
13,"Philadelphia, PA, United States",2022-05-23,25.0,16.2,20.8,25.0,16.2,20.8,10.5,53.5,0.2,100.0,8.33,rain,0,0,48.1,25.7,225.3,1021.4,69.7,16.0,294.5,25.5,9,10,2022-05-23T05:39:06,2022-05-23T20:16:18,0.79,"Rain, Partially cloudy",Partly cloudy throughout the day with early morning rain.,rain,"KVAY,F6057,72408013739,72408594732,72407493780,72030464752,E8199,KPHL,KPNE",519
14,"Philadelphia, PA, United States",2022-05-24,21.5,15.2,18.3,21.5,15.2,18.3,9.9,58.7,0.28,100.0,12.5,rain,0,0,33.5,21.8,98.1,1024.6,96.3,16.0,207.3,17.8,7,10,2022-05-24T05:38:25,2022-05-24T20:17:09,0.85,"Rain, Overcast",Cloudy skies throughout the day with rain clearing later.,rain,"72408013739,72408594732,72407493780,72030464752,E8199,KPHL,KPNE",519
15,"Philadelphia, PA, United States",2022-05-25,24.1,12.5,17.7,24.1,12.5,17.7,8.9,58.6,0.0,0.0,0.0,,0,0,33.5,18.3,84.6,1027.4,64.3,16.0,289.0,25.1,9,10,2022-05-25T05:37:46,2022-05-25T20:17:59,0.89,Partially cloudy,Partly cloudy throughout the day.,partly-cloudy-day,"F6057,72408013739,72408594732,72407493780,72030464752,E8199,KPHL,KPNE",519
16,"Philadelphia, PA, United States",2022-05-26,22.8,12.0,18.1,22.8,12.0,18.1,12.7,71.6,0.0,0.0,0.0,,0,0,31.3,16.1,121.5,1024.0,89.4,15.4,191.5,16.5,10,10,2022-05-26T05:37:09,2022-05-26T20:18:48,0.93,Partially cloudy,Partly cloudy throughout the day.,partly-cloudy-day,"72408013739,72408594732,72407493780,72030464752,E8199,KPHL,KPNE",519
17,"Philadelphia, PA, United States",2022-05-27,26.5,19.1,20.9,26.5,19.1,20.9,19.0,88.7,6.54,100.0,16.67,rain,0,0,49.1,21.5,172.3,1013.1,95.1,12.0,76.3,6.5,3,60,2022-05-27T05:36:34,2022-05-27T20:19:36,0.96,"Rain, Overcast",Cloudy skies throughout the day with rain.,rain,"KVAY,F6057,72408013739,72408594732,72407493780,72030464752,E8199,KPHL,KPNE",519
18,"Philadelphia, PA, United States",2022-05-28,24.8,19.1,21.9,24.8,19.1,21.9,17.0,75.4,17.41,100.0,37.5,rain,0,0,51.8,35.1,254.9,1008.3,79.1,15.5,214.6,18.4,10,30,2022-05-28T05:36:01,2022-05-28T20:20:23,0.99,"Rain, Partially cloudy",Partly cloudy throughout the day with a chance of rain throughout the day.,rain,"KVAY,72408013739,72408594732,72407493780,72030464752,E8199,KPHL,KPNE",519
19,"Philadelphia, PA, United States",2022-05-29,27.2,16.9,22.7,27.0,16.9,22.7,13.7,58.9,0.0,0.0,0.0,rain,0,0,19.1,13.7,227.4,1017.1,53.9,16.0,260.9,22.5,10,10,2022-05-29T05:35:30,2022-05-29T20:21:09,1.0,Partially cloudy,Partly cloudy throughout the day.,partly-cloudy-day,"72510954782,72408013739,72408594732,72407493780,72030464752,72511354786,E8199,KPHL,KLOM,KPNE",519
20,"Philadelphia, PA, United States",2022-05-30,31.5,17.6,25.1,32.7,17.6,25.6,17.5,65.0,0.0,0.0,0.0,,0,0,24.8,17.5,185.3,1019.0,26.5,15.9,329.3,28.6,10,30,2022-05-30T05:35:00,2022-05-30T20:21:55,0.0,Partially cloudy,Partly cloudy throughout the day.,partly-cloudy-day,"72408013739,72408594732,72407493780,72030464752,E8199,KPHL,KPNE",519
21,"Philadelphia, PA, United States",2022-05-31,34.8,22.0,28.7,34.7,22.0,29.1,18.2,56.9,0.0,0.0,0.0,,0,0,35.3,21.4,268.1,1015.6,31.4,16.0,327.0,28.2,9,30,2022-05-31T05:34:32,2022-05-31T20:22:39,0.0,Partially cloudy,Partly cloudy throughout the day.,partly-cloudy-day,"72408013739,72408594732,72407493780,72030464752,E8199,KPHL,KPNE",519
22,"Philadelphia, PA, United States",2022-06-01,29.5,18.6,24.2,31.7,18.6,24.6,18.2,69.8,0.0,0.0,0.0,rain,0,0,28.1,20.0,126.3,1012.6,52.3,16.0,278.9,24.0,9,30,2022-06-01T05:34:07,2022-06-01T20:23:22,0.02,Partially cloudy,Partly cloudy throughout the day.,partly-cloudy-day,"KVAY,F6057,72408013739,72408594732,72407493780,72030464752,E8199,KPHL,KPNE",519
23,"Philadelphia, PA, United States",2022-06-02,29.3,17.4,22.6,30.8,17.4,22.9,18.5,78.9,23.38,100.0,33.33,rain,0,0,62.7,18.6,198.7,1007.8,82.0,14.7,235.3,20.5,9,60,2022-06-02T05:33:43,2022-06-02T20:24:04,0.04,"Rain, Partially cloudy",Partly cloudy throughout the day with rain.,rain,"KVAY,72408013739,72408594732,72407493780,72030464752,E8199,KPHL,KPNE",519
24,"Philadelphia, PA, United States",2022-06-03,26.5,20.4,23.1,26.5,20.4,23.1,15.2,65.0,0.71,100.0,8.33,rain,0,0,27.7,20.7,271.4,1008.1,68.6,13.9,242.3,21.0,10,30,2022-06-03T05:33:21,2022-06-03T20:24:44,0.07,"Rain, Partially cloudy",Partly cloudy throughout the day with morning rain.,rain,"KVAY,72408013739,72408594732,72407493780,72030464752,E8199,KPHL,KPNE",519
25,"Philadelphia, PA, United States",2022-06-04,29.0,16.4,23.3,27.7,16.4,22.9,8.7,43.3,0.0,0.0,0.0,,0,0,40.7,22.1,259.5,1011.7,22.4,16.0,317.7,27.4,10,10,2022-06-04T05:33:01,2022-06-04T20:25:24,0.11,Partially cloudy,Partly cloudy throughout the day.,partly-cloudy-day,"72408013739,72408594732,72407493780,72030464752,E8199,KPHL,KPNE",519
26,"Philadelphia, PA, United States",2022-06-05,26.0,15.5,21.1,26.0,15.5,21.1,5.6,37.7,0.0,0.0,0.0,,0,0,33.5,17.8,112.2,1015.3,20.8,16.0,343.0,29.6,10,10,2022-06-05T05:32:43,2022-06-05T20:26:02,0.14,Partially cloudy,Partly cloudy throughout the day.,partly-cloudy-day,"72408013739,72408594732,72407493780,72030464752,E8199,KPHL,KPNE",519
27,"Philadelphia, PA, United States",2022-06-06,27.5,13.8,21.3,26.7,13.8,21.3,8.0,44.5,0.0,0.0,0.0,,0,0,35.3,21.3,186.1,1017.4,11.8,16.0,336.8,28.9,10,10,2022-06-06T05:32:27,2022-06-06T20:26:39,0.19,Clear,Clear conditions throughout the day.,clear-day,"72408013739,72408594732,72407493780,72030464752,E8199,KPHL,KPNE",519
28,"Philadelphia, PA, United States",2022-06-07,25.9,16.1,21.7,25.9,16.1,21.7,14.7,65.4,2.06,100.0,16.67,rain,0,0,41.0,23.1,176.3,1016.1,66.1,15.8,191.8,16.6,10,10,2022-06-07T05:32:13,2022-06-07T20:27:14,0.24,"Rain, Partially cloudy",Partly cloudy throughout the day with late afternoon rain.,rain,"F6057,72408013739,72408594732,72407493780,72030464752,E8199,KPHL,KPNE",519
29,"Philadelphia, PA, United States",2022-06-08,29.5,21.4,25.2,29.6,21.4,25.3,18.1,67.0,0.45,100.0,12.5,rain,0,0,35.6,18.5,236.4,1011.5,71.3,15.8,294.5,25.5,10,30,2022-06-08T05:32:01,2022-06-08T20:27:49,0.29,"Rain, Partially cloudy",Partly cloudy throughout the day with rain.,rain,"F6057,72408013739,72408594732,72407493780,72030464752,E8199,KPHL,KPNE",519
30,"Philadelphia, PA, United States",2022-06-09,28.1,21.3,24.5,28.1,21.3,24.5,16.2,63.5,37.82,100.0,41.67,rain,0,0,61.6,39.1,245.1,1005.6,69.7,14.4,287.8,24.9,10,30,2022-06-09T05:31:50,2022-06-09T20:28:21,0.35,"Rain, Partially cloudy",Partly cloudy throughout the day with a chance of rain throughout the day.,rain,"72408013739,72408594732,72407493780,72030464752,E8199,KPHL,KPNE",519
31,"Philadelphia, PA, United States",2022-06-10,26.9,16.9,22.4,26.6,16.9,22.3,10.3,47.9,0.09,100.0,12.5,rain,0,0,37.1,19.9,287.4,1011.4,37.0,16.0,306.5,26.5,10,10,2022-06-10T05:31:42,2022-06-10T20:28:52,0.39,"Rain, Partially cloudy",Partly cloudy throughout the day with rain in the morning and afternoon.,rain,"72408013739,72408594732,72407493780,72030464752,E8199,KPHL,KPNE",519
32,"Philadelphia, PA, United States",2022-06-11,22.9,18.3,21.1,22.9,18.3,21.1,13.7,63.4,1.07,100.0,25.0,rain,0,0,24.1,12.1,215.5,1013.5,71.2,16.0,98.8,8.8,4,10,2022-06-11T05:31:36,2022-06-11T20:29:22,0.44,"Rain, Partially cloudy",Partly cloudy throughout the day with rain.,rain,"72408013739,72408594732,72407493780,72030464752,E8199,KPHL,KPNE",519
33,"Philadelphia, PA, United States",2022-06-12,26.4,18.0,21.2,26.4,18.0,21.2,17.5,79.8,13.33,100.0,33.33,rain,0,0,21.6,17.7,107.7,1014.1,88.3,14.4,156.5,13.3,9,60,2022-06-12T05:31:31,2022-06-12T20:29:50,0.47,"Rain, Partially cloudy",Partly cloudy throughout the day with rain.,rain,"KVAY,F6057,72408013739,72408594732,72407493780,72030464752,E8199,KPHL,KPNE",519
34,"Philadelphia, PA, United States",2022-06-13,31.7,20.8,26.2,33.2,20.8,27.0,19.8,69.9,0.28,100.0,12.5,rain,0,0,31.7,22.0,219.7,1012.8,60.9,15.4,288.8,25.1,10,75,2022-06-13T05:31:28,2022-06-13T20:30:17,0.49,"Rain, Partially cloudy",Partly cloudy throughout the day with rain clearing later.,rain,"72408013739,72408594732,72407493780,72030464752,E8199,KPHL,KPNE",519
35,"Philadelphia, PA, United States",2022-06-14,28.6,18.7,24.5,28.5,18.7,24.5,14.5,54.7,2.64,100.0,12.5,rain,0,0,64.8,17.2,144.1,1012.9,54.1,15.6,269.8,23.3,10,10,2022-06-14T05:31:28,2022-06-14T20:30:42,0.5,"Rain, Partially cloudy",Partly cloudy throughout the day with morning rain.,rain,"F6057,72408013739,72408594732,72407493780,72030464752,E8199,KPHL,KPNE",519
36,"Philadelphia, PA, United States",2022-06-15,30.2,18.1,24.2,30.0,18.1,24.2,15.7,61.2,0.03,100.0,4.17,rain,0,0,32.1,21.0,149.0,1018.1,31.0,16.0,298.7,25.7,10,10,2022-06-15T05:31:29,2022-06-15T20:31:05,0.51,"Rain, Partially cloudy",Partly cloudy throughout the day with morning rain.,rain,"72408013739,72408594732,72407493780,72030464752,E8199,KPHL,KPNE",519
37,"Philadelphia, PA, United States",2022-06-16,25.0,19.0,22.0,25.0,19.0,22.0,17.3,75.4,5.59,100.0,20.83,rain,0,0,34.6,20.2,155.7,1019.4,96.3,15.4,182.6,15.6,10,10,2022-06-16T05:31:32,2022-06-16T20:31:27,0.53,"Rain, Overcast",Cloudy skies throughout the day with rain.,rain,"KVAY,72408013739,72408594732,72407493780,72030464752,E8199,KPHL,KPNE",519
38,"Philadelphia, PA, United States",2022-06-17,34.5,22.3,28.0,35.6,22.3,28.3,17.4,57.2,0.0,0.0,0.0,rain,0,0,58.3,32.0,240.0,1007.5,53.1,15.9,322.7,27.8,10,100,2022-06-17T05:31:37,2022-06-17T20:31:47,0.57,Partially cloudy,Partly cloudy throughout the day.,partly-cloudy-day,"72408013739,72408594732,72407493780,72030464752,E8199,KPHL,KPNE",519
39,"Philadelphia, PA, United States",2022-06-18,26.0,17.3,21.5,26.0,17.3,21.5,9.2,45.7,0.0,0.0,0.0,rain,0,0,56.4,33.8,292.1,1008.1,50.4,16.0,205.4,17.7,10,10,2022-06-18T05:31:44,2022-06-18T20:32:05,0.62,Partially cloudy,Partly cloudy throughout the day.,partly-cloudy-day,"72408013739,72408594732,72407493780,72030464752,E8199,KPHL,KPNE",519
40,"Philadelphia, PA, United States",2022-06-19,24.4,14.4,19.2,24.4,14.4,19.2,3.6,36.4,0.0,0.0,0.0,,0,0,52.7,33.1,291.2,1015.8,16.8,16.0,353.0,30.5,10,10,2022-06-19T05:31:52,2022-06-19T20:32:21,0.67,Clear,Clear conditions throughout the day.,clear-day,"72408013739,72408594732,72407493780,72030464752,E8199,KPHL,KPNE",519
41,"Philadelphia, PA, United States",2022-06-20,27.3,13.4,20.8,26.6,13.4,20.8,5.3,37.7,0.0,0.0,0.0,,0,0,31.7,16.7,304.8,1020.5,37.8,16.0,351.2,30.4,10,10,2022-06-20T05:32:03,2022-06-20T20:32:36,0.72,Partially cloudy,Partly cloudy throughout the day.,partly-cloudy-day,"72408013739,72408594732,72407493780,72030464752,E8199,KPHL,KPNE",519
42,"Philadelphia, PA, United States",2022-06-21,26.7,16.5,22.0,26.7,16.5,22.0,12.6,55.9,0.19,100.0,4.17,rain,0,0,18.0,13.7,217.0,1019.8,60.8,16.0,180.3,15.5,10,10,2022-06-21T05:32:15,2022-06-21T20:32:49,0.77,"Rain, Partially cloudy",Partly cloudy throughout the day with afternoon rain.,rain,"72408013739,72408594732,72407493780,72030464752,E8199,KPHL,KPNE",519
43,"Philadelphia, PA, United States",2022-06-22,24.5,18.7,20.9,24.5,18.7,20.9,16.5,76.3,0.03,100.0,4.17,rain,0,0,29.5,21.7,132.4,1015.4,78.9,15.5,110.3,9.4,7,10,2022-06-22T05:32:29,2022-06-22T20:33:00,0.82,"Rain, Partially cloudy",Partly cloudy throughout the day with afternoon rain.,rain,"KVAY,F6057,72408013739,72408594732,72407493780,72030464752,E8199,KPHL,KPNE",519
44,"Philadelphia, PA, United States",2022-06-23,22.6,18.0,19.8,22.6,18.0,19.8,16.5,81.7,6.23,100.0,37.5,rain,0,0,31.7,15.8,109.0,1014.4,94.5,14.9,119.0,10.3,6,10,2022-06-23T05:32:44,2022-06-23T20:33:09,0.87,"Rain, Overcast",Cloudy skies throughout the day with a chance of rain throughout the day.,rain,"72408013739,72408594732,72407493780,72030464752,E8199,KPHL,KPNE",519
45,"Philadelphia, PA, United States",2022-06-24,28.4,17.1,22.6,29.1,17.1,22.8,16.9,72.1,0.03,100.0,4.17,rain,0,0,19.4,15.6,177.2,1017.0,58.1,14.6,208.5,17.8,10,30,2022-06-24T05:33:02,2022-06-24T20:33:16,0.91,"Rain, Partially cloudy",Partly cloudy throughout the day with afternoon rain.,rain,"72408013739,72408594732,72407493780,72030464752,E8199,KPHL,KPNE",519
46,"Philadelphia, PA, United States",2022-06-25,32.1,20.0,26.4,32.3,20.0,26.7,18.0,63.0,0.0,0.0,0.0,,0,0,37.1,14.9,230.5,1019.4,25.9,15.7,215.7,18.6,8,30,2022-06-25T05:33:21,2022-06-25T20:33:21,0.95,Partially cloudy,Partly cloudy throughout the day.,partly-cloudy-day,"72408013739,72408594732,72407493780,72030464752,E8199,KPHL,KPNE",519
47,"Philadelphia, PA, United States",2022-06-26,32.0,22.0,27.0,32.1,22.0,27.2,17.8,59.6,0.0,0.0,0.0,,0,0,38.9,23.9,209.4,1018.6,28.5,16.0,319.2,27.6,10,10,2022-06-26T05:33:42,2022-06-26T20:33:25,0.97,Partially cloudy,Partly cloudy throughout the day.,partly-cloudy-day,"72408013739,72408594732,72407493780,72030464752,E8199,KPHL,KPNE",519
48,"Philadelphia, PA, United States",2022-06-27,26.8,21.7,24.5,28.6,21.7,24.7,20.4,78.2,4.31,100.0,20.83,rain,0,0,42.8,22.5,202.2,1014.9,86.6,15.2,72.8,6.3,3,60,2022-06-27T05:34:04,2022-06-27T20:33:26,0.99,"Rain, Partially cloudy",Partly cloudy throughout the day with rain.,rain,"72408013739,72408594732,72407493780,72030464752,E8199,KPHL,KPNE",519
49,"Philadelphia, PA, United States",2022-06-28,26.6,18.4,23.0,26.6,18.4,23.0,12.1,51.8,3.38,100.0,4.17,rain,0,0,34.9,19.2,279.0,1020.6,40.4,15.9,349.3,30.1,10,10,2022-06-28T05:34:28,2022-06-28T20:33:26,1.0,"Rain, Partially cloudy",Partly cloudy throughout the day with morning rain.,rain,"72408013739,72408594732,72407493780,72030464752,E8199,KPHL,KPNE",519
50,"Philadelphia, PA, United States",2022-06-29,30.4,17.2,24.2,29.8,17.2,24.0,14.8,58.9,0.0,0.0,0.0,,0,0,27.7,20.9,184.3,1022.9,35.3,16.0,257.6,22.2,10,30,2022-06-29T05:34:53,2022-06-29T20:33:24,0.0,Partially cloudy,Partly cloudy throughout the day.,partly-cloudy-day,"72408013739,72408594732,72407493780,72030464752,E8199,KPHL,KPNE",519
51,"Philadelphia, PA, United States",2022-06-30,32.0,20.2,26.6,30.9,20.2,26.3,15.4,53.8,0.0,0.0,0.0,,0,0,25.9,15.2,234.9,1022.0,19.3,16.0,347.4,30.2,10,10,2022-06-30T05:35:20,2022-06-30T20:33:19,0.01,Clear,Clear conditions throughout the day.,clear-day,"72408013739,72408594732,72407493780,72030464752,E8199,KPHL,KPNE",519
52,"Philadelphia, PA, United States",2022-07-01,33.6,22.6,27.8,36.3,22.6,29.4,20.7,67.1,0.0,0.0,0.0,rain,0,0,42.1,23.2,218.2,1017.5,41.4,15.8,249.5,21.5,10,75,2022-07-01T05:35:49,2022-07-01T20:33:13,0.03,Partially cloudy,Becoming cloudy in the afternoon.,partly-cloudy-day,"KVAY,72408013739,72408594732,72407493780,72030464752,E8199,KPHL,KPNE",519
53,"Philadelphia, PA, United States",2022-07-02,32.9,25.7,28.2,36.1,25.7,29.6,21.4,67.6,0.0,0.0,0.0,rain,0,0,42.5,24.6,233.2,1013.5,69.7,15.9,206.4,17.7,10,75,2022-07-02T05:36:19,2022-07-02T20:33:05,0.05,Partially cloudy,Partly cloudy throughout the day.,partly-cloudy-day,"F6057,72408013739,72408594732,72407493780,72030464752,E8199,KPHL,KPNE",519
54,"Philadelphia, PA, United States",2022-07-03,31.8,23.4,26.8,31.1,23.4,26.5,16.9,59.5,0.79,100.0,29.17,rain,0,0,36.4,20.2,236.1,1016.0,53.3,16.0,300.0,26.0,10,30,2022-07-03T05:36:50,2022-07-03T20:32:54,0.08,"Rain, Partially cloudy",Partly cloudy throughout the day with rain clearing later.,rain,"72408013739,72408594732,72407493780,72030464752,E8199,KPHL,KPNE",519
55,"Philadelphia, PA, United States",2022-07-04,30.7,18.9,25.5,29.4,18.9,25.0,11.3,43.1,0.0,0.0,0.0,,0,0,31.7,18.2,179.8,1020.6,38.9,16.0,325.9,28.2,10,10,2022-07-04T05:37:23,2022-07-04T20:32:42,0.12,Partially cloudy,Partly cloudy throughout the day.,partly-cloudy-day,"72408013739,72408594732,72407493780,72030464752,E8199,KPHL,KPNE",519
56,"Philadelphia, PA, United States",2022-07-05,31.2,21.7,25.4,32.5,21.7,25.8,18.6,67.4,2.98,100.0,12.5,rain,0,0,50.0,25.3,208.0,1016.3,74.7,15.6,159.0,13.9,8,10,2022-07-05T05:37:57,2022-07-05T20:32:28,0.17,"Rain, Partially cloudy",Partly cloudy throughout the day with rain.,rain,"72408013739,72408594732,72407493780,72030464752,E8199,KPHL,KPNE",519
57,"Philadelphia, PA, United States",2022-07-06,31.3,23.7,27.5,33.8,23.7,28.9,20.8,68.4,0.19,100.0,4.17,rain,0,0,33.5,18.6,229.0,1011.2,79.6,15.2,202.0,17.6,8,30,2022-07-06T05:38:32,2022-07-06T20:32:12,0.22,"Rain, Partially cloudy",Partly cloudy throughout the day with afternoon rain.,rain,"F6057,72408013739,72408594732,72407493780,72030464752,E8199,KPHL,KPNE",519
58,"Philadelphia, PA, United States",2022-07-07,27.6,21.1,24.5,29.3,21.1,24.9,20.0,76.9,22.08,100.0,29.17,rain,0,0,20.5,17.7,87.3,1014.7,92.9,14.1,154.9,13.5,5,10,2022-07-07T05:39:09,2022-07-07T20:31:54,0.27,"Rain, Overcast",Cloudy skies throughout the day with rain clearing later.,rain,"F6057,72408013739,72408594732,72407493780,72030464752,E8199,KPHL,KPNE",519
59,"Philadelphia, PA, United States",2022-07-08,30.6,19.5,25.3,33.2,19.5,26.3,19.8,73.5,0.47,100.0,4.17,rain,0,0,23.8,16.5,153.3,1015.9,58.9,15.6,256.1,22.3,10,30,2022-07-08T05:39:46,2022-07-08T20:31:34,0.33,"Rain, Partially cloudy",Partly cloudy throughout the day with late afternoon rain.,rain,"KVAY,72408013739,72408594732,72407493780,72030464752,E8199,KPHL,KPNE",519
60,"Philadelphia, PA, United States",2022-07-09,24.6,21.8,23.5,24.6,21.8,23.5,19.4,78.3,1.5,100.0,29.17,rain,0,0,32.8,15.3,123.6,1016.6,81.2,15.8,97.3,8.4,3,10,2022-07-09T05:40:25,2022-07-09T20:31:11,0.38,"Rain, Partially cloudy",Partly cloudy throughout the day with a chance of rain throughout the day.,rain,"72408013739,72408594732,72407493780,72030464752,E8199,KPHL,KPNE",519
61,"Philadelphia, PA, United States",2022-07-10,28.0,19.2,23.7,28.3,19.2,23.8,16.8,67.1,0.0,0.0,0.0,,0,0,25.2,16.7,106.0,1017.4,48.8,15.6,181.7,15.7,8,10,2022-07-10T05:41:06,2022-07-10T20:30:47,0.42,Partially cloudy,Partly cloudy throughout the day.,partly-cloudy-day,"72408013739,72408594732,72407493780,72030464752,E8199,KPHL,KPNE",519
62,"Philadelphia, PA, United States",2022-07-11,29.3,17.7,23.9,28.5,17.7,23.8,14.5,59.0,0.0,0.0,0.0,,0,0,29.5,15.9,189.1,1014.5,12.4,15.9,327.5,28.2,9,10,2022-07-11T05:41:47,2022-07-11T20:30:21,0.46,Clear,Clear conditions throughout the day.,clear-day,"72408013739,72408594732,72407493780,72030464752,E8199,KPHL,KPNE",519
63,"Philadelphia, PA, United States",2022-07-12,33.4,21.4,26.6,36.2,21.4,27.6,19.8,68.3,0.0,0.0,0.0,rain,0,0,46.1,28.6,217.9,1009.1,38.1,16.0,279.0,24.1,10,60,2022-07-12T05:42:29,2022-07-12T20:29:53,0.49,Partially cloudy,Partly cloudy throughout the day.,partly-cloudy-day,"F6057,72408013739,72408594732,72407493780,72030464752,E8199,KPHL,KPNE",519
64,"Philadelphia, PA, United States",2022-07-13,32.6,22.7,28.0,32.8,22.7,28.4,18.2,57.6,0.0,0.0,0.0,,0,0,32.0,20.2,212.6,1011.6,53.9,16.0,266.7,23.2,10,30,2022-07-13T05:43:12,2022-07-13T20:29:24,0.5,Partially cloudy,Partly cloudy throughout the day.,partly-cloudy-day,"72408013739,72408594732,72407493780,72030464752,E8199,KPHL,KPNE",519
65,"Philadelphia, PA, United States",2022-07-14,32.5,24.5,28.3,32.5,24.5,28.5,17.6,54.2,0.0,0.0,0.0,rain,0,0,27.7,18.1,285.0,1014.5,50.1,16.0,292.0,25.3,10,30,2022-07-14T05:43:56,2022-07-14T20:28:52,0.51,Partially cloudy,Partly cloudy throughout the day.,partly-cloudy-day,"72408013739,72408594732,72407493780,72030464752,E8199,KPHL,KPNE",519
66,"Philadelphia, PA, United States",2022-07-15,30.9,21.7,26.2,31.4,21.7,26.3,16.8,57.8,0.91,100.0,8.33,rain,0,0,24.5,17.8,85.7,1019.5,54.9,16.0,324.4,27.9,10,30,2022-07-15T05:44:42,2022-07-15T20:28:18,0.53,"Rain, Partially cloudy",Partly cloudy throughout the day with late afternoon rain.,rain,"KVAY,72408013739,72408594732,72407493780,72030464752,E8199,KPHL,KLOM,KPNE",519
67,"Philadelphia, PA, United States",2022-07-16,30.9,22.4,25.9,31.6,22.4,26.4,20.1,72.1,0.4,100.0,8.33,rain,0,0,30.2,15.5,155.4,1018.6,83.3,14.8,193.1,16.7,7,60,2022-07-16T05:45:28,2022-07-16T20:27:43,0.55,"Rain, Partially cloudy",Partly cloudy throughout the day with late afternoon rain.,rain,"KVAY,72408013739,72408594732,72407493780,72030464752,E8199,KPHL,KPNE",519
68,"Philadelphia, PA, United States",2022-07-17,29.9,21.8,26.1,33.0,21.8,27.2,20.8,74.2,1.82,100.0,20.83,rain,0,0,18.0,16.2,154.8,1016.6,85.8,15.4,177.3,15.1,8,30,2022-07-17T05:46:15,2022-07-17T20:27:05,0.6,"Rain, Partially cloudy",Partly cloudy throughout the day with early morning rain.,rain,"F6057,72408013739,72408594732,72407493780,72030464752,E8199,KPHL,KLOM,KPNE",519
69,"Philadelphia, PA, United States",2022-07-18,33.5,24.7,28.3,37.8,24.7,30.4,22.7,73.3,1.39,100.0,20.83,rain,0,0,45.4,29.4,184.9,1012.1,79.1,16.0,259.7,22.4,10,100,2022-07-18T05:47:02,2022-07-18T20:26:26,0.65,"Rain, Partially cloudy",Partly cloudy throughout the day with late afternoon rain.,rain,"KVAY,72408013739,72408594732,72407493780,72030464752,E8199,KPHL,KLOM,KPNE",519
70,"Philadelphia, PA, United States",2022-07-19,33.6,24.5,28.7,34.7,24.5,29.5,19.6,60.6,0.0,0.0,0.0,,0,0,48.0,23.7,264.2,1009.7,39.9,16.0,280.6,24.1,10,30,2022-07-19T05:47:51,2022-07-19T20:25:45,0.7,Partially cloudy,Partly cloudy throughout the day.,partly-cloudy-day,"F6057,72408013739,72408594732,72407493780,72030464752,E8199,KPHL,KPNE",519
71,"Philadelphia, PA, United States",2022-07-20,35.0,24.6,30.0,37.4,24.6,31.5,20.2,57.7,0.0,0.0,0.0,,0,0,31.7,20.6,232.4,1008.6,16.0,16.0,308.9,26.5,9,30,2022-07-20T05:48:40,2022-07-20T20:25:02,0.75,Clear,Clear conditions throughout the day.,clear-day,"72408013739,72408594732,72407493780,72030464752,E8199,KPHL,KPNE",519
72,"Philadelphia, PA, United States",2022-07-21,35.4,26.3,30.7,39.6,26.3,33.6,21.9,61.4,0.62,100.0,8.33,rain,0,0,43.7,26.6,228.2,1005.6,35.9,16.0,226.5,19.5,9,75,2022-07-21T05:49:30,2022-07-21T20:24:17,0.8,"Rain, Partially cloudy",Partly cloudy throughout the day with afternoon rain.,rain,"KVAY,72408013739,72408594732,72407493780,72030464752,E8199,KPHL,KPNE",519
73,"Philadelphia, PA, United States",2022-07-22,35.7,25.4,30.8,35.7,25.4,31.6,18.6,51.7,0.0,0.0,0.0,,0,0,33.5,25.9,251.1,1011.6,27.9,16.0,312.2,26.9,10,30,2022-07-22T05:50:20,2022-07-22T20:23:31,0.85,Partially cloudy,Partly cloudy throughout the day.,partly-cloudy-day,"F6057,72408013739,72408594732,72407493780,72030464752,E8199,KPHL,KPNE",519
74,"Philadelphia, PA, United States",2022-07-23,36.2,25.6,31.4,37.2,25.6,32.8,19.3,51.5,0.0,0.0,0.0,,0,0,28.4,19.4,227.8,1015.9,30.6,16.0,295.9,25.6,9,60,2022-07-23T05:51:11,2022-07-23T20:22:43,0.89,Partially cloudy,Partly cloudy throughout the day.,partly-cloudy-day,"72408013739,72408594732,72407493780,72030464752,E8199,KPHL,KPNE",519
75,"Philadelphia, PA, United States",2022-07-24,36.6,25.4,31.0,38.7,25.4,32.7,19.9,54.4,0.0,0.0,0.0,,0,0,47.9,26.3,223.7,1016.0,44.1,16.0,303.5,26.2,9,75,2022-07-24T05:52:03,2022-07-24T20:21:53,0.93,Partially cloudy,Partly cloudy throughout the day.,partly-cloudy-day,"72408013739,72408594732,72407493780,72030464752,E8199,KPHL,KPNE",519
76,"Philadelphia, PA, United States",2022-07-25,32.4,27.7,29.7,36.5,30.7,33.7,23.1,68.0,2.58,100.0,16.67,rain,0,0,52.5,28.5,221.0,1012.6,57.8,16.0,159.8,13.8,6,75,2022-07-25T05:52:55,2022-07-25T20:21:01,0.96,"Rain, Partially cloudy",Partly cloudy throughout the day with rain.,rain,"F6057,72408013739,72408594732,72407493780,72030464752,E8199,KPHL,KPNE",519
77,"Philadelphia, PA, United States",2022-07-26,27.5,23.5,25.7,29.4,23.5,25.9,17.0,59.4,0.0,0.0,0.0,,0,0,35.3,16.1,219.1,1015.7,66.2,16.0,120.5,10.4,4,30,2022-07-26T05:53:48,2022-07-26T20:20:08,0.98,Partially cloudy,Partly cloudy throughout the day.,partly-cloudy-day,"F6057,72408013739,72408594732,72407493780,72030464752,E8199,KPHL,KPNE",519
78,"Philadelphia, PA, United States",2022-07-27,30.9,23.6,27.1,32.5,23.6,27.9,18.9,61.9,0.06,100.0,8.33,rain,0,0,35.3,17.2,181.4,1013.9,81.7,16.0,260.4,22.4,10,10,2022-07-27T05:54:41,2022-07-27T20:19:13,1.0,"Rain, Partially cloudy",Partly cloudy throughout the day with early morning rain.,rain,"F6057,72408013739,72408594732,72407493780,72030464752,E8199,KPHL,KPNE",519
79,"Philadelphia, PA, United States",2022-07-28,33.1,24.2,28.5,36.8,24.2,30.2,22.3,70.8,9.3,100.0,33.33,rain,0,0,60.8,37.0,252.8,1010.9,75.0,15.2,219.2,18.8,9,60,2022-07-28T05:55:35,2022-07-28T20:18:16,1.0,"Rain, Partially cloudy",Partly cloudy throughout the day with rain.,rain,"KVAY,F6057,72408013739,72408594732,72407493780,72030464752,E8199,KPHL,KPNE",519
80,"Philadelphia, PA, United States",2022-07-29,30.0,23.7,26.3,32.5,23.7,27.2,21.0,73.1,2.22,100.0,8.33,rain,0,0,22.7,16.5,248.8,1013.0,67.5,15.7,101.5,8.7,4,10,2022-07-29T05:56:29,2022-07-29T20:17:18,0.0,"Rain, Partially cloudy",Partly cloudy throughout the day with late afternoon rain.,rain,"72408013739,72408594732,72407493780,72030464752,E8199,KPHL,KPNE",519
81,"Philadelphia, PA, United States",2022-07-30,31.6,23.4,27.4,30.8,23.4,27.2,16.4,54.0,0.0,0.0,0.0,,0,0,33.5,23.3,298.8,1017.3,50.6,16.0,321.7,27.8,10,10,2022-07-30T05:57:23,2022-07-30T20:16:19,0.01,Partially cloudy,Partly cloudy throughout the day.,partly-cloudy-day,"F6057,72408013739,72408594732,72407493780,72030464752,E8199,KPHL,KPNE",519
82,"Philadelphia, PA, United States",2022-07-31,31.8,21.4,26.4,31.2,21.4,26.5,17.1,59.0,0.66,100.0,8.33,rain,0,0,29.5,16.3,165.5,1020.6,65.2,15.9,234.3,20.3,9,10,2022-07-31T05:58:18,2022-07-31T20:15:17,0.04,"Rain, Partially cloudy",Partly cloudy throughout the day with late afternoon rain.,rain,"F6057,72408013739,72408594732,72407493780,72030464752,E8199,KPHL,KPNE",519
83,"Philadelphia, PA, United States",2022-08-01,26.6,20.4,23.1,26.6,20.4,23.1,19.5,81.2,6.72,100.0,37.5,rain,0,0,16.2,12.8,171.5,1014.7,86.7,14.1,90.4,7.7,3,10,2022-08-01T05:59:13,2022-08-01T20:14:15,0.07,"Rain, Partially cloudy",Partly cloudy throughout the day with a chance of rain throughout the day.,rain,"KVAY,F6057,72408013739,72408594732,72407493780,72030464752,E8199,KPHL,KPNE",519
84,"Philadelphia, PA, United States",2022-08-02,33.4,22.1,27.8,35.3,22.1,28.9,20.0,65.3,0.44,100.0,12.5,rain,0,0,35.3,22.8,225.4,1010.6,39.3,15.7,257.9,22.4,9,60,2022-08-02T06:00:08,2022-08-02T20:13:10,0.1,"Rain, Partially cloudy",Partly cloudy throughout the day with rain clearing later.,rain,"F6057,72408013739,72408594732,72407493780,72030464752,E8199,KPHL,KPNE",519
85,"Philadelphia, PA, United States",2022-08-03,32.9,22.9,28.2,33.5,22.9,28.6,17.4,53.3,0.0,0.0,0.0,,0,0,27.7,18.7,196.3,1015.3,16.7,16.0,315.2,27.2,9,10,2022-08-03T06:01:04,2022-08-03T20:12:05,0.14,Clear,Clear conditions throughout the day.,clear-day,"F6057,72408013739,72408594732,72407493780,72030464752,E8199,KPHL,KPNE",519
86,"Philadelphia, PA, United States",2022-08-04,35.8,23.3,29.2,40.2,23.3,31.3,21.4,64.9,1.02,100.0,12.5,rain,0,0,49.1,21.9,209.8,1017.4,26.2,15.4,287.3,25.0,9,75,2022-08-04T06:01:59,2022-08-04T20:10:58,0.2,"Rain, Partially cloudy",Partly cloudy throughout the day with late afternoon rain.,rain,"F6057,72408013739,72408594732,72407493780,72030464752,E8199,KPHL,KPNE",519
87,"Philadelphia, PA, United States",2022-08-05,32.9,23.4,27.4,36.7,23.4,29.1,21.6,72.1,1.86,100.0,20.83,rain,0,0,55.4,16.6,241.3,1020.6,64.6,15.9,195.0,16.7,8,75,2022-08-05T06:02:55,2022-08-05T20:09:49,0.25,"Rain, Partially cloudy",Partly cloudy throughout the day with rain.,rain,"F6057,72408013739,72408594732,72407493780,72030464752,E8199,KPHL,KPNE",519
88,"Philadelphia, PA, United States",2022-08-06,32.3,23.6,27.9,35.7,23.6,29.9,22.0,71.2,0.03,100.0,4.17,rain,0,0,39.4,20.5,217.8,1022.8,66.1,16.0,188.2,16.3,10,75,2022-08-06T06:03:52,2022-08-06T20:08:39,0.31,"Rain, Partially cloudy",Partly cloudy throughout the day with early morning rain.,rain,"F6057,72408013739,72408594732,72407493780,72030464752,E8199,KPHL,KPNE",519
89,"Philadelphia, PA, United States",2022-08-07,34.0,25.6,29.8,37.4,25.6,32.6,22.4,66.5,0.0,0.0,0.0,rain,0,0,41.2,30.1,213.0,1021.3,52.8,16.0,280.0,24.3,9,75,2022-08-07T06:04:48,2022-08-07T20:07:28,0.36,Partially cloudy,Partly cloudy throughout the day.,partly-cloudy-day,"F6057,72408013739,72408594732,72407493780,72030464752,E8199,KPHL,KPNE",519
90,"Philadelphia, PA, United States",2022-08-08,34.9,26.1,30.4,39.3,26.1,33.9,23.0,66.4,0.0,0.0,0.0,rain,0,0,42.5,26.4,219.5,1016.4,40.1,16.0,290.5,25.1,10,75,2022-08-08T06:05:45,2022-08-08T20:06:16,0.41,Partially cloudy,Partly cloudy throughout the day.,partly-cloudy-day,"F6057,72408013739,72408594732,72407493780,72030464752,E8199,KPHL,KPNE",519
91,"Philadelphia, PA, United States",2022-08-09,36.2,27.1,30.7,41.4,29.9,35.3,23.5,67.2,5.3,100.0,20.83,rain,0,0,50.0,24.0,244.3,1013.9,42.1,15.6,277.7,23.8,10,75,2022-08-09T06:06:41,2022-08-09T20:05:02,0.45,"Rain, Partially cloudy",Partly cloudy throughout the day with late afternoon rain.,rain,"F6057,72408013739,72408594732,72407493780,72030464752,E8199,KPHL,KPNE",519
92,"Philadelphia, PA, United States",2022-08-10,32.5,25.5,28.9,35.0,25.5,30.5,21.4,65.4,0.23,100.0,4.17,rain,0,0,27.7,13.3,234.2,1016.2,65.5,15.9,208.0,17.8,8,30,2022-08-10T06:07:38,2022-08-10T20:03:47,0.48,"Rain, Partially cloudy",Becoming cloudy in the afternoon with early morning rain.,rain,"F6057,72408013739,72408594732,72407493780,72030464752,E8199,KPHL,KPNE",519
93,"Philadelphia, PA, United States",2022-08-11,31.9,23.3,27.6,31.7,23.3,28.0,19.5,64.6,22.97,100.0,29.17,rain,0,0,38.9,16.4,280.3,1012.8,69.5,15.2,257.4,22.4,10,60,2022-08-11T06:08:35,2022-08-11T20:02:31,0.5,"Rain, Partially cloudy",Partly cloudy throughout the day with a chance of rain throughout the day.,rain,"F6057,72408013739,72408594732,72407493780,72030464752,E8199,KPHL,KPNE",519
94,"Philadelphia, PA, United States",2022-08-12,29.8,22.3,26.2,28.5,22.3,25.8,11.8,42.3,0.0,0.0,0.0,rain,0,0,49.0,21.1,221.4,1015.3,52.2,16.0,323.4,27.8,10,10,2022-08-12T06:09:32,2022-08-12T20:01:13,0.5,Partially cloudy,Partly cloudy throughout the day.,partly-cloudy-day,"F6057,72408013739,72408594732,72407493780,72030464752,E8199,KPHL,KPNE",519
95,"Philadelphia, PA, United States",2022-08-13,28.5,17.8,23.2,27.3,17.8,22.9,9.2,42.8,0.0,0.0,0.0,,0,0,37.5,20.4,138.0,1018.8,19.9,16.0,310.5,26.7,9,10,2022-08-13T06:10:28,2022-08-13T19:59:55,0.52,Clear,Clear conditions throughout the day.,clear-day,"F6057,72408013739,72408594732,72407493780,72030464752,E8199,KPHL,KPNE",519
96,"Philadelphia, PA, United States",2022-08-14,29.2,19.0,23.7,28.2,19.0,23.5,13.6,55.8,0.0,0.0,0.0,,0,0,27.7,16.4,164.8,1017.4,57.3,16.0,276.3,23.7,9,10,2022-08-14T06:11:25,2022-08-14T19:58:35,0.54,Partially cloudy,Partly cloudy throughout the day.,partly-cloudy-day,"F6057,72408013739,72408594732,72407493780,72030464752,E8199,KPHL,KPNE",519
97,"Philadelphia, PA, United States",2022-08-15,28.7,19.6,23.4,28.1,19.6,23.2,13.8,57.1,0.0,0.0,0.0,,0,0,35.3,19.7,117.0,1015.4,51.5,16.0,208.7,17.9,9,10,2022-08-15T06:12:22,2022-08-15T19:57:15,0.58,Partially cloudy,Partly cloudy throughout the day.,partly-cloudy-day,"F6057,72510954782,72408013739,72408594732,72407493780,72030464752,72511354786,E8199,KPHL,KPNE",519
98,"Philadelphia, PA, United States",2022-08-16,29.2,17.5,23.1,28.3,17.5,23.0,13.5,57.0,0.0,0.0,0.0,,0,0,46.4,23.5,93.1,1015.7,43.2,16.0,277.7,23.8,10,10,2022-08-16T06:13:19,2022-08-16T19:55:53,0.62,Partially cloudy,Partly cloudy throughout the day.,partly-cloudy-day,"F6057,72408013739,72408594732,72407493780,72030464752,E8199,KPHL,KPNE",519
99,"Philadelphia, PA, United States",2022-08-17,28.0,19.5,24.0,27.6,19.5,23.8,14.5,57.7,0.0,0.0,0.0,rain,0,0,18.7,14.9,122.1,1015.6,57.8,16.0,243.5,21.0,10,10,2022-08-17T06:14:16,2022-08-17T19:54:30,0.67,Partially cloudy,Partly cloudy throughout the day.,partly-cloudy-day,"F6057,72408013739,72408594732,72407493780,72030464752,E8199,KPHL,KPNE",519
100,"Philadelphia, PA, United States",2022-08-18,30.5,18.1,24.5,29.6,18.1,24.2,14.2,55.8,0.0,0.0,0.0,,0,0,37.1,20.1,270.7,1013.8,19.8,16.0,239.6,20.8,9,10,2022-08-18T06:15:13,2022-08-18T19:53:06,0.72,Clear,Clear conditions throughout the day.,clear-day,"F6057,72408013739,72408594732,72407493780,72030464752,E8199,KPHL,KPNE",519
101,"Philadelphia, PA, United States",2022-08-19,32.4,20.1,26.5,31.9,20.1,26.4,16.3,56.4,0.0,0.0,0.0,,0,0,28.8,19.4,241.5,1017.8,29.4,16.0,289.4,25.1,9,10,2022-08-19T06:16:10,2022-08-19T19:51:42,0.77,Partially cloudy,Partly cloudy throughout the day.,partly-cloudy-day,"KVAY,F6057,72408013739,72408594732,72407493780,72030464752,E8199,KPHL,KLOM,KPNE",519
102,"Philadelphia, PA, United States",2022-08-20,33.2,23.0,27.6,33.5,23.0,27.8,17.8,57.5,0.0,0.0,0.0,rain,0,0,25.6,20.1,175.0,1020.5,44.9,16.0,270.0,23.5,9,60,2022-08-20T06:17:07,2022-08-20T19:50:16,0.82,Partially cloudy,Partly cloudy throughout the day.,partly-cloudy-day,"72408013739,72408594732,72407493780,72030464752,E8199,KPHL,KPNE",519
103,"Philadelphia, PA, United States",2022-08-21,29.9,21.1,25.0,31.5,21.1,25.4,20.0,74.6,0.46,100.0,4.17,rain,0,0,23.4,18.4,124.4,1018.9,65.0,15.9,151.0,13.1,9,60,2022-08-21T06:18:04,2022-08-21T19:48:50,0.86,"Rain, Partially cloudy",Partly cloudy throughout the day with late afternoon rain.,rain,"KVAY,F6057,72408013739,72408594732,72407493780,72030464752,E8199,KPHL,KPNE",519
104,"Philadelphia, PA, United States",2022-08-22,30.1,22.6,25.5,32.8,22.6,26.3,21.8,81.2,9.49,100.0,50.0,rain,0,0,23.4,22.9,143.9,1012.4,89.9,15.1,231.9,20.0,10,75,2022-08-22T06:19:01,2022-08-22T19:47:22,0.9,"Rain, Partially cloudy",Partly cloudy throughout the day with a chance of rain throughout the day.,rain,"KVAY,F6057,72408013739,72408594732,72407493780,72030464752,E8199,KPHL,KPNE",519
105,"Philadelphia, PA, United States",2022-08-23,29.8,21.6,25.6,30.5,21.6,26.0,19.2,69.6,0.01,100.0,4.17,rain,0,0,31.7,21.8,238.1,1010.5,57.4,15.4,231.5,20.0,10,30,2022-08-23T06:19:58,2022-08-23T19:45:54,0.94,"Rain, Partially cloudy",Partly cloudy throughout the day with early morning rain.,rain,"KVAY,F6057,72408013739,72408594732,72407493780,72030464752,E8199,KPHL,KPNE",519
106,"Philadelphia, PA, United States",2022-08-24,32.0,21.6,26.7,31.6,21.6,26.6,16.9,57.7,0.0,0.0,0.0,,0,0,29.5,18.5,286.3,1014.9,20.7,16.0,203.9,17.7,9,10,2022-08-24T06:20:55,2022-08-24T19:44:25,0.97,Partially cloudy,Partly cloudy throughout the day.,partly-cloudy-day,"72408013739,72408594732,72407493780,72030464752,E8199,KPHL,KPNE",519
107,"Philadelphia, PA, United States",2022-08-25,32.7,21.1,27.1,32.2,21.1,27.1,16.3,53.9,0.0,0.0,0.0,,0,0,20.2,14.4,226.8,1017.0,34.1,16.0,246.7,21.3,9,10,2022-08-25T06:21:52,2022-08-25T19:42:55,0.99,Partially cloudy,Partly cloudy throughout the day.,partly-cloudy-day,"72408013739,72408594732,72407493780,72030464752,E8199,KPHL,KPNE",519
108,"Philadelphia, PA, United States",2022-08-26,33.4,23.7,28.3,34.4,23.7,29.2,19.8,62.3,0.0,0.0,0.0,rain,0,0,31.7,23.7,227.5,1014.0,47.7,15.8,227.1,19.7,9,60,2022-08-26T06:22:48,2022-08-26T19:41:25,1.0,Partially cloudy,Partly cloudy throughout the day.,partly-cloudy-day,"72408013739,72408594732,72407493780,72030464752,E8199,KPHL,KPNE",519
109,"Philadelphia, PA, United States",2022-08-27,33.0,23.4,27.8,33.3,23.4,28.2,19.0,61.4,0.0,0.0,0.0,rain,0,0,33.5,15.9,141.4,1015.3,53.7,15.9,243.3,20.9,9,60,2022-08-27T06:23:45,2022-08-27T19:39:53,0.0,Partially cloudy,Partly cloudy throughout the day.,partly-cloudy-day,"72408013739,72408594732,72407493780,72030464752,E8199,KPHL,KLOM,KPNE",519
110,"Philadelphia, PA, United States",2022-08-28,31.8,23.4,26.4,35.4,23.4,27.6,21.8,76.4,0.0,0.0,0.0,rain,0,0,37.1,23.8,93.3,1019.5,79.1,15.0,176.6,15.4,7,75,2022-08-28T06:24:42,2022-08-28T19:38:21,0.01,Partially cloudy,Partly cloudy throughout the day.,partly-cloudy-day,"F6057,72408013739,72408594732,72407493780,72030464752,E8199,KPHL,KPNE",519
111,"Philadelphia, PA, United States",2022-08-29,32.7,23.1,27.4,34.2,23.1,28.3,21.1,71.7,0.2,100.0,4.17,rain,0,0,33.5,17.4,159.6,1019.1,51.9,13.3,245.3,21.3,9,30,2022-08-29T06:25:38,2022-08-29T19:36:49,0.02,"Rain, Partially cloudy",Clearing in the afternoon with late afternoon rain.,rain,"KVAY,72408013739,72408594732,72407493780,72030464752,E8199,KPHL,KPNE",519
112,"Philadelphia, PA, United States",2022-08-30,33.9,24.9,28.0,36.3,24.9,29.2,22.0,72.4,10.31,100.0,16.67,rain,0,0,50.0,23.3,209.5,1012.1,73.8,15.8,222.4,19.1,9,60,2022-08-30T06:26:35,2022-08-30T19:35:16,0.05,"Rain, Partially cloudy",Clearing in the afternoon with late afternoon rain.,rain,"KVAY,F6057,72408013739,72408594732,72407493780,72030464752,E8199,KPHL,KPNE",519
113,"Philadelphia, PA, United States",2022-08-31,29.5,21.7,25.4,28.7,21.7,25.3,16.5,61.3,0.0,0.0,0.0,,0,0,36.6,24.2,280.1,1010.4,33.0,15.9,210.9,18.2,9,10,2022-08-31T06:27:31,2022-08-31T19:33:42,0.09,Partially cloudy,Becoming cloudy in the afternoon.,partly-cloudy-day,"72408013739,72408594732,72407493780,72030464752,E8199,KPHL,KPNE",519
114,"Philadelphia, PA, United States",2022-09-01,30.9,20.0,25.4,30.0,20.0,25.1,13.0,48.4,0.0,0.0,0.0,,0,0,33.5,22.0,263.8,1014.5,10.7,16.0,270.3,23.2,9,10,2022-09-01T06:28:28,2022-09-01T19:32:08,0.13,Clear,Clear conditions throughout the day.,clear-day,"72408013739,72408594732,72407493780,72030464752,E8199,KPHL,KPNE",519
115,"Philadelphia, PA, United States",2022-09-02,28.4,17.2,22.8,27.7,17.2,22.6,12.3,53.7,0.0,0.0,0.0,,0,0,22.0,15.1,64.0,1022.7,28.0,16.0,258.6,22.3,9,10,2022-09-02T06:29:24,2022-09-02T19:30:33,0.18,Partially cloudy,Partly cloudy throughout the day.,partly-cloudy-day,"F6057,72408013739,72408594732,72407493780,72030464752,E8199,KPHL,KPNE",519
116,"Philadelphia, PA, United States",2022-09-03,30.2,18.8,24.0,30.8,18.8,24.3,17.8,70.5,0.0,0.0,0.0,,0,0,27.7,13.2,88.9,1023.9,65.4,16.0,203.2,17.5,9,10,2022-09-03T06:30:21,2022-09-03T19:28:57,0.24,Partially cloudy,Partly cloudy throughout the day.,partly-cloudy-day,"72408013739,72408594732,72407493780,72030464752,E8199,KPHL,KPNE",519
117,"Philadelphia, PA, United States",2022-09-04,32.0,21.3,26.4,33.1,21.3,27.0,19.2,67.2,0.0,0.0,0.0,,0,0,34.6,17.1,217.5,1019.9,61.0,16.0,241.3,20.9,9,30,2022-09-04T06:31:17,2022-09-04T19:27:22,0.29,Partially cloudy,Partly cloudy throughout the day.,partly-cloudy-day,"72408013739,72408594732,72407493780,72030464752,E8199,KPHL,KPNE",519
118,"Philadelphia, PA, United States",2022-09-05,31.3,22.5,26.5,31.5,22.5,26.8,18.9,65.0,0.06,100.0,8.33,rain,0,0,37.1,16.9,186.6,1018.1,76.3,16.0,182.4,15.7,8,10,2022-09-05T06:32:13,2022-09-05T19:25:45,0.35,"Rain, Partially cloudy",Partly cloudy throughout the day with late afternoon rain.,rain,"72408013739,72408594732,72407493780,72030464752,E8199,KPHL,KPNE",519
119,"Philadelphia, PA, United States",2022-09-06,25.1,21.0,22.9,25.1,21.0,22.9,20.8,87.9,36.47,100.0,79.17,rain,0,0,38.9,20.8,103.3,1014.9,99.4,12.7,40.5,3.3,2,30,2022-09-06T06:33:10,2022-09-06T19:24:09,0.4,"Rain, Overcast",Cloudy skies throughout the day with a chance of rain throughout the day.,rain,"F6057,72408013739,72408594732,72407493780,72030464752,E8199,KPHL,KLOM,KPNE",519
120,"Philadelphia, PA, United States",2022-09-07,22.7,20.7,21.4,22.7,20.7,21.4,18.5,83.6,2.95,100.0,29.17,rain,0,0,33.1,18.7,36.3,1014.8,100.0,15.2,48.5,4.2,3,10,2022-09-07T06:34:06,2022-09-07T19:22:32,0.44,"Rain, Overcast",Cloudy skies throughout the day with a chance of rain throughout the day.,rain,"F6057,72408013739,72408594732,72407493780,72030464752,E8199,KPHL,KPNE",519
121,"Philadelphia, PA, United States",2022-09-08,27.2,18.2,22.3,27.2,18.2,22.3,15.6,67.8,0.0,0.0,0.0,rain,0,0,33.5,17.6,104.1,1013.1,52.4,16.0,212.0,18.2,9,10,2022-09-08T06:35:02,2022-09-08T19:20:54,0.47,Partially cloudy,Partly cloudy throughout the day.,partly-cloudy-day,"KVAY,72408013739,72408594732,72407493780,72030464752,E8199,KPHL,KPNE",519
122,"Philadelphia, PA, United States",2022-09-09,28.3,16.8,22.2,27.7,16.8,22.0,14.4,65.4,0.0,0.0,0.0,,0,0,20.5,14.0,130.4,1017.6,10.4,15.7,251.5,21.7,8,10,2022-09-09T06:35:59,2022-09-09T19:19:16,0.49,Clear,Clear conditions throughout the day.,clear-day,"72408013739,72408594732,72407493780,72030464752,E8199,KPHL,KPNE",519
123,"Philadelphia, PA, United States",2022-09-10,27.9,15.4,22.1,27.8,15.4,22.1,15.6,68.8,0.0,0.0,0.0,rain,0,0,18.4,12.4,120.3,1023.3,32.6,15.8,216.1,18.7,8,10,2022-09-10T06:36:55,2022-09-10T19:17:38,0.5,Partially cloudy,Partly cloudy throughout the day.,partly-cloudy-day,"F6057,72408013739,72408594732,72407493780,72030464752,E8199,KPHL,KPNE",519
124,"Philadelphia, PA, United States",2022-09-11,24.3,21.6,22.6,24.3,21.6,22.6,19.8,84.5,9.53,100.0,54.17,rain,0,0,29.9,14.4,82.3,1019.4,94.9,13.1,46.6,4.1,3,10,2022-09-11T06:37:51,2022-09-11T19:16:00,0.51,"Rain, Overcast",Cloudy skies throughout the day with rain.,rain,"72408013739,72408594732,72407493780,72030464752,E8199,KPHL,KPNE",519
125,"Philadelphia, PA, United States",2022-09-12,29.0,22.8,25.5,31.4,22.8,26.3,21.7,80.5,1.69,100.0,20.83,rain,0,0,24.1,10.1,177.7,1010.5,90.7,15.3,159.8,13.8,10,75,2022-09-12T06:38:47,2022-09-12T19:14:21,0.53,"Rain, Overcast",Cloudy skies throughout the day with rain.,rain,"F6057,72408013739,72408594732,72407493780,72030464752,E8199,KPHL,KPNE",519
126,"Philadelphia, PA, United States",2022-09-13,28.6,21.7,25.1,29.6,21.7,25.2,18.1,68.3,0.24,100.0,8.33,rain,0,0,35.3,30.8,252.2,1008.2,61.7,15.1,196.8,17.1,9,60,2022-09-13T06:39:44,2022-09-13T19:12:43,0.56,"Rain, Partially cloudy",Partly cloudy throughout the day with early morning rain.,rain,"F6057,72408013739,72408594732,72407493780,72030464752,E8199,KPHL,KPNE",519
127,"Philadelphia, PA, United States",2022-09-14,27.0,17.1,22.2,27.0,17.1,22.2,13.4,58.7,0.0,0.0,0.0,,0,0,35.8,20.2,289.9,1015.1,17.9,16.0,246.0,21.1,8,10,2022-09-14T06:40:40,2022-09-14T19:11:04,0.6,Clear,Clear conditions throughout the day.,clear-day,"F6057,72408013739,72408594732,72407493780,72030464752,E8199,KPHL,KPNE",519
128,"Philadelphia, PA, United States",2022-09-15,24.6,17.5,21.2,24.6,17.5,21.2,11.2,55.4,0.0,0.0,0.0,,0,0,42.3,25.1,313.3,1020.8,6.7,16.0,250.6,21.7,8,10,2022-09-15T06:41:37,2022-09-15T19:09:25,0.64,Clear,Clear conditions throughout the day.,clear-day,"F6057,72408013739,72408594732,72407493780,72030464752,E8199,KPHL,KPNE",519
129,"Philadelphia, PA, United States",2022-09-16,25.7,13.1,19.6,25.7,13.1,19.6,10.4,56.9,0.0,0.0,0.0,,0,0,16.9,14.6,279.9,1022.4,14.6,16.0,223.0,19.3,7,10,2022-09-16T06:42:33,2022-09-16T19:07:45,0.69,Clear,Clear conditions throughout the day.,clear-day,"F6057,72408013739,72408594732,72407493780,72030464752,E8199,KPHL,KPNE",519
130,"Philadelphia, PA, United States",2022-09-17,27.5,17.1,22.3,27.8,17.1,22.3,14.8,63.9,0.0,0.0,0.0,,0,0,24.1,13.0,147.4,1023.2,45.2,15.9,220.3,19.0,8,10,2022-09-17T06:43:30,2022-09-17T19:06:06,0.74,Partially cloudy,Partly cloudy throughout the day.,partly-cloudy-day,"72408013739,72408594732,72407493780,72030464752,E8199,KPHL,KPNE",519
131,"Philadelphia, PA, United States",2022-09-18,29.1,18.6,23.4,28.7,18.6,23.3,15.9,65.7,0.0,0.0,0.0,,0,0,29.5,22.1,224.9,1019.0,26.2,16.0,226.9,19.7,8,10,2022-09-18T06:44:26,2022-09-18T19:04:27,0.78,Partially cloudy,Partly cloudy throughout the day.,partly-cloudy-day,"F6057,72408013739,72408594732,72407493780,72030464752,E8199,KPHL,KPNE",519
132,"Philadelphia, PA, United States",2022-09-19,30.7,20.0,24.4,30.5,20.0,24.5,17.6,67.8,0.2,100.0,4.17,rain,0,0,50.1,31.6,225.8,1013.8,39.8,15.8,198.2,17.0,9,30,2022-09-19T06:45:23,2022-09-19T19:02:47,0.83,"Rain, Partially cloudy",Becoming cloudy in the afternoon with afternoon rain.,rain,"F6057,72408013739,72408594732,72407493780,72030464752,E8199,KPHL,KPNE",519
133,"Philadelphia, PA, United States",2022-09-20,27.9,19.9,23.6,27.5,19.9,23.6,15.1,61.4,0.0,0.0,0.0,,0,0,44.7,24.5,281.9,1012.9,31.1,15.7,249.1,21.3,9,10,2022-09-20T06:46:20,2022-09-20T19:01:08,0.87,Partially cloudy,Partly cloudy throughout the day.,partly-cloudy-day,"F6057,72408013739,72408594732,72407493780,72030464752,E8199,KPHL,KPNE",519
134,"Philadelphia, PA, United States",2022-09-21,28.4,17.1,22.6,28.1,17.1,22.6,15.0,63.9,0.0,0.0,0.0,,0,0,29.9,17.1,280.8,1013.6,37.4,15.8,218.1,18.8,8,10,2022-09-21T06:47:17,2022-09-21T18:59:28,0.91,Partially cloudy,Partly cloudy throughout the day.,partly-cloudy-day,"72510954782,72408013739,72408594732,72407493780,72030464752,72511354786,E8199,KPHL,KPNE",519
135,"Philadelphia, PA, United States",2022-09-22,27.3,15.9,21.4,28.7,15.9,21.5,15.3,69.1,1.1,100.0,16.67,rain,0,0,55.4,30.2,268.6,1005.7,57.0,15.5,99.2,8.6,5,30,2022-09-22T06:48:14,2022-09-22T18:57:49,0.95,"Rain, Partially cloudy",Partly cloudy throughout the day with afternoon rain.,rain,"KVAY,72408013739,72408594732,72407493780,72030464752,E8199,KPHL,KPNE",519
136,"Philadelphia, PA, United States",2022-09-23,19.5,12.5,15.3,19.5,12.5,15.3,3.3,45.8,0.0,0.0,0.0,,0,0,56.4,33.3,329.4,1014.5,22.0,16.0,242.0,20.9,8,10,2022-09-23T06:49:11,2022-09-23T18:56:10,0.97,Partially cloudy,Clearing in the afternoon.,partly-cloudy-day,"72408013739,72408594732,72407493780,72030464752,E8199,KPHL,KPNE",519
137,"Philadelphia, PA, United States",2022-09-24,21.2,8.9,14.7,21.2,7.3,14.5,5.2,54.3,0.0,0.0,0.0,,0,0,37.4,22.3,269.8,1017.0,39.1,16.0,210.4,18.3,8,10,2022-09-24T06:50:09,2022-09-24T18:54:31,0.99,Partially cloudy,Partly cloudy throughout the day.,partly-cloudy-day,"72408013739,72408594732,72407493780,72030464752,E8199,KPHL,KPNE",519
138,"Philadelphia, PA, United States",2022-09-25,23.3,15.5,18.3,23.3,15.5,18.3,13.5,74.4,4.31,100.0,25.0,rain,0,0,63.2,19.0,200.4,1007.6,79.8,15.7,120.3,10.5,7,10,2022-09-25T06:51:06,2022-09-25T18:52:52,1.0,"Rain, Partially cloudy",Partly cloudy throughout the day with rain.,rain,"KVAY,72408013739,72408594732,72407493780,72030464752,E8199,KPHL,KPNE",519
139,"Philadelphia, PA, United States",2022-09-26,25.4,15.8,20.4,25.4,15.8,20.4,11.2,58.8,0.03,100.0,4.17,rain,0,0,44.6,26.6,247.0,1006.6,50.4,16.0,229.5,19.8,9,10,2022-09-26T06:52:04,2022-09-26T18:51:13,0.0,"Rain, Partially cloudy",Becoming cloudy in the afternoon with early morning rain.,rain,"72408013739,72408594732,72407493780,72030464752,E8199,KPHL,KPNE",519
140,"Philadelphia, PA, United States",2022-09-27,22.4,15.2,18.6,22.4,15.2,18.6,7.1,48.3,0.0,0.0,0.0,,0,0,43.3,28.7,254.9,1012.0,42.3,16.0,194.5,16.8,8,10,2022-09-27T06:53:02,2022-09-27T18:49:34,0.01,Partially cloudy,Partly cloudy throughout the day.,partly-cloudy-day,"F6990,72408013739,72408594732,72407493780,72030464752,E8199,KPHL,KPNE",519
141,"Philadelphia, PA, United States",2022-09-28,20.9,10.9,16.2,20.9,10.9,16.2,8.2,60.1,0.0,0.0,0.0,,0,0,37.1,22.1,296.4,1020.3,31.4,16.0,224.4,19.4,8,10,2022-09-28T06:54:00,2022-09-28T18:47:56,0.04,Partially cloudy,Becoming cloudy in the afternoon.,partly-cloudy-day,"F6057,72408013739,72408594732,72407493780,72030464752,E8199,KPHL,KPNE",519
142,"Philadelphia, PA, United States",2022-09-29,20.9,11.4,16.2,20.9,11.4,16.2,8.0,59.5,0.0,0.0,0.0,,0,0,39.2,22.8,102.1,1026.9,33.5,16.0,211.7,18.3,8,10,2022-09-29T06:54:58,2022-09-29T18:46:18,0.07,Partially cloudy,Partly cloudy throughout the day.,partly-cloudy-day,"KVAY,F6057,72408013739,72408594732,72407493780,72030464752,E8199,KPHL,KPTW,KLOM,KPNE,KDYL",519
143,"Philadelphia, PA, United States",2022-09-30,18.6,11.8,14.9,18.6,11.8,14.9,8.3,65.1,0.2,71.4,8.33,rain,0,0,38.9,21.8,42.7,1024.3,66.2,19.6,95.7,8.2,4,10,2022-09-30T06:55:56,2022-09-30T18:44:40,0.12,"Rain, Partially cloudy",Partly cloudy throughout the day with late afternoon rain.,rain,"KVAY,F6057,E8199,KPHL,KPTW,KLOM,KPNE,KDYL",519
