,name,datetime,tempmax,tempmin,temp,feelslikemax,feelslikemin,feelslike,dew,humidity,precip,precipprob,precipcover,preciptype,snow,snowdepth,windgust,windspeed,winddir,sealevelpressure,cloudcover,visibility,solarradiation,solarenergy,uvindex,severerisk,sunrise,sunset,moonphase,conditions,description,icon,stations,skey
0,"Bensalem, PA, United States",2022-05-10,22.6,10.4,16.1,22.6,10.4,16.1,-2.7,28.1,0.0,0.0,0.0,,0,0,48.2,33.2,62.8,1026.3,26.7,16.0,233.9,20.3,10,10,2022-05-10T05:49:08,2022-05-10T20:03:46,0.32,Partially cloudy,Becoming cloudy in the afternoon.,partly-cloudy-day,"KVAY,KTTN,72409514792,72408594732,72407493780,D8567,KPNE",521
1,"Bensalem, PA, United States",2022-05-11,22.7,10.7,16.5,22.7,10.7,16.5,6.4,52.2,0.0,0.0,0.0,,0,0,46.8,30.2,51.5,1024.8,43.6,16.0,130.0,11.1,6,10,2022-05-11T05:48:06,2022-05-11T20:04:44,0.37,Partially cloudy,Partly cloudy throughout the day.,partly-cloudy-day,"KVAY,KTTN,72409514792,72408594732,72407493780,D8567,KPNE",521
2,"Bensalem, PA, United States",2022-05-12,24.2,12.1,18.0,24.2,12.1,18.0,14.7,81.7,0.0,0.0,0.0,,0,0,35.3,26.3,70.8,1025.1,63.5,15.9,144.3,12.2,10,10,2022-05-12T05:47:05,2022-05-12T20:05:42,0.41,Partially cloudy,Partly cloudy throughout the day.,partly-cloudy-day,"KVAY,KTTN,72409514792,72408594732,72407493780,D7364,D8567,KPNE",521
3,"Bensalem, PA, United States",2022-05-13,22.7,14.9,18.3,22.7,14.9,18.3,17.6,96.4,9.61,100.0,20.83,rain,0,0,29.2,20.7,72.6,1023.8,99.9,11.4,73.2,6.2,5,10,2022-05-13T05:46:06,2022-05-13T20:06:40,0.45,"Rain, Overcast",Cloudy skies throughout the day with rain in the morning and afternoon.,rain,"KVAY,KTTN,72409514792,72408594732,72407493780,D8567,KPNE",521
4,"Bensalem, PA, United States",2022-05-14,20.4,17.6,18.8,20.4,17.6,18.8,18.6,98.8,5.33,100.0,33.33,rain,0,0,17.6,11.9,93.7,1018.1,84.0,7.5,51.4,4.4,3,10,2022-05-14T05:45:08,2022-05-14T20:07:37,0.48,"Rain, Partially cloudy",Partly cloudy throughout the day with rain.,rain,"KVAY,KTTN,72409514792,72408594732,72407493780,D8567,D5182,KPNE",521
5,"Bensalem, PA, United States",2022-05-15,25.3,17.7,21.1,25.3,17.7,21.1,18.0,83.8,0.0,0.0,0.0,rain,0,0,23.0,16.0,180.8,1012.1,68.3,11.6,144.1,12.5,9,30,2022-05-15T05:44:12,2022-05-15T20:08:34,0.5,Partially cloudy,Partly cloudy throughout the day.,partly-cloudy-day,"KVAY,KTTN,72409514792,72408594732,72407493780,D8567,KPNE",521
6,"Bensalem, PA, United States",2022-05-16,26.0,16.9,21.0,26.0,16.9,21.0,17.9,83.4,10.29,100.0,20.83,rain,0,0,52.9,24.2,153.3,1005.9,41.7,15.0,98.5,8.6,5,30,2022-05-16T05:43:17,2022-05-16T20:09:31,0.5,"Rain, Partially cloudy",Partly cloudy throughout the day with rain.,rain,"KVAY,KTTN,72409514792,72408594732,72407493780,D8567,KPNE",521
7,"Bensalem, PA, United States",2022-05-17,26.5,12.2,19.8,26.5,12.2,19.8,8.9,55.0,0.0,0.0,0.0,,0,0,56.4,42.2,271.5,1009.1,8.8,16.0,296.3,25.6,10,10,2022-05-17T05:42:24,2022-05-17T20:10:26,0.52,Clear,Clear conditions throughout the day.,clear-day,"KVAY,KTTN,72409514792,72408594732,72407493780,D8567,KPNE",521
8,"Bensalem, PA, United States",2022-05-18,22.7,11.2,17.5,22.7,11.2,17.5,7.2,51.9,0.0,0.0,0.0,,0,0,37.1,18.6,298.5,1014.6,9.7,16.0,203.5,17.5,9,10,2022-05-18T05:41:33,2022-05-18T20:11:22,0.54,Clear,Clear conditions throughout the day.,clear-day,"KVAY,KTTN,72409514792,72408594732,72407493780,D8567,KPNE",521
9,"Bensalem, PA, United States",2022-05-19,24.6,13.2,17.7,24.6,13.2,17.7,14.8,84.6,6.03,100.0,33.33,rain,0,0,34.2,16.9,157.4,1008.4,74.4,14.1,74.9,6.6,3,30,2022-05-19T05:40:44,2022-05-19T20:12:16,0.58,"Rain, Partially cloudy",Partly cloudy throughout the day with rain clearing later.,rain,"KVAY,KTTN,72409514792,72408594732,72407493780,D8567,KPNE",521
10,"Bensalem, PA, United States",2022-05-20,29.8,14.2,20.6,30.7,14.2,20.7,18.2,88.2,11.74,100.0,12.5,rain,0,0,46.0,17.1,60.6,1012.3,26.6,13.5,133.8,11.6,9,30,2022-05-20T05:39:56,2022-05-20T20:13:10,0.63,"Rain, Partially cloudy",Partly cloudy throughout the day with afternoon rain.,rain,"KVAY,KTTN,72409514792,72408594732,72407493780,D8567,KPNE",521
11,"Bensalem, PA, United States",2022-05-21,33.8,18.6,26.4,36.4,18.6,27.6,20.1,72.9,0.0,0.0,0.0,rain,0,0,25.9,17.3,144.5,1015.7,24.8,11.4,211.3,18.3,9,100,2022-05-21T05:39:10,2022-05-21T20:14:04,0.68,Partially cloudy,Partly cloudy throughout the day.,partly-cloudy-day,"KVAY,KTTN,72409514792,72408594732,72407493780,D8567,KPNE",521
12,"Bensalem, PA, United States",2022-05-22,32.2,23.4,27.1,34.2,23.4,28.1,20.5,68.3,0.81,100.0,8.33,rain,0,0,48.0,18.4,239.7,1016.3,12.3,16.0,222.9,19.1,10,100,2022-05-22T05:38:25,2022-05-22T20:14:56,0.74,Rain,Clear conditions throughout the day with late afternoon rain.,rain,"KVAY,KTTN,72409514792,72408594732,72407493780,D7364,D8567,KPNE",521
13,"Bensalem, PA, United States",2022-05-23,23.9,15.5,20.6,23.9,15.5,20.6,11.0,55.4,0.04,100.0,4.17,rain,0,0,46.2,32.3,190.2,1021.5,33.1,16.0,211.7,18.2,9,10,2022-05-23T05:37:43,2022-05-23T20:15:48,0.79,"Rain, Partially cloudy",Partly cloudy throughout the day with early morning rain.,rain,"KVAY,KTTN,72409514792,72408594732,72407493780,D8567,KPNE",521
14,"Bensalem, PA, United States",2022-05-24,20.4,14.8,17.8,20.4,14.8,17.8,10.3,62.4,1.08,100.0,12.5,rain,0,0,32.7,24.0,99.7,1024.8,96.6,16.0,143.4,12.2,7,10,2022-05-24T05:37:02,2022-05-24T20:16:39,0.85,"Rain, Overcast",Cloudy skies throughout the day with rain clearing later.,rain,"KVAY,KTTN,72409514792,72408594732,72407493780,D8567,KPNE",521
15,"Bensalem, PA, United States",2022-05-25,22.8,11.2,16.7,22.8,11.2,16.7,9.6,65.2,0.0,0.0,0.0,,0,0,33.5,20.2,86.6,1027.7,39.8,16.0,171.5,14.7,8,10,2022-05-25T05:36:23,2022-05-25T20:17:29,0.89,Partially cloudy,Partly cloudy throughout the day.,partly-cloudy-day,"KVAY,KTTN,72409514792,72408594732,72407493780,D8567,KPNE",521
16,"Bensalem, PA, United States",2022-05-26,22.8,11.4,17.6,22.8,11.4,17.6,13.2,76.3,0.0,0.0,0.0,rain,0,0,28.4,14.3,115.3,1024.2,80.2,15.8,104.2,9.2,5,10,2022-05-26T05:35:46,2022-05-26T20:18:19,0.93,Partially cloudy,Partly cloudy throughout the day.,partly-cloudy-day,"KVAY,KTTN,72409514792,72408594732,72407493780,D8567,KPNE",521
17,"Bensalem, PA, United States",2022-05-27,25.7,18.8,20.7,25.7,18.8,20.7,19.7,94.1,7.78,100.0,12.5,rain,0,0,49.7,15.4,176.7,1013.3,87.8,12.0,54.0,4.6,2,30,2022-05-27T05:35:10,2022-05-27T20:19:07,0.96,"Rain, Partially cloudy",Partly cloudy throughout the day with rain.,rain,"KVAY,KTTN,72409514792,72408594732,72407493780,D8567,D5182,KPNE",521
18,"Bensalem, PA, United States",2022-05-28,25.4,18.9,21.7,25.4,18.9,21.7,17.7,79.9,5.36,100.0,25.0,rain,0,0,37.1,23.0,250.7,1008.2,65.1,15.2,149.8,13.0,10,30,2022-05-28T05:34:37,2022-05-28T20:19:55,0.99,"Rain, Partially cloudy",Partly cloudy throughout the day with rain.,rain,"KVAY,KTTN,72409514792,72408594732,72407493780,D8567,KPNE",521
19,"Bensalem, PA, United States",2022-05-29,27.0,15.6,22.1,27.1,15.6,22.1,14.9,66.7,0.0,0.0,0.0,,0,0,19.1,12.7,244.1,1017.1,30.3,16.0,221.4,19.2,10,10,2022-05-29T05:34:05,2022-05-29T20:20:41,1.0,Partially cloudy,Becoming cloudy in the afternoon.,partly-cloudy-day,"KVAY,KTTN,72409514792,72408594732,72407493780,D8567,KPNE",521
20,"Bensalem, PA, United States",2022-05-30,31.1,15.9,24.6,33.3,15.9,25.5,18.8,72.5,0.0,0.0,0.0,rain,0,0,31.7,14.9,161.4,1018.9,8.1,15.8,234.5,20.1,10,30,2022-05-30T05:33:35,2022-05-30T20:21:27,0.0,Clear,Clear conditions throughout the day.,clear-day,"KVAY,KTTN,72409514792,72408594732,72407493780,D8567,KPNE",521
21,"Bensalem, PA, United States",2022-05-31,34.3,22.6,28.8,35.6,22.6,29.7,19.7,61.7,0.0,0.0,0.0,,0,0,35.3,20.0,277.3,1015.4,4.4,16.0,224.8,19.5,10,30,2022-05-31T05:33:08,2022-05-31T20:22:11,0.0,Clear,Clear conditions throughout the day.,clear-day,"KVAY,KTTN,72409514792,72408594732,72407493780,D8567,KPNE",521
22,"Bensalem, PA, United States",2022-06-01,27.8,17.1,22.4,29.3,17.1,22.6,17.7,75.7,0.0,0.0,0.0,rain,0,0,25.9,24.2,119.1,1013.0,35.2,15.8,221.2,19.3,9,10,2022-06-01T05:32:42,2022-06-01T20:22:54,0.02,Partially cloudy,Clearing in the afternoon.,partly-cloudy-day,"KVAY,KTTN,72409514792,72408594732,72407493780,D8567,KPNE",521
23,"Bensalem, PA, United States",2022-06-02,28.2,16.6,22.0,29.8,16.6,22.2,18.5,81.8,14.59,100.0,50.0,rain,0,0,62.2,14.2,191.1,1007.8,67.3,14.5,137.4,12.0,7,30,2022-06-02T05:32:18,2022-06-02T20:23:36,0.04,"Rain, Partially cloudy",Partly cloudy throughout the day with a chance of rain throughout the day.,rain,"KVAY,KTTN,72409514792,72408594732,72407493780,D8567,KPNE",521
24,"Bensalem, PA, United States",2022-06-03,26.6,18.1,22.0,26.6,18.1,22.0,15.4,69.4,2.78,100.0,8.33,rain,0,0,27.7,18.2,211.0,1008.1,37.5,13.2,187.6,16.2,9,10,2022-06-03T05:31:56,2022-06-03T20:24:17,0.07,"Rain, Partially cloudy",Partly cloudy throughout the day with morning rain.,rain,"KVAY,KTTN,72409514792,72408594732,72407493780,D7364,D8567,KPNE",521
25,"Bensalem, PA, United States",2022-06-04,28.3,14.6,22.4,27.2,14.6,22.1,9.0,47.1,0.0,0.0,0.0,,0,0,39.8,20.4,243.0,1011.7,2.7,16.0,238.0,20.6,10,10,2022-06-04T05:31:35,2022-06-04T20:24:57,0.11,Clear,Clear conditions throughout the day.,clear-day,"KVAY,KTTN,72409514792,72408594732,72407493780,D7364,D8567,KPNE",521
26,"Bensalem, PA, United States",2022-06-05,25.6,13.5,20.2,25.6,13.5,20.2,5.0,38.2,0.0,0.0,0.0,,0,0,27.4,19.8,144.1,1015.4,0.0,16.0,231.3,20.0,10,10,2022-06-05T05:31:17,2022-06-05T20:25:35,0.14,Clear,Clear conditions throughout the day.,clear-day,"KVAY,KTTN,72409514792,72408594732,72407493780,D8567,KPNE",521
27,"Bensalem, PA, United States",2022-06-06,26.8,12.4,20.7,26.6,12.4,20.7,7.3,44.7,0.0,0.0,0.0,,0,0,35.6,13.7,167.7,1017.4,0.0,16.0,228.8,19.7,10,10,2022-06-06T05:31:01,2022-06-06T20:26:12,0.19,Clear,Clear conditions throughout the day.,clear-day,"KVAY,KTTN,72409514792,72408594732,72407493780,D8567,KPNE",521
28,"Bensalem, PA, United States",2022-06-07,25.6,15.1,21.3,25.6,15.1,21.3,14.1,64.2,3.44,100.0,12.5,rain,0,0,38.9,21.2,172.1,1016.3,40.8,15.9,168.1,14.5,10,10,2022-06-07T05:30:47,2022-06-07T20:26:48,0.24,"Rain, Partially cloudy",Partly cloudy throughout the day with late afternoon rain.,rain,"KVAY,KTTN,72409514792,72408594732,72407493780,D8567,KPNE",521
29,"Bensalem, PA, United States",2022-06-08,29.8,19.9,25.0,30.0,19.9,25.1,17.3,65.1,0.36,100.0,8.33,rain,0,0,43.9,20.3,223.0,1011.5,53.7,15.9,175.3,15.0,9,30,2022-06-08T05:30:34,2022-06-08T20:27:22,0.29,"Rain, Partially cloudy",Clearing in the afternoon with early morning rain.,rain,"KVAY,KTTN,72409514792,72408594732,72407493780,D8567,KPNE",521
30,"Bensalem, PA, United States",2022-06-09,27.6,20.1,23.8,28.3,20.1,23.9,16.3,65.7,14.2,100.0,33.33,rain,0,0,52.9,31.7,234.5,1005.5,58.0,14.8,257.3,22.2,10,30,2022-06-09T05:30:24,2022-06-09T20:27:55,0.35,"Rain, Partially cloudy",Partly cloudy throughout the day with rain clearing later.,rain,"KVAY,KTTN,72409514792,72408594732,72407493780,D7364,D8567,KPNE",521
31,"Bensalem, PA, United States",2022-06-10,26.6,16.4,21.8,26.6,16.4,21.8,10.4,50.2,0.0,0.0,0.0,,0,0,35.3,21.4,283.7,1011.3,4.4,16.0,219.3,18.8,10,10,2022-06-10T05:30:15,2022-06-10T20:28:26,0.39,Clear,Clear conditions throughout the day.,clear-day,"KVAY,KTTN,72409514792,72408594732,72407493780,D8567,KPNE",521
32,"Bensalem, PA, United States",2022-06-11,22.7,17.6,20.6,22.7,17.6,20.6,13.3,63.7,3.78,100.0,16.67,rain,0,0,20.2,13.5,171.2,1013.5,43.9,16.0,69.3,6.0,2,10,2022-06-11T05:30:09,2022-06-11T20:28:56,0.44,"Rain, Partially cloudy",Partly cloudy throughout the day with afternoon rain.,rain,"KVAY,KTTN,72409514792,72408594732,72407493780,D7364,D8567,KPNE",521
33,"Bensalem, PA, United States",2022-06-12,25.5,16.5,20.1,25.5,16.5,20.1,17.5,85.6,11.26,100.0,29.17,rain,0,0,25.6,18.2,101.5,1014.3,80.2,14.0,73.0,6.2,3,30,2022-06-12T05:30:04,2022-06-12T20:29:25,0.47,"Rain, Partially cloudy",Partly cloudy throughout the day with rain.,rain,"KVAY,KTTN,72409514792,72408594732,72407493780,D7364,D8567,KPNE",521
34,"Bensalem, PA, United States",2022-06-13,31.6,19.9,25.8,32.9,19.9,26.5,19.4,70.0,0.28,100.0,12.5,rain,0,0,29.9,19.4,229.5,1012.8,25.8,15.1,142.4,12.4,8,75,2022-06-13T05:30:01,2022-06-13T20:29:51,0.49,"Rain, Partially cloudy",Partly cloudy throughout the day with rain.,rain,"KVAY,KTTN,72409514792,72408594732,72407493780,D7364,D8567,KPNE",521
35,"Bensalem, PA, United States",2022-06-14,28.4,19.2,23.8,28.0,19.2,23.8,13.9,54.6,2.94,100.0,8.33,rain,0,0,24.5,14.0,94.3,1013.0,9.8,16.0,166.0,14.2,9,10,2022-06-14T05:30:01,2022-06-14T20:30:16,0.5,Rain,Clear conditions throughout the day with morning rain.,rain,"KVAY,KTTN,72409514792,72408594732,72407493780,D8567,KPNE",521
36,"Bensalem, PA, United States",2022-06-15,29.3,17.4,23.3,28.9,17.4,23.3,15.1,62.2,0.0,0.0,0.0,,0,0,32.7,21.0,149.5,1018.2,9.4,16.0,227.0,19.6,10,10,2022-06-15T05:30:02,2022-06-15T20:30:40,0.51,Clear,Clear conditions throughout the day.,clear-day,"KVAY,KTTN,72409514792,72408594732,72407493780,D8567,KPNE",521
37,"Bensalem, PA, United States",2022-06-16,25.0,18.2,21.4,25.0,18.2,21.4,17.0,76.5,6.21,100.0,20.83,rain,0,0,33.7,18.7,149.4,1019.5,90.8,15.4,146.5,12.6,8,10,2022-06-16T05:30:05,2022-06-16T20:31:01,0.53,"Rain, Overcast",Cloudy skies throughout the day with morning rain.,rain,"KVAY,KTTN,72409514792,72408594732,72407493780,D7364,D8567,KPNE",521
38,"Bensalem, PA, United States",2022-06-17,33.7,21.0,27.2,34.1,21.0,27.3,17.0,58.4,0.0,0.0,0.0,rain,0,0,46.9,33.6,241.3,1007.5,47.5,15.9,230.7,19.8,10,75,2022-06-17T05:30:10,2022-06-17T20:31:21,0.57,Partially cloudy,Partly cloudy throughout the day.,partly-cloudy-day,"KVAY,KTTN,72409514792,72408594732,72407493780,D8567,KPNE",521
39,"Bensalem, PA, United States",2022-06-18,25.0,16.6,20.6,25.0,16.6,20.6,8.8,46.8,0.0,0.0,0.0,rain,0,0,54.3,36.5,305.4,1008.0,39.6,16.0,104.3,8.9,4,10,2022-06-18T05:30:16,2022-06-18T20:31:39,0.62,Partially cloudy,Partly cloudy throughout the day.,partly-cloudy-day,"KVAY,KTTN,72409514792,72408594732,72407493780,D8567,KPNE",521
40,"Bensalem, PA, United States",2022-06-19,23.3,13.4,18.3,23.3,13.4,18.3,3.8,39.0,0.0,0.0,0.0,,0,0,50.8,34.7,297.3,1015.6,1.1,16.0,235.7,20.1,10,10,2022-06-19T05:30:25,2022-06-19T20:31:56,0.67,Clear,Clear conditions throughout the day.,clear-day,"KVAY,KTTN,72409514792,72408594732,72407493780,D8567,KPNE",521
41,"Bensalem, PA, United States",2022-06-20,26.2,12.8,19.9,26.2,12.8,19.9,5.5,40.6,0.0,0.0,0.0,,0,0,28.4,16.7,291.8,1020.5,0.0,16.0,240.1,20.6,10,10,2022-06-20T05:30:35,2022-06-20T20:32:11,0.72,Clear,Clear conditions throughout the day.,clear-day,"KVAY,KTTN,72409514792,72408594732,72407493780,D8567,KPNE",521
42,"Bensalem, PA, United States",2022-06-21,27.0,14.6,21.7,26.9,14.6,21.7,11.5,53.2,0.0,0.0,0.0,,0,0,27.7,15.1,179.9,1019.8,25.5,16.0,165.5,14.3,9,10,2022-06-21T05:30:47,2022-06-21T20:32:23,0.77,Partially cloudy,Becoming cloudy in the afternoon.,partly-cloudy-day,"KVAY,KTTN,72409514792,72408594732,72407493780,D8567,KPNE",521
43,"Bensalem, PA, United States",2022-06-22,23.1,18.2,20.2,23.1,18.2,20.2,16.1,77.7,0.0,0.0,0.0,rain,0,0,31.7,23.0,111.3,1015.7,73.0,15.0,63.0,5.4,3,10,2022-06-22T05:31:01,2022-06-22T20:32:34,0.82,Partially cloudy,Partly cloudy throughout the day.,partly-cloudy-day,"KVAY,KTTN,72409514792,72408594732,72407493780,D8567,KPNE",521
44,"Bensalem, PA, United States",2022-06-23,23.2,17.7,19.6,23.2,17.7,19.6,16.4,82.6,2.65,100.0,33.33,rain,0,0,34.2,17.1,71.3,1014.6,87.8,15.3,89.4,7.7,10,10,2022-06-23T05:31:17,2022-06-23T20:32:43,0.87,"Rain, Partially cloudy",Partly cloudy throughout the day with a chance of rain throughout the day.,rain,"KVAY,KTTN,72409514792,72408594732,72407493780,D8567,KPNE",521
45,"Bensalem, PA, United States",2022-06-24,28.6,16.8,22.4,29.2,16.8,22.5,16.7,72.6,0.0,0.0,0.0,rain,0,0,13.7,12.0,183.3,1016.9,55.2,14.3,153.4,13.2,10,30,2022-06-24T05:31:34,2022-06-24T20:32:51,0.91,Partially cloudy,Partly cloudy throughout the day.,partly-cloudy-day,"KVAY,KTTN,72409514792,72408594732,72407493780,D8567,KPNE",521
46,"Bensalem, PA, United States",2022-06-25,31.8,19.3,26.5,31.9,19.3,26.7,17.6,60.8,0.0,0.0,0.0,,0,0,19.1,14.9,258.0,1019.2,7.1,16.0,207.7,18.0,10,60,2022-06-25T05:31:53,2022-06-25T20:32:56,0.95,Clear,Clear conditions throughout the day.,clear-day,"KVAY,KTTN,72409514792,72408594732,72407493780,D8567,KPNE",521
47,"Bensalem, PA, United States",2022-06-26,31.6,21.9,27.0,31.9,21.9,27.1,17.1,56.6,0.0,0.0,0.0,,0,0,36.7,21.1,218.1,1018.6,10.3,16.0,181.0,15.6,9,10,2022-06-26T05:32:14,2022-06-26T20:32:59,0.97,Clear,Clear conditions throughout the day.,clear-day,"KVAY,KTTN,72409514792,72408594732,72407493780,D8567,KPNE",521
48,"Bensalem, PA, United States",2022-06-27,26.3,20.1,23.9,26.3,20.1,23.9,19.8,78.4,8.14,100.0,25.0,rain,0,0,42.1,18.9,194.9,1015.0,77.0,15.4,44.0,3.7,2,30,2022-06-27T05:32:37,2022-06-27T20:33:01,0.99,"Rain, Partially cloudy",Partly cloudy throughout the day with rain.,rain,"KVAY,KTTN,72409514792,72408594732,72407493780,D8567,KPNE",521
49,"Bensalem, PA, United States",2022-06-28,26.6,18.4,22.4,26.6,18.4,22.4,12.5,55.9,0.0,0.0,0.0,rain,0,0,28.4,22.2,241.5,1020.5,23.5,15.6,183.2,15.7,10,10,2022-06-28T05:33:01,2022-06-28T20:33:00,1.0,Partially cloudy,Partly cloudy throughout the day.,partly-cloudy-day,"KVAY,KTTN,72409514792,72408594732,72407493780,D8567,KPNE",521
50,"Bensalem, PA, United States",2022-06-29,29.8,16.0,23.9,29.1,16.0,23.7,13.8,56.6,0.0,0.0,0.0,,0,0,27.7,16.6,164.9,1022.9,12.0,16.0,245.0,21.1,10,30,2022-06-29T05:33:26,2022-06-29T20:32:58,0.0,Clear,Clear conditions throughout the day.,clear-day,"KVAY,KTTN,72409514792,72408594732,72407493780,D8567,KPNE",521
51,"Bensalem, PA, United States",2022-06-30,31.6,19.2,26.3,30.7,19.2,26.0,15.0,52.9,0.0,0.0,0.0,,0,0,25.9,13.7,241.9,1021.9,7.0,16.0,174.3,14.9,10,10,2022-06-30T05:33:53,2022-06-30T20:32:53,0.01,Clear,Clear conditions throughout the day.,clear-day,"KVAY,KTTN,72409514792,72408594732,72407493780,D8567,KPNE",521
52,"Bensalem, PA, United States",2022-07-01,33.3,21.8,27.6,35.8,21.8,29.0,20.1,65.3,0.0,0.0,0.0,rain,0,0,38.9,19.6,194.6,1017.4,15.5,15.6,172.1,14.9,9,75,2022-07-01T05:34:22,2022-07-01T20:32:47,0.03,Clear,Clear conditions throughout the day.,clear-day,"KVAY,KTTN,72409514792,72408594732,72407493780,D8567,KPNE",521
53,"Bensalem, PA, United States",2022-07-02,32.8,25.5,28.3,35.6,25.5,29.5,20.8,65.0,0.0,0.0,0.0,rain,0,0,36.0,18.4,239.1,1013.3,30.3,16.0,115.0,10.1,9,75,2022-07-02T05:34:52,2022-07-02T20:32:38,0.05,Partially cloudy,Partly cloudy throughout the day.,partly-cloudy-day,"KVAY,KTTN,72409514792,72408594732,72407493780,D8567,KPNE",521
54,"Bensalem, PA, United States",2022-07-03,31.2,22.8,26.7,30.2,22.8,26.4,16.0,55.8,0.78,100.0,16.67,rain,0,0,36.4,21.2,199.9,1016.0,31.2,16.0,225.5,19.5,10,30,2022-07-03T05:35:23,2022-07-03T20:32:28,0.08,"Rain, Partially cloudy",Partly cloudy throughout the day with morning rain.,rain,"KVAY,KTTN,72409514792,72408594732,72407493780,D8567,KPNE",521
55,"Bensalem, PA, United States",2022-07-04,30.0,17.0,24.8,28.7,17.0,24.3,10.2,41.4,0.0,0.0,0.0,,0,0,27.0,13.8,200.0,1020.7,1.7,16.0,228.5,19.7,10,10,2022-07-04T05:35:56,2022-07-04T20:32:16,0.12,Clear,Clear conditions throughout the day.,clear-day,"KVAY,KTTN,72409514792,72408594732,72407493780,D8567,KPNE",521
56,"Bensalem, PA, United States",2022-07-05,30.7,21.6,25.4,31.1,21.6,25.8,17.6,63.0,3.16,100.0,4.17,rain,0,0,48.6,20.3,221.5,1016.3,39.0,16.0,146.7,12.7,9,10,2022-07-05T05:36:30,2022-07-05T20:32:01,0.17,"Rain, Partially cloudy",Becoming cloudy in the afternoon with late afternoon rain.,rain,"KVAY,KTTN,72409514792,72408594732,72407493780,D7364,D8567,KPNE",521
57,"Bensalem, PA, United States",2022-07-06,31.0,23.7,27.3,33.8,23.7,28.2,20.0,66.2,0.0,0.0,0.0,,0,0,32.7,21.0,185.3,1011.2,46.1,15.8,105.8,9.3,9,30,2022-07-06T05:37:06,2022-07-06T20:31:45,0.22,Partially cloudy,Partly cloudy throughout the day.,partly-cloudy-day,"KVAY,KTTN,72409514792,72408594732,72407493780,D8567,KPNE",521
58,"Bensalem, PA, United States",2022-07-07,27.3,21.3,24.3,28.7,21.3,24.4,19.2,73.8,3.64,100.0,33.33,rain,0,0,34.6,18.6,74.3,1014.9,89.1,15.7,116.1,9.7,6,10,2022-07-07T05:37:43,2022-07-07T20:31:27,0.27,"Rain, Partially cloudy",Partly cloudy throughout the day with rain clearing later.,rain,"KVAY,KTTN,72409514792,72408594732,72407493780,D8567,KPNE",521
59,"Bensalem, PA, United States",2022-07-08,30.9,18.2,24.9,33.1,18.2,25.7,19.0,71.5,1.68,100.0,8.33,rain,0,0,29.5,19.0,160.8,1015.8,26.2,15.6,195.8,16.9,10,30,2022-07-08T05:38:21,2022-07-08T20:31:06,0.33,"Rain, Partially cloudy",Partly cloudy throughout the day with late afternoon rain.,rain,"KVAY,KTTN,72409514792,72408594732,72407493780,D8567,KPNE",521
60,"Bensalem, PA, United States",2022-07-09,25.1,20.7,22.9,25.1,20.7,22.9,18.4,76.8,3.76,100.0,25.0,rain,0,0,26.6,15.5,140.9,1016.6,52.2,15.8,83.3,6.9,3,10,2022-07-09T05:39:00,2022-07-09T20:30:44,0.38,"Rain, Partially cloudy",Partly cloudy throughout the day with rain clearing later.,rain,"KVAY,KTTN,72409514792,72408594732,72407493780,D8567,D5182,KPNE",521
61,"Bensalem, PA, United States",2022-07-10,28.6,18.2,23.1,28.3,18.2,23.2,15.8,65.4,0.0,0.0,0.0,,0,0,23.4,16.5,90.8,1017.5,21.3,15.9,177.3,15.2,10,10,2022-07-10T05:39:40,2022-07-10T20:30:20,0.42,Partially cloudy,Partly cloudy throughout the day.,partly-cloudy-day,"KVAY,KTTN,72409514792,72408594732,72407493780,D8567,KPNE",521
62,"Bensalem, PA, United States",2022-07-11,29.3,16.4,23.6,28.5,16.4,23.4,13.7,57.9,0.0,0.0,0.0,,0,0,29.5,16.3,182.5,1014.4,3.5,16.0,223.4,19.3,10,10,2022-07-11T05:40:22,2022-07-11T20:29:54,0.46,Clear,Clear conditions throughout the day.,clear-day,"KVAY,KTTN,72409514792,72408594732,72407493780,D8567,KPNE",521
63,"Bensalem, PA, United States",2022-07-12,33.3,21.1,26.6,36.1,21.1,27.5,18.9,64.7,0.0,0.0,0.0,rain,0,0,42.5,26.6,227.3,1008.9,24.2,15.9,198.2,17.0,9,60,2022-07-12T05:41:04,2022-07-12T20:29:26,0.49,Partially cloudy,Partly cloudy throughout the day.,partly-cloudy-day,"KVAY,KTTN,72409514792,72408594732,72407493780,D8567,KPNE",521
64,"Bensalem, PA, United States",2022-07-13,33.1,22.2,27.9,32.9,22.2,28.0,17.2,54.9,0.0,0.0,0.0,,0,0,33.5,18.6,244.8,1011.6,10.9,15.9,227.7,19.5,10,10,2022-07-13T05:41:47,2022-07-13T20:28:55,0.5,Clear,Clear conditions throughout the day.,clear-day,"KVAY,KTTN,72409514792,72408594732,72407493780,D7364,D8567,KPNE",521
65,"Bensalem, PA, United States",2022-07-14,32.7,23.0,27.8,32.9,23.0,27.9,16.7,52.8,0.0,0.0,0.0,rain,0,0,21.2,15.4,270.0,1014.5,26.9,16.0,232.5,20.1,10,30,2022-07-14T05:42:32,2022-07-14T20:28:23,0.51,Partially cloudy,Partly cloudy throughout the day.,partly-cloudy-day,"KVAY,KTTN,72409514792,72408594732,72407493780,D8567,KPNE",521
66,"Bensalem, PA, United States",2022-07-15,30.6,20.4,25.1,30.1,20.4,25.0,15.8,58.5,3.28,100.0,8.33,rain,0,0,27.0,26.7,104.7,1019.7,40.5,16.0,195.7,17.0,10,30,2022-07-15T05:43:17,2022-07-15T20:27:50,0.53,"Rain, Partially cloudy",Becoming cloudy in the afternoon with late afternoon rain.,rain,"KVAY,KTTN,72409514792,72408594732,72407493780,D8567,KPNE",521
67,"Bensalem, PA, United States",2022-07-16,31.5,22.6,26.0,31.4,22.6,26.3,19.3,69.0,0.23,100.0,4.17,rain,0,0,24.5,16.3,124.5,1018.7,67.6,15.4,180.9,15.6,10,30,2022-07-16T05:44:04,2022-07-16T20:27:14,0.55,"Rain, Partially cloudy",Clearing in the afternoon with late afternoon rain.,rain,"KVAY,KTTN,72409514792,72408594732,72407493780,D8567,KPNE",521
68,"Bensalem, PA, United States",2022-07-17,30.7,21.6,26.2,32.0,21.6,27.0,19.8,70.0,2.52,100.0,16.67,rain,0,0,19.4,15.2,140.8,1016.6,65.7,15.7,130.5,11.3,8,60,2022-07-17T05:44:51,2022-07-17T20:26:36,0.6,"Rain, Partially cloudy",Partly cloudy throughout the day with early morning rain.,rain,"KVAY,KTTN,72409514792,72408594732,72407493780,D8567,KPNE",521
69,"Bensalem, PA, United States",2022-07-18,33.3,24.2,28.2,37.2,24.2,30.0,22.2,71.3,4.13,100.0,20.83,rain,0,0,48.6,31.1,190.2,1012.1,55.0,15.9,157.5,14.0,9,75,2022-07-18T05:45:39,2022-07-18T20:25:56,0.65,"Rain, Partially cloudy",Partly cloudy throughout the day with late afternoon rain.,rain,"KTTN,KVAY,72409514792,72408594732,72407493780,D8567,KPNE",521
70,"Bensalem, PA, United States",2022-07-19,33.7,23.7,28.7,34.4,23.7,29.1,18.8,58.1,0.02,100.0,4.17,rain,0,0,38.5,20.2,270.0,1009.4,11.3,16.0,233.4,20.1,10,10,2022-07-19T05:46:27,2022-07-19T20:25:15,0.7,Rain,Clear conditions throughout the day with early morning rain.,rain,"KVAY,KTTN,72409514792,72408594732,72407493780,D8567,D5182,KPNE",521
71,"Bensalem, PA, United States",2022-07-20,35.5,23.3,30.0,36.9,23.3,31.2,18.8,52.6,0.0,0.0,0.0,,0,0,29.5,16.1,216.4,1008.5,9.1,16.0,221.7,19.2,10,30,2022-07-20T05:47:17,2022-07-20T20:24:32,0.75,Clear,Clear conditions throughout the day.,clear-day,"KVAY,KTTN,72409514792,72408594732,72407493780,D8567,KPNE",521
72,"Bensalem, PA, United States",2022-07-21,36.3,25.8,30.8,40.0,25.8,33.2,21.1,58.6,2.13,100.0,8.33,rain,0,0,40.8,24.8,219.1,1005.4,10.7,16.0,220.7,19.0,10,75,2022-07-21T05:48:07,2022-07-21T20:23:47,0.8,Rain,Clear conditions throughout the day with afternoon rain.,rain,"KVAY,KTTN,72409514792,72408594732,72407493780,D8567,KPNE",521
73,"Bensalem, PA, United States",2022-07-22,36.4,25.3,31.0,35.9,25.3,31.5,17.5,48.1,0.0,0.0,0.0,,0,0,33.5,21.4,270.7,1011.5,4.4,16.0,195.5,16.8,9,60,2022-07-22T05:48:58,2022-07-22T20:23:00,0.85,Clear,Clear conditions throughout the day.,clear-day,"KVAY,KTTN,72409514792,72408594732,72407493780,D8567,KPNE",521
74,"Bensalem, PA, United States",2022-07-23,36.6,25.4,31.4,36.5,25.4,32.3,18.3,48.5,0.0,0.0,0.0,,0,0,29.5,16.5,265.4,1015.9,0.2,16.0,206.3,18.0,9,30,2022-07-23T05:49:49,2022-07-23T20:22:12,0.89,Clear,Clear conditions throughout the day.,clear-day,"KVAY,KTTN,72409514792,72408594732,72407493780,D8567,KPNE",521
75,"Bensalem, PA, United States",2022-07-24,36.8,25.2,31.3,37.2,25.2,32.3,18.5,49.5,0.0,0.0,0.0,,0,0,47.9,24.4,236.4,1015.9,0.1,16.0,202.0,17.5,8,75,2022-07-24T05:50:41,2022-07-24T20:21:21,0.93,Clear,Clear conditions throughout the day.,clear-day,"KVAY,KTTN,72409514792,72408594732,72407493780,D8567,KPNE",521
76,"Bensalem, PA, United States",2022-07-25,32.1,27.8,29.6,36.0,30.5,33.3,22.7,66.6,8.98,100.0,12.5,rain,0,0,48.6,21.4,231.6,1012.5,16.7,15.9,70.5,6.0,3,100,2022-07-25T05:51:34,2022-07-25T20:20:30,0.96,Rain,Clear conditions throughout the day with rain.,rain,"KVAY,KTTN,72409514792,72408594732,72407493780,D8567,KPNE",521
77,"Bensalem, PA, United States",2022-07-26,27.1,22.7,25.1,29.5,22.7,25.3,16.3,58.9,0.0,0.0,0.0,,0,0,37.1,14.5,207.1,1015.7,13.5,16.0,80.8,6.9,3,30,2022-07-26T05:52:27,2022-07-26T20:19:36,0.98,Clear,Clear conditions throughout the day.,clear-day,"KVAY,KTTN,72409514792,72408594732,72407493780,D8567,KPNE",521
78,"Bensalem, PA, United States",2022-07-27,31.1,22.0,26.6,32.1,22.0,27.1,17.9,60.4,0.24,100.0,8.33,rain,0,0,20.5,17.1,164.9,1013.9,68.5,16.0,156.6,13.4,10,10,2022-07-27T05:53:20,2022-07-27T20:18:41,1.0,"Rain, Partially cloudy",Partly cloudy throughout the day with early morning rain.,rain,"KVAY,KTTN,72409514792,72408594732,72407493780,D8567,D5182,KPNE",521
79,"Bensalem, PA, United States",2022-07-28,33.4,23.7,28.0,36.5,23.7,29.4,21.7,71.0,8.53,100.0,20.83,rain,0,0,57.2,18.6,230.0,1010.9,54.4,15.1,138.3,12.0,9,60,2022-07-28T05:54:14,2022-07-28T20:17:44,1.0,"Rain, Partially cloudy",Partly cloudy throughout the day with rain.,rain,"KVAY,KTTN,72409514792,72408594732,72407493780,D8567,KPNE",521
80,"Bensalem, PA, United States",2022-07-29,30.6,23.2,26.0,32.3,23.2,26.6,20.3,72.0,1.13,100.0,4.17,rain,0,0,22.3,17.3,276.7,1013.0,37.5,15.9,76.8,6.8,3,30,2022-07-29T05:55:09,2022-07-29T20:16:45,0.0,"Rain, Partially cloudy",Becoming cloudy in the afternoon with late afternoon rain.,rain,"KVAY,KTTN,72409514792,72408594732,72407493780,D8567,KPNE",521
81,"Bensalem, PA, United States",2022-07-30,32.0,22.2,27.1,31.0,22.2,26.8,15.5,52.4,0.0,0.0,0.0,,0,0,35.3,22.6,306.8,1017.1,30.3,16.0,187.0,16.4,10,10,2022-07-30T05:56:03,2022-07-30T20:15:45,0.01,Partially cloudy,Partly cloudy throughout the day.,partly-cloudy-day,"KVAY,KTTN,72409514792,72408594732,72407493780,D8567,KPNE",521
82,"Bensalem, PA, United States",2022-07-31,31.9,19.7,25.9,31.3,19.7,25.8,15.9,56.3,2.58,100.0,8.33,rain,0,0,29.5,13.9,185.3,1020.6,35.6,16.0,174.9,15.2,9,10,2022-07-31T05:56:58,2022-07-31T20:14:44,0.04,"Rain, Partially cloudy",Partly cloudy throughout the day with late afternoon rain.,rain,"KVAY,KTTN,72409514792,72408594732,72407493780,D8567,KPNE",521
83,"Bensalem, PA, United States",2022-08-01,26.0,20.0,22.4,26.0,20.0,22.4,19.1,82.2,2.43,100.0,25.0,rain,0,0,17.6,15.6,185.2,1014.8,83.0,14.4,64.2,5.4,4,10,2022-08-01T05:57:54,2022-08-01T20:13:41,0.07,"Rain, Partially cloudy",Partly cloudy throughout the day with rain clearing later.,rain,"KVAY,KTTN,72409514792,72408594732,72407493780,D8567,KPNE",521
84,"Bensalem, PA, United States",2022-08-02,33.6,20.8,27.3,34.9,20.8,28.1,19.3,64.8,0.81,100.0,8.33,rain,0,0,33.3,21.4,219.3,1010.6,15.0,15.8,111.8,9.7,10,75,2022-08-02T05:58:49,2022-08-02T20:12:36,0.1,Rain,Clear conditions throughout the day with early morning rain.,rain,"KVAY,KTTN,72409514792,72408594732,72407493780,D8567,KPNE",521
85,"Bensalem, PA, United States",2022-08-03,32.9,21.6,27.9,32.9,21.6,27.9,16.3,50.9,0.0,0.0,0.0,,0,0,27.7,15.2,269.4,1015.3,0.9,16.0,179.5,15.7,9,10,2022-08-03T05:59:45,2022-08-03T20:11:30,0.14,Clear,Clear conditions throughout the day.,clear-day,"KVAY,KTTN,72409514792,72408594732,72407493780,D8567,KPNE",521
86,"Bensalem, PA, United States",2022-08-04,36.0,22.4,29.4,39.8,22.4,31.2,20.3,60.1,0.0,0.0,0.0,rain,0,0,33.5,22.0,166.3,1017.4,19.0,15.9,186.1,16.0,9,60,2022-08-04T06:00:42,2022-08-04T20:10:22,0.2,Clear,Clear conditions throughout the day.,clear-day,"KVAY,KTTN,72409514792,72408594732,72407493780,D8567,KPNE",521
87,"Bensalem, PA, United States",2022-08-05,33.0,23.2,27.4,34.9,23.2,28.6,20.8,69.2,5.55,100.0,20.83,rain,0,0,55.4,24.4,249.8,1020.5,23.1,15.6,135.1,11.8,9,60,2022-08-05T06:01:38,2022-08-05T20:09:14,0.25,"Rain, Partially cloudy",Partly cloudy throughout the day with rain.,rain,"KVAY,KTTN,72409514792,72408594732,72407493780,D8567,KPNE",521
88,"Bensalem, PA, United States",2022-08-06,32.2,22.9,27.8,35.8,22.9,29.6,21.6,70.7,2.05,100.0,12.5,rain,0,0,35.3,23.2,211.6,1022.8,28.3,15.8,160.0,13.9,9,60,2022-08-06T06:02:34,2022-08-06T20:08:03,0.31,"Rain, Partially cloudy",Partly cloudy throughout the day with early morning rain.,rain,"KVAY,KTTN,72409514792,72408594732,72407493780,D8567,KPNE",521
89,"Bensalem, PA, United States",2022-08-07,33.8,25.8,29.8,37.4,25.8,32.4,22.0,64.7,0.72,100.0,4.17,rain,0,0,42.5,26.7,221.5,1021.2,34.0,16.0,131.9,11.6,10,60,2022-08-07T06:03:31,2022-08-07T20:06:52,0.36,"Rain, Partially cloudy",Partly cloudy throughout the day with afternoon rain.,rain,"KVAY,KTTN,72409514792,72408594732,72407493780,D8567,KPNE",521
90,"Bensalem, PA, United States",2022-08-08,34.3,26.4,30.3,38.4,26.4,33.5,22.7,65.3,0.24,100.0,4.17,rain,0,0,40.8,32.3,228.0,1016.4,28.3,16.0,125.3,10.9,9,75,2022-08-08T06:04:28,2022-08-08T20:05:39,0.41,"Rain, Partially cloudy",Partly cloudy throughout the day with afternoon rain.,rain,"KVAY,KTTN,72409514792,72408594732,72407493780,D8567,D5182,KPNE",521
91,"Bensalem, PA, United States",2022-08-09,37.1,27.0,31.0,41.8,30.3,35.1,23.0,64.3,2.74,100.0,16.67,rain,0,0,55.4,24.0,255.0,1013.9,23.9,15.9,170.9,14.8,10,75,2022-08-09T06:05:25,2022-08-09T20:04:25,0.45,"Rain, Partially cloudy",Partly cloudy throughout the day with late afternoon rain.,rain,"KVAY,KTTN,72409514792,72408594732,72407493780,D8567,KPNE",521
92,"Bensalem, PA, United States",2022-08-10,32.7,24.8,28.6,34.6,24.8,29.6,20.4,63.0,0.0,0.0,0.0,rain,0,0,22.3,16.3,213.8,1016.3,55.8,15.9,110.8,9.5,10,60,2022-08-10T06:06:22,2022-08-10T20:03:10,0.48,Partially cloudy,Partly cloudy throughout the day.,partly-cloudy-day,"KVAY,KTTN,72409514792,72408594732,72407493780,D8567,KPNE",521
93,"Bensalem, PA, United States",2022-08-11,31.7,22.8,27.4,31.4,22.8,27.5,18.6,62.3,9.07,100.0,25.0,rain,0,0,38.9,18.5,239.2,1012.8,46.1,15.5,163.6,14.1,9,30,2022-08-11T06:07:19,2022-08-11T20:01:53,0.5,"Rain, Partially cloudy",Clearing in the afternoon with a chance of rain throughout the day.,rain,"KVAY,KTTN,72409514792,72408594732,72407493780,D8567,KPNE",521
94,"Bensalem, PA, United States",2022-08-12,30.0,21.7,25.6,28.4,21.7,25.3,10.8,41.1,0.0,0.0,0.0,,0,0,40.7,23.6,183.1,1015.3,29.1,16.0,129.5,11.3,10,10,2022-08-12T06:08:17,2022-08-12T20:00:35,0.5,Partially cloudy,Partly cloudy throughout the day.,partly-cloudy-day,"KVAY,KTTN,72409514792,72408594732,72407493780,D8567,KPNE",521
95,"Bensalem, PA, United States",2022-08-13,28.2,16.6,22.6,27.2,16.6,22.4,8.7,42.8,0.0,0.0,0.0,,0,0,37.4,26.2,153.5,1018.8,0.1,16.0,186.6,16.2,10,10,2022-08-13T06:09:14,2022-08-13T19:59:16,0.52,Clear,Clear conditions throughout the day.,clear-day,"KVAY,KTTN,72409514792,72408594732,72407493780,D8567,KPNE",521
96,"Bensalem, PA, United States",2022-08-14,29.3,18.1,23.4,28.2,18.1,23.2,12.4,52.5,0.0,0.0,0.0,,0,0,27.7,18.8,139.3,1017.5,10.7,16.0,179.4,15.6,9,10,2022-08-14T06:10:11,2022-08-14T19:57:56,0.54,Clear,Clear conditions throughout the day.,clear-day,"KVAY,KTTN,72409514792,72408594732,72407493780,D8567,KPNE",521
97,"Bensalem, PA, United States",2022-08-15,28.5,17.6,22.9,28.1,17.6,22.8,12.7,55.1,0.0,0.0,0.0,,0,0,34.9,20.8,113.0,1015.6,7.4,16.0,185.1,16.0,10,10,2022-08-15T06:11:09,2022-08-15T19:56:35,0.58,Clear,Clear conditions throughout the day.,clear-day,"KVAY,KTTN,72409514792,72408594732,72407493780,D8567,KPNE",521
98,"Bensalem, PA, United States",2022-08-16,28.6,16.4,22.6,27.8,16.4,22.5,12.5,55.7,0.0,0.0,0.0,,0,0,44.9,24.2,108.1,1015.8,3.0,16.0,188.0,16.2,10,10,2022-08-16T06:12:06,2022-08-16T19:55:13,0.62,Clear,Clear conditions throughout the day.,clear-day,"KVAY,KTTN,72409514792,72408594732,72407493780,D8567,KPNE",521
99,"Bensalem, PA, United States",2022-08-17,27.7,18.5,23.5,27.3,18.5,23.3,13.4,56.0,0.0,0.0,0.0,,0,0,17.6,15.5,173.8,1015.7,48.8,16.0,115.5,10.0,10,10,2022-08-17T06:13:04,2022-08-17T19:53:50,0.67,Partially cloudy,Becoming cloudy in the afternoon.,partly-cloudy-day,"KVAY,KTTN,72409514792,72408594732,72407493780,D8567,KPNE",521
100,"Bensalem, PA, United States",2022-08-18,30.7,16.9,24.2,29.5,16.9,23.8,12.8,52.4,0.0,0.0,0.0,,0,0,31.7,19.6,292.8,1013.7,5.2,16.0,184.0,15.8,9,10,2022-08-18T06:14:01,2022-08-18T19:52:26,0.72,Clear,Clear conditions throughout the day.,clear-day,"KVAY,KTTN,72409514792,72408594732,72407493780,D8567,KPNE",521
101,"Bensalem, PA, United States",2022-08-19,33.2,18.1,26.0,32.1,18.1,25.7,14.5,52.5,0.0,0.0,0.0,,0,0,29.5,17.8,140.0,1017.6,13.8,16.0,110.8,9.5,9,10,2022-08-19T06:14:58,2022-08-19T19:51:01,0.77,Clear,Clear conditions throughout the day.,clear-day,"KVAY,KTTN,72409514792,72408594732,72407493780,D8567,KPNE",521
102,"Bensalem, PA, United States",2022-08-20,33.2,22.8,27.7,32.3,22.8,27.7,16.9,54.4,0.0,0.0,0.0,,0,0,28.1,18.5,168.3,1020.6,10.4,16.0,183.5,15.9,9,30,2022-08-20T06:15:56,2022-08-20T19:49:35,0.82,Clear,Clear conditions throughout the day.,clear-day,"KVAY,KTTN,72409514792,72408594732,72407493780,D8567,KPNE",521
103,"Bensalem, PA, United States",2022-08-21,30.0,21.1,25.0,31.1,21.1,25.2,19.1,71.2,1.77,100.0,4.17,rain,0,0,31.7,15.2,104.5,1019.0,29.9,15.8,104.6,9.1,8,30,2022-08-21T06:16:53,2022-08-21T19:48:08,0.86,"Rain, Partially cloudy",Partly cloudy throughout the day with late afternoon rain.,rain,"KVAY,KTTN,72409514792,72408594732,72407493780,D8567,KPNE",521
104,"Bensalem, PA, United States",2022-08-22,29.5,21.6,24.8,31.8,21.6,25.3,21.4,82.5,18.99,100.0,50.0,rain,0,0,40.7,17.9,125.7,1012.6,81.8,15.1,106.5,9.3,8,100,2022-08-22T06:17:50,2022-08-22T19:46:40,0.9,"Rain, Partially cloudy",Partly cloudy throughout the day with a chance of rain throughout the day.,rain,"KVAY,KTTN,72409514792,72408594732,72407493780,D8567,KPNE",521
105,"Bensalem, PA, United States",2022-08-23,30.5,20.0,25.0,31.5,20.0,25.4,18.9,71.1,0.04,100.0,4.17,rain,0,0,31.7,21.0,247.5,1010.5,45.7,14.1,155.0,13.3,9,60,2022-08-23T06:18:48,2022-08-23T19:45:11,0.94,"Rain, Partially cloudy",Partly cloudy throughout the day with early morning rain.,rain,"KVAY,KTTN,72409514792,72408594732,72407493780,D8567,KPNE",521
106,"Bensalem, PA, United States",2022-08-24,32.0,20.3,26.2,31.1,20.3,26.0,16.3,58.2,0.0,0.0,0.0,,0,0,29.5,15.7,271.6,1014.7,11.6,16.0,157.8,13.6,10,10,2022-08-24T06:19:45,2022-08-24T19:43:42,0.97,Clear,Clear conditions throughout the day.,clear-day,"KVAY,KTTN,72409514792,72408594732,72407493780,D8567,KPNE",521
107,"Bensalem, PA, United States",2022-08-25,33.2,19.1,26.2,32.5,19.1,26.1,15.6,54.8,0.0,0.0,0.0,,0,0,33.5,12.2,133.3,1017.0,5.0,15.9,173.9,15.1,9,10,2022-08-25T06:20:42,2022-08-25T19:42:12,0.99,Clear,Clear conditions throughout the day.,clear-day,"KVAY,KTTN,72409514792,72408594732,72407493780,D8567,KPNE",521
108,"Bensalem, PA, United States",2022-08-26,33.0,23.0,28.1,34.4,23.0,28.9,19.2,60.9,0.0,0.0,0.0,rain,0,0,32.3,22.0,185.2,1013.9,20.3,15.9,151.7,13.1,9,75,2022-08-26T06:21:39,2022-08-26T19:40:41,1.0,Partially cloudy,Partly cloudy throughout the day.,partly-cloudy-day,"KVAY,KTTN,72409514792,72408594732,72407493780,D8567,KPNE",521
109,"Bensalem, PA, United States",2022-08-27,32.6,22.5,27.4,32.7,22.5,27.7,18.5,60.3,0.0,0.0,0.0,,0,0,20.9,18.8,146.4,1015.4,26.7,15.9,160.5,13.7,9,60,2022-08-27T06:22:37,2022-08-27T19:39:09,0.0,Partially cloudy,Becoming cloudy in the afternoon.,partly-cloudy-day,"KVAY,KTTN,72409514792,72408594732,72407493780,D8567,KPNE",521
110,"Bensalem, PA, United States",2022-08-28,29.9,23.2,26.0,32.5,23.2,26.8,21.3,76.1,0.0,0.0,0.0,rain,0,0,38.9,21.6,91.0,1019.8,79.3,15.4,182.0,15.7,7,75,2022-08-28T06:23:34,2022-08-28T19:37:37,0.01,Partially cloudy,Partly cloudy throughout the day.,partly-cloudy-day,"KVAY,KTTN,72409514792,72408594732,72407493780,D8567,KPNE",521
111,"Bensalem, PA, United States",2022-08-29,32.8,23.2,27.1,33.7,23.2,27.8,20.7,71.1,0.51,100.0,4.17,rain,0,0,33.8,13.7,160.4,1019.2,46.4,14.0,182.3,15.8,9,30,2022-08-29T06:24:31,2022-08-29T19:36:04,0.02,"Rain, Partially cloudy",Clearing in the afternoon with late afternoon rain.,rain,"KVAY,KTTN,72409514792,72408594732,72407493780,D8567,KPNE",521
112,"Bensalem, PA, United States",2022-08-30,33.8,23.8,27.5,35.8,23.8,28.5,21.5,72.6,4.46,100.0,12.5,rain,0,0,50.0,19.9,211.2,1012.1,55.7,15.5,158.6,13.5,8,60,2022-08-30T06:25:28,2022-08-30T19:34:30,0.05,"Rain, Partially cloudy",Clearing in the afternoon with late afternoon rain.,rain,"KVAY,KTTN,72409514792,72408594732,72407493780,D8567,KPNE",521
113,"Bensalem, PA, United States",2022-08-31,29.0,21.2,24.7,28.2,21.2,24.6,16.1,62.4,0.0,0.0,0.0,,0,0,35.9,22.4,285.4,1010.2,17.1,16.0,148.3,12.6,9,30,2022-08-31T06:26:25,2022-08-31T19:32:56,0.09,Clear,Clear conditions throughout the day.,clear-day,"KVAY,KTTN,72409514792,72408594732,72407493780,D8567,KPNE",521
114,"Bensalem, PA, United States",2022-09-01,30.7,19.1,24.6,29.4,19.1,24.3,11.8,46.8,0.0,0.0,0.0,,0,0,33.5,21.2,256.8,1014.3,0.0,16.0,173.1,15.1,9,10,2022-09-01T06:27:21,2022-09-01T19:31:21,0.13,Clear,Clear conditions throughout the day.,clear-day,"KVAY,KTTN,72409514792,72408594732,72407493780,D8567,KPNE",521
115,"Bensalem, PA, United States",2022-09-02,27.4,15.6,21.4,26.9,15.6,21.4,11.1,53.6,0.0,0.0,0.0,,0,0,25.6,21.7,65.1,1023.0,0.0,16.0,154.8,13.4,9,10,2022-09-02T06:28:18,2022-09-02T19:29:46,0.18,Clear,Clear conditions throughout the day.,clear-day,"KVAY,KTTN,72409514792,72408594732,72407493780,D8567,KPNE",521
116,"Bensalem, PA, United States",2022-09-03,29.3,17.1,22.8,29.7,17.1,22.9,16.8,70.6,0.0,0.0,0.0,,0,0,24.1,15.1,97.7,1024.1,16.2,16.0,130.5,11.2,9,10,2022-09-03T06:29:15,2022-09-03T19:28:10,0.24,Clear,Clear conditions throughout the day.,clear-day,"KVAY,KTTN,72409514792,72408594732,72407493780,D8567,KPNE",521
117,"Bensalem, PA, United States",2022-09-04,31.7,19.7,26.1,33.0,19.7,26.6,18.6,65.8,0.0,0.0,0.0,rain,0,0,29.2,16.1,179.1,1019.9,20.8,16.0,164.4,14.2,9,30,2022-09-04T06:30:12,2022-09-04T19:26:34,0.29,Partially cloudy,Partly cloudy throughout the day.,partly-cloudy-day,"KVAY,KTTN,72409514792,72408594732,72407493780,D8567,KPNE",521
118,"Bensalem, PA, United States",2022-09-05,30.8,22.5,26.3,30.8,22.5,26.5,18.3,63.1,0.0,0.0,0.0,rain,0,0,33.5,16.4,144.4,1018.2,41.2,16.0,109.8,9.5,9,30,2022-09-05T06:31:09,2022-09-05T19:24:57,0.35,Partially cloudy,Partly cloudy throughout the day.,partly-cloudy-day,"KVAY,KTTN,72409514792,72408594732,72407493780,D8567,KPNE",521
119,"Bensalem, PA, United States",2022-09-06,24.8,20.6,22.4,24.8,20.6,22.4,20.4,88.2,40.42,100.0,58.33,rain,0,0,38.9,24.3,99.6,1015.2,99.1,13.0,34.0,2.9,2,30,2022-09-06T06:32:05,2022-09-06T19:23:20,0.4,"Rain, Overcast",Cloudy skies throughout the day with a chance of rain throughout the day.,rain,"KVAY,KTTN,72409514792,72408594732,72407493780,D7364,D8567,KPNE",521
120,"Bensalem, PA, United States",2022-09-07,23.1,19.9,21.0,23.1,19.9,21.0,17.8,82.1,0.24,100.0,25.0,rain,0,0,36.4,20.5,37.2,1015.0,100.0,15.3,44.6,3.8,3,10,2022-09-07T06:33:02,2022-09-07T19:21:42,0.44,"Rain, Overcast",Cloudy skies throughout the day with rain.,rain,"KTTN,KVAY,72409514792,72408594732,72407493780,D8567,KPNE",521
121,"Bensalem, PA, United States",2022-09-08,26.6,17.7,21.8,26.6,17.7,21.8,14.9,66.7,0.0,0.0,0.0,rain,0,0,31.7,20.5,40.7,1013.3,45.3,16.0,101.0,8.7,9,10,2022-09-08T06:33:59,2022-09-08T19:20:05,0.47,Partially cloudy,Partly cloudy throughout the day.,partly-cloudy-day,"KVAY,KTTN,72409514792,72408594732,72407493780,D8567,KPNE",521
122,"Bensalem, PA, United States",2022-09-09,27.8,15.4,21.2,27.1,15.4,21.2,13.2,63.8,0.0,0.0,0.0,,0,0,23.0,15.5,154.4,1017.7,0.0,15.9,161.7,13.9,8,10,2022-09-09T06:34:56,2022-09-09T19:18:26,0.49,Clear,Clear conditions throughout the day.,clear-day,"KVAY,KTTN,72409514792,72408594732,72407493780,D7364,D8567,KPNE",521
123,"Bensalem, PA, United States",2022-09-10,28.0,13.6,21.3,27.8,13.6,21.3,14.2,66.6,0.0,0.0,0.0,,0,0,15.1,10.0,99.3,1023.4,1.0,16.0,154.6,13.4,9,10,2022-09-10T06:35:52,2022-09-10T19:16:48,0.5,Clear,Clear conditions throughout the day.,clear-day,"KVAY,KTTN,72409514792,72408594732,72407493780,D8567,KPNE",521
124,"Bensalem, PA, United States",2022-09-11,23.2,21.0,22.1,23.2,21.0,22.1,19.1,83.7,9.18,100.0,37.5,rain,0,0,26.3,14.8,65.9,1019.6,82.8,13.2,38.0,3.4,2,10,2022-09-11T06:36:49,2022-09-11T19:15:09,0.51,"Rain, Partially cloudy",Partly cloudy throughout the day with rain.,rain,"KVAY,KTTN,72409514792,72408594732,72407493780,D8567,KPNE",521
125,"Bensalem, PA, United States",2022-09-12,28.8,22.1,24.9,30.7,22.1,25.4,21.4,82.2,1.35,100.0,16.67,rain,0,0,28.1,11.5,160.6,1010.6,84.5,15.0,92.9,8.2,8,60,2022-09-12T06:37:46,2022-09-12T19:13:30,0.53,"Rain, Partially cloudy",Partly cloudy throughout the day with rain.,rain,"KVAY,KTTN,72409514792,72408594732,72407493780,D8567,KPNE",521
126,"Bensalem, PA, United States",2022-09-13,28.3,19.8,24.3,29.1,19.8,24.5,18.2,71.6,1.78,100.0,16.67,rain,0,0,34.9,23.6,241.3,1008.1,64.8,15.2,94.9,8.2,9,30,2022-09-13T06:38:43,2022-09-13T19:11:51,0.56,"Rain, Partially cloudy",Partly cloudy throughout the day with early morning rain.,rain,"KVAY,KTTN,72409514792,72408594732,72407493780,D8567,KPNE",521
127,"Bensalem, PA, United States",2022-09-14,26.7,16.1,21.3,26.9,16.1,21.3,13.0,60.2,0.0,0.0,0.0,,0,0,31.7,21.4,288.0,1015.0,3.0,16.0,129.5,11.2,9,10,2022-09-14T06:39:39,2022-09-14T19:10:12,0.6,Clear,Clear conditions throughout the day.,clear-day,"KVAY,KTTN,72409514792,72408594732,72407493780,D8567,KPNE",521
128,"Bensalem, PA, United States",2022-09-15,23.9,15.6,20.2,23.9,15.6,20.2,10.3,55.9,0.0,0.0,0.0,,0,0,37.7,22.5,274.0,1020.8,0.0,16.0,136.0,11.6,9,10,2022-09-15T06:40:36,2022-09-15T19:08:32,0.64,Clear,Clear conditions throughout the day.,clear-day,"KVAY,KTTN,72409514792,72408594732,72407493780,D8567,KPNE",521
129,"Bensalem, PA, United States",2022-09-16,25.0,11.7,18.4,25.0,11.7,18.4,9.9,59.7,0.0,0.0,0.0,,0,0,18.4,13.7,288.9,1022.5,0.1,16.0,128.1,11.3,7,10,2022-09-16T06:41:33,2022-09-16T19:06:52,0.69,Clear,Clear conditions throughout the day.,clear-day,"KVAY,KTTN,72409514792,72408594732,72407493780,D8567,KPNE",521
130,"Bensalem, PA, United States",2022-09-17,26.8,15.8,21.5,27.4,15.8,21.5,14.3,64.6,0.0,0.0,0.0,,0,0,25.2,13.3,146.2,1023.3,26.4,15.9,107.8,9.4,8,10,2022-09-17T06:42:30,2022-09-17T19:05:13,0.74,Partially cloudy,Becoming cloudy in the afternoon.,partly-cloudy-day,"KVAY,KTTN,72409514792,72408594732,72407493780,D8567,KPNE",521
131,"Bensalem, PA, United States",2022-09-18,28.8,17.2,22.8,28.8,17.2,22.9,15.5,66.0,0.0,0.0,0.0,,0,0,31.7,17.5,232.1,1018.9,4.3,15.8,126.2,10.9,8,10,2022-09-18T06:43:27,2022-09-18T19:03:33,0.78,Clear,Clear conditions throughout the day.,clear-day,"KVAY,KTTN,72409514792,72408594732,72407493780,D8567,KPNE",521
132,"Bensalem, PA, United States",2022-09-19,30.1,19.7,23.6,29.9,19.7,23.6,17.1,69.4,0.77,100.0,4.17,rain,0,0,51.9,24.2,234.1,1013.7,20.3,15.7,98.0,8.6,7,30,2022-09-19T06:44:25,2022-09-19T19:01:53,0.83,"Rain, Partially cloudy",Becoming cloudy in the afternoon with afternoon rain.,rain,"KVAY,KTTN,72409514792,72408594732,72407493780,D8567,KPNE",521
133,"Bensalem, PA, United States",2022-09-20,27.2,18.4,22.3,27.1,18.4,22.3,15.0,66.0,0.0,0.0,0.0,,0,0,46.5,21.8,249.8,1012.9,24.9,15.4,89.8,7.9,5,10,2022-09-20T06:45:22,2022-09-20T19:00:13,0.87,Partially cloudy,Becoming cloudy in the afternoon.,partly-cloudy-day,"KVAY,KTTN,72409514792,72408594732,72407493780,D8567,KPNE",521
134,"Bensalem, PA, United States",2022-09-21,27.8,15.5,22.0,27.7,15.5,22.0,14.3,64.1,0.0,0.0,0.0,,0,0,33.5,16.5,245.9,1013.6,3.9,16.0,121.1,10.4,8,10,2022-09-21T06:46:19,2022-09-21T18:58:33,0.91,Clear,Clear conditions throughout the day.,clear-day,"KVAY,KTTN,72409514792,72408594732,72407493780,D8567,KPNE",521
135,"Bensalem, PA, United States",2022-09-22,26.2,14.4,20.6,26.2,14.4,20.6,14.8,70.2,1.25,100.0,16.67,rain,0,0,45.5,29.1,261.6,1005.6,37.3,15.6,49.6,4.3,2,30,2022-09-22T06:47:17,2022-09-22T18:56:53,0.95,"Rain, Partially cloudy",Partly cloudy throughout the day with afternoon rain.,rain,"KVAY,KTTN,72409514792,72408594732,72407493780,D8567,KPNE",521
136,"Bensalem, PA, United States",2022-09-23,18.7,11.0,14.2,18.7,11.0,14.2,3.0,48.4,0.0,0.0,0.0,,0,0,56.7,32.1,329.8,1014.4,17.7,16.0,127.6,11.1,8,10,2022-09-23T06:48:14,2022-09-23T18:55:14,0.97,Clear,Clear conditions throughout the day.,clear-day,"KVAY,KTTN,72409514792,72408594732,72407493780,D8567,KPNE",521
137,"Bensalem, PA, United States",2022-09-24,20.6,8.2,13.8,20.6,6.3,13.3,4.5,54.7,0.0,0.0,0.0,,0,0,34.2,20.6,276.4,1016.8,3.9,16.0,115.6,10.2,8,10,2022-09-24T06:49:12,2022-09-24T18:53:34,0.99,Clear,Clear conditions throughout the day.,clear-day,"KVAY,KTTN,72409514792,72408594732,72407493780,D8567,KPNE",521
138,"Bensalem, PA, United States",2022-09-25,23.5,14.7,17.5,23.5,14.7,17.5,12.7,74.2,7.81,100.0,12.5,rain,0,0,56.8,19.6,161.1,1007.6,59.6,15.7,81.3,7.0,7,10,2022-09-25T06:50:10,2022-09-25T18:51:55,1.0,"Rain, Partially cloudy",Partly cloudy throughout the day with rain.,rain,"KVAY,KTTN,72409514792,72408594732,72407493780,D8567,KPNE",521
139,"Bensalem, PA, United States",2022-09-26,24.4,13.7,19.4,24.4,13.7,19.4,10.6,60.3,0.03,100.0,4.17,rain,0,0,42.6,30.5,249.6,1006.5,39.4,16.0,82.1,7.1,7,10,2022-09-26T06:51:08,2022-09-26T18:50:15,0.0,"Rain, Partially cloudy",Becoming cloudy in the afternoon with early morning rain.,rain,"KVAY,KTTN,72409514792,72408594732,72407493780,D8567,KPNE",521
140,"Bensalem, PA, United States",2022-09-27,21.8,13.5,17.5,21.8,13.5,17.5,6.7,49.9,0.0,0.0,0.0,,0,0,33.5,21.8,256.8,1011.9,24.4,16.0,98.8,8.6,8,10,2022-09-27T06:52:07,2022-09-27T18:48:36,0.01,Partially cloudy,Becoming cloudy in the afternoon.,partly-cloudy-day,"KVAY,KTTN,72409514792,72408594732,72407493780,D8567,D5182,KPNE",521
141,"Bensalem, PA, United States",2022-09-28,20.9,9.6,15.4,20.9,8.5,15.3,7.8,61.4,0.0,0.0,0.0,,0,0,37.1,20.8,298.3,1020.2,24.2,16.0,105.3,9.2,8,10,2022-09-28T06:53:05,2022-09-28T18:46:57,0.04,Partially cloudy,Becoming cloudy in the afternoon.,partly-cloudy-day,"KVAY,KTTN,72409514792,72408594732,72407493780,D8567,KPNE",521
142,"Bensalem, PA, United States",2022-09-29,19.9,10.4,15.4,19.9,10.4,15.4,7.4,60.1,0.0,0.0,0.0,,0,0,37.8,22.7,175.3,1027.0,3.8,16.0,132.0,11.4,9,10,2022-09-29T06:54:04,2022-09-29T18:45:19,0.07,Clear,Clear conditions throughout the day.,clear-day,"KVAY,KTTN,72409514792,72408594732,72407493780,D8567,KPNE",521
143,"Bensalem, PA, United States",2022-09-30,17.9,10.6,14.1,17.9,10.6,14.1,7.5,65.1,0.0,71.4,0.0,rain,0,0,36.4,19.7,42.3,1024.6,29.8,19.2,72.4,6.2,2,10,2022-09-30T06:55:03,2022-09-30T18:43:40,0.12,"Rain, Partially cloudy",Becoming cloudy in the afternoon with a chance of rain.,rain,"KVAY,KTTN,D8567,KPNE",521
