,name,datetime,tempmax,tempmin,temp,feelslikemax,feelslikemin,feelslike,dew,humidity,precip,precipprob,precipcover,preciptype,snow,snowdepth,windgust,windspeed,winddir,sealevelpressure,cloudcover,visibility,solarradiation,solarenergy,uvindex,severerisk,sunrise,sunset,moonphase,conditions,description,icon,stations,skey
0,"Bear, DE, United States",2022-05-10,22.8,11.1,17.1,22.8,11.1,17.1,-3.5,24.6,0.0,0,0.0,,0,0,50.4,33.0,51.7,1025.7,24.3,16.0,342.0,29.4,10,10,2022-05-10T05:53:11,2022-05-10T20:05:34,0.32,Partially cloudy,Partly cloudy throughout the day.,partly-cloudy-day,"72418013781,72408013739,72405713701,99999903761,KILG,KPHL,72040800136,DE037,KAPG",525
1,"Bear, DE, United States",2022-05-11,22.1,10.1,17.0,22.1,10.1,17.0,5.3,46.8,0.0,0,0.0,,0,0,49.9,33.0,55.4,1024.5,38.9,16.0,259.8,22.3,10,10,2022-05-11T05:52:10,2022-05-11T20:06:31,0.37,Partially cloudy,Partly cloudy throughout the day.,partly-cloudy-day,"72418013781,72408013739,72405713701,72408813707,99999903761,KILG,KPHL,72040800136,DE037,KAPG",525
2,"Bear, DE, United States",2022-05-12,23.8,12.9,18.8,23.8,12.9,18.8,13.7,72.7,0.0,0,0.0,rain,0,0,42.1,22.3,58.8,1024.5,61.8,16.0,206.6,17.9,9,10,2022-05-12T05:51:10,2022-05-12T20:07:28,0.41,Partially cloudy,Partly cloudy throughout the day.,partly-cloudy-day,"72418013781,72408013739,72405713701,99999903761,KILG,KPHL,72040800136,DE037,KAPG",525
3,"Bear, DE, United States",2022-05-13,23.7,16.7,18.8,23.7,16.7,18.8,17.2,90.4,3.01,100,20.83,rain,0,0,33.5,21.5,88.8,1023.1,89.9,9.6,143.1,12.4,6,60,2022-05-13T05:50:12,2022-05-13T20:08:25,0.45,"Rain, Partially cloudy",Partly cloudy throughout the day with a chance of rain throughout the day.,rain,"72418013781,72408013739,72405713701,99999903761,KILG,KPHL,72040800136,DE037",525
4,"Bear, DE, United States",2022-05-14,20.7,17.3,18.7,20.7,17.3,18.7,17.9,94.9,5.07,100,45.83,rain,0,0,23.8,10.9,102.8,1017.8,69.3,5.3,63.5,5.6,2,10,2022-05-14T05:49:16,2022-05-14T20:09:21,0.48,"Rain, Partially cloudy",Partly cloudy throughout the day with rain.,rain,"72418013781,72408013739,99999903761,KILG,KPHL,72040800136,DE037",525
5,"Bear, DE, United States",2022-05-15,25.6,16.2,20.0,25.6,16.2,20.0,17.2,84.8,0.0,0,0.0,rain,0,0,37.1,19.5,188.3,1012.3,57.4,10.0,194.5,16.7,6,60,2022-05-15T05:48:21,2022-05-15T20:10:17,0.5,Partially cloudy,Partly cloudy throughout the day.,partly-cloudy-day,"72418013781,72408013739,99999903761,KILG,KPHL,72040800136,DE037",525
6,"Bear, DE, United States",2022-05-16,25.6,15.8,20.2,25.6,15.8,20.2,16.1,78.8,0.24,100,16.67,rain,0,0,40.7,23.9,219.7,1006.2,42.5,12.9,204.2,17.5,8,60,2022-05-16T05:47:27,2022-05-16T20:11:12,0.5,"Rain, Partially cloudy",Partly cloudy throughout the day with rain.,rain,"72418013781,72408013739,72405713701,99999903761,KILG,KPHL,72040800136,DE037,KAPG",525
7,"Bear, DE, United States",2022-05-17,27.1,12.8,20.1,26.7,12.8,20.0,8.1,49.6,0.0,0,0.0,,0,0,50.8,29.5,272.6,1009.7,18.9,16.0,284.1,24.7,10,10,2022-05-17T05:46:35,2022-05-17T20:12:07,0.52,Clear,Clear conditions throughout the day.,clear-day,"72418013781,72408013739,72405713701,99999903761,KILG,KPHL,72040800136,DE037,KAPG",525
8,"Bear, DE, United States",2022-05-18,22.2,9.9,17.3,22.2,8.4,17.3,6.7,51.3,0.0,0,0.0,,0,0,28.4,17.9,262.6,1015.1,20.3,16.0,319.9,27.7,10,10,2022-05-18T05:45:45,2022-05-18T20:13:01,0.54,Partially cloudy,Partly cloudy throughout the day.,partly-cloudy-day,"72418013781,72408013739,72405713701,99999903761,KILG,KPHL,72040800136,DE037,KAPG",525
9,"Bear, DE, United States",2022-05-19,26.6,13.8,19.6,26.6,13.8,19.6,14.5,74.3,10.38,100,29.17,rain,0,0,38.9,18.3,209.2,1008.1,71.7,15.1,204.0,17.6,7,30,2022-05-19T05:44:56,2022-05-19T20:13:55,0.58,"Rain, Partially cloudy",Partly cloudy throughout the day with rain clearing later.,rain,"72418013781,72408013739,72405713701,99999903761,KILG,KPHL,72040800136,DE037,KAPG",525
10,"Bear, DE, United States",2022-05-20,28.8,15.0,22.1,29.6,15.0,22.3,17.6,76.8,0.05,100,4.17,rain,0,0,42.5,26.9,109.2,1011.8,17.6,15.5,235.6,20.5,9,75,2022-05-20T05:44:10,2022-05-20T20:14:48,0.63,Rain,Clear conditions throughout the day with afternoon rain.,rain,"72418013781,72408013739,72405713701,99999903761,KILG,KPHL,72040800136,DE037,KAPG",525
11,"Bear, DE, United States",2022-05-21,33.4,19.9,26.7,36.2,19.9,27.8,20.1,69.5,0.0,0,0.0,,0,0,29.5,18.3,141.3,1015.7,2.0,13.3,321.4,27.6,9,75,2022-05-21T05:43:24,2022-05-21T20:15:40,0.68,Clear,Clear conditions throughout the day.,clear-day,"72418013781,72408013739,99999903761,KILG,KPHL,72040800136,DE037",525
12,"Bear, DE, United States",2022-05-22,31.2,21.7,25.9,34.4,21.7,26.8,20.0,70.6,1.0,100,20.83,rain,0,0,58.8,23.7,224.2,1016.7,24.6,15.7,292.3,25.1,10,60,2022-05-22T05:42:41,2022-05-22T20:16:32,0.74,"Rain, Partially cloudy",Clearing in the afternoon with late afternoon rain.,rain,"72418013781,72408013739,99999903761,KILG,KPHL,72040800136,DE037",525
13,"Bear, DE, United States",2022-05-23,24.3,15.6,20.4,24.3,15.6,20.4,11.5,58.4,2.76,100,8.33,rain,0,0,44.3,22.1,222.4,1021.7,41.2,15.4,292.7,25.4,10,10,2022-05-23T05:41:59,2022-05-23T20:17:23,0.79,"Rain, Partially cloudy",Partly cloudy throughout the day with early morning rain.,rain,"72418013781,72408013739,72405713701,99999903761,KILG,KPHL,72040800136,DE037,KAPG",525
14,"Bear, DE, United States",2022-05-24,20.0,16.1,17.6,20.0,16.1,17.6,11.2,67.1,0.28,100,4.17,rain,0,0,27.0,16.7,131.2,1024.4,95.2,15.7,143.2,12.2,6,10,2022-05-24T05:41:19,2022-05-24T20:18:13,0.85,"Rain, Overcast",Cloudy skies throughout the day with early morning rain.,rain,"72418013781,72408013739,72405713701,99999903761,KILG,KPHL,72040800136,DE037,KAPG",525
15,"Bear, DE, United States",2022-05-25,23.3,13.2,18.0,23.3,13.2,18.0,8.7,56.3,0.0,0,0.0,,0,0,31.5,20.1,92.3,1027.2,56.5,16.0,290.6,25.2,10,10,2022-05-25T05:40:41,2022-05-25T20:19:03,0.89,Partially cloudy,Partly cloudy throughout the day.,partly-cloudy-day,"72418013781,72408013739,72405713701,99999903761,KILG,KPHL,72040800136,DE037,KAPG",525
16,"Bear, DE, United States",2022-05-26,22.1,12.8,17.6,22.1,12.8,17.6,13.1,75.6,1.22,100,8.33,rain,0,0,32.0,25.1,136.5,1024.0,87.9,14.0,159.2,13.9,6,10,2022-05-26T05:40:05,2022-05-26T20:19:51,0.93,"Rain, Partially cloudy",Partly cloudy throughout the day with late afternoon rain.,rain,"72418013781,72408013739,72405713701,99999903761,KILG,KPHL,72040800136,DE037,KAPG",525
17,"Bear, DE, United States",2022-05-27,24.3,18.4,20.3,24.3,18.4,20.3,18.9,91.5,3.94,100,20.83,rain,0,0,42.5,24.9,168.7,1013.1,82.1,9.5,89.8,7.7,5,30,2022-05-27T05:39:30,2022-05-27T20:20:39,0.96,"Rain, Partially cloudy",Partly cloudy throughout the day with rain.,rain,"72418013781,72405713701,72408013739,99999903761,KILG,KPHL,72040800136,DE037,KAPG",525
18,"Bear, DE, United States",2022-05-28,25.6,18.3,21.6,25.6,18.3,21.6,16.1,73.1,5.86,100,20.83,rain,0,0,55.4,28.1,271.0,1008.7,60.8,15.9,213.6,18.4,8,30,2022-05-28T05:38:57,2022-05-28T20:21:26,0.99,"Rain, Partially cloudy",Partly cloudy throughout the day with a chance of rain throughout the day.,rain,"72418013781,72408013739,99999903761,KILG,KPHL,72040800136,DE037",525
19,"Bear, DE, United States",2022-05-29,26.7,16.7,22.2,27.0,16.7,22.2,14.2,62.1,0.0,0,0.0,,0,0,18.0,18.0,198.1,1017.2,18.7,16.0,312.8,26.9,10,10,2022-05-29T05:38:27,2022-05-29T20:22:11,1.0,Clear,Clear conditions throughout the day.,clear-day,"72418013781,72408013739,72408813707,99999903761,72407513735,KILG,KPHL,72040800136,DE037",525
20,"Bear, DE, United States",2022-05-30,31.1,17.1,24.0,32.2,17.1,24.4,18.1,72.1,0.0,0,0.0,,0,0,27.7,23.6,194.7,1019.3,1.1,15.6,331.4,28.6,10,75,2022-05-30T05:37:58,2022-05-30T20:22:56,0.0,Clear,Clear conditions throughout the day.,clear-day,"72418013781,72408013739,99999903761,KILG,KPHL,72040800136,DE037",525
21,"Bear, DE, United States",2022-05-31,34.3,21.0,28.1,34.9,21.0,28.5,18.3,59.4,0.0,0,0.0,,0,0,31.7,23.5,283.5,1016.0,1.2,15.9,337.5,29.1,10,60,2022-05-31T05:37:30,2022-05-31T20:23:40,0.0,Clear,Clear conditions throughout the day.,clear-day,"72418013781,72408013739,72405713701,99999903761,KILG,KPHL,72040800136,DE037,KAPG",525
22,"Bear, DE, United States",2022-06-01,28.9,21.0,24.9,32.0,21.0,25.3,19.6,72.9,0.0,0,0.0,rain,0,0,35.6,25.2,172.8,1012.4,23.5,15.8,306.4,26.3,9,60,2022-06-01T05:37:05,2022-06-01T20:24:23,0.02,Partially cloudy,Becoming cloudy in the afternoon.,partly-cloudy-day,"72418013781,72408013739,72405713701,99999903761,KILG,KPHL,72040800136,DE037,KAPG",525
23,"Bear, DE, United States",2022-06-02,29.3,18.3,22.7,30.6,18.3,23.1,18.7,79.5,26.64,100,12.5,rain,0,0,35.3,21.8,188.7,1008.0,82.4,14.2,245.5,20.9,10,60,2022-06-02T05:36:42,2022-06-02T20:25:04,0.04,"Rain, Partially cloudy",Partly cloudy throughout the day with late afternoon rain.,rain,"72418013781,72408013739,72405713701,99999903761,KILG,KPHL,72040800136,DE037,KAPG",525
24,"Bear, DE, United States",2022-06-03,26.5,18.8,22.7,26.5,18.8,22.7,14.8,65.8,0.0,0,0.0,,0,0,31.3,23.7,322.1,1008.5,18.8,14.3,242.8,20.9,8,10,2022-06-03T05:36:20,2022-06-03T20:25:44,0.07,Clear,Clear conditions throughout the day.,clear-day,"72418013781,72408013739,72405713701,99999903761,KILG,KPHL,72040800136,DE037,KAPG",525
25,"Bear, DE, United States",2022-06-04,29.3,15.0,22.8,28.0,15.0,22.4,9.7,47.9,0.0,0,0.0,,0,0,37.1,20.5,322.5,1012.0,2.0,16.0,348.2,30.2,10,10,2022-06-04T05:36:01,2022-06-04T20:26:23,0.11,Clear,Clear conditions throughout the day.,clear-day,"72418013781,72408013739,99999903761,KILG,KPHL,72040800136,DE037",525
26,"Bear, DE, United States",2022-06-05,25.6,15.2,20.5,25.6,15.2,20.5,7.3,43.6,0.0,0,0.0,,0,0,38.7,27.2,124.0,1015.3,0.8,16.0,333.3,28.6,10,10,2022-06-05T05:35:43,2022-06-05T20:27:01,0.14,Clear,Clear conditions throughout the day.,clear-day,"72418013781,72408013739,99999903761,KILG,KPHL,72040800136,DE037",525
27,"Bear, DE, United States",2022-06-06,26.2,12.7,20.5,26.2,12.7,20.5,9.6,52.5,0.0,0,0.0,,0,0,42.5,27.2,207.7,1017.5,0.4,16.0,339.3,29.3,10,10,2022-06-06T05:35:27,2022-06-06T20:27:38,0.19,Clear,Clear conditions throughout the day.,clear-day,"72418013781,72408013739,72405713701,99999903761,KILG,KPHL,72040800136,DE037,KAPG",525
28,"Bear, DE, United States",2022-06-07,25.6,16.5,21.5,25.6,16.5,21.5,15.5,69.1,0.94,100,25.0,rain,0,0,47.7,32.9,162.7,1015.9,51.8,15.6,159.0,13.8,5,10,2022-06-07T05:35:14,2022-06-07T20:28:13,0.24,"Rain, Partially cloudy",Partly cloudy throughout the day with rain.,rain,"72418013781,72408013739,72405713701,99999903761,KILG,KPHL,72040800136,DE037,KAPG",525
29,"Bear, DE, United States",2022-06-08,29.3,19.9,24.5,30.3,19.9,24.9,19.1,73.7,1.95,100,12.5,rain,0,0,38.9,19.1,222.9,1011.8,57.3,14.9,279.0,24.2,9,60,2022-06-08T05:35:02,2022-06-08T20:28:47,0.29,"Rain, Partially cloudy",Partly cloudy throughout the day with rain.,rain,"72418013781,72408013739,72405713701,99999903761,KILG,KPHL,72040800136,DE037,KAPG",525
30,"Bear, DE, United States",2022-06-09,27.8,18.9,23.8,28.0,18.9,23.8,16.7,67.7,38.07,100,29.17,rain,0,0,51.9,38.0,249.8,1006.1,54.6,14.6,306.2,26.6,9,30,2022-06-09T05:34:52,2022-06-09T20:29:19,0.35,"Rain, Partially cloudy",Partly cloudy throughout the day with rain clearing later.,rain,"72418013781,72408013739,72405713701,99999903761,KILG,KPHL,72040800136,DE037,KAPG",525
31,"Bear, DE, United States",2022-06-10,27.1,14.3,21.5,26.9,14.3,21.4,11.3,54.4,0.0,0,0.0,,0,0,33.5,22.0,288.1,1011.8,13.0,16.0,311.0,26.8,10,10,2022-06-10T05:34:44,2022-06-10T20:29:50,0.39,Clear,Clear conditions throughout the day.,clear-day,"72418013781,72408013739,72405713701,99999903761,KILG,KPHL,72040800136,DE037,KAPG",525
32,"Bear, DE, United States",2022-06-11,21.7,16.7,20.1,21.7,16.7,20.1,14.4,70.1,0.29,100,8.33,rain,0,0,23.0,12.8,265.8,1013.8,54.7,16.0,110.8,9.6,3,10,2022-06-11T05:34:37,2022-06-11T20:30:20,0.44,"Rain, Partially cloudy",Partly cloudy throughout the day with afternoon rain.,rain,"72418013781,72408013739,72408813707,72405713701,99999903761,KILG,KPHL,72040800136,DE037,KAPG",525
33,"Bear, DE, United States",2022-06-12,25.7,17.7,21.2,25.7,17.7,21.2,18.3,84.1,9.16,100,29.17,rain,0,0,24.1,25.5,114.8,1014.0,81.4,14.9,155.9,13.5,6,60,2022-06-12T05:34:33,2022-06-12T20:30:47,0.47,"Rain, Partially cloudy",Partly cloudy throughout the day with rain clearing later.,rain,"72418013781,72408013739,99999903761,KILG,KPHL,72040800136,DE037",525
34,"Bear, DE, United States",2022-06-13,31.6,20.6,25.9,34.2,20.6,27.1,20.4,73.6,0.28,100,4.17,rain,0,0,23.4,16.6,227.2,1013.0,33.4,15.7,271.8,23.4,9,75,2022-06-13T05:34:31,2022-06-13T20:31:14,0.49,"Rain, Partially cloudy",Partly cloudy throughout the day with morning rain.,rain,"72418013781,72408013739,72405713701,99999903761,KILG,KPHL,72040800136,DE037,KAPG",525
35,"Bear, DE, United States",2022-06-14,28.8,18.0,24.3,29.1,18.0,24.3,16.5,63.6,2.64,100,8.33,rain,0,0,48.3,15.7,121.0,1012.9,14.2,15.1,255.5,22.3,8,30,2022-06-14T05:34:30,2022-06-14T20:31:39,0.5,Rain,Clear conditions throughout the day with morning rain.,rain,"72418013781,72408013739,72405713701,99999903761,KILG,KPHL,72040800136,DE037,KAPG",525
36,"Bear, DE, United States",2022-06-15,29.4,17.7,24.0,29.6,17.7,24.1,17.0,67.7,0.0,0,0.0,rain,0,0,38.5,26.9,129.1,1018.0,10.6,15.8,328.9,28.4,10,10,2022-06-15T05:34:32,2022-06-15T20:32:02,0.51,Clear,Clear conditions throughout the day.,clear-day,"72418013781,72408013739,72405713701,99999903761,KILG,KPHL,72040800136,DE037,KAPG",525
37,"Bear, DE, United States",2022-06-16,25.0,19.3,22.1,25.0,19.3,22.1,18.5,80.4,9.91,100,29.17,rain,0,0,42.5,28.9,150.3,1019.3,88.8,15.3,147.2,12.9,7,10,2022-06-16T05:34:35,2022-06-16T20:32:23,0.53,"Rain, Partially cloudy",Partly cloudy throughout the day with rain clearing later.,rain,"72418013781,72405713701,72408013739,99999903761,KILG,KPHL,72040800136,DE037,KAPG",525
38,"Bear, DE, United States",2022-06-17,34.9,21.2,27.6,36.7,21.2,28.3,18.5,62.4,0.0,0,0.0,,0,0,52.9,31.4,244.1,1007.8,16.1,15.4,313.3,27.2,9,100,2022-06-17T05:34:40,2022-06-17T20:32:43,0.57,Clear,Clear conditions throughout the day.,clear-day,"72418013781,72408013739,72405713701,99999903761,KILG,KPHL,72040800136,DE037,KAPG",525
39,"Bear, DE, United States",2022-06-18,24.3,16.6,21.1,24.3,16.6,21.1,10.0,49.3,0.0,0,0.0,,0,0,54.9,34.9,276.4,1008.5,36.2,16.0,241.7,20.9,8,10,2022-06-18T05:34:47,2022-06-18T20:33:01,0.62,Partially cloudy,Partly cloudy throughout the day.,partly-cloudy-day,"72418013781,72408013739,99999903761,KILG,KPHL,72040800136,DE037",525
40,"Bear, DE, United States",2022-06-19,25.0,12.8,18.6,25.0,12.8,18.6,4.6,41.4,0.0,0,0.0,,0,0,51.7,40.2,314.2,1016.5,0.7,16.0,365.5,31.6,10,10,2022-06-19T05:34:55,2022-06-19T20:33:18,0.67,Clear,Clear conditions throughout the day.,clear-day,"72418013781,72408013739,99999903761,KILG,KPHL,72040800136,DE037",525
41,"Bear, DE, United States",2022-06-20,27.8,10.1,20.1,26.7,10.1,20.1,6.3,42.9,0.0,0,0.0,,0,0,31.7,22.0,291.6,1021.1,1.6,16.0,356.9,30.9,10,10,2022-06-20T05:35:06,2022-06-20T20:33:32,0.72,Clear,Clear conditions throughout the day.,clear-day,"72418013781,72408013739,99999903761,KILG,KPHL,72040800136,DE037",525
42,"Bear, DE, United States",2022-06-21,26.6,16.0,21.7,26.6,16.0,21.7,13.2,59.6,0.0,0,0.0,,0,0,15.1,16.4,263.5,1020.0,24.4,16.0,236.3,20.5,9,10,2022-06-21T05:35:18,2022-06-21T20:33:45,0.77,Partially cloudy,Partly cloudy throughout the day.,partly-cloudy-day,"72418013781,72408013739,72405713701,99999903761,KILG,KPHL,72040800136,DE037,KAPG",525
43,"Bear, DE, United States",2022-06-22,25.6,18.7,21.6,25.6,18.7,21.6,17.0,75.4,0.83,100,20.83,rain,0,0,38.9,27.2,120.2,1014.9,63.9,15.9,186.5,16.1,9,10,2022-06-22T05:35:32,2022-06-22T20:33:56,0.82,"Rain, Partially cloudy",Partly cloudy throughout the day with late afternoon rain.,rain,"72418013781,72408013739,72405713701,99999903761,KILG,KPHL,72040800136,DE037,KAPG",525
44,"Bear, DE, United States",2022-06-23,22.2,18.2,19.4,22.2,18.2,19.4,16.7,85.1,9.89,100,62.5,rain,0,0,36.0,15.9,94.8,1014.4,94.2,13.7,71.0,6.1,3,10,2022-06-23T05:35:47,2022-06-23T20:34:05,0.87,"Rain, Overcast",Cloudy skies throughout the day with a chance of rain throughout the day.,rain,"KDOV,72418013781,72408013739,72405713701,99999903761,KILG,KPHL,72040800136,DE037,KAPG",525
45,"Bear, DE, United States",2022-06-24,27.2,15.0,21.3,28.1,15.0,21.4,16.8,77.0,0.07,100,4.17,rain,0,0,13.0,12.9,213.4,1017.3,45.8,15.6,221.0,19.0,8,30,2022-06-24T05:36:05,2022-06-24T20:34:13,0.91,"Rain, Partially cloudy",Partly cloudy throughout the day with morning rain.,rain,"72418013781,72408013739,72405713701,99999903761,KILG,KPHL,72040800136,DE037,KAPG",525
46,"Bear, DE, United States",2022-06-25,31.1,18.3,24.9,32.2,18.3,25.5,18.7,70.8,0.0,0,0.0,,0,0,37.1,18.0,241.7,1019.7,7.8,15.4,336.5,29.1,10,60,2022-06-25T05:36:24,2022-06-25T20:34:18,0.95,Clear,Clear conditions throughout the day.,clear-day,"72418013781,72408013739,99999903761,KILG,KPHL,72040800136,DE037",525
47,"Bear, DE, United States",2022-06-26,30.1,19.4,25.5,31.3,19.4,26.0,18.4,66.5,0.0,0,0.0,,0,0,40.7,27.5,217.1,1018.9,20.2,15.9,299.2,25.8,9,10,2022-06-26T05:36:44,2022-06-26T20:34:22,0.97,Partially cloudy,Partly cloudy throughout the day.,partly-cloudy-day,"72418013781,72408013739,99999903761,KILG,KPHL,72040800136,DE037",525
48,"Bear, DE, United States",2022-06-27,26.6,21.7,24.4,26.6,21.7,24.4,20.1,77.2,1.89,100,16.67,rain,0,0,38.9,16.3,239.9,1015.2,62.0,15.4,114.5,10.0,5,30,2022-06-27T05:37:07,2022-06-27T20:34:23,0.99,"Rain, Partially cloudy",Partly cloudy throughout the day with afternoon rain.,rain,"72418013781,72408013739,72405713701,99999903761,KILG,KPHL,72040800136,DE037,KAPG",525
49,"Bear, DE, United States",2022-06-28,26.1,16.7,22.2,26.1,16.7,22.2,11.0,50.2,1.37,100,4.17,rain,0,0,46.8,21.7,323.3,1021.0,6.7,16.0,351.6,30.5,10,10,2022-06-28T05:37:30,2022-06-28T20:34:23,1.0,Rain,Clear conditions throughout the day with morning rain.,rain,"72418013781,72408013739,72405713701,99999903761,KILG,KPHL,72040800136,DE037,KAPG",525
50,"Bear, DE, United States",2022-06-29,29.3,17.0,23.5,29.1,17.0,23.5,15.3,62.5,0.0,0,0.0,,0,0,33.5,23.5,207.3,1023.2,4.9,16.0,337.5,29.3,10,30,2022-06-29T05:37:56,2022-06-29T20:34:21,0.0,Clear,Clear conditions throughout the day.,clear-day,"72418013781,72408013739,72405713701,99999903761,KILG,KPHL,72040800136,DE037,KAPG",525
51,"Bear, DE, United States",2022-06-30,32.1,18.7,26.1,31.0,18.7,25.8,15.7,58.1,0.0,0,0.0,,0,0,31.7,16.2,223.8,1022.2,1.6,15.9,360.0,31.0,10,30,2022-06-30T05:38:22,2022-06-30T20:34:17,0.01,Clear,Clear conditions throughout the day.,clear-day,"72418013781,72408013739,72405713701,99999903761,KILG,KPHL,72040800136,DE037,KAPG",525
52,"Bear, DE, United States",2022-07-01,33.1,22.0,26.9,36.8,22.0,28.4,21.2,72.6,0.56,100,12.5,rain,0,0,42.5,28.1,218.6,1017.7,9.7,15.7,263.2,22.7,9,100,2022-07-01T05:38:51,2022-07-01T20:34:11,0.03,Rain,Clear conditions throughout the day with rain.,rain,"72418013781,72408013739,72405713701,99999903761,KILG,KPHL,72040800136,DE037,KAPG",525
53,"Bear, DE, United States",2022-07-02,31.7,21.8,26.6,35.6,21.8,27.9,21.9,76.7,20.55,100,29.17,rain,0,0,50.0,31.3,226.7,1013.9,35.0,14.7,253.9,22.1,10,75,2022-07-02T05:39:20,2022-07-02T20:34:03,0.05,"Rain, Partially cloudy",Partly cloudy throughout the day with rain.,rain,"72418013781,72408013739,99999903761,KILG,KPHL,72040800136,DE037",525
54,"Bear, DE, United States",2022-07-03,31.6,22.2,25.8,31.4,22.2,25.8,18.2,67.4,1.13,100,16.67,rain,0,0,29.5,20.3,272.1,1016.3,25.2,16.0,281.8,24.3,9,30,2022-07-03T05:39:51,2022-07-03T20:33:53,0.08,"Rain, Partially cloudy",Clearing in the afternoon with rain clearing later.,rain,"72418013781,72408013739,99999903761,KILG,KPHL,72040800136,DE037",525
55,"Bear, DE, United States",2022-07-04,30.0,18.3,24.8,28.9,18.3,24.4,12.2,48.1,0.0,0,0.0,,0,0,31.7,16.4,205.3,1020.9,4.6,15.7,353.0,30.5,10,10,2022-07-04T05:40:24,2022-07-04T20:33:41,0.12,Clear,Clear conditions throughout the day.,clear-day,"72418013781,72408013739,99999903761,KILG,KPHL,72040800136,DE037",525
56,"Bear, DE, United States",2022-07-05,28.8,20.6,24.2,30.6,20.6,24.7,18.9,73.3,0.93,100,12.5,rain,0,0,40.7,32.7,237.5,1016.4,50.2,15.8,198.5,17.2,9,10,2022-07-05T05:40:58,2022-07-05T20:33:27,0.17,"Rain, Partially cloudy",Partly cloudy throughout the day with rain.,rain,"72418013781,72408013739,72405713701,99999903761,KILG,KPHL,72040800136,DE037,KAPG",525
57,"Bear, DE, United States",2022-07-06,30.6,22.8,26.8,34.8,22.8,28.4,22.1,76.7,0.09,100,8.33,rain,0,0,28.1,18.0,251.3,1011.4,46.7,14.7,182.5,15.8,9,60,2022-07-06T05:41:33,2022-07-06T20:33:11,0.22,"Rain, Partially cloudy",Partly cloudy throughout the day with afternoon rain.,rain,"72418013781,72408013739,72405713701,99999903761,KILG,KPHL,72040800136,DE037,KAPG",525
58,"Bear, DE, United States",2022-07-07,28.2,21.1,24.3,30.2,21.1,24.5,20.4,79.8,18.95,100,33.33,rain,0,0,33.8,21.2,75.1,1014.6,80.3,14.2,193.3,16.7,7,10,2022-07-07T05:42:09,2022-07-07T20:32:53,0.27,"Rain, Partially cloudy",Partly cloudy throughout the day with rain clearing later.,rain,"72418013781,72408013739,72405713701,99999903761,KILG,KPHL,72040800136,DE037,KAPG",525
59,"Bear, DE, United States",2022-07-08,29.3,19.3,24.4,31.5,19.3,25.1,20.3,78.5,0.0,0,0.0,rain,0,0,17.3,17.4,174.3,1016.1,26.2,16.0,270.2,23.5,9,30,2022-07-08T05:42:46,2022-07-08T20:32:33,0.33,Partially cloudy,Partly cloudy throughout the day.,partly-cloudy-day,"72418013781,72408013739,72405713701,99999903761,KILG,KPHL,72040800136,DE037",525
60,"Bear, DE, United States",2022-07-09,24.9,20.0,22.8,24.9,20.0,22.8,20.1,85.3,12.43,100,50.0,rain,0,0,33.1,21.0,113.3,1016.6,70.5,14.6,71.3,6.0,2,10,2022-07-09T05:43:25,2022-07-09T20:32:12,0.38,"Rain, Partially cloudy",Partly cloudy throughout the day with a chance of rain throughout the day.,rain,"72418013781,72408013739,99999903761,KILG,KPHL,72040800136,DE037",525
61,"Bear, DE, United States",2022-07-10,27.1,18.8,22.8,27.6,18.8,22.8,16.8,71.4,0.0,0,0.0,rain,0,0,22.3,22.9,175.5,1017.6,7.5,13.7,278.3,24.2,8,10,2022-07-10T05:44:05,2022-07-10T20:31:48,0.42,Clear,Clear conditions throughout the day.,clear-day,"72418013781,72408013739,99999903761,KILG,KPHL,72040800136,DE037",525
62,"Bear, DE, United States",2022-07-11,27.8,16.1,22.8,27.9,16.1,22.9,15.2,64.6,0.0,0,0.0,rain,0,0,27.7,24.7,178.1,1014.8,0.4,16.0,351.1,30.4,10,10,2022-07-11T05:44:45,2022-07-11T20:31:23,0.46,Clear,Clear conditions throughout the day.,clear-day,"72418013781,72408013739,72405713701,99999903761,KILG,KPHL,72040800136,DE037",525
63,"Bear, DE, United States",2022-07-12,32.1,19.9,24.8,35.2,19.9,25.7,19.8,75.3,0.74,100,4.17,rain,0,0,64.4,47.5,213.0,1009.6,9.4,15.7,295.2,25.7,9,60,2022-07-12T05:45:27,2022-07-12T20:30:55,0.49,Rain,Clear conditions throughout the day with late afternoon rain.,rain,"72418013781,72408013739,72405713701,99999903761,KILG,KPHL,72040800136,DE037",525
64,"Bear, DE, United States",2022-07-13,31.1,20.7,26.6,32.4,20.7,27.2,19.1,66.0,0.0,0,0.0,rain,0,0,32.0,16.0,236.3,1012.0,14.1,16.0,316.1,27.4,10,60,2022-07-13T05:46:10,2022-07-13T20:30:26,0.5,Clear,Clear conditions throughout the day.,clear-day,"72418013781,72408013739,72405713701,99999903761,KILG,KPHL,72040800136,DE037",525
65,"Bear, DE, United States",2022-07-14,31.6,22.2,27.3,32.3,22.2,27.8,18.8,61.4,0.0,0,0.0,,0,0,29.5,17.8,297.3,1014.8,18.8,16.0,327.2,28.2,9,30,2022-07-14T05:46:54,2022-07-14T20:29:54,0.51,Clear,Clear conditions throughout the day.,clear-day,"72418013781,72408013739,72405713701,99999903761,KILG,KPHL,72040800136,DE037",525
66,"Bear, DE, United States",2022-07-15,31.0,21.0,25.6,31.5,21.0,25.9,18.1,64.8,0.0,0,0.0,,0,0,29.9,22.8,136.7,1019.4,12.7,16.0,334.8,29.0,9,60,2022-07-15T05:47:38,2022-07-15T20:29:21,0.53,Clear,Clear conditions throughout the day.,clear-day,"72418013781,72408013739,72405713701,99999903761,KILG,KPHL,72040800136,DE037",525
67,"Bear, DE, United States",2022-07-16,29.3,21.7,24.8,31.1,21.7,25.2,20.7,79.5,4.77,100,16.67,rain,0,0,31.3,17.3,121.3,1018.7,64.3,13.3,229.7,19.7,10,100,2022-07-16T05:48:24,2022-07-16T20:28:46,0.55,"Rain, Partially cloudy",Partly cloudy throughout the day with rain.,rain,"72418013781,72408013739,99999903761,KILG,KPHL,72040800136,DE037",525
68,"Bear, DE, United States",2022-07-17,27.8,20.6,24.9,30.3,20.6,25.5,21.5,82.2,0.28,100,4.17,rain,0,0,19.4,12.3,95.2,1016.7,58.9,13.6,187.7,16.3,9,100,2022-07-17T05:49:10,2022-07-17T20:28:09,0.6,"Rain, Partially cloudy",Partly cloudy throughout the day with early morning rain.,rain,"72418013781,72408013739,99999903761,KILG,KPHL,72040800136,DE037",525
69,"Bear, DE, United States",2022-07-18,32.0,23.3,27.2,37.3,23.3,28.9,23.0,79.0,9.26,100,33.33,rain,0,0,46.4,30.4,198.8,1012.4,37.7,15.1,248.8,21.5,10,75,2022-07-18T05:49:57,2022-07-18T20:27:31,0.65,"Rain, Partially cloudy",Becoming cloudy in the afternoon with rain.,rain,"72418013781,72408013739,72405713701,99999903761,KILG,KPHL,72040800136,DE037,KAPG",525
70,"Bear, DE, United States",2022-07-19,32.1,22.8,27.3,34.2,22.8,28.3,21.0,70.8,0.0,0,0.0,,0,0,48.2,23.3,260.6,1010.3,11.8,16.0,309.0,26.6,10,30,2022-07-19T05:50:45,2022-07-19T20:26:50,0.7,Clear,Clear conditions throughout the day.,clear-day,"72418013781,72408013739,72405713701,99999903761,KILG,KPHL,72040800136,DE037",525
71,"Bear, DE, United States",2022-07-20,33.3,22.8,28.6,36.5,22.8,30.1,20.8,65.1,0.0,0,0.0,,0,0,31.7,19.7,244.3,1009.0,7.3,16.0,323.8,27.8,9,60,2022-07-20T05:51:34,2022-07-20T20:26:08,0.75,Clear,Clear conditions throughout the day.,clear-day,"72418013781,72408013739,72405713701,99999903761,KILG,KPHL,72040800136,DE037",525
72,"Bear, DE, United States",2022-07-21,33.8,24.9,29.6,40.2,24.9,32.6,22.5,67.4,0.0,0,0.0,,0,0,42.5,32.0,217.7,1005.9,13.3,16.0,310.3,26.8,10,100,2022-07-21T05:52:23,2022-07-21T20:25:24,0.8,Clear,Clear conditions throughout the day.,clear-day,"72418013781,72408013739,72405713701,99999903761,KILG,KPHL,72040800136,DE037",525
73,"Bear, DE, United States",2022-07-22,33.8,23.8,29.3,35.0,23.8,30.2,20.3,61.6,0.0,0,0.0,,0,0,31.7,19.8,257.7,1012.1,5.1,16.0,326.1,28.1,10,30,2022-07-22T05:53:13,2022-07-22T20:24:38,0.85,Clear,Clear conditions throughout the day.,clear-day,"72418013781,72408013739,72405713701,99999903761,KILG,KPHL,72040800136,DE037,KAPG",525
74,"Bear, DE, United States",2022-07-23,34.3,24.3,29.8,36.3,24.3,31.4,20.7,60.4,0.0,0,0.0,,0,0,27.7,19.8,249.9,1016.3,5.1,15.8,327.1,28.3,9,60,2022-07-23T05:54:03,2022-07-23T20:23:50,0.89,Clear,Clear conditions throughout the day.,clear-day,"72418013781,72408013739,99999903761,KILG,KPHL,72040800136,DE037",525
75,"Bear, DE, United States",2022-07-24,34.9,23.2,29.3,38.2,23.2,31.0,20.3,60.4,0.0,0,0.0,,0,0,35.3,23.1,234.8,1016.4,2.8,16.0,320.4,27.7,9,100,2022-07-24T05:54:54,2022-07-24T20:23:01,0.93,Clear,Clear conditions throughout the day.,clear-day,"72418013781,72408013739,99999903761,KILG,KPHL,72040800136,DE037",525
76,"Bear, DE, United States",2022-07-25,31.9,26.1,28.7,38.3,26.1,32.3,23.3,73.0,0.12,100,4.17,rain,0,0,41.0,21.5,226.8,1012.9,18.3,15.9,186.3,16.2,8,100,2022-07-25T05:55:46,2022-07-25T20:22:10,0.96,Rain,Clear conditions throughout the day with afternoon rain.,rain,"72418013781,72408013739,72405713701,99999903761,KILG,KPHL,72040800136,DE037",525
77,"Bear, DE, United States",2022-07-26,27.0,23.2,24.8,27.7,23.2,24.8,18.3,68.1,0.0,0,0.0,,0,0,35.3,16.1,218.6,1016.0,26.0,16.0,124.6,10.7,4,30,2022-07-26T05:56:38,2022-07-26T20:21:18,0.98,Partially cloudy,Becoming cloudy in the afternoon.,partly-cloudy-day,"72418013781,72408013739,72405713701,99999903761,KILG,KPHL,72040800136,DE037,KAPG",525
78,"Bear, DE, United States",2022-07-27,30.4,22.7,26.0,32.8,22.7,27.0,20.3,71.4,0.0,0,0.0,rain,0,0,35.3,19.5,199.1,1014.1,66.7,16.0,221.7,19.1,8,30,2022-07-27T05:57:30,2022-07-27T20:20:23,1.0,Partially cloudy,Partly cloudy throughout the day.,partly-cloudy-day,"72418013781,72408013739,72405713701,99999903761,KILG,KPHL,72040800136,DE037,KAPG",525
79,"Bear, DE, United States",2022-07-28,32.7,24.3,28.2,37.5,24.3,30.1,22.6,73.6,5.97,100,16.67,rain,0,0,55.4,39.7,248.5,1011.2,17.0,15.3,244.8,21.0,8,75,2022-07-28T05:58:23,2022-07-28T20:19:28,1.0,Rain,Clear conditions throughout the day with rain.,rain,"72418013781,72408013739,72405713701,99999903761,KILG,KPHL,72040800136,DE037",525
80,"Bear, DE, United States",2022-07-29,29.2,21.7,25.2,32.1,21.7,26.0,20.9,77.7,0.35,100,8.33,rain,0,0,25.6,14.6,268.6,1013.3,37.7,16.0,137.3,11.7,6,30,2022-07-29T05:59:17,2022-07-29T20:18:30,0.0,"Rain, Partially cloudy",Becoming cloudy in the afternoon with late afternoon rain.,rain,"72418013781,72408013739,72405713701,99999903761,KILG,KPHL,72040800136,DE037",525
81,"Bear, DE, United States",2022-07-30,31.5,21.6,26.6,31.1,21.6,26.6,17.1,58.9,0.0,0,0.0,rain,0,0,33.5,20.2,303.0,1017.8,27.2,16.0,322.0,27.8,9,10,2022-07-30T06:00:10,2022-07-30T20:17:31,0.01,Partially cloudy,Becoming cloudy in the afternoon.,partly-cloudy-day,"72418013781,72408013739,99999903761,KILG,KPHL,72040800136,DE037",525
82,"Bear, DE, United States",2022-07-31,30.6,19.3,24.8,30.8,19.3,25.2,18.4,69.5,3.41,100,20.83,rain,0,0,19.8,14.1,197.3,1020.7,32.6,15.3,215.2,18.4,8,10,2022-07-31T06:01:04,2022-07-31T20:16:31,0.04,"Rain, Partially cloudy",Becoming cloudy in the afternoon with late afternoon rain.,rain,"72418013781,72408013739,99999903761,KILG,KPHL,72040800136,DE037",525
83,"Bear, DE, United States",2022-08-01,28.2,20.6,23.4,29.4,20.6,23.6,19.7,80.9,8.09,100,29.17,rain,0,0,20.5,14.4,249.5,1014.7,76.7,14.1,122.3,10.6,4,10,2022-08-01T06:01:59,2022-08-01T20:15:29,0.07,"Rain, Partially cloudy",Partly cloudy throughout the day with rain clearing later.,rain,"72418013781,72408013739,72405713701,99999903761,KILG,KPHL,72040800136,DE037,KAPG",525
84,"Bear, DE, United States",2022-08-02,32.7,21.1,27.1,35.5,21.1,28.2,20.4,69.5,4.82,100,16.67,rain,0,0,35.3,21.6,244.3,1011.1,18.8,15.8,269.6,23.3,9,60,2022-08-02T06:02:53,2022-08-02T20:14:25,0.1,Rain,Clear conditions throughout the day with rain.,rain,"72418013781,72408013739,72405713701,99999903761,KILG,KPHL,72040800136,DE037,KAPG",525
85,"Bear, DE, United States",2022-08-03,32.7,21.6,27.4,34.1,21.6,28.0,18.4,59.6,0.0,0,0.0,,0,0,27.7,19.9,216.3,1015.5,10.5,16.0,315.3,27.2,9,10,2022-08-03T06:03:48,2022-08-03T20:13:20,0.14,Clear,Clear conditions throughout the day.,clear-day,"72418013781,72408013739,72405713701,99999903761,KILG,KPHL,72040800136,DE037,KAPG",525
86,"Bear, DE, United States",2022-08-04,34.2,22.7,27.7,40.0,22.7,30.3,21.8,71.7,6.54,100,16.67,rain,0,0,70.2,42.3,186.9,1017.8,9.8,15.7,302.9,26.4,9,100,2022-08-04T06:04:43,2022-08-04T20:12:14,0.2,Rain,Clear conditions throughout the day with late afternoon rain.,rain,"72418013781,72405713701,72408013739,99999903761,KILG,KPHL,72040800136,DE037,KAPG",525
87,"Bear, DE, United States",2022-08-05,31.1,22.2,26.3,35.9,22.2,28.1,22.2,79.0,0.62,100,8.33,rain,0,0,36.0,21.1,233.1,1020.9,22.4,16.0,221.3,19.1,8,75,2022-08-05T06:05:38,2022-08-05T20:11:06,0.25,"Rain, Partially cloudy",Clearing in the afternoon with rain.,rain,"72418013781,72405713701,99999903761,KILG,KPHL,72040800136,DE037,KAPG",525
88,"Bear, DE, United States",2022-08-06,31.5,23.2,27.0,35.4,23.2,28.8,22.2,76.0,0.0,0,0.0,,0,0,38.9,26.5,208.2,1023.0,19.6,16.0,202.7,17.5,7,75,2022-08-06T06:06:34,2022-08-06T20:09:57,0.31,Clear,Clear conditions throughout the day.,clear-day,"72418013781,72405713701,99999903761,KILG,KPHL,72040800136,DE037",525
89,"Bear, DE, United States",2022-08-07,33.2,24.9,28.9,37.2,24.9,31.2,22.6,70.8,0.0,0,0.0,rain,0,0,42.5,23.4,206.3,1021.6,15.2,16.0,298.6,25.7,9,75,2022-08-07T06:07:29,2022-08-07T20:08:47,0.36,Clear,Clear conditions throughout the day.,clear-day,"72418013781,72405713701,99999903761,KILG,KPHL,72040800136,DE037",525
90,"Bear, DE, United States",2022-08-08,33.7,24.9,29.3,40.0,24.9,32.6,23.7,72.8,0.01,100,4.17,rain,0,0,37.0,23.2,214.3,1016.8,11.6,16.0,270.8,23.5,9,75,2022-08-08T06:08:25,2022-08-08T20:07:35,0.41,Rain,Clear conditions throughout the day with afternoon rain.,rain,"72418013781,72405713701,99999903761,KILG,KPHL,72040800136,DE037,KAPG",525
91,"Bear, DE, United States",2022-08-09,35.5,26.0,30.0,42.3,26.0,34.1,24.0,71.9,0.91,100,16.67,rain,0,0,40.7,21.7,255.5,1014.4,23.0,16.0,291.3,25.2,10,100,2022-08-09T06:09:21,2022-08-09T20:06:22,0.45,"Rain, Partially cloudy",Becoming cloudy in the afternoon with late afternoon rain.,rain,"72418013781,72405713701,99999903761,KILG,KPHL,72040800136,DE037",525
92,"Bear, DE, United States",2022-08-10,32.0,23.8,27.9,35.5,23.8,29.5,22.4,73.7,7.77,100,4.17,rain,0,0,29.9,17.8,266.8,1016.5,34.9,15.9,273.0,23.5,9,60,2022-08-10T06:10:17,2022-08-10T20:05:08,0.48,"Rain, Partially cloudy",Becoming cloudy in the afternoon with early morning rain.,rain,"72418013781,72405713701,72408013739,99999903761,KILG,KPHL,72040800136,DE037",525
93,"Bear, DE, United States",2022-08-11,31.5,23.3,26.8,32.3,23.3,27.2,20.3,70.1,6.51,100,25.0,rain,0,0,29.5,19.7,287.2,1013.2,49.9,15.8,243.9,21.1,7,60,2022-08-11T06:11:13,2022-08-11T20:03:53,0.5,"Rain, Partially cloudy",Clearing in the afternoon with rain clearing later.,rain,"72418013781,72408013739,72405713701,99999903761,KILG,KPHL,72040800136,DE037",525
94,"Bear, DE, United States",2022-08-12,29.2,21.6,25.2,28.4,21.6,25.0,12.7,47.0,0.0,0,0.0,rain,0,0,36.7,20.0,303.1,1015.6,14.2,16.0,292.8,25.2,10,10,2022-08-12T06:12:09,2022-08-12T20:02:36,0.5,Clear,Clear conditions throughout the day.,clear-day,"72418013781,72408013739,72405713701,99999903761,KILG,KPHL,72040800136,DE037",525
95,"Bear, DE, United States",2022-08-13,28.7,16.1,22.7,27.6,16.1,22.5,9.3,44.7,0.0,0,0.0,,0,0,37.1,21.5,214.7,1019.1,0.8,16.0,321.5,27.8,10,10,2022-08-13T06:13:05,2022-08-13T20:01:18,0.52,Clear,Clear conditions throughout the day.,clear-day,"72418013781,72408013739,99999903761,KILG,KPHL,72040800136,DE037",525
96,"Bear, DE, United States",2022-08-14,28.7,18.2,23.2,28.1,18.2,23.2,14.7,60.6,0.0,0,0.0,,0,0,25.9,22.9,135.6,1017.4,11.0,16.0,254.0,22.1,10,10,2022-08-14T06:14:01,2022-08-14T19:59:59,0.54,Clear,Clear conditions throughout the day.,clear-day,"72418013781,72408013739,99999903761,KILG,KPHL,72040800136,DE037",525
97,"Bear, DE, United States",2022-08-15,27.8,18.8,23.0,27.5,18.8,22.9,14.8,61.5,0.49,100,16.67,rain,0,0,29.5,21.2,175.4,1015.5,48.8,16.0,181.0,15.5,8,10,2022-08-15T06:14:57,2022-08-15T19:58:40,0.58,"Rain, Partially cloudy",Partly cloudy throughout the day with morning rain.,rain,"72418013781,72408013739,72405713701,72408813707,99999903761,KILG,KPHL,72040800136,DE037",525
98,"Bear, DE, United States",2022-08-16,27.8,15.6,22.3,27.2,15.6,22.2,13.0,58.9,0.0,0,0.0,,0,0,38.9,25.0,133.3,1015.7,7.1,16.0,270.1,23.2,9,10,2022-08-16T06:15:53,2022-08-16T19:57:19,0.62,Clear,Clear conditions throughout the day.,clear-day,"72418013781,72408013739,72405713701,99999903761,KILG,KPHL,72040800136,DE037",525
99,"Bear, DE, United States",2022-08-17,26.3,16.7,21.5,26.3,16.7,21.5,15.9,71.8,6.94,100,20.83,rain,0,0,23.0,28.4,242.1,1015.9,36.3,15.5,214.7,18.6,9,30,2022-08-17T06:16:50,2022-08-17T19:55:57,0.67,"Rain, Partially cloudy",Partly cloudy throughout the day with afternoon rain.,rain,"72418013781,72408013739,72405713701,99999903761,KILG,KPHL,72040800136,DE037",525
100,"Bear, DE, United States",2022-08-18,29.2,16.1,23.0,28.8,16.1,23.0,15.2,64.7,0.07,100,4.17,rain,0,0,37.1,17.9,282.4,1014.4,3.6,15.8,293.1,25.2,10,30,2022-08-18T06:17:46,2022-08-18T19:54:34,0.72,Rain,Clear conditions throughout the day with morning rain.,rain,"72418013781,72408013739,72405713701,99999903761,KILG,KPHL,72040800136,DE037",525
101,"Bear, DE, United States",2022-08-19,31.1,17.2,24.7,32.1,17.2,25.1,17.4,66.0,0.0,0,0.0,,0,0,38.9,26.3,238.3,1018.0,9.9,16.0,300.0,25.9,10,30,2022-08-19T06:18:42,2022-08-19T19:53:10,0.77,Clear,Clear conditions throughout the day.,clear-day,"72418013781,72408013739,72405713701,99999903761,KILG,KPHL,72040800136,DE037,KAPG",525
102,"Bear, DE, United States",2022-08-20,31.6,22.7,26.5,31.5,22.7,26.8,18.5,63.6,0.0,0,0.0,rain,0,0,38.9,30.0,180.2,1020.7,9.2,16.0,295.0,25.3,9,60,2022-08-20T06:19:38,2022-08-20T19:51:45,0.82,Clear,Clear conditions throughout the day.,clear-day,"72418013781,72405713701,99999903761,KILG,KPHL,72040800136,DE037",525
103,"Bear, DE, United States",2022-08-21,27.8,21.5,24.7,29.4,21.5,25.1,20.8,79.9,0.22,100,12.5,rain,0,0,29.2,21.2,124.0,1018.8,44.0,14.8,168.6,14.5,9,60,2022-08-21T06:20:34,2022-08-21T19:50:20,0.86,"Rain, Partially cloudy",Clearing in the afternoon with late afternoon rain.,rain,"72418013781,72405713701,99999903761,KILG,KPHL,72040800136,DE037,KAPG",525
104,"Bear, DE, United States",2022-08-22,29.1,22.8,24.8,31.7,22.8,25.3,21.8,84.2,19.94,100,54.17,rain,0,0,34.9,18.2,168.7,1012.4,69.1,14.8,185.6,16.1,10,75,2022-08-22T06:21:30,2022-08-22T19:48:53,0.9,"Rain, Partially cloudy",Partly cloudy throughout the day with a chance of rain throughout the day.,rain,"72418013781,72405713701,72408013739,99999903761,KILG,KPHL,72040800136,DE037",525
105,"Bear, DE, United States",2022-08-23,29.2,19.9,24.5,30.2,19.9,24.8,19.4,75.4,0.0,0,0.0,rain,0,0,31.7,19.8,268.8,1010.9,27.3,15.0,241.4,20.8,9,30,2022-08-23T06:22:26,2022-08-23T19:47:26,0.94,Partially cloudy,Partly cloudy throughout the day.,partly-cloudy-day,"72418013781,72408013739,72405713701,99999903761,KILG,KPHL,72040800136,DE037,KAPG",525
106,"Bear, DE, United States",2022-08-24,31.0,19.9,25.4,31.0,19.9,25.5,17.2,63.5,0.0,0,0.0,,0,0,33.5,21.4,299.8,1015.3,8.5,16.0,285.0,24.7,9,30,2022-08-24T06:23:22,2022-08-24T19:45:58,0.97,Clear,Clear conditions throughout the day.,clear-day,"72418013781,72408013739,72405713701,99999903761,KILG,KPHL,72040800136,DE037",525
107,"Bear, DE, United States",2022-08-25,32.5,19.2,26.2,32.4,19.2,26.3,16.8,59.2,0.0,0,0.0,,0,0,16.2,13.7,261.9,1017.2,6.9,16.0,266.0,22.8,9,10,2022-08-25T06:24:18,2022-08-25T19:44:29,0.99,Clear,Clear conditions throughout the day.,clear-day,"72418013781,72408013739,72405713701,99999903761,KILG,KPHL,72040800136,DE037,KAPG",525
108,"Bear, DE, United States",2022-08-26,32.1,22.8,27.4,33.1,22.8,28.1,19.8,65.9,0.0,0,0.0,rain,0,0,24.1,18.0,235.8,1014.2,20.2,15.8,263.5,22.7,8,75,2022-08-26T06:25:14,2022-08-26T19:42:59,1.0,Partially cloudy,Partly cloudy throughout the day.,partly-cloudy-day,"72418013781,72408013739,72405713701,99999903761,KILG,KPHL,72040800136,DE037",525
109,"Bear, DE, United States",2022-08-27,32.6,21.1,26.9,33.8,21.1,27.4,19.6,66.9,0.0,0,0.0,,0,0,33.5,16.0,192.4,1015.4,15.1,15.8,237.9,20.8,8,75,2022-08-27T06:26:10,2022-08-27T19:41:29,0.0,Clear,Clear conditions throughout the day.,clear-day,"KDOV,72418013781,72408013739,99999903761,KILG,KPHL,72040800136,DE037",525
110,"Bear, DE, United States",2022-08-28,31.1,22.7,26.1,33.9,22.7,27.2,21.8,78.4,0.0,0,0.0,rain,0,0,30.2,17.5,104.7,1019.3,49.9,13.4,234.8,20.3,9,75,2022-08-28T06:27:06,2022-08-28T19:39:58,0.01,Partially cloudy,Partly cloudy throughout the day.,partly-cloudy-day,"72418013781,72408013739,99999903761,KILG,KPHL,72040800136,DE037",525
111,"Bear, DE, United States",2022-08-29,31.6,23.3,26.8,34.6,23.3,28.0,22.2,77.6,0.0,0,0.0,rain,0,0,34.9,28.1,133.5,1019.2,39.3,14.5,274.8,23.7,9,60,2022-08-29T06:28:01,2022-08-29T19:38:26,0.02,Partially cloudy,Clearing in the afternoon.,partly-cloudy-day,"72418013781,72408013739,72405713701,99999903761,KILG,KPHL,72040800136,DE037",525
112,"Bear, DE, United States",2022-08-30,32.1,23.8,26.6,37.3,23.8,28.3,22.8,80.6,0.57,100,8.33,rain,0,0,45.5,32.0,200.5,1012.3,49.8,15.2,232.4,20.1,9,75,2022-08-30T06:28:57,2022-08-30T19:36:54,0.05,"Rain, Partially cloudy",Clearing in the afternoon with late afternoon rain.,rain,"KDOV,72418013781,72408013739,72405713701,99999903761,KILG,KPHL,72040800136,DE037,KAPG",525
113,"Bear, DE, United States",2022-08-31,30.3,19.9,24.7,29.7,19.9,24.5,16.1,63.0,0.07,100,4.17,rain,0,0,37.1,27.0,276.9,1011.0,10.2,16.0,252.8,21.8,8,10,2022-08-31T06:29:53,2022-08-31T19:35:21,0.09,Rain,Clear conditions throughout the day with morning rain.,rain,"72418013781,72408013739,72405713701,99999903761,KILG,KPHL,72040800136,DE037",525
114,"Bear, DE, United States",2022-09-01,31.0,17.8,24.3,30.3,17.8,24.1,13.6,53.8,0.0,0,0.0,,0,0,35.1,26.8,286.5,1015.0,1.4,16.0,279.3,24.1,9,10,2022-09-01T06:30:48,2022-09-01T19:33:47,0.13,Clear,Clear conditions throughout the day.,clear-day,"KDOV,72418013781,72408013739,72405713701,99999903761,KILG,KPHL,72040800136,DE037",525
115,"Bear, DE, United States",2022-09-02,28.7,17.1,22.7,27.8,17.1,22.5,12.6,54.9,0.0,0,0.0,,0,0,24.8,19.9,80.9,1022.6,1.1,16.0,261.7,22.4,8,10,2022-09-02T06:31:44,2022-09-02T19:32:13,0.18,Clear,Clear conditions throughout the day.,clear-day,"KDOV,72418013781,72408013739,72405713701,99999903761,72407513735,KILG,KPHL,72040800136,DE037,KAPG",525
116,"Bear, DE, United States",2022-09-03,28.9,17.8,23.6,30.0,17.8,23.9,18.3,73.9,0.0,0,0.0,,0,0,28.1,22.7,116.3,1023.9,18.7,16.0,240.3,20.7,8,10,2022-09-03T06:32:39,2022-09-03T19:30:39,0.24,Clear,Clear conditions throughout the day.,clear-day,"72418013781,72408013739,99999903761,KILG,KPHL,72040800136,DE037",525
117,"Bear, DE, United States",2022-09-04,31.6,20.0,25.7,34.1,20.0,26.4,20.0,72.8,0.0,0,0.0,rain,0,0,29.5,22.9,217.8,1020.1,12.3,16.0,246.9,21.2,8,30,2022-09-04T06:33:35,2022-09-04T19:29:04,0.29,Clear,Clear conditions throughout the day.,clear-day,"72418013781,72408013739,99999903761,KILG,KPHL,72040800136,DE037",525
118,"Bear, DE, United States",2022-09-05,30.0,21.1,25.4,31.4,21.1,26.0,19.9,72.6,0.04,100,12.5,rain,0,0,40.7,26.1,150.6,1018.2,18.0,16.0,206.3,17.7,8,60,2022-09-05T06:34:30,2022-09-05T19:27:28,0.35,Rain,Clear conditions throughout the day with late afternoon rain.,rain,"72418013781,72408013739,99999903761,KILG,KPHL,72040800136,DE037",525
119,"Bear, DE, United States",2022-09-06,24.2,21.7,22.8,24.2,21.7,22.8,20.9,89.2,33.77,100,70.83,rain,0,0,32.0,22.8,109.2,1014.6,96.0,11.7,70.4,5.9,4,10,2022-09-06T06:35:25,2022-09-06T19:25:53,0.4,"Rain, Overcast",Cloudy skies throughout the day with a chance of rain throughout the day.,rain,"72418013781,72408013739,72405713701,99999903761,KILG,KPHL,72040800136,DE037,KAPG",525
120,"Bear, DE, United States",2022-09-07,22.1,20.5,21.4,22.1,20.5,21.4,19.1,86.8,1.53,100,33.33,rain,0,0,33.5,21.5,33.9,1014.8,96.4,14.2,80.5,7.0,3,10,2022-09-07T06:36:21,2022-09-07T19:24:16,0.44,"Rain, Overcast",Cloudy skies throughout the day with rain.,rain,"72418013781,72408013739,99999903761,KILG,KPHL,72040800136,DE037,KAPG",525
121,"Bear, DE, United States",2022-09-08,27.0,17.8,22.4,27.3,17.8,22.4,15.8,68.4,0.08,100,4.17,rain,0,0,33.5,21.4,124.4,1013.3,47.5,16.0,175.0,15.3,7,10,2022-09-08T06:37:16,2022-09-08T19:22:40,0.47,"Rain, Partially cloudy",Partly cloudy throughout the day with afternoon rain.,rain,"72418013781,72408013739,72405713701,99999903761,KILG,KPHL,72040800136,DE037",525
122,"Bear, DE, United States",2022-09-09,28.2,15.6,21.8,27.6,15.6,21.7,14.8,68.6,0.0,0,0.0,rain,0,0,27.7,21.1,172.9,1017.6,0.3,16.0,269.1,23.4,9,10,2022-09-09T06:38:12,2022-09-09T19:21:03,0.49,Clear,Clear conditions throughout the day.,clear-day,"72418013781,72408013739,72405713701,99999903761,KILG,KPHL,72040800136,DE037,KAPG",525
123,"Bear, DE, United States",2022-09-10,26.6,15.0,21.6,26.6,15.0,21.6,16.1,73.6,0.0,0,0.0,rain,0,0,19.8,12.4,158.6,1023.4,4.5,15.7,247.0,21.4,9,10,2022-09-10T06:39:07,2022-09-10T19:19:26,0.5,Clear,Clear conditions throughout the day.,clear-day,"KDOV,72418013781,72408013739,99999903761,KILG,KPHL,72040800136,DE037",525
124,"Bear, DE, United States",2022-09-11,23.8,21.7,22.5,23.8,21.7,22.5,20.7,89.3,10.58,100,54.17,rain,0,0,38.9,21.4,99.3,1019.2,94.4,14.1,42.0,3.7,3,10,2022-09-11T06:40:03,2022-09-11T19:17:48,0.51,"Rain, Overcast",Cloudy skies throughout the day with rain.,rain,"72418013781,72408013739,99999903761,KILG,KPHL,72040800136,DE037",525
125,"Bear, DE, United States",2022-09-12,28.7,22.8,24.9,31.7,22.8,25.3,22.4,87.0,1.13,100,41.67,rain,0,0,21.2,15.7,171.2,1010.6,77.3,14.4,130.8,11.3,7,75,2022-09-12T06:40:58,2022-09-12T19:16:11,0.53,"Rain, Partially cloudy",Partly cloudy throughout the day with rain.,rain,"KDOV,72418013781,72408013739,72405713701,99999903761,KILG,KPHL,72040800136,DE037",525
126,"Bear, DE, United States",2022-09-13,27.7,19.4,23.7,28.1,19.4,23.7,17.3,70.5,0.03,100,8.33,rain,0,0,35.3,28.7,284.9,1008.7,26.6,15.6,240.3,20.7,8,10,2022-09-13T06:41:53,2022-09-13T19:14:33,0.56,"Rain, Partially cloudy",Clearing in the afternoon with rain clearing later.,rain,"72418013781,72408013739,72405713701,99999903761,KILG,KPHL,72040800136,DE037",525
127,"Bear, DE, United States",2022-09-14,26.6,14.9,21.1,26.6,14.9,21.1,13.4,63.0,0.0,0,0.0,,0,0,35.3,23.4,301.8,1015.6,0.5,16.0,254.3,21.9,8,10,2022-09-14T06:42:49,2022-09-14T19:12:55,0.6,Clear,Clear conditions throughout the day.,clear-day,"72418013781,72408013739,72405713701,99999903761,KILG,KPHL,72040800136,DE037",525
128,"Bear, DE, United States",2022-09-15,24.9,13.9,20.4,24.9,13.9,20.4,12.0,61.3,0.0,0,0.0,,0,0,44.6,20.1,260.3,1021.0,1.4,16.0,253.9,22.0,8,10,2022-09-15T06:43:44,2022-09-15T19:11:17,0.64,Clear,Clear conditions throughout the day.,clear-day,"72418013781,72408013739,72405713701,99999903761,KILG,KPHL,72040800136,DE037",525
129,"Bear, DE, United States",2022-09-16,26.0,11.1,18.3,26.0,11.1,18.3,11.0,65.3,0.0,0,0.0,,0,0,15.1,12.5,290.8,1022.7,0.5,15.9,228.1,19.6,8,10,2022-09-16T06:44:40,2022-09-16T19:09:38,0.69,Clear,Clear conditions throughout the day.,clear-day,"72418013781,72408013739,72405713701,99999903761,KILG,KPHL,72040800136,DE037,KAPG",525
130,"Bear, DE, United States",2022-09-17,26.7,13.8,20.8,26.7,13.8,20.8,15.0,71.1,0.0,0,0.0,,0,0,22.0,21.1,225.7,1023.4,2.6,16.0,236.5,20.7,8,10,2022-09-17T06:45:36,2022-09-17T19:08:00,0.74,Clear,Clear conditions throughout the day.,clear-day,"72418013781,72408013739,99999903761,KILG,KPHL,72040800136,DE037",525
131,"Bear, DE, United States",2022-09-18,28.3,16.6,22.4,28.3,16.6,22.4,15.7,68.4,0.0,0,0.0,,0,0,25.6,21.7,240.4,1019.3,0.9,16.0,234.5,20.4,8,10,2022-09-18T06:46:32,2022-09-18T19:06:21,0.78,Clear,Clear conditions throughout the day.,clear-day,"72418013781,72408013739,99999903761,KILG,KPHL,72040800136,DE037",525
132,"Bear, DE, United States",2022-09-19,29.9,18.2,23.7,29.8,18.2,23.8,17.6,71.3,0.0,0,0.0,,0,0,37.4,26.8,256.6,1014.1,9.6,15.7,192.2,16.7,8,10,2022-09-19T06:47:27,2022-09-19T19:04:43,0.83,Clear,Clear conditions throughout the day.,clear-day,"72418013781,72408013739,72405713701,99999903761,KILG,KPHL,72040800136,DE037",525
133,"Bear, DE, United States",2022-09-20,27.7,18.4,22.8,27.5,18.4,22.8,15.2,65.8,0.0,0,0.0,,0,0,40.7,30.7,296.0,1013.4,15.7,15.8,232.5,20.2,8,30,2022-09-20T06:48:23,2022-09-20T19:03:04,0.87,Clear,Clear conditions throughout the day.,clear-day,"72418013781,72405713701,72408013739,99999903761,KILG,KPHL,72040800136,DE037",525
134,"Bear, DE, United States",2022-09-21,27.8,15.0,21.5,28.2,15.0,21.5,15.4,70.3,0.0,0,0.0,,0,0,21.6,19.6,253.3,1013.9,2.5,15.9,237.3,20.5,8,10,2022-09-21T06:49:19,2022-09-21T19:01:26,0.91,Clear,Clear conditions throughout the day.,clear-day,"72418013781,72408013739,72405713701,99999903761,72407513735,KILG,KPHL,72040800136,DE037",525
135,"Bear, DE, United States",2022-09-22,26.0,15.0,20.9,26.0,15.0,20.9,15.7,72.7,1.0,100,12.5,rain,0,0,55.4,34.0,279.4,1006.1,29.2,16.0,101.3,8.7,6,30,2022-09-22T06:50:16,2022-09-22T18:59:47,0.95,"Rain, Partially cloudy",Partly cloudy throughout the day with afternoon rain.,rain,"72418013781,72408013739,72405713701,99999903761,KILG,KPHL,72040800136,DE037,KAPG",525
136,"Bear, DE, United States",2022-09-23,19.2,11.1,14.5,19.2,11.1,14.5,3.4,48.9,0.01,100,4.17,rain,0,0,51.8,34.3,322.8,1015.2,12.1,16.0,235.9,20.3,8,10,2022-09-23T06:51:12,2022-09-23T18:58:09,0.97,Rain,Clear conditions throughout the day with morning rain.,rain,"72418013781,72408013739,72405713701,99999903761,KILG,KPHL,72040800136,DE037,KAPG",525
137,"Bear, DE, United States",2022-09-24,21.0,6.8,14.0,21.0,4.6,13.5,5.4,57.9,0.0,0,0.0,,0,0,28.8,23.2,268.2,1017.5,9.3,16.0,187.7,16.2,8,10,2022-09-24T06:52:08,2022-09-24T18:56:31,0.99,Clear,Clear conditions throughout the day.,clear-day,"72418013781,72408013739,72405713701,99999903761,KILG,KPHL,72040800136,DE037,DE001",525
138,"Bear, DE, United States",2022-09-25,24.2,14.9,17.9,24.2,14.9,17.9,13.5,76.2,9.0,100,33.33,rain,0,0,64.8,35.2,191.8,1007.8,54.4,16.0,123.4,10.8,7,10,2022-09-25T06:53:05,2022-09-25T18:54:53,1.0,"Rain, Partially cloudy",Partly cloudy throughout the day with rain.,rain,"72418013781,72408013739,99999903761,KILG,KPHL,72040800136,DE037",525
139,"Bear, DE, United States",2022-09-26,24.8,14.9,19.5,24.8,14.9,19.5,11.4,62.8,0.02,100,4.17,rain,0,0,40.7,23.4,253.9,1007.0,42.0,16.0,220.3,19.1,8,10,2022-09-26T06:54:02,2022-09-26T18:53:15,0.0,"Rain, Partially cloudy",Becoming cloudy in the afternoon with morning rain.,rain,"72418013781,72408013739,72405713701,99999903761,KILG,KPHL,72040800136,DE037",525
140,"Bear, DE, United States",2022-09-27,22.1,12.9,17.5,22.1,12.9,17.5,6.9,51.4,0.0,0,0.0,,0,0,46.4,28.4,259.5,1012.5,22.2,16.0,175.9,15.2,8,10,2022-09-27T06:54:59,2022-09-27T18:51:37,0.01,Partially cloudy,Becoming cloudy in the afternoon.,partly-cloudy-day,"72418013781,72408013739,72405713701,99999903761,KILG,KPHL,72040800136,DE037",525
141,"Bear, DE, United States",2022-09-28,21.5,8.3,14.7,21.5,6.8,14.5,7.9,65.4,0.0,0,0.0,,0,0,29.5,23.6,298.5,1020.8,16.8,16.0,199.4,17.1,8,10,2022-09-28T06:55:56,2022-09-28T18:49:59,0.04,Clear,Clear conditions throughout the day.,clear-day,"72418013781,72408013739,72405713701,99999903761,KILG,KPHL,72040800136,DE037",525
142,"Bear, DE, United States",2022-09-29,21.1,11.8,15.9,21.1,11.8,15.9,7.9,60.8,0.0,0,0.0,,0,0,42.3,30.9,125.8,1026.9,2.9,16.0,221.8,19.2,8,10,2022-09-29T06:56:53,2022-09-29T18:48:22,0.07,Clear,Clear conditions throughout the day.,clear-day,"KDOV,72418013781,72408013739,99999903761,72407513735,KILG,KPHL,72040800136,KMIV,DE037,KAPG",525
143,"Bear, DE, United States",2022-09-30,18.5,11.9,14.9,18.5,11.9,14.9,8.7,67.1,1.3,100,8.33,rain,0,0,46.4,28.7,36.9,1023.8,36.9,18.1,97.7,8.7,4,10,2022-09-30T06:57:51,2022-09-30T18:46:45,0.12,"Rain, Partially cloudy",Partly cloudy throughout the day with late afternoon rain.,rain,"KDOV,KILG,KPHL,KMIV,DE037,KAPG",525
