,name,datetime,tempmax,tempmin,temp,feelslikemax,feelslikemin,feelslike,dew,humidity,precip,precipprob,precipcover,preciptype,snow,snowdepth,windgust,windspeed,winddir,sealevelpressure,cloudcover,visibility,solarradiation,solarenergy,uvindex,severerisk,sunrise,sunset,moonphase,conditions,description,icon,stations,skey
0,"Wilmington, DE, United States",2022-05-10,22.8,11.1,17.1,22.8,11.1,17.1,-3.5,24.7,0.0,0,0.0,,0,0,49.8,33.0,51.8,1025.7,24.7,16.0,351.5,30.2,10,10,2022-05-10T05:52:29,2022-05-10T20:05:23,0.32,Partially cloudy,Partly cloudy throughout the day.,partly-cloudy-day,"72418013781,72408013739,99999903761,KILG,KPHL,DE005,72040800136,DE002",526
1,"Wilmington, DE, United States",2022-05-11,22.1,10.1,17.0,22.1,10.1,17.0,5.2,46.7,0.0,0,0.0,,0,0,49.7,33.1,55.7,1024.5,39.4,16.0,262.0,22.5,8,10,2022-05-11T05:51:28,2022-05-11T20:06:21,0.37,Partially cloudy,Partly cloudy throughout the day.,partly-cloudy-day,"72510954782,72418013781,72408013739,99999903761,KILG,KPHL,DE005,72040800136,DE002",526
2,"Wilmington, DE, United States",2022-05-12,23.8,12.9,18.7,23.8,12.9,18.7,13.6,72.7,0.0,0,0.0,,0,0,33.5,22.7,59.0,1024.5,62.0,16.0,239.5,20.8,9,10,2022-05-12T05:50:28,2022-05-12T20:07:18,0.41,Partially cloudy,Partly cloudy throughout the day.,partly-cloudy-day,"72418013781,72408013739,99999903761,KILG,KPHL,DE005,72040800136,DE002",526
3,"Wilmington, DE, United States",2022-05-13,23.6,16.6,18.8,23.6,16.6,18.8,17.2,90.2,3.21,100,33.33,rain,0,0,33.5,20.9,87.8,1023.1,90.3,9.7,124.0,10.7,6,30,2022-05-13T05:49:29,2022-05-13T20:08:15,0.45,"Rain, Overcast",Cloudy skies throughout the day with a chance of rain throughout the day.,rain,"72418013781,72408013739,99999903761,KILG,KPHL,DE005,72040800136,DE002",526
4,"Wilmington, DE, United States",2022-05-14,20.7,17.3,18.8,20.7,17.3,18.8,17.9,94.7,4.83,100,50.0,rain,0,0,16.2,10.9,102.5,1017.8,76.5,5.5,69.1,6.1,2,10,2022-05-14T05:48:32,2022-05-14T20:09:12,0.48,"Rain, Partially cloudy",Partly cloudy throughout the day with rain.,rain,"72418013781,72408013739,99999903761,KILG,KPHL,DE005,72040800136",526
5,"Wilmington, DE, United States",2022-05-15,25.6,16.3,20.1,25.6,16.3,20.1,17.2,84.6,0.0,0,0.0,rain,0,0,37.1,19.0,187.5,1012.3,62.1,10.0,206.3,17.9,6,30,2022-05-15T05:47:37,2022-05-15T20:10:08,0.5,Partially cloudy,Partly cloudy throughout the day.,partly-cloudy-day,"72418013781,72408013739,99999903761,KILG,KPHL,DE005,72040800136,DE002",526
6,"Wilmington, DE, United States",2022-05-16,25.7,15.9,20.3,25.7,15.9,20.3,16.1,78.7,0.29,100,20.83,rain,0,0,50.3,24.3,219.4,1006.2,44.4,13.0,214.5,18.5,7,75,2022-05-16T05:46:43,2022-05-16T20:11:03,0.5,"Rain, Partially cloudy",Partly cloudy throughout the day with rain.,rain,"72418013781,72408013739,99999903761,KILG,KPHL,DE005,72040800136,DE002",526
7,"Wilmington, DE, United States",2022-05-17,27.2,12.9,20.1,26.5,12.9,20.1,8.0,49.4,0.0,0,0.0,,0,0,50.7,30.0,272.6,1009.7,18.9,16.0,292.3,25.3,10,10,2022-05-17T05:45:51,2022-05-17T20:11:58,0.52,Clear,Clear conditions throughout the day.,clear-day,"72418013781,72408013739,99999903761,KILG,KPHL,DE005,72040800136,DE002",526
8,"Wilmington, DE, United States",2022-05-18,22.2,10.1,17.4,22.2,10.1,17.4,6.7,50.8,0.0,0,0.0,rain,0,0,26.3,17.8,262.1,1015.1,21.4,16.0,329.7,28.6,10,10,2022-05-18T05:45:01,2022-05-18T20:12:53,0.54,Partially cloudy,Partly cloudy throughout the day.,partly-cloudy-day,"72418013781,72408013739,99999903761,KILG,KPHL,DE005,72040800136,DE002",526
9,"Wilmington, DE, United States",2022-05-19,26.6,13.8,19.5,26.6,13.8,19.5,14.5,74.6,10.67,100,33.33,rain,0,0,33.8,18.3,210.2,1008.1,70.2,15.0,194.1,16.6,9,60,2022-05-19T05:44:12,2022-05-19T20:13:47,0.58,"Rain, Partially cloudy",Partly cloudy throughout the day with rain clearing later.,rain,"72418013781,72408013739,99999903761,KILG,KPHL,DE005,72040800136",526
10,"Wilmington, DE, United States",2022-05-20,28.9,15.0,22.1,29.6,15.0,22.3,17.6,76.8,0.13,100,8.33,rain,0,0,42.5,27.2,109.2,1011.8,19.6,15.6,237.8,20.5,9,100,2022-05-20T05:43:25,2022-05-20T20:14:40,0.63,Rain,Clear conditions throughout the day with afternoon rain.,rain,"72418013781,72408013739,99999903761,KILG,KPHL,DE005,72040800136,DE002",526
11,"Wilmington, DE, United States",2022-05-21,33.4,19.8,26.7,36.2,19.8,27.8,20.0,69.4,0.0,0,0.0,rain,0,0,29.5,18.3,131.6,1015.7,4.3,13.2,334.4,28.9,9,100,2022-05-21T05:42:40,2022-05-21T20:15:32,0.68,Clear,Clear conditions throughout the day.,clear-day,"72418013781,72408013739,99999903761,KILG,KPHL,DE005,72040800136",526
12,"Wilmington, DE, United States",2022-05-22,31.2,21.7,26.0,34.4,21.7,26.8,20.0,70.4,1.08,100,25.0,rain,0,0,58.4,23.5,224.4,1016.7,25.9,15.7,290.5,25.2,10,100,2022-05-22T05:41:56,2022-05-22T20:16:24,0.74,"Rain, Partially cloudy",Clearing in the afternoon with late afternoon rain.,rain,"72418013781,72408013739,99999903761,KILG,KPHL,DE005,72040800136,DE002",526
13,"Wilmington, DE, United States",2022-05-23,24.4,15.6,20.4,24.4,15.6,20.4,11.4,58.2,2.67,100,8.33,rain,0,0,49.3,22.5,222.9,1021.7,41.8,15.5,306.3,26.3,10,10,2022-05-23T05:41:14,2022-05-23T20:17:16,0.79,"Rain, Partially cloudy",Partly cloudy throughout the day with early morning rain.,rain,"72510954782,72418013781,72408013739,99999903761,KILG,KPHL,DE005,72040800136,DE002",526
14,"Wilmington, DE, United States",2022-05-24,20.1,16.1,17.7,20.1,16.1,17.7,11.1,66.6,0.27,100,4.17,rain,0,0,25.2,16.9,130.3,1024.4,94.1,15.8,177.2,15.3,7,10,2022-05-24T05:40:34,2022-05-24T20:18:06,0.85,"Rain, Overcast",Cloudy skies throughout the day with early morning rain.,rain,"72418013781,72408013739,99999903761,KILG,KPHL,DE005,72040800136,DE002",526
15,"Wilmington, DE, United States",2022-05-25,23.4,13.2,18.0,23.4,13.2,18.0,8.7,56.2,0.0,0,0.0,,0,0,31.7,20.2,91.5,1027.2,56.8,16.0,315.6,27.3,10,10,2022-05-25T05:39:56,2022-05-25T20:18:56,0.89,Partially cloudy,Partly cloudy throughout the day.,partly-cloudy-day,"72418013781,72408013739,99999903761,KILG,KPHL,DE005,72040800136,DE002",526
16,"Wilmington, DE, United States",2022-05-26,22.2,12.8,17.6,22.2,12.8,17.6,13.0,75.2,1.17,100,8.33,rain,0,0,23.4,25.1,136.5,1024.0,87.3,14.0,157.7,13.6,6,10,2022-05-26T05:39:19,2022-05-26T20:19:44,0.93,"Rain, Partially cloudy",Partly cloudy throughout the day with late afternoon rain.,rain,"72418013781,72408013739,99999903761,KILG,KPHL,DE005,72040800136,DE002",526
17,"Wilmington, DE, United States",2022-05-27,24.4,18.4,20.3,24.4,18.4,20.3,18.8,91.3,4.23,100,20.83,rain,0,0,57.2,24.3,168.5,1013.1,83.3,9.6,96.7,8.4,5,30,2022-05-27T05:38:44,2022-05-27T20:20:32,0.96,"Rain, Partially cloudy",Partly cloudy throughout the day with rain.,rain,"72418013781,72408013739,99999903761,KILG,KPHL,DE005,72040800136,DE002",526
18,"Wilmington, DE, United States",2022-05-28,25.5,18.3,21.6,25.5,18.3,21.6,16.1,73.2,6.3,100,25.0,rain,0,0,55.4,28.8,270.3,1008.6,60.9,15.9,283.4,24.2,10,30,2022-05-28T05:38:11,2022-05-28T20:21:19,0.99,"Rain, Partially cloudy",Partly cloudy throughout the day with a chance of rain throughout the day.,rain,"72418013781,72408013739,99999903761,KILG,KPHL,DE005,72040800136,DE035,DE002",526
19,"Wilmington, DE, United States",2022-05-29,26.7,16.7,22.2,27.0,16.7,22.2,14.1,61.9,0.0,0,0.0,,0,0,20.5,17.7,201.7,1017.2,20.5,16.0,298.7,26.0,9,10,2022-05-29T05:37:40,2022-05-29T20:22:05,1.0,Partially cloudy,Partly cloudy throughout the day.,partly-cloudy-day,"72510954782,72418013781,72408013739,99999903761,72030464752,KILG,KPHL,DE005,72040800136,DE035,DE002",526
20,"Wilmington, DE, United States",2022-05-30,31.1,17.2,24.0,32.1,17.2,24.4,18.1,71.8,0.0,0,0.0,,0,0,27.7,23.2,194.6,1019.3,2.3,15.7,350.4,30.5,10,60,2022-05-30T05:37:11,2022-05-30T20:22:50,0.0,Clear,Clear conditions throughout the day.,clear-day,"72418013781,72408013739,99999903761,KILG,KPHL,DE005,72040800136,DE002",526
21,"Wilmington, DE, United States",2022-05-31,34.3,21.0,28.1,34.9,21.0,28.6,18.3,59.2,0.0,0,0.0,,0,0,31.7,23.9,282.8,1016.0,2.9,15.9,351.1,30.5,10,60,2022-05-31T05:36:44,2022-05-31T20:23:34,0.0,Clear,Clear conditions throughout the day.,clear-day,"72418013781,72408013739,99999903761,KILG,KPHL,DE005,72040800136,DE002,DE035",526
22,"Wilmington, DE, United States",2022-06-01,28.9,21.0,24.8,31.7,21.0,25.2,19.5,72.8,0.0,0,0.0,rain,0,0,33.5,24.9,156.6,1012.4,24.9,15.8,321.8,27.8,9,75,2022-06-01T05:36:18,2022-06-01T20:24:17,0.02,Partially cloudy,Becoming cloudy in the afternoon.,partly-cloudy-day,"72418013781,72408013739,99999903761,KILG,KPHL,DE005,72040800136,DE002",526
23,"Wilmington, DE, United States",2022-06-02,29.3,18.3,22.7,30.6,18.3,23.1,18.7,79.4,26.5,100,12.5,rain,0,0,35.3,21.4,187.1,1008.0,81.9,14.2,230.6,20.0,9,60,2022-06-02T05:35:55,2022-06-02T20:24:58,0.04,"Rain, Partially cloudy",Partly cloudy throughout the day with late afternoon rain.,rain,"72418013781,72408013739,99999903761,KILG,KPHL,DE005,72040800136",526
24,"Wilmington, DE, United States",2022-06-03,26.5,18.8,22.7,26.5,18.8,22.7,14.8,65.8,0.0,0,0.0,,0,0,28.4,23.7,321.5,1008.5,20.9,14.3,244.2,21.1,8,10,2022-06-03T05:35:33,2022-06-03T20:25:39,0.07,Partially cloudy,Partly cloudy throughout the day.,partly-cloudy-day,"72418013781,72408013739,99999903761,KILG,KPHL,DE005,72040800136,DE002",526
25,"Wilmington, DE, United States",2022-06-04,29.3,15.1,22.8,28.0,15.1,22.4,9.6,47.7,0.0,0,0.0,,0,0,37.1,20.5,321.8,1012.0,3.0,16.0,366.7,31.6,10,10,2022-06-04T05:35:14,2022-06-04T20:26:18,0.11,Clear,Clear conditions throughout the day.,clear-day,"72418013781,72408013739,99999903761,KILG,KPHL,DE005,72040800136,DE002",526
26,"Wilmington, DE, United States",2022-06-05,25.6,15.3,20.6,25.6,15.3,20.6,7.2,43.3,0.0,0,0.0,,0,0,38.6,26.8,127.2,1015.3,2.0,16.0,369.1,31.9,10,10,2022-06-05T05:34:56,2022-06-05T20:26:56,0.14,Clear,Clear conditions throughout the day.,clear-day,"72418013781,72408013739,99999903761,KILG,KPHL,DE005,72040800136,DE035",526
27,"Wilmington, DE, United States",2022-06-06,26.2,12.7,20.6,26.2,12.7,20.6,9.5,52.2,0.0,0,0.0,,0,0,35.6,27.0,206.9,1017.5,1.1,16.0,361.9,31.3,10,10,2022-06-06T05:34:40,2022-06-06T20:27:32,0.19,Clear,Clear conditions throughout the day.,clear-day,"72418013781,72408013739,99999903761,KILG,KPHL,DE005,72040800136,DE002,DE035",526
28,"Wilmington, DE, United States",2022-06-07,25.6,16.5,21.5,25.6,16.5,21.5,15.5,69.0,0.97,100,25.0,rain,0,0,47.3,32.6,163.4,1015.9,52.0,15.6,221.8,19.1,8,10,2022-06-07T05:34:26,2022-06-07T20:28:08,0.24,"Rain, Partially cloudy",Partly cloudy throughout the day with rain.,rain,"72418013781,72408013739,99999903761,KILG,KPHL,DE005,72040800136,DE002",526
29,"Wilmington, DE, United States",2022-06-08,29.3,20.0,24.5,30.2,20.0,24.9,19.0,73.4,2.47,100,12.5,rain,0,0,38.9,18.3,220.9,1011.8,57.4,14.9,288.8,25.0,10,30,2022-06-08T05:34:14,2022-06-08T20:28:42,0.29,"Rain, Partially cloudy",Partly cloudy throughout the day with rain.,rain,"72418013781,72408013739,99999903761,KILG,KPHL,DE005,72040800136,DE002,DE035",526
30,"Wilmington, DE, United States",2022-06-09,27.8,19.0,23.9,28.0,19.0,23.9,16.7,67.5,35.63,100,29.17,rain,0,0,59.0,38.5,249.8,1006.1,54.5,14.6,327.2,28.3,10,30,2022-06-09T05:34:04,2022-06-09T20:29:14,0.35,"Rain, Partially cloudy",Partly cloudy throughout the day with rain clearing later.,rain,"72418013781,72408013739,99999903761,KILG,KPHL,DE005,72040800136,DE002,DE035",526
31,"Wilmington, DE, United States",2022-06-10,27.1,14.4,21.5,26.9,14.4,21.5,11.2,54.0,0.0,0,0.0,,0,0,33.5,22.1,288.0,1011.8,14.1,16.0,329.2,28.6,10,10,2022-06-10T05:33:56,2022-06-10T20:29:45,0.39,Clear,Clear conditions throughout the day.,clear-day,"72418013781,72408013739,99999903761,KILG,KPHL,DE005,72040800136,DE002,DE035",526
32,"Wilmington, DE, United States",2022-06-11,21.8,16.9,20.1,21.8,16.9,20.1,14.3,69.7,0.26,100,8.33,rain,0,0,20.2,12.7,263.0,1013.8,54.7,16.0,124.1,10.6,4,10,2022-06-11T05:33:49,2022-06-11T20:30:15,0.44,"Rain, Partially cloudy",Partly cloudy throughout the day with afternoon rain.,rain,"72510954782,72418013781,72408013739,99999903761,KILG,KPHL,DE005,72040800136,DE002",526
33,"Wilmington, DE, United States",2022-06-12,25.7,17.7,21.2,25.7,17.7,21.2,18.3,84.0,7.91,100,29.17,rain,0,0,25.6,25.1,114.8,1014.0,80.7,14.9,172.1,14.9,10,60,2022-06-12T05:33:45,2022-06-12T20:30:43,0.47,"Rain, Partially cloudy",Partly cloudy throughout the day with rain clearing later.,rain,"72418013781,72408013739,99999903761,KILG,KPHL,DE005,72040800136",526
34,"Wilmington, DE, United States",2022-06-13,31.6,20.6,25.9,34.2,20.6,27.0,20.4,73.4,0.28,100,8.33,rain,0,0,29.2,16.7,226.2,1013.0,34.4,15.7,275.4,23.7,10,75,2022-06-13T05:33:43,2022-06-13T20:31:09,0.49,"Rain, Partially cloudy",Partly cloudy throughout the day with morning rain.,rain,"72418013781,72408013739,99999903761,KILG,KPHL,DE005,72040800136,DE002",526
35,"Wilmington, DE, United States",2022-06-14,28.7,18.1,24.3,29.1,18.1,24.4,16.5,63.2,3.16,100,8.33,rain,0,0,49.2,15.5,122.9,1012.9,16.1,15.1,254.2,21.9,9,30,2022-06-14T05:33:42,2022-06-14T20:31:34,0.5,Rain,Clear conditions throughout the day with morning rain.,rain,"72510954782,72418013781,72408013739,99999903761,KILG,KPHL,DE005,72040800136,DE002",526
36,"Wilmington, DE, United States",2022-06-15,29.4,17.8,24.1,29.6,17.8,24.2,17.0,67.4,0.0,0,0.0,,0,0,31.7,27.0,139.0,1018.0,11.8,15.9,350.2,30.3,10,10,2022-06-15T05:33:43,2022-06-15T20:31:57,0.51,Clear,Clear conditions throughout the day.,clear-day,"72418013781,72408013739,99999903761,KILG,KPHL,DE005,72040800136,DE002,DE035",526
37,"Wilmington, DE, United States",2022-06-16,25.0,19.4,22.0,25.0,19.4,22.0,18.5,80.3,9.74,100,29.17,rain,0,0,42.5,28.7,150.8,1019.3,88.1,15.3,157.0,13.6,9,10,2022-06-16T05:33:46,2022-06-16T20:32:19,0.53,"Rain, Partially cloudy",Partly cloudy throughout the day with rain clearing later.,rain,"72418013781,72408013739,99999903761,KILG,KPHL,DE005,72040800136,DE002",526
38,"Wilmington, DE, United States",2022-06-17,34.9,21.3,27.6,36.6,21.3,28.3,18.5,62.1,0.01,100,4.17,rain,0,0,53.0,31.2,244.5,1007.8,17.5,15.4,318.4,27.5,9,100,2022-06-17T05:33:51,2022-06-17T20:32:39,0.57,Rain,Clear conditions throughout the day with early morning rain.,rain,"72418013781,72408013739,99999903761,KILG,KPHL,DE005,72040800136,DE002",526
39,"Wilmington, DE, United States",2022-06-18,24.4,16.7,21.2,24.4,16.7,21.2,9.9,49.1,0.0,0,0.0,,0,0,53.9,34.4,276.3,1008.5,36.6,16.0,274.5,23.8,9,10,2022-06-18T05:33:58,2022-06-18T20:32:57,0.62,Partially cloudy,Partly cloudy throughout the day.,partly-cloudy-day,"72418013781,72408013739,99999903761,KILG,KPHL,DE005,72040800136,DE002,DE035",526
40,"Wilmington, DE, United States",2022-06-19,24.9,12.9,18.6,24.9,12.9,18.6,4.5,41.1,0.0,0,0.0,,0,0,51.4,39.7,314.3,1016.4,1.6,16.0,380.8,32.8,10,10,2022-06-19T05:34:07,2022-06-19T20:33:13,0.67,Clear,Clear conditions throughout the day.,clear-day,"72418013781,72408013739,99999903761,KILG,KPHL,DE005,72040800136,DE002",526
41,"Wilmington, DE, United States",2022-06-20,27.8,10.2,20.1,26.6,10.2,20.1,6.2,42.7,0.0,0,0.0,,0,0,31.7,21.6,291.6,1021.0,3.6,16.0,360.8,31.5,10,10,2022-06-20T05:34:17,2022-06-20T20:33:28,0.72,Clear,Clear conditions throughout the day.,clear-day,"72418013781,72408013739,99999903761,KILG,KPHL,DE005,72040800136,DE002,DE035",526
42,"Wilmington, DE, United States",2022-06-21,26.7,16.1,21.7,27.1,16.1,21.8,13.2,59.5,0.02,100,4.17,rain,0,0,14.0,16.0,260.5,1020.0,26.2,16.0,234.6,20.2,9,10,2022-06-21T05:34:30,2022-06-21T20:33:41,0.77,"Rain, Partially cloudy",Partly cloudy throughout the day with afternoon rain.,rain,"72418013781,72408013739,99999903761,KILG,KPHL,DE005,72040800136,DE002",526
43,"Wilmington, DE, United States",2022-06-22,25.5,18.7,21.5,25.5,18.7,21.5,16.9,75.5,1.07,100,20.83,rain,0,0,38.9,26.7,121.3,1014.9,63.7,15.9,197.1,17.0,9,10,2022-06-22T05:34:43,2022-06-22T20:33:52,0.82,"Rain, Partially cloudy",Partly cloudy throughout the day with late afternoon rain.,rain,"72418013781,72408013739,99999903761,KILG,KPHL,DE005,72040800136,DE002",526
44,"Wilmington, DE, United States",2022-06-23,22.2,18.2,19.4,22.2,18.2,19.4,16.7,85.0,9.14,100,58.33,rain,0,0,31.7,15.4,109.6,1014.4,93.2,13.7,75.0,6.5,3,10,2022-06-23T05:34:59,2022-06-23T20:34:01,0.87,"Rain, Overcast",Cloudy skies throughout the day with a chance of rain throughout the day.,rain,"72510954782,72418013781,72408013739,99999903761,KILG,KPHL,DE005,72040800136,DE002",526
45,"Wilmington, DE, United States",2022-06-24,27.2,15.1,21.4,28.1,15.1,21.4,16.8,76.9,0.0,0,0.0,,0,0,16.9,12.9,212.0,1017.3,45.9,15.6,275.6,23.8,10,30,2022-06-24T05:35:16,2022-06-24T20:34:08,0.91,Partially cloudy,Partly cloudy throughout the day.,partly-cloudy-day,"72418013781,72408013739,99999903761,KILG,KPHL,DE005,72040800136,DE002,DE035",526
46,"Wilmington, DE, United States",2022-06-25,31.2,18.4,25.0,32.2,18.4,25.5,18.7,70.6,0.0,0,0.0,,0,0,37.1,17.9,240.3,1019.7,8.6,15.4,337.9,29.3,10,60,2022-06-25T05:35:35,2022-06-25T20:34:13,0.95,Clear,Clear conditions throughout the day.,clear-day,"72418013781,72408013739,99999903761,KILG,KPHL,DE005,72040800136,DE035",526
47,"Wilmington, DE, United States",2022-06-26,30.1,19.5,25.5,31.3,19.5,26.1,18.3,66.3,0.0,0,0.0,,0,0,40.7,27.3,216.5,1018.9,20.5,15.9,307.1,26.5,9,10,2022-06-26T05:35:56,2022-06-26T20:34:17,0.97,Partially cloudy,Partly cloudy throughout the day.,partly-cloudy-day,"72418013781,72408013739,99999903761,KILG,KPHL,DE005,72040800136,DE035",526
48,"Wilmington, DE, United States",2022-06-27,26.7,21.7,24.4,26.7,21.7,24.4,20.1,77.2,2.15,100,16.67,rain,0,0,39.6,16.6,240.0,1015.2,62.3,15.4,104.3,8.9,4,60,2022-06-27T05:36:18,2022-06-27T20:34:19,0.99,"Rain, Partially cloudy",Partly cloudy throughout the day with afternoon rain.,rain,"72418013781,72408013739,99999903761,KILG,KPHL,DE005,72040800136,DE002",526
49,"Wilmington, DE, United States",2022-06-28,26.1,16.7,22.3,26.1,16.7,22.3,11.1,50.2,1.21,100,4.17,rain,0,0,40.0,21.1,320.9,1021.0,8.1,16.0,363.3,31.4,10,10,2022-06-28T05:36:42,2022-06-28T20:34:18,1.0,Rain,Clear conditions throughout the day with morning rain.,rain,"72418013781,72408013739,99999903761,KILG,KPHL,DE005,72040800136,DE002",526
50,"Wilmington, DE, United States",2022-06-29,29.4,17.1,23.5,29.2,17.1,23.5,15.3,62.4,0.0,0,0.0,,0,0,33.5,23.2,206.7,1023.2,6.4,16.0,356.3,30.6,10,30,2022-06-29T05:37:08,2022-06-29T20:34:16,0.0,Clear,Clear conditions throughout the day.,clear-day,"72418013781,72408013739,99999903761,KILG,KPHL,DE005,72040800136,DE002",526
51,"Wilmington, DE, United States",2022-06-30,32.1,18.8,26.1,31.1,18.8,25.8,15.7,58.0,0.0,0,0.0,,0,0,31.7,16.0,254.3,1022.2,2.6,15.9,353.2,30.6,10,30,2022-06-30T05:37:34,2022-06-30T20:34:12,0.01,Clear,Clear conditions throughout the day.,clear-day,"72418013781,72408013739,99999903761,KILG,KPHL,DE005,72040800136,DE002",526
52,"Wilmington, DE, United States",2022-07-01,33.0,22.0,26.9,36.7,22.0,28.4,21.2,72.6,0.58,100,12.5,rain,0,0,42.5,27.6,218.5,1017.7,11.2,15.7,255.0,22.0,10,100,2022-07-01T05:38:03,2022-07-01T20:34:06,0.03,Rain,Clear conditions throughout the day with rain.,rain,"72418013781,72408013739,99999903761,KILG,KPHL,DE005,72040800136,DE002",526
53,"Wilmington, DE, United States",2022-07-02,31.7,22.1,26.6,35.6,22.1,27.9,21.9,76.6,16.0,100,29.17,rain,0,0,50.0,32.1,226.6,1013.9,36.6,14.7,230.5,19.8,10,75,2022-07-02T05:38:32,2022-07-02T20:33:57,0.05,"Rain, Partially cloudy",Partly cloudy throughout the day with rain.,rain,"72418013781,72408013739,99999903761,KILG,KPHL,DE005,72040800136,DE002",526
54,"Wilmington, DE, United States",2022-07-03,31.6,22.2,25.9,31.4,22.2,25.8,18.2,67.2,1.12,100,16.67,rain,0,0,29.5,20.0,257.6,1016.3,25.9,16.0,296.6,25.5,10,30,2022-07-03T05:39:04,2022-07-03T20:33:47,0.08,"Rain, Partially cloudy",Clearing in the afternoon with rain clearing later.,rain,"72418013781,72408013739,99999903761,KILG,KPHL,DE005,72040800136,DE002",526
55,"Wilmington, DE, United States",2022-07-04,30.0,18.3,24.8,28.9,18.3,24.4,12.1,47.9,0.0,0,0.0,,0,0,31.7,16.4,205.0,1020.9,6.5,15.7,365.1,31.4,10,10,2022-07-04T05:39:36,2022-07-04T20:33:35,0.12,Clear,Clear conditions throughout the day.,clear-day,"72418013781,72408013739,99999903761,KILG,KPHL,DE005,72040800136,DE002",526
56,"Wilmington, DE, United States",2022-07-05,29.0,20.6,24.2,30.8,20.6,24.7,18.9,73.2,1.04,100,12.5,rain,0,0,40.7,32.0,236.0,1016.4,51.4,15.8,190.4,16.5,9,10,2022-07-05T05:40:10,2022-07-05T20:33:21,0.17,"Rain, Partially cloudy",Partly cloudy throughout the day with rain.,rain,"72418013781,72408013739,99999903761,KILG,KPHL,DE005,72040800136,DE002",526
57,"Wilmington, DE, United States",2022-07-06,30.6,22.9,26.8,34.8,22.9,28.4,22.1,76.5,0.14,100,8.33,rain,0,0,34.6,18.2,266.2,1011.4,48.0,14.7,193.0,16.7,9,75,2022-07-06T05:40:45,2022-07-06T20:33:05,0.22,"Rain, Partially cloudy",Partly cloudy throughout the day with afternoon rain.,rain,"72418013781,72408013739,99999903761,KILG,KPHL,DE005,72040800136,DE002",526
58,"Wilmington, DE, United States",2022-07-07,28.2,21.0,24.3,30.2,21.0,24.5,20.4,79.7,19.47,100,33.33,rain,0,0,29.5,20.5,75.2,1014.6,79.8,14.1,215.4,18.6,9,10,2022-07-07T05:41:21,2022-07-07T20:32:48,0.27,"Rain, Partially cloudy",Partly cloudy throughout the day with rain clearing later.,rain,"72418013781,72408013739,99999903761,KILG,KPHL,DE005,72040800136,DE002",526
59,"Wilmington, DE, United States",2022-07-08,29.3,19.3,24.4,31.5,19.3,25.1,20.3,78.5,0.0,0,0.0,rain,0,0,21.2,17.0,173.8,1016.1,27.4,16.0,327.5,28.4,10,30,2022-07-08T05:41:59,2022-07-08T20:32:28,0.33,Partially cloudy,Partly cloudy throughout the day.,partly-cloudy-day,"72418013781,72408013739,99999903761,KILG,KPHL,DE005,72040800136,DE002",526
60,"Wilmington, DE, United States",2022-07-09,24.9,20.0,22.8,24.9,20.0,22.8,20.1,85.2,12.3,100,54.17,rain,0,0,27.4,20.2,113.0,1016.6,70.0,14.6,72.8,6.2,2,30,2022-07-09T05:42:38,2022-07-09T20:32:06,0.38,"Rain, Partially cloudy",Partly cloudy throughout the day with a chance of rain throughout the day.,rain,"72418013781,72408013739,99999903761,KILG,KPHL,DE005,72040800136,DE002",526
61,"Wilmington, DE, United States",2022-07-10,27.2,18.8,22.8,27.6,18.8,22.9,16.8,71.3,0.0,0,0.0,rain,0,0,24.1,22.2,175.5,1017.6,9.2,13.8,278.5,24.1,9,10,2022-07-10T05:43:18,2022-07-10T20:31:42,0.42,Clear,Clear conditions throughout the day.,clear-day,"72418013781,72408013739,99999903761,KILG,KPHL,DE005,72040800136,DE002",526
62,"Wilmington, DE, United States",2022-07-11,27.8,16.2,22.9,27.9,16.2,22.9,15.1,64.5,0.0,0,0.0,rain,0,0,28.4,24.0,177.5,1014.8,1.0,16.0,353.5,30.5,10,10,2022-07-11T05:43:59,2022-07-11T20:31:16,0.46,Clear,Clear conditions throughout the day.,clear-day,"72418013781,72408013739,99999903761,KILG,KPHL,DE005,72040800136,DE002",526
63,"Wilmington, DE, United States",2022-07-12,32.1,19.8,24.9,35.2,19.8,25.7,19.9,75.2,0.7,100,4.17,rain,0,0,63.9,46.0,213.3,1009.6,10.6,15.7,293.0,25.2,9,60,2022-07-12T05:44:40,2022-07-12T20:30:49,0.49,Rain,Clear conditions throughout the day with late afternoon rain.,rain,"72418013781,72408013739,99999903761,KILG,KPHL,DE005,72040800136,DE002",526
64,"Wilmington, DE, United States",2022-07-13,31.1,20.7,26.6,32.3,20.7,27.2,19.1,65.7,0.0,0,0.0,rain,0,0,28.4,15.7,236.0,1012.0,15.9,16.0,318.8,27.8,10,30,2022-07-13T05:45:23,2022-07-13T20:30:19,0.5,Clear,Clear conditions throughout the day.,clear-day,"72418013781,72408013739,99999903761,KILG,KPHL,DE005,72040800136,DE002",526
65,"Wilmington, DE, United States",2022-07-14,31.6,22.3,27.4,32.2,22.3,27.8,18.8,61.3,0.0,0,0.0,,0,0,29.5,17.5,297.0,1014.8,19.9,16.0,328.4,28.3,10,60,2022-07-14T05:46:07,2022-07-14T20:29:48,0.51,Clear,Clear conditions throughout the day.,clear-day,"72418013781,72408013739,99999903761,KILG,KPHL,DE005,72040800136,DE002",526
66,"Wilmington, DE, United States",2022-07-15,31.0,21.1,25.7,31.5,21.1,26.0,18.1,64.5,0.0,0,0.0,,0,0,24.8,22.2,137.3,1019.4,14.1,16.0,307.9,26.6,10,30,2022-07-15T05:46:52,2022-07-15T20:29:14,0.53,Clear,Clear conditions throughout the day.,clear-day,"72418013781,72408013739,99999903761,KILG,KPHL,DE005,72040800136",526
67,"Wilmington, DE, United States",2022-07-16,29.3,21.7,24.8,31.1,21.7,25.2,20.7,79.4,4.67,100,16.67,rain,0,0,31.0,16.7,120.6,1018.7,63.8,13.4,240.0,20.7,10,60,2022-07-16T05:47:38,2022-07-16T20:28:39,0.55,"Rain, Partially cloudy",Partly cloudy throughout the day with rain.,rain,"72418013781,72408013739,99999903761,KILG,KPHL,DE005,72040800136,DE002",526
68,"Wilmington, DE, United States",2022-07-17,27.9,20.7,24.9,30.4,20.7,25.7,21.5,82.1,0.4,100,8.33,rain,0,0,15.8,11.9,97.0,1016.7,58.9,13.7,223.9,19.2,8,75,2022-07-17T05:48:24,2022-07-17T20:28:02,0.6,"Rain, Partially cloudy",Partly cloudy throughout the day with early morning rain.,rain,"72418013781,72408013739,99999903761,KILG,KPHL,DE005,72040800136,DE002",526
69,"Wilmington, DE, United States",2022-07-18,32.1,23.4,27.2,37.3,23.4,29.0,23.0,79.0,7.2,100,33.33,rain,0,0,46.4,29.9,197.9,1012.4,38.6,15.2,216.9,18.9,9,75,2022-07-18T05:49:12,2022-07-18T20:27:23,0.65,"Rain, Partially cloudy",Partly cloudy throughout the day with rain.,rain,"72418013781,72408013739,99999903761,KILG,KPHL,DE005,72040800136,DE002",526
70,"Wilmington, DE, United States",2022-07-19,32.1,22.9,27.3,34.2,22.9,28.3,20.9,70.5,0.0,0,0.0,,0,0,48.1,22.9,261.0,1010.3,12.9,16.0,305.0,26.4,10,30,2022-07-19T05:50:00,2022-07-19T20:26:43,0.7,Clear,Clear conditions throughout the day.,clear-day,"72418013781,72408013739,99999903761,KILG,KPHL,DE005,72040800136,DE002",526
71,"Wilmington, DE, United States",2022-07-20,33.3,22.8,28.6,36.5,22.8,30.1,20.8,65.0,0.0,0,0.0,,0,0,31.7,19.5,245.2,1009.0,7.7,16.0,336.9,29.2,10,60,2022-07-20T05:50:49,2022-07-20T20:26:00,0.75,Clear,Clear conditions throughout the day.,clear-day,"72418013781,72408013739,99999903761,KILG,KPHL,DE005,72040800136,DE002",526
72,"Wilmington, DE, United States",2022-07-21,33.8,24.9,29.6,40.0,24.9,32.6,22.5,67.3,0.0,0,0.0,,0,0,42.5,31.0,217.9,1005.9,14.1,16.0,276.1,23.9,9,100,2022-07-21T05:51:38,2022-07-21T20:25:16,0.8,Clear,Clear conditions throughout the day.,clear-day,"72418013781,72408013739,99999903761,KILG,KPHL,DE005,72040800136,DE002",526
73,"Wilmington, DE, United States",2022-07-22,33.8,23.8,29.4,35.0,23.8,30.4,20.3,61.3,0.0,0,0.0,,0,0,31.7,19.5,257.9,1012.1,6.2,16.0,332.7,28.7,10,30,2022-07-22T05:52:28,2022-07-22T20:24:30,0.85,Clear,Clear conditions throughout the day.,clear-day,"72418013781,72408013739,99999903761,KILG,KPHL,DE005,72040800136,DE002",526
74,"Wilmington, DE, United States",2022-07-23,34.3,24.3,29.8,36.3,24.3,31.4,20.6,60.3,0.0,0,0.0,,0,0,27.7,19.4,249.4,1016.3,6.5,15.9,332.5,28.8,10,100,2022-07-23T05:53:19,2022-07-23T20:23:42,0.89,Clear,Clear conditions throughout the day.,clear-day,"72418013781,72408013739,99999903761,KILG,KPHL,DE005,72040800136",526
75,"Wilmington, DE, United States",2022-07-24,34.9,23.3,29.3,38.1,23.3,31.0,20.3,60.4,0.0,0,0.0,,0,0,35.3,22.6,234.4,1016.4,5.1,16.0,326.4,28.2,10,75,2022-07-24T05:54:10,2022-07-24T20:22:52,0.93,Clear,Clear conditions throughout the day.,clear-day,"72418013781,72408013739,99999903761,KILG,KPHL,DE005,72040800136,DE002",526
76,"Wilmington, DE, United States",2022-07-25,32.0,26.2,28.7,38.2,26.2,32.4,23.3,72.9,0.17,100,4.17,rain,0,0,53.6,21.4,226.4,1012.9,20.0,15.9,173.1,14.9,7,100,2022-07-25T05:55:02,2022-07-25T20:22:01,0.96,Rain,Becoming cloudy in the afternoon with afternoon rain.,rain,"72418013781,72408013739,99999903761,KILG,KPHL,DE005,72040800136",526
77,"Wilmington, DE, United States",2022-07-26,27.1,23.2,24.8,27.7,23.2,24.8,18.2,67.9,0.0,0,0.0,,0,0,35.3,16.0,245.8,1016.0,28.2,16.0,118.9,10.3,4,10,2022-07-26T05:55:54,2022-07-26T20:21:08,0.98,Partially cloudy,Becoming cloudy in the afternoon.,partly-cloudy-day,"72418013781,72408013739,99999903761,KILG,KPHL,DE005,72040800136,DE002",526
78,"Wilmington, DE, United States",2022-07-27,30.4,22.7,26.0,32.6,22.7,27.0,20.2,71.1,0.0,0,0.0,rain,0,0,35.3,19.0,200.7,1014.1,66.1,16.0,218.9,18.8,10,60,2022-07-27T05:56:47,2022-07-27T20:20:14,1.0,Partially cloudy,Partly cloudy throughout the day.,partly-cloudy-day,"72418013781,72408013739,99999903761,KILG,KPHL,DE005,72040800136",526
79,"Wilmington, DE, United States",2022-07-28,32.7,24.3,28.1,37.4,24.3,30.2,22.6,73.6,6.06,100,16.67,rain,0,0,55.4,39.1,248.6,1011.2,19.2,15.3,257.6,22.2,7,60,2022-07-28T05:57:40,2022-07-28T20:19:18,1.0,Rain,Clear conditions throughout the day with rain.,rain,"72418013781,72408013739,99999903761,KILG,KPHL,DE005,72040800136,DE002",526
80,"Wilmington, DE, United States",2022-07-29,29.2,21.7,25.2,32.1,21.7,26.0,20.9,77.7,0.44,100,16.67,rain,0,0,23.8,14.6,269.0,1013.3,38.5,16.0,126.9,10.9,6,30,2022-07-29T05:58:34,2022-07-29T20:18:20,0.0,"Rain, Partially cloudy",Becoming cloudy in the afternoon with rain.,rain,"72418013781,72408013739,99999903761,KILG,KPHL,DE005,72040800136",526
81,"Wilmington, DE, United States",2022-07-30,31.4,21.7,26.6,31.0,21.7,26.5,17.1,58.8,0.0,0,0.0,,0,0,33.5,20.2,302.8,1017.8,27.7,16.0,317.4,27.4,10,10,2022-07-30T05:59:27,2022-07-30T20:17:21,0.01,Partially cloudy,Becoming cloudy in the afternoon.,partly-cloudy-day,"72418013781,72408013739,99999903761,KILG,KPHL,DE005,72040800136,DE002",526
82,"Wilmington, DE, United States",2022-07-31,30.6,19.4,24.9,30.8,19.4,25.2,18.3,69.3,3.43,100,20.83,rain,0,0,16.2,13.8,197.8,1020.7,33.6,15.3,249.5,21.4,10,10,2022-07-31T06:00:22,2022-07-31T20:16:20,0.04,"Rain, Partially cloudy",Becoming cloudy in the afternoon with late afternoon rain.,rain,"72418013781,72408013739,99999903761,KILG,KPHL,DE005,72040800136,DE002",526
83,"Wilmington, DE, United States",2022-08-01,28.0,20.5,23.3,29.3,20.5,23.5,19.7,81.0,7.0,100,29.17,rain,0,0,23.4,14.2,234.1,1014.7,75.8,14.1,124.6,10.8,5,10,2022-08-01T06:01:16,2022-08-01T20:15:18,0.07,"Rain, Partially cloudy",Partly cloudy throughout the day with rain clearing later.,rain,"72510954782,72418013781,72408013739,99999903761,KILG,KPHL,DE005,72040800136",526
84,"Wilmington, DE, United States",2022-08-02,32.7,21.2,27.1,35.4,21.2,28.2,20.4,69.4,4.57,100,16.67,rain,0,0,35.3,21.6,243.3,1011.1,19.5,15.8,272.5,23.5,8,60,2022-08-02T06:02:11,2022-08-02T20:14:14,0.1,Rain,Clear conditions throughout the day with rain.,rain,"72418013781,72408013739,99999903761,KILG,KPHL,DE005,72040800136",526
85,"Wilmington, DE, United States",2022-08-03,32.6,21.7,27.4,34.1,21.7,28.1,18.3,59.4,0.0,0,0.0,,0,0,27.7,19.6,217.0,1015.5,10.9,16.0,312.2,27.1,9,10,2022-08-03T06:03:06,2022-08-03T20:13:09,0.14,Clear,Clear conditions throughout the day.,clear-day,"72418013781,72408013739,99999903761,KILG,KPHL,DE005,72040800136",526
86,"Wilmington, DE, United States",2022-08-04,34.3,22.8,27.7,40.0,22.8,30.3,21.8,71.5,6.39,100,16.67,rain,0,0,70.2,39.1,188.5,1017.8,10.4,15.7,262.0,22.6,8,75,2022-08-04T06:04:01,2022-08-04T20:12:02,0.2,Rain,Clear conditions throughout the day with late afternoon rain.,rain,"72418013781,72408013739,99999903761,KILG,KPHL,DE005,72040800136,DE002,DE035",526
87,"Wilmington, DE, United States",2022-08-05,31.1,22.2,26.3,35.8,22.2,28.1,22.2,78.8,0.49,100,8.33,rain,0,0,32.4,20.5,234.8,1020.9,24.5,16.0,200.8,17.3,8,100,2022-08-05T06:04:57,2022-08-05T20:10:54,0.25,"Rain, Partially cloudy",Clearing in the afternoon with rain.,rain,"72418013781,72408013739,99999903761,KILG,KPHL,DE005,72040800136",526
88,"Wilmington, DE, United States",2022-08-06,31.5,23.2,27.0,35.4,23.2,28.8,22.2,75.9,0.0,0,0.0,,0,0,39.0,25.8,208.5,1023.0,22.0,15.9,216.1,18.7,10,75,2022-08-06T06:05:53,2022-08-06T20:09:45,0.31,Partially cloudy,Partly cloudy throughout the day.,partly-cloudy-day,"72418013781,72408013739,99999903761,KILG,KPHL,DE005,72040800136,DE002",526
89,"Wilmington, DE, United States",2022-08-07,33.2,24.9,28.9,37.1,24.9,31.2,22.6,70.8,0.0,0,0.0,,0,0,42.5,23.5,206.4,1021.6,16.9,16.0,276.0,24.0,9,75,2022-08-07T06:06:49,2022-08-07T20:08:34,0.36,Clear,Clear conditions throughout the day.,clear-day,"72418013781,72408013739,99999903761,KILG,KPHL,DE005,72040800136,DE002",526
90,"Wilmington, DE, United States",2022-08-08,33.7,25.0,29.4,39.9,25.0,32.6,23.6,72.6,0.02,100,4.17,rain,0,0,37.0,23.2,214.3,1016.8,12.8,16.0,254.4,22.0,9,60,2022-08-08T06:07:44,2022-08-08T20:07:23,0.41,Rain,Clear conditions throughout the day with afternoon rain.,rain,"72418013781,72408013739,99999903761,KILG,KPHL,DE005,72040800136,DE002",526
91,"Wilmington, DE, United States",2022-08-09,35.5,26.0,30.0,42.2,26.0,34.1,24.0,71.8,1.46,100,16.67,rain,0,0,50.0,21.6,254.7,1014.4,23.9,16.0,277.0,24.1,9,100,2022-08-09T06:08:41,2022-08-09T20:06:09,0.45,"Rain, Partially cloudy",Becoming cloudy in the afternoon with late afternoon rain.,rain,"72418013781,72408013739,99999903761,KILG,KPHL,DE005,72040800136,DE002",526
92,"Wilmington, DE, United States",2022-08-10,31.9,23.8,27.9,35.3,23.8,29.6,22.3,73.5,7.52,100,8.33,rain,0,0,27.7,17.4,267.7,1016.5,35.6,15.9,252.9,21.9,8,30,2022-08-10T06:09:37,2022-08-10T20:04:55,0.48,"Rain, Partially cloudy",Becoming cloudy in the afternoon with rain clearing later.,rain,"72418013781,72408013739,99999903761,KILG,KPHL,DE005,72040800136",526
93,"Wilmington, DE, United States",2022-08-11,31.5,23.3,26.8,32.2,23.3,27.3,20.2,70.0,7.53,100,25.0,rain,0,0,29.5,19.6,272.5,1013.2,50.0,15.7,250.3,21.6,10,30,2022-08-11T06:10:33,2022-08-11T20:03:39,0.5,"Rain, Partially cloudy",Clearing in the afternoon with rain clearing later.,rain,"72418013781,72408013739,99999903761,KILG,KPHL,DE005,72040800136,DE002",526
94,"Wilmington, DE, United States",2022-08-12,29.2,21.6,25.2,28.4,21.6,25.0,12.7,46.9,0.0,0,0.0,rain,0,0,39.6,19.9,273.5,1015.6,15.5,16.0,285.8,24.6,9,10,2022-08-12T06:11:29,2022-08-12T20:02:22,0.5,Clear,Clear conditions throughout the day.,clear-day,"72418013781,72408013739,99999903761,KILG,KPHL,DE005,72040800136,DE002",526
95,"Wilmington, DE, United States",2022-08-13,28.6,16.2,22.7,27.5,16.2,22.5,9.3,44.7,0.0,0,0.0,,0,0,37.1,20.9,200.0,1019.1,1.8,16.0,322.8,27.8,10,10,2022-08-13T06:12:26,2022-08-13T20:01:04,0.52,Clear,Clear conditions throughout the day.,clear-day,"72418013781,72408013739,99999903761,KILG,KPHL,DE005,72040800136,DE002",526
96,"Wilmington, DE, United States",2022-08-14,28.7,18.2,23.2,28.1,18.2,23.2,14.7,60.7,0.0,0,0.0,,0,0,25.9,22.2,136.8,1017.4,13.3,16.0,247.5,21.4,9,10,2022-08-14T06:13:22,2022-08-14T19:59:45,0.54,Clear,Clear conditions throughout the day.,clear-day,"72418013781,72408013739,99999903761,KILG,KPHL,DE005,72040800136,DE002",526
97,"Wilmington, DE, United States",2022-08-15,27.8,18.9,22.9,27.4,18.9,22.9,14.8,61.6,0.58,100,16.67,rain,0,0,29.5,20.7,176.0,1015.5,48.2,16.0,201.5,17.4,9,10,2022-08-15T06:14:19,2022-08-15T19:58:25,0.58,"Rain, Partially cloudy",Partly cloudy throughout the day with morning rain.,rain,"72510954782,72418013781,72408013739,99999903761,KILG,KPHL,DE005,72040800136,DE002",526
98,"Wilmington, DE, United States",2022-08-16,27.8,15.7,22.3,27.2,15.7,22.2,13.0,58.9,0.0,0,0.0,,0,0,38.9,24.6,134.1,1015.7,9.0,16.0,277.3,23.7,10,10,2022-08-16T06:15:15,2022-08-16T19:57:04,0.62,Clear,Clear conditions throughout the day.,clear-day,"72418013781,72408013739,99999903761,KILG,KPHL,DE005,72040800136,DE002",526
99,"Wilmington, DE, United States",2022-08-17,26.4,16.8,21.5,26.4,16.8,21.5,15.9,71.4,6.9,100,20.83,rain,0,0,18.7,26.7,242.2,1015.9,36.5,15.5,237.8,20.7,10,30,2022-08-17T06:16:12,2022-08-17T19:55:42,0.67,"Rain, Partially cloudy",Partly cloudy throughout the day with afternoon rain.,rain,"72418013781,72408013739,99999903761,KILG,KPHL,DE005,72040800136,DE002",526
100,"Wilmington, DE, United States",2022-08-18,29.2,16.2,23.1,28.8,16.2,23.0,15.2,64.5,0.0,0,0.0,,0,0,37.1,18.1,267.6,1014.4,4.4,15.8,304.7,26.3,9,30,2022-08-18T06:17:08,2022-08-18T19:54:19,0.72,Clear,Clear conditions throughout the day.,clear-day,"72418013781,72408013739,99999903761,KILG,KPHL,DE005,72040800136,DE002,DE035",526
101,"Wilmington, DE, United States",2022-08-19,31.1,17.4,24.8,32.0,17.4,25.2,17.4,65.6,0.0,0,0.0,,0,0,38.9,25.5,237.4,1018.0,10.8,16.0,300.6,26.1,9,30,2022-08-19T06:18:04,2022-08-19T19:52:54,0.77,Clear,Clear conditions throughout the day.,clear-day,"72418013781,72408013739,99999903761,KILG,KPHL,DE005,72040800136,DE002,DE035",526
102,"Wilmington, DE, United States",2022-08-20,31.7,22.7,26.5,31.5,22.7,26.8,18.5,63.4,0.0,0,0.0,rain,0,0,38.9,29.3,179.8,1020.7,11.2,16.0,290.9,25.0,9,60,2022-08-20T06:19:01,2022-08-20T19:51:29,0.82,Clear,Clear conditions throughout the day.,clear-day,"72418013781,72408013739,99999903761,KILG,KPHL,DE005,72040800136,DE002,DE035",526
103,"Wilmington, DE, United States",2022-08-21,27.9,21.5,24.7,29.5,21.5,25.1,20.8,79.8,0.03,100,8.33,rain,0,0,25.6,21.1,124.9,1018.8,45.2,14.8,166.2,14.4,9,60,2022-08-21T06:19:57,2022-08-21T19:50:03,0.86,"Rain, Partially cloudy",Clearing in the afternoon with late afternoon rain.,rain,"72418013781,72408013739,99999903761,KILG,KPHL,DE005,72040800136,DE002",526
104,"Wilmington, DE, United States",2022-08-22,29.0,22.7,24.8,31.7,22.7,25.3,21.8,84.2,18.68,100,50.0,rain,0,0,27.0,16.8,166.0,1012.4,68.6,14.8,185.3,16.1,10,75,2022-08-22T06:20:54,2022-08-22T19:48:37,0.9,"Rain, Partially cloudy",Partly cloudy throughout the day with a chance of rain throughout the day.,rain,"72418013781,72408013739,99999903761,KILG,KPHL,DE005,72040800136,DE002,DE035",526
105,"Wilmington, DE, United States",2022-08-23,29.2,20.0,24.5,30.2,20.0,24.9,19.4,75.2,0.0,0,0.0,rain,0,0,31.7,19.5,268.0,1010.9,28.2,15.0,240.0,20.9,9,60,2022-08-23T06:21:50,2022-08-23T19:47:09,0.94,Partially cloudy,Partly cloudy throughout the day.,partly-cloudy-day,"72418013781,72408013739,99999903761,KILG,KPHL,DE005,72040800136,DE002",526
106,"Wilmington, DE, United States",2022-08-24,31.0,20.0,25.4,31.0,20.0,25.5,17.2,63.4,0.0,0,0.0,,0,0,33.5,21.1,299.3,1015.3,8.8,16.0,269.2,23.3,9,30,2022-08-24T06:22:46,2022-08-24T19:45:40,0.97,Clear,Clear conditions throughout the day.,clear-day,"72418013781,72408013739,99999903761,KILG,KPHL,DE005,72040800136,DE002",526
107,"Wilmington, DE, United States",2022-08-25,32.4,19.4,26.2,32.2,19.4,26.2,16.8,59.1,0.0,0,0.0,,0,0,22.3,13.1,266.1,1017.2,9.2,16.0,263.5,22.8,9,30,2022-08-25T06:23:42,2022-08-25T19:44:11,0.99,Clear,Clear conditions throughout the day.,clear-day,"72418013781,72408013739,99999903761,KILG,KPHL,DE005,72040800136,DE002",526
108,"Wilmington, DE, United States",2022-08-26,32.1,22.8,27.4,33.0,22.8,28.1,19.8,66.0,0.0,0,0.0,rain,0,0,23.4,18.1,235.0,1014.2,21.2,15.8,210.3,18.1,8,75,2022-08-26T06:24:39,2022-08-26T19:42:41,1.0,Partially cloudy,Partly cloudy throughout the day.,partly-cloudy-day,"72418013781,72408013739,99999903761,KILG,KPHL,DE005,72040800136,DE002",526
109,"Wilmington, DE, United States",2022-08-27,32.6,21.2,26.9,33.7,21.2,27.4,19.6,66.8,0.0,0,0.0,,0,0,33.5,15.7,193.4,1015.4,16.6,15.8,254.7,22.0,9,60,2022-08-27T06:25:35,2022-08-27T19:41:11,0.0,Clear,Clear conditions throughout the day.,clear-day,"72510954782,72418013781,72408013739,99999903761,KILG,KPHL,DE005,72040800136,DE002",526
110,"Wilmington, DE, United States",2022-08-28,31.0,22.6,26.1,33.9,22.6,27.2,21.8,78.6,0.0,0,0.0,rain,0,0,25.2,17.2,104.3,1019.3,49.9,13.4,236.2,20.4,9,75,2022-08-28T06:26:31,2022-08-28T19:39:39,0.01,Partially cloudy,Partly cloudy throughout the day.,partly-cloudy-day,"72418013781,72408013739,99999903761,KILG,KPHL,DE005,72040800136,DE002,DE035",526
111,"Wilmington, DE, United States",2022-08-29,31.7,23.2,26.8,34.5,23.2,28.0,22.1,77.5,0.0,0,0.0,rain,0,0,33.5,27.3,133.7,1019.2,39.0,14.4,271.6,23.4,9,30,2022-08-29T06:27:27,2022-08-29T19:38:07,0.02,Partially cloudy,Clearing in the afternoon.,partly-cloudy-day,"72418013781,72408013739,99999903761,KILG,KPHL,DE005,72040800136,DE002",526
112,"Wilmington, DE, United States",2022-08-30,32.2,23.8,26.6,37.2,23.8,28.3,22.7,80.4,1.05,100,8.33,rain,0,0,44.5,31.4,200.9,1012.3,50.1,15.3,235.5,20.2,9,75,2022-08-30T06:28:23,2022-08-30T19:36:35,0.05,"Rain, Partially cloudy",Clearing in the afternoon with late afternoon rain.,rain,"72510954782,72418013781,72408013739,99999903761,KILG,KPHL,DE005,72040800136,DE002",526
113,"Wilmington, DE, United States",2022-08-31,30.2,20.0,24.7,29.6,20.0,24.5,16.1,63.0,0.0,0,0.0,,0,0,37.1,26.8,277.0,1011.0,11.0,16.0,282.3,24.3,9,10,2022-08-31T06:29:19,2022-08-31T19:35:01,0.09,Clear,Clear conditions throughout the day.,clear-day,"72418013781,72408013739,99999903761,KILG,KPHL,DE005,72040800136,DE002,DE035",526
114,"Wilmington, DE, United States",2022-09-01,31.0,17.9,24.3,30.2,17.9,24.1,13.6,53.7,0.0,0,0.0,,0,0,34.9,26.5,286.3,1015.0,2.0,16.0,279.3,24.2,9,10,2022-09-01T06:30:15,2022-09-01T19:33:28,0.13,Clear,Clear conditions throughout the day.,clear-day,"72510954782,72418013781,72408013739,99999903761,KILG,KPHL,DE005,72040800136,DE002,DE035",526
115,"Wilmington, DE, United States",2022-09-02,28.7,17.1,22.7,27.8,17.1,22.5,12.6,55.0,0.0,0,0.0,,0,0,25.2,19.4,82.3,1022.6,2.6,16.0,268.6,23.3,9,10,2022-09-02T06:31:10,2022-09-02T19:31:53,0.18,Clear,Clear conditions throughout the day.,clear-day,"72510954782,72418013781,72408013739,99999903761,KILG,KPHL,DE005,72040800136,DE002,DE035",526
116,"Wilmington, DE, United States",2022-09-03,28.9,17.8,23.6,30.1,17.8,23.8,18.3,73.9,0.0,0,0.0,,0,0,24.8,21.9,116.3,1023.9,20.9,16.0,234.2,20.4,9,10,2022-09-03T06:32:06,2022-09-03T19:30:19,0.24,Partially cloudy,Clearing in the afternoon.,partly-cloudy-day,"72418013781,72408013739,99999903761,KILG,KPHL,DE005,72040800136,DE002",526
117,"Wilmington, DE, United States",2022-09-04,31.6,20.0,25.6,34.1,20.0,26.5,20.0,72.8,0.0,0,0.0,,0,0,25.6,22.3,217.4,1020.1,14.4,16.0,248.6,21.6,9,30,2022-09-04T06:33:02,2022-09-04T19:28:43,0.29,Clear,Clear conditions throughout the day.,clear-day,"72418013781,72408013739,99999903761,KILG,KPHL,DE005,72040800136,DE002",526
118,"Wilmington, DE, United States",2022-09-05,30.0,21.1,25.4,31.4,21.1,26.0,19.9,72.5,0.05,100,12.5,rain,0,0,37.1,25.2,152.0,1018.2,20.3,16.0,203.5,17.5,8,30,2022-09-05T06:33:58,2022-09-05T19:27:08,0.35,"Rain, Partially cloudy",Partly cloudy throughout the day with late afternoon rain.,rain,"72418013781,72408013739,99999903761,KILG,KPHL,DE005,72040800136,DE002",526
119,"Wilmington, DE, United States",2022-09-06,24.2,21.7,22.8,24.2,21.7,22.8,20.9,89.2,29.09,100,70.83,rain,0,0,33.8,22.0,110.8,1014.6,94.6,11.8,44.6,3.7,2,10,2022-09-06T06:34:53,2022-09-06T19:25:32,0.4,"Rain, Overcast",Cloudy skies throughout the day with a chance of rain throughout the day.,rain,"72418013781,72408013739,99999903761,KILG,KPHL,DE005,72040800136,DE002",526
120,"Wilmington, DE, United States",2022-09-07,22.1,20.5,21.3,22.1,20.5,21.3,19.1,86.7,1.3,100,33.33,rain,0,0,33.5,21.2,34.0,1014.8,95.0,14.3,63.6,5.4,3,10,2022-09-07T06:35:49,2022-09-07T19:23:55,0.44,"Rain, Overcast",Cloudy skies throughout the day with rain.,rain,"72418013781,72408013739,99999903761,KILG,KPHL,DE005,72040800136",526
121,"Wilmington, DE, United States",2022-09-08,27.0,17.8,22.4,27.3,17.8,22.4,15.8,68.6,0.0,0,0.0,rain,0,0,33.5,21.0,125.4,1013.3,46.8,16.0,201.8,17.7,8,10,2022-09-08T06:36:45,2022-09-08T19:22:18,0.47,Partially cloudy,Partly cloudy throughout the day.,partly-cloudy-day,"72418013781,72408013739,99999903761,KILG,KPHL,DE005,72040800136,DE002",526
122,"Wilmington, DE, United States",2022-09-09,28.2,15.6,21.8,27.6,15.6,21.7,14.8,68.6,0.0,0,0.0,,0,0,27.7,20.3,172.1,1017.6,1.0,16.0,264.5,22.9,9,10,2022-09-09T06:37:41,2022-09-09T19:20:41,0.49,Clear,Clear conditions throughout the day.,clear-day,"72510954782,72418013781,72408013739,99999903761,KILG,KPHL,DE005,72040800136,DE002",526
123,"Wilmington, DE, United States",2022-09-10,26.6,15.0,21.6,26.6,15.0,21.6,16.1,73.6,0.0,0,0.0,rain,0,0,17.6,12.1,159.4,1023.4,6.1,15.7,236.0,20.3,9,10,2022-09-10T06:38:36,2022-09-10T19:19:04,0.5,Clear,Clear conditions throughout the day.,clear-day,"72510954782,72418013781,72408013739,99999903761,KILG,KPHL,DE005,72040800136,DE002",526
124,"Wilmington, DE, United States",2022-09-11,23.7,21.7,22.5,23.7,21.7,22.5,20.7,89.3,10.69,100,54.17,rain,0,0,38.9,20.7,98.7,1019.2,92.9,14.1,45.3,3.9,3,10,2022-09-11T06:39:32,2022-09-11T19:17:26,0.51,"Rain, Overcast",Cloudy skies throughout the day with rain.,rain,"72418013781,72408013739,99999903761,KILG,KPHL,DE005,72040800136,DE002",526
125,"Wilmington, DE, United States",2022-09-12,28.7,22.8,24.9,31.6,22.8,25.4,22.4,86.9,1.01,100,37.5,rain,0,0,29.2,15.2,168.8,1010.6,76.5,14.4,126.5,10.8,8,75,2022-09-12T06:40:28,2022-09-12T19:15:48,0.53,"Rain, Partially cloudy",Partly cloudy throughout the day with rain.,rain,"72510954782,72418013781,72408013739,99999903761,KILG,KPHL,72040800136,DE002,DE035",526
126,"Wilmington, DE, United States",2022-09-13,27.7,19.5,23.7,28.1,19.5,23.8,17.3,70.4,0.0,0,0.0,rain,0,0,35.3,28.6,283.5,1008.7,27.3,15.6,242.6,21.0,8,30,2022-09-13T06:41:24,2022-09-13T19:14:10,0.56,Partially cloudy,Clearing in the afternoon.,partly-cloudy-day,"72418013781,72408013739,99999903761,KILG,KPHL,72040800136,DE002,DE035",526
127,"Wilmington, DE, United States",2022-09-14,26.6,15.1,21.1,26.6,15.1,21.1,13.4,62.8,0.0,0,0.0,,0,0,35.4,22.8,301.5,1015.6,1.5,16.0,241.0,20.9,8,10,2022-09-14T06:42:19,2022-09-14T19:12:31,0.6,Clear,Clear conditions throughout the day.,clear-day,"72418013781,72408013739,99999903761,KILG,KPHL,72040800136,DE002,DE035",526
128,"Wilmington, DE, United States",2022-09-15,24.8,14.0,20.4,24.8,14.0,20.4,12.0,61.1,0.0,0,0.0,,0,0,44.6,20.1,259.9,1021.0,1.7,16.0,238.0,20.4,8,10,2022-09-15T06:43:15,2022-09-15T19:10:53,0.64,Clear,Clear conditions throughout the day.,clear-day,"72418013781,72408013739,99999903761,KILG,KPHL,DE005,72040800136,DE002,DE035",526
129,"Wilmington, DE, United States",2022-09-16,25.9,11.2,18.3,25.9,11.2,18.3,10.9,65.0,0.0,0,0.0,,0,0,16.2,12.2,286.8,1022.7,1.3,15.9,226.3,19.7,7,10,2022-09-16T06:44:11,2022-09-16T19:09:14,0.69,Clear,Clear conditions throughout the day.,clear-day,"72418013781,72408013739,99999903761,KILG,KPHL,DE005,72040800136,DE002",526
130,"Wilmington, DE, United States",2022-09-17,26.7,14.0,20.9,27.2,14.0,20.9,15.0,71.0,0.0,0,0.0,,0,0,21.6,20.3,225.7,1023.4,4.4,16.0,234.3,20.2,8,10,2022-09-17T06:45:07,2022-09-17T19:07:35,0.74,Clear,Clear conditions throughout the day.,clear-day,"72418013781,72408013739,99999903761,KILG,KPHL,DE005,72040800136,DE002",526
131,"Wilmington, DE, United States",2022-09-18,28.3,16.7,22.4,28.2,16.7,22.4,15.7,68.5,0.0,0,0.0,,0,0,24.8,21.4,239.5,1019.3,2.2,16.0,234.6,20.4,8,10,2022-09-18T06:46:03,2022-09-18T19:05:57,0.78,Clear,Clear conditions throughout the day.,clear-day,"72418013781,72408013739,99999903761,KILG,KPHL,DE005,72040800136,DE002",526
132,"Wilmington, DE, United States",2022-09-19,29.9,18.3,23.7,29.8,18.3,23.8,17.6,71.2,0.0,0,0.0,,0,0,38.1,27.0,255.4,1014.1,11.0,15.7,201.6,17.5,8,10,2022-09-19T06:46:59,2022-09-19T19:04:18,0.83,Clear,Clear conditions throughout the day.,clear-day,"72418013781,72408013739,99999903761,KILG,KPHL,DE005,72040800136",526
133,"Wilmington, DE, United States",2022-09-20,27.7,18.6,22.8,27.5,18.6,22.8,15.3,65.6,0.0,0,0.0,rain,0,0,40.7,30.2,295.5,1013.4,16.1,15.8,230.5,20.1,8,30,2022-09-20T06:47:56,2022-09-20T19:02:39,0.87,Clear,Clear conditions throughout the day.,clear-day,"72418013781,72408013739,99999903761,KILG,KPHL,DE005,72040800136,DE002",526
134,"Wilmington, DE, United States",2022-09-21,27.8,15.1,21.5,28.2,15.1,21.6,15.4,70.2,0.0,0,0.0,,0,0,18.7,19.2,254.7,1013.8,4.3,15.9,226.8,19.7,8,10,2022-09-21T06:48:52,2022-09-21T19:01:00,0.91,Clear,Clear conditions throughout the day.,clear-day,"72510954782,72418013781,72408013739,99999903761,72030464752,KILG,KPHL,DE005,72040800136,DE002",526
135,"Wilmington, DE, United States",2022-09-22,26.1,15.0,20.9,26.1,15.0,20.9,15.6,72.7,1.05,100,12.5,rain,0,0,55.4,33.2,278.9,1006.1,29.9,15.9,90.3,7.6,5,30,2022-09-22T06:49:49,2022-09-22T18:59:21,0.95,"Rain, Partially cloudy",Partly cloudy throughout the day with afternoon rain.,rain,"72418013781,72408013739,99999903761,KILG,KPHL,DE005,72040800136,DE002",526
136,"Wilmington, DE, United States",2022-09-23,19.2,11.2,14.6,19.2,11.2,14.6,3.4,48.7,0.0,0,0.0,,0,0,52.0,34.4,323.2,1015.1,12.3,16.0,246.2,21.3,8,10,2022-09-23T06:50:45,2022-09-23T18:57:43,0.97,Clear,Clear conditions throughout the day.,clear-day,"72418013781,72408013739,99999903761,KILG,KPHL,DE005,72040800136,DE002",526
137,"Wilmington, DE, United States",2022-09-24,21.0,6.9,14.0,21.0,4.8,13.5,5.4,57.9,0.0,0,0.0,,0,0,27.7,22.6,267.7,1017.5,10.9,16.0,203.2,17.5,8,10,2022-09-24T06:51:42,2022-09-24T18:56:04,0.99,Clear,Clear conditions throughout the day.,clear-day,"72418013781,72408013739,99999903761,KILG,KPHL,DE005,72040800136,DE002",526
138,"Wilmington, DE, United States",2022-09-25,24.1,14.9,17.9,24.1,14.9,17.9,13.5,76.3,8.68,100,37.5,rain,0,0,64.9,37.8,192.5,1007.8,54.6,16.0,118.4,10.1,7,10,2022-09-25T06:52:39,2022-09-25T18:54:26,1.0,"Rain, Partially cloudy",Partly cloudy throughout the day with rain.,rain,"72418013781,72408013739,99999903761,KILG,KPHL,DE005,72040800136,DE002,DE035",526
139,"Wilmington, DE, United States",2022-09-26,24.8,14.9,19.5,24.8,14.9,19.5,11.4,62.7,0.0,0,0.0,rain,0,0,40.7,23.4,253.7,1007.0,41.6,16.0,191.2,16.6,8,10,2022-09-26T06:53:36,2022-09-26T18:52:47,0.0,Partially cloudy,Becoming cloudy in the afternoon.,partly-cloudy-day,"72418013781,72408013739,99999903761,KILG,KPHL,DE005,72040800136,DE002,DE035",526
140,"Wilmington, DE, United States",2022-09-27,22.1,13.0,17.5,22.1,13.0,17.5,6.9,51.3,0.0,0,0.0,,0,0,46.4,27.6,259.1,1012.5,22.6,16.0,192.3,16.5,7,10,2022-09-27T06:54:33,2022-09-27T18:51:09,0.01,Partially cloudy,Becoming cloudy in the afternoon.,partly-cloudy-day,"72418013781,72408013739,99999903761,KILG,KPHL,72040800136,DE002,DE035",526
141,"Wilmington, DE, United States",2022-09-28,21.4,8.4,14.7,21.4,6.9,14.6,7.9,65.2,0.0,0,0.0,,0,0,29.5,23.6,298.4,1020.8,17.2,16.0,199.2,17.4,8,10,2022-09-28T06:55:31,2022-09-28T18:49:32,0.04,Clear,Clear conditions throughout the day.,clear-day,"72418013781,72408013739,99999903761,KILG,KPHL,72040800136,DE002,DE035",526
142,"Wilmington, DE, United States",2022-09-29,21.1,11.7,15.9,21.1,11.7,15.9,7.9,60.8,0.0,0,0.0,,0,0,42.5,30.8,125.5,1026.9,3.4,16.0,204.0,17.5,7,10,2022-09-29T06:56:28,2022-09-29T18:47:54,0.07,Clear,Clear conditions throughout the day.,clear-day,"72510954782,72418013781,72408013739,99999903761,72030464752,KILG,KPHL,KPTW,72040800136,KLOM,DE002,DE035",526
143,"Wilmington, DE, United States",2022-09-30,18.6,11.8,14.8,18.6,11.8,14.8,8.5,66.3,0.8,100,8.33,rain,0,0,45.0,28.4,36.4,1023.9,36.8,18.8,96.2,8.2,4,10,2022-09-30T06:57:26,2022-09-30T18:46:17,0.12,"Rain, Partially cloudy",Partly cloudy throughout the day with late afternoon rain.,rain,"KILG,KPHL,KPTW,KLOM,DE035",526
