,name,datetime,tempmax,tempmin,temp,feelslikemax,feelslikemin,feelslike,dew,humidity,precip,precipprob,precipcover,preciptype,snow,snowdepth,windgust,windspeed,winddir,sealevelpressure,cloudcover,visibility,solarradiation,solarenergy,uvindex,severerisk,sunrise,sunset,moonphase,conditions,description,icon,stations,skey
0,"Ridley Twp, PA, United States",2022-05-10,23.3,11.6,16.8,23.3,11.6,16.8,-2.9,26.3,0.0,0,0.0,,0,0,52.9,35.5,52.9,1025.8,38.3,16.0,322.9,27.8,10,10,2022-05-10T05:51:15,2022-05-10T20:04:51,0.32,Partially cloudy,Partly cloudy throughout the day.,partly-cloudy-day,"F6057,72418013781,72408013739,72408594732,72030464752,KPHL,KILG,DE038",560
1,"Ridley Twp, PA, United States",2022-05-11,22.7,12.6,17.4,22.7,12.6,17.4,5.2,45.8,0.0,0,0.0,,0,0,46.8,32.9,52.5,1024.4,46.2,16.0,223.0,19.3,7,10,2022-05-11T05:50:14,2022-05-11T20:05:49,0.37,Partially cloudy,Partly cloudy throughout the day.,partly-cloudy-day,"F6057,72418013781,72408013739,72408594732,72030464752,E9167,KPHL,KILG,KPNE",560
2,"Ridley Twp, PA, United States",2022-05-12,24.3,13.7,18.8,24.3,13.7,18.8,13.5,71.6,0.0,0,0.0,rain,0,0,33.5,20.5,68.5,1024.6,64.9,16.0,189.0,16.3,9,10,2022-05-12T05:49:14,2022-05-12T20:06:46,0.41,Partially cloudy,Partly cloudy throughout the day.,partly-cloudy-day,"F6057,72418013781,72408013739,72408594732,72030464752,E9167,KPHL,KILG",560
3,"Ridley Twp, PA, United States",2022-05-13,23.7,16.1,19.2,23.7,16.1,19.2,16.9,87.2,3.96,100,33.33,rain,0,0,33.5,17.7,67.7,1023.3,97.6,11.1,129.0,11.1,8,30,2022-05-13T05:48:15,2022-05-13T20:07:44,0.45,"Rain, Overcast",Cloudy skies throughout the day with rain in the morning and afternoon.,rain,"F6057,72418013781,72408013739,72408594732,72030464752,E9167,KPHL,KILG",560
4,"Ridley Twp, PA, United States",2022-05-14,21.1,18.3,19.7,21.1,18.3,19.7,18.2,91.5,3.15,100,50.0,rain,0,0,15.8,12.6,89.5,1017.7,91.2,9.5,55.8,5.0,2,10,2022-05-14T05:47:18,2022-05-14T20:08:40,0.48,"Rain, Overcast",Cloudy skies throughout the day with rain.,rain,"72418013781,72408013739,72408594732,72030464752,E9167,KPHL,KILG,DE038",560
5,"Ridley Twp, PA, United States",2022-05-15,26.0,18.2,21.5,26.0,18.2,21.5,17.3,78.3,0.01,100,4.17,rain,0,0,37.1,17.6,168.1,1012.0,90.3,12.2,164.0,14.2,9,30,2022-05-15T05:46:22,2022-05-15T20:09:37,0.5,"Rain, Overcast",Cloudy skies throughout the day with morning rain.,rain,"F6057,72418013781,72408013739,72408594732,72030464752,E9167,KPHL,KILG,KPNE",560
6,"Ridley Twp, PA, United States",2022-05-16,26.6,18.2,21.2,26.6,18.2,21.2,16.7,76.8,2.43,100,29.17,rain,0,0,48.2,28.9,217.4,1005.9,78.0,13.7,166.7,14.1,9,60,2022-05-16T05:45:28,2022-05-16T20:10:33,0.5,"Rain, Partially cloudy",Partly cloudy throughout the day with rain.,rain,"F6057,72418013781,72408013739,72408594732,72030464752,E9167,KPHL,KILG,KPNE",560
7,"Ridley Twp, PA, United States",2022-05-17,27.1,14.0,21.1,26.6,14.0,21.0,7.4,45.3,0.0,0,0.0,,0,0,53.9,35.9,257.5,1009.2,21.1,16.0,240.5,20.8,9,10,2022-05-17T05:44:36,2022-05-17T20:11:28,0.52,Partially cloudy,Becoming cloudy in the afternoon.,partly-cloudy-day,"F6057,72418013781,72408013739,72408594732,72030464752,E9167,KPHL,KILG,DE038",560
8,"Ridley Twp, PA, United States",2022-05-18,22.6,13.4,18.9,22.6,13.4,18.9,5.6,42.7,0.0,0,0.0,,0,0,31.3,22.9,277.6,1014.7,59.2,16.0,268.9,23.1,8,10,2022-05-18T05:43:45,2022-05-18T20:12:23,0.54,Partially cloudy,Partly cloudy throughout the day.,partly-cloudy-day,"F6057,72418013781,72408013739,72408594732,72030464752,E9167,KPHL,KILG",560
9,"Ridley Twp, PA, United States",2022-05-19,25.6,13.8,18.9,25.6,13.8,18.9,14.2,75.8,11.63,100,33.33,rain,0,0,36.0,19.5,176.0,1008.0,80.1,14.2,137.6,11.7,8,30,2022-05-19T05:42:56,2022-05-19T20:13:17,0.58,"Rain, Partially cloudy",Partly cloudy throughout the day with rain clearing later.,rain,"F6057,72418013781,72408013739,72408594732,72030464752,E9167,KPHL,KILG,KLOM",560
10,"Ridley Twp, PA, United States",2022-05-20,29.9,16.4,22.4,30.0,16.4,22.5,17.7,76.6,2.16,100,12.5,rain,0,0,42.5,27.2,103.0,1011.8,75.7,15.6,224.4,19.3,9,60,2022-05-20T05:42:08,2022-05-20T20:14:11,0.63,"Rain, Partially cloudy",Partly cloudy throughout the day with afternoon rain.,rain,"F6057,72418013781,72408013739,72408594732,72030464752,E9167,KPHL,KILG",560
11,"Ridley Twp, PA, United States",2022-05-21,34.8,19.3,26.9,37.0,19.3,27.8,19.3,67.1,0.0,0,0.0,rain,0,0,29.5,23.3,173.2,1015.6,60.2,12.5,268.7,23.1,8,100,2022-05-21T05:41:23,2022-05-21T20:15:03,0.68,Partially cloudy,Partly cloudy throughout the day.,partly-cloudy-day,"F6057,72418013781,72408013739,72408594732,72030464752,E9167,KPHL,KILG",560
12,"Ridley Twp, PA, United States",2022-05-22,32.7,23.2,27.0,34.9,23.2,27.8,19.6,64.8,0.38,100,12.5,rain,0,0,50.6,25.0,228.9,1016.4,64.9,15.8,239.9,20.7,8,100,2022-05-22T05:40:39,2022-05-22T20:15:56,0.74,"Rain, Partially cloudy",Clearing in the afternoon with late afternoon rain.,rain,"F6057,72418013781,72408013739,72408594732,72030464752,E9167,KPHL,KILG",560
13,"Ridley Twp, PA, United States",2022-05-23,25.5,16.6,21.0,25.5,16.6,21.0,10.4,53.0,0.4,100,8.33,rain,0,0,43.2,26.7,224.8,1021.3,82.3,16.0,243.0,21.0,8,10,2022-05-23T05:39:57,2022-05-23T20:16:47,0.79,"Rain, Partially cloudy",Partly cloudy throughout the day with early morning rain.,rain,"F6057,72418013781,72408013739,72408594732,72030464752,E9167,KPHL,KILG,KPNE",560
14,"Ridley Twp, PA, United States",2022-05-24,21.9,15.6,18.6,21.9,15.6,18.6,9.7,57.2,0.05,100,12.5,rain,0,0,23.8,22.0,110.0,1024.4,96.2,16.0,175.4,15.0,6,10,2022-05-24T05:39:16,2022-05-24T20:17:38,0.85,"Rain, Overcast",Cloudy skies throughout the day with rain clearing later.,rain,"F6057,72418013781,72408013739,72408594732,72030464752,E9167,KPHL,KILG,KPNE",560
15,"Ridley Twp, PA, United States",2022-05-25,24.8,13.2,18.1,24.8,13.2,18.1,8.6,55.9,0.0,0,0.0,,0,0,31.7,19.9,84.8,1027.3,72.0,16.0,270.1,23.3,8,10,2022-05-25T05:38:37,2022-05-25T20:18:28,0.89,Partially cloudy,Partly cloudy throughout the day.,partly-cloudy-day,"F6057,72418013781,72408013739,72408594732,72030464752,E9167,KPHL,KILG",560
16,"Ridley Twp, PA, United States",2022-05-26,22.7,12.2,18.3,22.7,12.2,18.3,12.6,69.9,0.06,100,8.33,rain,0,0,31.7,19.8,121.3,1023.9,91.9,15.3,123.0,10.6,5,10,2022-05-26T05:38:01,2022-05-26T20:19:17,0.93,"Rain, Overcast",Cloudy skies throughout the day with late afternoon rain.,rain,"72418013781,72408013739,72408594732,72030464752,E9167,KPHL,KILG,DE038",560
17,"Ridley Twp, PA, United States",2022-05-27,26.5,19.3,21.0,26.5,19.3,21.0,18.7,87.1,4.55,100,20.83,rain,0,0,57.2,25.1,168.8,1013.0,97.7,12.0,88.9,7.7,5,30,2022-05-27T05:37:26,2022-05-27T20:20:05,0.96,"Rain, Overcast",Cloudy skies throughout the day with rain.,rain,"F6057,72418013781,72408013739,72408594732,72030464752,E9167,KPHL,KILG,DE038",560
18,"Ridley Twp, PA, United States",2022-05-28,24.9,19.2,22.0,24.9,19.2,22.0,16.8,73.9,20.67,100,41.67,rain,0,0,55.4,43.4,237.3,1008.3,83.1,15.6,218.2,18.8,10,30,2022-05-28T05:36:53,2022-05-28T20:20:52,0.99,"Rain, Partially cloudy",Partly cloudy throughout the day with a chance of rain throughout the day.,rain,"F6057,72418013781,72408013739,72408594732,72030464752,E9167,KPHL,KILG,KPNE",560
19,"Ridley Twp, PA, United States",2022-05-29,27.2,17.6,23.0,27.1,17.6,23.0,13.3,56.0,0.0,0,0.0,rain,0,0,20.5,15.9,235.6,1017.0,60.7,16.0,285.8,24.8,9,10,2022-05-29T05:36:21,2022-05-29T20:21:38,1.0,Partially cloudy,Partly cloudy throughout the day.,partly-cloudy-day,"72418013781,72408013739,72408594732,99999903761,72407493780,72030464752,E9167,KPHL,KILG,KLOM",560
20,"Ridley Twp, PA, United States",2022-05-30,31.6,18.5,25.3,32.5,18.5,25.7,17.2,62.7,0.0,0,0.0,,0,0,27.7,21.0,196.9,1019.0,32.1,16.0,288.0,25.0,8,100,2022-05-30T05:35:52,2022-05-30T20:22:23,0.0,Partially cloudy,Partly cloudy throughout the day.,partly-cloudy-day,"72418013781,72408013739,72408594732,72030464752,E9167,KPHL,KILG",560
21,"Ridley Twp, PA, United States",2022-05-31,34.9,22.0,28.7,34.7,22.0,28.9,17.7,55.4,0.0,0,0.0,,0,0,32.0,24.7,266.9,1015.6,41.5,16.0,284.2,24.6,8,30,2022-05-31T05:35:24,2022-05-31T20:23:07,0.0,Partially cloudy,Partly cloudy throughout the day.,partly-cloudy-day,"72418013781,72408013739,72408594732,72030464752,E9167,KPHL,KILG",560
22,"Ridley Twp, PA, United States",2022-06-01,30.3,19.3,24.9,32.9,19.3,25.4,18.4,67.9,0.0,0,0.0,rain,0,0,33.5,20.5,139.8,1012.4,59.7,16.0,273.6,23.6,8,75,2022-06-01T05:34:59,2022-06-01T20:23:50,0.02,Partially cloudy,Partly cloudy throughout the day.,partly-cloudy-day,"F6057,72418013781,72408013739,72408594732,72030464752,E9167,KPHL,KILG,KPNE",560
23,"Ridley Twp, PA, United States",2022-06-02,30.2,17.9,22.8,31.5,17.9,23.1,18.5,77.8,25.8,100,25.0,rain,0,0,60.8,21.5,176.8,1007.8,88.3,14.8,248.0,21.4,9,60,2022-06-02T05:34:35,2022-06-02T20:24:32,0.04,"Rain, Partially cloudy",Partly cloudy throughout the day with rain.,rain,"F6057,72418013781,72408013739,72408594732,72030464752,E9167,KPHL,KILG",560
24,"Ridley Twp, PA, United States",2022-06-03,26.6,21.4,23.6,26.6,21.4,23.6,15.0,62.8,0.04,100,4.17,rain,0,0,27.7,22.7,265.0,1008.0,77.7,14.5,194.7,17.0,8,30,2022-06-03T05:34:13,2022-06-03T20:25:13,0.07,"Rain, Partially cloudy",Partly cloudy throughout the day with morning rain.,rain,"72418013781,72408013739,72408594732,72030464752,E9167,KPHL,KILG",560
25,"Ridley Twp, PA, United States",2022-06-04,29.3,17.4,23.8,27.9,17.4,23.3,8.5,41.1,0.0,0,0.0,,0,0,37.1,24.9,302.4,1011.7,28.9,16.0,285.7,24.6,9,10,2022-06-04T05:33:53,2022-06-04T20:25:52,0.11,Partially cloudy,Partly cloudy throughout the day.,partly-cloudy-day,"72418013781,72408013739,72408594732,72030464752,E9167,KPHL,KILG",560
26,"Ridley Twp, PA, United States",2022-06-05,26.1,16.8,21.6,26.1,16.8,21.6,5.8,36.7,0.0,0,0.0,,0,0,33.7,22.4,116.5,1015.2,28.1,16.0,285.6,24.6,8,10,2022-06-05T05:33:35,2022-06-05T20:26:30,0.14,Partially cloudy,Partly cloudy throughout the day.,partly-cloudy-day,"72418013781,72408013739,72408594732,72030464752,E9167,KPHL,KILG,DE038",560
27,"Ridley Twp, PA, United States",2022-06-06,27.7,14.6,21.7,26.8,14.6,21.6,8.2,44.1,0.0,0,0.0,,0,0,35.3,22.8,213.0,1017.3,15.9,16.0,285.3,24.7,8,10,2022-06-06T05:33:19,2022-06-06T20:27:07,0.19,Clear,Clear conditions throughout the day.,clear-day,"72418013781,72408013739,72408594732,72030464752,E9167,KPHL,KILG,DE038",560
28,"Ridley Twp, PA, United States",2022-06-07,26.0,16.6,21.9,26.0,16.6,21.9,14.9,65.4,1.73,100,20.83,rain,0,0,47.5,25.8,175.4,1016.0,76.1,15.8,194.5,16.8,9,10,2022-06-07T05:33:05,2022-06-07T20:27:42,0.24,"Rain, Partially cloudy",Partly cloudy throughout the day with late afternoon rain.,rain,"F6057,72418013781,72408013739,72408594732,72030464752,E9167,KPHL,KILG",560
29,"Ridley Twp, PA, United States",2022-06-08,29.3,22.0,25.3,29.6,22.0,25.5,18.5,67.7,0.6,100,12.5,rain,0,0,38.9,19.6,231.4,1011.5,77.2,15.6,251.7,21.9,8,30,2022-06-08T05:32:53,2022-06-08T20:28:16,0.29,"Rain, Partially cloudy",Partly cloudy throughout the day with rain.,rain,"72418013781,72408013739,72408594732,72030464752,E9167,KPHL,KILG",560
30,"Ridley Twp, PA, United States",2022-06-09,28.6,21.8,24.8,28.4,21.8,24.8,16.2,62.7,45.36,100,50.0,rain,0,0,58.9,42.6,243.0,1005.7,72.5,14.3,247.3,21.3,9,30,2022-06-09T05:32:43,2022-06-09T20:28:49,0.35,"Rain, Partially cloudy",Partly cloudy throughout the day with a chance of rain throughout the day.,rain,"72418013781,72408013739,72408594732,72030464752,E9167,KPHL,KILG,DE038",560
31,"Ridley Twp, PA, United States",2022-06-10,27.1,17.4,22.8,26.7,17.4,22.7,10.1,46.2,0.03,100,12.5,rain,0,0,36.8,21.2,285.0,1011.4,48.6,16.0,218.1,18.9,8,10,2022-06-10T05:32:35,2022-06-10T20:29:20,0.39,"Rain, Partially cloudy",Partly cloudy throughout the day with rain in the morning and afternoon.,rain,"F6057,72418013781,72408013739,72408594732,72030464752,E9167,KPHL,KILG,DE038",560
32,"Ridley Twp, PA, United States",2022-06-11,23.1,19.0,21.5,23.1,19.0,21.5,13.8,62.4,0.16,100,25.0,rain,0,0,18.0,12.9,229.7,1013.5,81.4,16.0,89.8,7.8,3,10,2022-06-11T05:32:28,2022-06-11T20:29:50,0.44,"Rain, Partially cloudy",Partly cloudy throughout the day with rain.,rain,"72418013781,72408013739,72408594732,72030464752,E9167,KPHL,KILG,KLOM",560
33,"Ridley Twp, PA, United States",2022-06-12,26.5,18.2,21.7,26.5,18.2,21.7,17.5,77.8,11.66,100,29.17,rain,0,0,24.5,18.5,109.9,1013.9,90.6,14.6,142.8,12.2,9,30,2022-06-12T05:32:24,2022-06-12T20:30:18,0.47,"Rain, Overcast",Cloudy skies throughout the day with rain.,rain,"F6057,72418013781,72408013739,72408594732,72030464752,E9167,KPHL,KILG",560
34,"Ridley Twp, PA, United States",2022-06-13,32.0,21.0,26.5,33.3,21.0,27.4,19.9,69.3,0.3,100,16.67,rain,0,0,32.4,24.6,230.9,1012.8,72.3,15.7,211.3,18.1,8,60,2022-06-13T05:32:21,2022-06-13T20:30:44,0.49,"Rain, Partially cloudy",Partly cloudy throughout the day with rain clearing later.,rain,"72418013781,72408013739,72408594732,72030464752,E9167,KPHL,KILG",560
35,"Ridley Twp, PA, United States",2022-06-14,28.8,18.8,24.9,28.6,18.8,25.0,14.7,53.9,2.82,100,12.5,rain,0,0,64.1,20.6,160.8,1012.8,70.0,15.5,209.5,18.1,9,10,2022-06-14T05:32:21,2022-06-14T20:31:09,0.5,"Rain, Partially cloudy",Partly cloudy throughout the day with morning rain.,rain,"72418013781,72408013739,72408594732,72030464752,E9167,KPHL,KILG",560
36,"Ridley Twp, PA, United States",2022-06-15,30.5,18.6,24.6,30.4,18.6,24.6,16.0,60.7,0.01,100,4.17,rain,0,0,31.7,22.2,137.2,1018.0,38.3,16.0,284.1,24.4,9,10,2022-06-15T05:32:22,2022-06-15T20:31:33,0.51,"Rain, Partially cloudy",Partly cloudy throughout the day with morning rain.,rain,"72418013781,72408013739,72408594732,72030464752,E9167,KPHL,KILG,DE038",560
37,"Ridley Twp, PA, United States",2022-06-16,24.9,19.3,22.2,24.9,19.3,22.2,17.5,75.0,5.43,100,33.33,rain,0,0,42.5,22.0,153.1,1019.2,98.7,15.3,133.3,11.3,6,10,2022-06-16T05:32:25,2022-06-16T20:31:54,0.53,"Rain, Overcast",Cloudy skies throughout the day with rain.,rain,"F6057,72418013781,72408013739,72408594732,72030464752,E9167,KPHL,KILG,KLOM",560
38,"Ridley Twp, PA, United States",2022-06-17,34.8,22.7,28.4,36.3,22.7,28.7,17.6,56.8,0.0,0,0.0,rain,0,0,49.1,35.8,240.1,1007.5,53.5,15.9,239.6,20.8,9,100,2022-06-17T05:32:30,2022-06-17T20:32:14,0.57,Partially cloudy,Partly cloudy throughout the day.,partly-cloudy-day,"72418013781,72408013739,72408594732,72030464752,E9167,KPHL,KILG,KPNE",560
39,"Ridley Twp, PA, United States",2022-06-18,26.4,17.7,21.8,26.4,17.7,21.8,9.3,44.9,0.0,0,0.0,rain,0,0,55.1,38.4,292.7,1008.1,52.9,16.0,125.0,10.7,5,10,2022-06-18T05:32:37,2022-06-18T20:32:32,0.62,Partially cloudy,Partly cloudy throughout the day.,partly-cloudy-day,"72418013781,72408013739,72408594732,72030464752,E9167,KPHL,KILG,DE038",560
40,"Ridley Twp, PA, United States",2022-06-19,24.8,14.7,19.5,24.8,14.7,19.5,3.5,35.5,0.0,0,0.0,,0,0,52.8,36.1,319.8,1015.8,22.0,16.0,282.6,24.6,8,10,2022-06-19T05:32:45,2022-06-19T20:32:49,0.67,Partially cloudy,Partly cloudy throughout the day.,partly-cloudy-day,"72418013781,72408013739,72408594732,72030464752,E9167,DE038,KPHL,KILG",560
41,"Ridley Twp, PA, United States",2022-06-20,27.6,13.9,21.4,26.6,13.9,21.2,5.1,36.0,0.0,0,0.0,,0,0,31.7,20.9,304.9,1020.5,51.7,16.0,282.2,24.2,8,10,2022-06-20T05:32:56,2022-06-20T20:33:03,0.72,Partially cloudy,Partly cloudy throughout the day.,partly-cloudy-day,"72418013781,72408013739,72408594732,72030464752,E9167,KPHL,KILG,DE038",560
42,"Ridley Twp, PA, United States",2022-06-21,27.0,17.5,22.3,26.8,17.5,22.3,12.9,56.0,0.27,100,4.17,rain,0,0,16.9,14.5,213.5,1019.7,75.0,16.0,139.9,12.0,5,10,2022-06-21T05:33:08,2022-06-21T20:33:16,0.77,"Rain, Partially cloudy",Partly cloudy throughout the day with afternoon rain.,rain,"72418013781,72408013739,72408594732,72030464752,E9167,KPHL,KILG",560
43,"Ridley Twp, PA, United States",2022-06-22,24.9,19.1,21.3,24.9,19.1,21.3,16.7,75.3,0.01,100,4.17,rain,0,0,38.9,21.6,131.1,1015.2,81.5,15.8,109.2,9.5,6,10,2022-06-22T05:33:22,2022-06-22T20:33:27,0.82,"Rain, Partially cloudy",Partly cloudy throughout the day with afternoon rain.,rain,"F6057,72418013781,72408013739,72408594732,72030464752,E9167,KPHL,KILG",560
44,"Ridley Twp, PA, United States",2022-06-23,22.8,18.3,19.9,22.8,18.3,19.9,16.5,81.1,7.89,100,29.17,rain,0,0,31.7,17.6,123.3,1014.3,96.8,14.7,82.0,6.9,5,10,2022-06-23T05:33:37,2022-06-23T20:33:36,0.87,"Rain, Overcast",Cloudy skies throughout the day with rain in the morning and afternoon.,rain,"72418013781,72408013739,72408594732,72030464752,E9167,KPHL,KILG,KPNE",560
45,"Ridley Twp, PA, United States",2022-06-24,28.3,17.1,22.8,29.1,17.1,23.0,17.0,71.6,0.01,100,4.17,rain,0,0,19.4,17.5,181.7,1016.9,58.3,15.1,170.9,14.9,10,30,2022-06-24T05:33:55,2022-06-24T20:33:44,0.91,"Rain, Partially cloudy",Partly cloudy throughout the day with afternoon rain.,rain,"72418013781,72408013739,72408594732,72030464752,E9167,KPHL,KILG",560
46,"Ridley Twp, PA, United States",2022-06-25,32.1,20.3,26.4,32.4,20.3,26.8,18.2,63.6,0.0,0,0.0,,0,0,37.1,17.5,223.8,1019.4,31.2,15.7,244.0,21.2,9,30,2022-06-25T05:34:14,2022-06-25T20:33:49,0.95,Partially cloudy,Partly cloudy throughout the day.,partly-cloudy-day,"72418013781,72408013739,72408594732,72030464752,E9167,KPHL,KILG,DE038",560
47,"Ridley Twp, PA, United States",2022-06-26,32.0,22.0,26.9,32.5,22.0,27.2,18.1,60.6,0.0,0,0.0,,0,0,40.7,25.8,206.8,1018.6,34.7,16.0,273.3,23.7,8,10,2022-06-26T05:34:34,2022-06-26T20:33:52,0.97,Partially cloudy,Partly cloudy throughout the day.,partly-cloudy-day,"72418013781,72408013739,72408594732,72030464752,E9167,KPHL,KILG,DE038",560
48,"Ridley Twp, PA, United States",2022-06-27,27.1,22.1,24.8,29.0,22.1,25.0,20.5,77.6,3.02,100,16.67,rain,0,0,48.2,26.1,231.8,1014.9,89.1,15.2,100.2,8.7,4,60,2022-06-27T05:34:57,2022-06-27T20:33:54,0.99,"Rain, Partially cloudy",Partly cloudy throughout the day with rain.,rain,"72418013781,72408013739,72408594732,72030464752,E9167,KPHL,KILG",560
49,"Ridley Twp, PA, United States",2022-06-28,26.6,18.6,23.3,26.6,18.6,23.3,11.8,49.6,3.31,100,4.17,rain,0,0,42.1,20.8,273.5,1020.6,45.8,16.0,274.0,23.6,8,10,2022-06-28T05:35:21,2022-06-28T20:33:54,1.0,"Rain, Partially cloudy",Partly cloudy throughout the day with morning rain.,rain,"72418013781,72408013739,72408594732,72030464752,E9167,KPHL,KILG",560
50,"Ridley Twp, PA, United States",2022-06-29,30.5,18.0,24.4,30.0,18.0,24.3,15.1,59.1,0.0,0,0.0,,0,0,33.5,23.3,209.9,1022.9,42.6,16.0,261.5,22.4,8,30,2022-06-29T05:35:46,2022-06-29T20:33:51,0.0,Partially cloudy,Partly cloudy throughout the day.,partly-cloudy-day,"72418013781,72408013739,72408594732,72030464752,E9167,KPHL,KILG",560
51,"Ridley Twp, PA, United States",2022-06-30,32.1,20.8,26.9,30.9,20.8,26.6,15.6,53.7,0.0,0,0.0,,0,0,31.7,16.1,234.6,1021.9,22.9,16.0,284.2,24.6,8,10,2022-06-30T05:36:13,2022-06-30T20:33:47,0.01,Partially cloudy,Partly cloudy throughout the day.,partly-cloudy-day,"72418013781,72408013739,72408594732,72030464752,E9167,KPHL,KILG",560
52,"Ridley Twp, PA, United States",2022-07-01,33.7,23.1,28.0,36.7,23.1,29.6,21.0,67.6,0.02,100,4.17,rain,0,0,42.5,25.5,214.9,1017.5,49.9,16.0,208.1,18.0,9,100,2022-07-01T05:36:41,2022-07-01T20:33:41,0.03,"Rain, Partially cloudy",Becoming cloudy in the afternoon with late afternoon rain.,rain,"72418013781,72408013739,72408594732,72030464752,E9167,KPHL,KILG",560
53,"Ridley Twp, PA, United States",2022-07-02,33.2,25.4,28.1,36.4,25.4,29.6,21.6,68.9,0.9,100,25.0,rain,0,0,50.0,27.0,230.9,1013.6,83.7,15.8,198.3,17.1,8,75,2022-07-02T05:37:11,2022-07-02T20:33:32,0.05,"Rain, Partially cloudy",Partly cloudy throughout the day with late afternoon rain.,rain,"72418013781,72408013739,72408594732,72030464752,E9167,KPHL,KILG",560
54,"Ridley Twp, PA, United States",2022-07-03,32.1,23.7,27.0,31.5,23.7,26.7,17.2,60.7,0.81,100,25.0,rain,0,0,29.9,21.4,230.3,1015.9,60.0,16.0,231.8,20.1,9,30,2022-07-03T05:37:43,2022-07-03T20:33:22,0.08,"Rain, Partially cloudy",Partly cloudy throughout the day with rain clearing later.,rain,"72418013781,72408013739,72408594732,72030464752,E9167,KPHL,KILG",560
55,"Ridley Twp, PA, United States",2022-07-04,31.0,20.1,26.0,29.6,20.1,25.5,11.5,42.4,0.0,0,0.0,,0,0,31.7,21.5,172.8,1020.6,52.2,16.0,282.0,24.2,8,10,2022-07-04T05:38:15,2022-07-04T20:33:10,0.12,Partially cloudy,Becoming cloudy in the afternoon.,partly-cloudy-day,"72418013781,72408013739,72408594732,72030464752,E9167,KPHL,KILG",560
56,"Ridley Twp, PA, United States",2022-07-05,31.4,21.9,25.4,33.0,21.9,26.0,19.0,68.5,3.11,100,12.5,rain,0,0,50.0,27.1,203.9,1016.3,87.8,15.5,174.2,15.1,8,10,2022-07-05T05:38:49,2022-07-05T20:32:56,0.17,"Rain, Partially cloudy",Partly cloudy throughout the day with rain.,rain,"F6057,72418013781,72408013739,72408594732,72030464752,E9167,KPHL,KILG",560
57,"Ridley Twp, PA, United States",2022-07-06,31.5,23.8,27.6,34.1,23.8,29.1,21.1,69.3,0.27,100,4.17,rain,0,0,36.0,19.8,223.3,1011.1,89.7,14.9,149.9,12.9,8,30,2022-07-06T05:39:24,2022-07-06T20:32:40,0.22,"Rain, Partially cloudy",Partly cloudy throughout the day with afternoon rain.,rain,"F6057,72418013781,72408013739,72408594732,72030464752,E9167,KPHL,KILG",560
58,"Ridley Twp, PA, United States",2022-07-07,27.8,21.1,24.6,29.7,21.1,25.0,20.3,77.7,28.18,100,33.33,rain,0,0,21.2,17.9,85.2,1014.6,93.9,13.6,162.6,14.0,10,10,2022-07-07T05:40:01,2022-07-07T20:32:22,0.27,"Rain, Overcast",Cloudy skies throughout the day with rain clearing later.,rain,"72418013781,72408013739,72408594732,72030464752,E9167,KPHL,KILG",560
59,"Ridley Twp, PA, United States",2022-07-08,30.6,19.8,25.5,33.2,19.8,26.5,20.2,74.1,0.08,100,4.17,rain,0,0,21.6,17.5,181.1,1015.8,71.4,15.9,231.1,20.1,8,30,2022-07-08T05:40:39,2022-07-08T20:32:02,0.33,"Rain, Partially cloudy",Partly cloudy throughout the day with late afternoon rain.,rain,"72418013781,72408013739,72408594732,72030464752,E9167,KPHL,KILG",560
60,"Ridley Twp, PA, United States",2022-07-09,25.4,22.4,23.7,25.4,22.4,23.7,19.7,78.7,1.34,100,45.83,rain,0,0,26.3,17.5,151.3,1016.5,92.7,15.8,64.2,5.4,2,10,2022-07-09T05:41:18,2022-07-09T20:31:40,0.38,"Rain, Overcast",Cloudy skies throughout the day with a chance of rain throughout the day.,rain,"72418013781,72408013739,72408594732,72030464752,E9167,KPHL,KILG",560
61,"Ridley Twp, PA, United States",2022-07-10,27.8,19.7,23.9,28.4,19.7,24.1,17.2,67.5,0.0,0,0.0,rain,0,0,22.7,17.6,150.5,1017.3,57.0,15.7,202.3,17.4,8,10,2022-07-10T05:41:58,2022-07-10T20:31:16,0.42,Partially cloudy,Becoming cloudy in the afternoon.,partly-cloudy-day,"72418013781,72408013739,72408594732,72030464752,E9167,KPHL,KILG",560
62,"Ridley Twp, PA, United States",2022-07-11,29.3,18.4,24.1,28.6,18.4,24.0,14.8,59.4,0.0,0,0.0,,0,0,30.6,17.9,200.6,1014.4,15.1,16.0,280.4,24.1,8,10,2022-07-11T05:42:39,2022-07-11T20:30:50,0.46,Clear,Clear conditions throughout the day.,clear-day,"72418013781,72408013739,72408594732,72030464752,E9167,KPHL,KILG",560
63,"Ridley Twp, PA, United States",2022-07-12,33.7,21.5,26.5,36.6,21.5,27.6,20.1,69.7,0.04,100,4.17,rain,0,0,48.1,31.5,216.9,1009.1,41.7,16.0,256.7,22.0,9,60,2022-07-12T05:43:21,2022-07-12T20:30:22,0.49,"Rain, Partially cloudy",Partly cloudy throughout the day with late afternoon rain.,rain,"F6057,72418013781,72408013739,72408594732,72030464752,E9167,KPHL,KILG",560
64,"Ridley Twp, PA, United States",2022-07-13,32.7,23.1,28.1,33.0,23.1,28.6,18.5,58.3,0.0,0,0.0,,0,0,34.9,22.9,208.6,1011.6,69.1,16.0,232.1,20.2,9,30,2022-07-13T05:44:04,2022-07-13T20:29:52,0.5,Partially cloudy,Partly cloudy throughout the day.,partly-cloudy-day,"72418013781,72408013739,72408594732,72030464752,E9167,KPHL,KILG",560
65,"Ridley Twp, PA, United States",2022-07-14,32.6,25.2,28.7,33.1,25.2,28.9,17.9,53.9,0.0,0,0.0,,0,0,29.5,20.9,296.5,1014.4,57.4,16.0,254.1,21.8,9,30,2022-07-14T05:44:48,2022-07-14T20:29:21,0.51,Partially cloudy,Partly cloudy throughout the day.,partly-cloudy-day,"72418013781,72408013739,72408594732,72030464752,E9167,KPHL,KILG,KPNE",560
66,"Ridley Twp, PA, United States",2022-07-15,31.0,22.5,26.7,31.7,22.5,26.9,17.2,57.1,0.08,100,8.33,rain,0,0,22.7,16.9,103.1,1019.4,56.6,16.0,231.5,19.8,8,30,2022-07-15T05:45:33,2022-07-15T20:28:47,0.53,"Rain, Partially cloudy",Partly cloudy throughout the day with late afternoon rain.,rain,"72418013781,72408013739,72408594732,72030464752,E9167,KPHL,KILG,KLOM,KPNE",560
67,"Ridley Twp, PA, United States",2022-07-16,30.9,22.7,26.0,31.9,22.7,26.6,20.4,73.1,0.8,100,20.83,rain,0,0,28.8,20.7,126.5,1018.6,88.7,14.8,195.8,16.8,9,30,2022-07-16T05:46:19,2022-07-16T20:28:12,0.55,"Rain, Partially cloudy",Partly cloudy throughout the day with rain.,rain,"72418013781,72408013739,72408594732,72030464752,E9167,KPHL,KILG,KPNE",560
68,"Ridley Twp, PA, United States",2022-07-17,29.8,22.1,26.2,33.6,22.1,27.5,21.2,74.8,1.27,100,16.67,rain,0,0,16.6,17.6,159.7,1016.5,92.2,15.7,168.3,14.4,5,60,2022-07-17T05:47:06,2022-07-17T20:27:34,0.6,"Rain, Overcast",Cloudy skies throughout the day with early morning rain.,rain,"F6057,72418013781,72408013739,72408594732,72030464752,E9167,KPHL,KILG",560
69,"Ridley Twp, PA, United States",2022-07-18,34.0,24.9,28.5,38.5,24.9,30.6,22.9,73.6,0.94,100,25.0,rain,0,0,46.4,30.7,181.6,1012.1,85.9,16.0,192.0,16.6,8,100,2022-07-18T05:47:54,2022-07-18T20:26:55,0.65,"Rain, Partially cloudy",Partly cloudy throughout the day with late afternoon rain.,rain,"72418013781,72408013739,72408594732,72030464752,E9167,KPHL,KILG",560
70,"Ridley Twp, PA, United States",2022-07-19,33.7,24.8,28.8,35.0,24.8,29.7,20.0,61.5,0.0,0,0.0,,0,0,48.1,26.2,262.7,1009.7,49.9,16.0,282.7,24.5,9,10,2022-07-19T05:48:42,2022-07-19T20:26:14,0.7,Partially cloudy,Partly cloudy throughout the day.,partly-cloudy-day,"72418013781,72408013739,72408594732,72030464752,E9167,KPHL,KILG",560
71,"Ridley Twp, PA, United States",2022-07-20,34.9,24.7,30.0,37.5,24.7,31.6,20.7,59.5,0.0,0,0.0,,0,0,31.7,23.5,228.4,1008.6,18.3,16.0,255.0,21.9,8,30,2022-07-20T05:49:31,2022-07-20T20:25:31,0.75,Clear,Clear conditions throughout the day.,clear-day,"72418013781,72408013739,72408594732,72030464752,E9167,KPHL,KILG",560
72,"Ridley Twp, PA, United States",2022-07-21,35.5,26.5,30.7,40.1,26.5,33.9,22.2,62.4,0.04,100,4.17,rain,0,0,42.5,30.0,220.7,1005.5,44.2,16.0,258.7,22.4,9,100,2022-07-21T05:50:21,2022-07-21T20:24:47,0.8,"Rain, Partially cloudy",Partly cloudy throughout the day with afternoon rain.,rain,"72418013781,72408013739,72408594732,72030464752,E9167,KPHL,KILG,KLOM",560
73,"Ridley Twp, PA, United States",2022-07-22,35.5,25.8,30.8,35.9,25.8,31.7,19.0,52.9,0.0,0,0.0,,0,0,31.7,28.2,247.9,1011.7,36.1,16.0,268.5,23.1,8,30,2022-07-22T05:51:11,2022-07-22T20:24:00,0.85,Partially cloudy,Partly cloudy throughout the day.,partly-cloudy-day,"72418013781,72408013739,72408594732,72030464752,E9167,KPHL,KILG",560
74,"Ridley Twp, PA, United States",2022-07-23,36.0,25.9,31.5,37.6,25.9,33.0,19.7,52.2,0.0,0,0.0,,0,0,27.7,21.6,222.3,1015.9,41.7,16.0,274.4,23.6,8,60,2022-07-23T05:52:02,2022-07-23T20:23:12,0.89,Partially cloudy,Partly cloudy throughout the day.,partly-cloudy-day,"F6057,72418013781,72408013739,72408594732,72030464752,E9167,KPHL,KILG",560
75,"Ridley Twp, PA, United States",2022-07-24,36.6,25.7,31.1,39.7,25.7,33.0,20.4,55.6,0.0,0,0.0,,0,0,47.9,27.1,221.8,1016.0,60.9,16.0,272.5,23.5,9,75,2022-07-24T05:52:54,2022-07-24T20:22:23,0.93,Partially cloudy,Partly cloudy throughout the day.,partly-cloudy-day,"F6057,72418013781,72408013739,72408594732,72030464752,E9167,KPHL,KILG",560
76,"Ridley Twp, PA, United States",2022-07-25,32.9,27.5,29.7,37.6,30.1,33.9,23.2,68.3,0.19,100,8.33,rain,0,0,53.4,30.4,217.9,1012.6,72.4,16.0,122.0,10.5,5,100,2022-07-25T05:53:46,2022-07-25T20:21:31,0.96,"Rain, Partially cloudy",Partly cloudy throughout the day with afternoon rain.,rain,"F6057,72418013781,72408013739,72408594732,72030464752,E9167,KPHL,KILG",560
77,"Ridley Twp, PA, United States",2022-07-26,27.7,24.1,26.0,29.5,24.1,26.2,17.2,59.1,0.0,0,0.0,,0,0,35.3,19.6,216.3,1015.7,86.1,16.0,100.8,8.5,4,30,2022-07-26T05:54:38,2022-07-26T20:20:38,0.98,Partially cloudy,Partly cloudy throughout the day.,partly-cloudy-day,"F6057,72418013781,72408013739,72408594732,72030464752,E9167,KPHL,KILG",560
78,"Ridley Twp, PA, United States",2022-07-27,30.9,24.1,27.3,33.1,24.1,28.3,19.3,62.1,0.0,0,0.0,rain,0,0,35.3,17.7,194.2,1013.8,86.0,16.0,220.1,19.0,10,10,2022-07-27T05:55:31,2022-07-27T20:19:43,1.0,Partially cloudy,Partly cloudy throughout the day.,partly-cloudy-day,"F6057,72418013781,72408013739,72408594732,72030464752,E9167,KPHL,KILG",560
79,"Ridley Twp, PA, United States",2022-07-28,33.6,24.1,28.8,37.5,24.1,30.6,22.5,70.4,7.3,100,33.33,rain,0,0,63.3,47.6,248.0,1010.9,80.1,15.4,183.9,15.8,7,60,2022-07-28T05:56:25,2022-07-28T20:18:47,1.0,"Rain, Partially cloudy",Partly cloudy throughout the day with rain.,rain,"F6057,72418013781,72408013739,72408594732,72030464752,E9167,KPHL,KILG,KLOM",560
80,"Ridley Twp, PA, United States",2022-07-29,29.9,24.1,26.5,32.9,24.1,27.4,21.1,72.8,2.26,100,12.5,rain,0,0,25.6,17.4,245.4,1013.0,78.0,15.6,106.6,9.3,6,30,2022-07-29T05:57:19,2022-07-29T20:17:49,0.0,"Rain, Partially cloudy",Partly cloudy throughout the day with late afternoon rain.,rain,"F6057,72418013781,72408013739,72408594732,72030464752,E9167,KPHL,KILG,KPNE",560
81,"Ridley Twp, PA, United States",2022-07-30,32.0,23.6,27.7,31.2,23.6,27.6,16.6,53.6,0.0,0,0.0,,0,0,33.5,26.4,298.1,1017.3,58.3,16.0,275.2,23.9,9,10,2022-07-30T05:58:13,2022-07-30T20:16:49,0.01,Partially cloudy,Clearing in the afternoon.,partly-cloudy-day,"F6057,72418013781,72408013739,72408594732,72030464752,E9167,KPHL,KILG",560
82,"Ridley Twp, PA, United States",2022-07-31,32.0,22.3,26.8,31.6,22.3,27.0,17.5,59.2,0.23,100,16.67,rain,0,0,23.0,19.1,181.0,1020.5,76.4,15.9,191.5,16.5,8,10,2022-07-31T05:59:07,2022-07-31T20:15:48,0.04,"Rain, Partially cloudy",Partly cloudy throughout the day with late afternoon rain.,rain,"F6057,72418013781,72408013739,72408594732,72030464752,E9167,KPHL,KILG",560
83,"Ridley Twp, PA, United States",2022-08-01,27.1,20.5,23.4,28.4,20.5,23.6,19.7,80.4,7.61,100,37.5,rain,0,0,18.4,14.4,153.8,1014.6,88.6,14.2,111.3,9.7,6,10,2022-08-01T06:00:02,2022-08-01T20:14:46,0.07,"Rain, Partially cloudy",Partly cloudy throughout the day with a chance of rain throughout the day.,rain,"F6057,72418013781,72408013739,72408594732,72030464752,E9167,KPHL,KILG",560
84,"Ridley Twp, PA, United States",2022-08-02,33.7,22.6,28.2,35.7,22.6,29.3,20.2,64.9,0.54,100,20.83,rain,0,0,35.3,23.7,218.8,1010.6,48.3,15.9,266.2,23.1,9,60,2022-08-02T06:00:57,2022-08-02T20:13:42,0.1,"Rain, Partially cloudy",Partly cloudy throughout the day with a chance of rain throughout the day.,rain,"F6057,72418013781,72408013739,72408594732,72030464752,E9167,KPHL,KILG",560
85,"Ridley Twp, PA, United States",2022-08-03,32.8,23.8,28.5,33.8,23.8,29.1,17.7,53.2,0.0,0,0.0,,0,0,27.7,21.5,175.0,1015.3,22.5,16.0,271.3,23.4,8,10,2022-08-03T06:01:53,2022-08-03T20:12:36,0.14,Partially cloudy,Clearing in the afternoon.,partly-cloudy-day,"F6057,72418013781,72408013739,72408594732,72030464752,E9167,KPHL,KILG,KPNE",560
86,"Ridley Twp, PA, United States",2022-08-04,35.8,24.0,29.3,40.4,24.0,31.5,21.8,66.0,1.64,100,12.5,rain,0,0,70.2,21.9,207.5,1017.4,27.3,15.4,264.9,22.8,8,100,2022-08-04T06:02:48,2022-08-04T20:11:29,0.2,"Rain, Partially cloudy",Partly cloudy throughout the day with late afternoon rain.,rain,"F6057,72418013781,72408013739,72408594732,72030464752,E9167,KPHL,KILG",560
87,"Ridley Twp, PA, United States",2022-08-05,33.1,23.6,27.5,37.3,23.6,29.3,21.9,72.9,0.87,100,16.67,rain,0,0,55.4,20.7,236.4,1020.6,80.1,15.9,183.4,15.7,8,75,2022-08-05T06:03:44,2022-08-05T20:10:21,0.25,"Rain, Partially cloudy",Partly cloudy throughout the day with rain.,rain,"F6057,72418013781,72408013739,72408594732,72030464752,E9167,KPHL,KILG",560
88,"Ridley Twp, PA, United States",2022-08-06,32.6,23.7,28.1,36.3,23.7,30.2,22.1,71.3,0.0,0,0.0,rain,0,0,40.6,21.8,212.9,1022.7,78.0,16.0,198.2,17.4,7,75,2022-08-06T06:04:40,2022-08-06T20:09:11,0.31,Partially cloudy,Partly cloudy throughout the day.,partly-cloudy-day,"F6057,72418013781,72408013739,72408594732,72030464752,E9167,KPHL,KILG",560
89,"Ridley Twp, PA, United States",2022-08-07,34.2,25.6,29.8,37.5,25.6,32.6,22.6,67.1,0.0,0,0.0,rain,0,0,42.5,32.3,209.9,1021.2,57.8,16.0,285.5,24.4,9,75,2022-08-07T06:05:37,2022-08-07T20:08:00,0.36,Partially cloudy,Partly cloudy throughout the day.,partly-cloudy-day,"F6057,72418013781,72408013739,72408594732,72030464752,E9167,KPHL,KILG",560
90,"Ridley Twp, PA, United States",2022-08-08,34.9,26.0,30.4,39.6,26.0,34.0,23.2,66.8,0.0,0,0.0,rain,0,0,38.6,29.9,217.7,1016.4,41.7,16.0,248.7,21.3,9,60,2022-08-08T06:06:33,2022-08-08T20:06:48,0.41,Partially cloudy,Partly cloudy throughout the day.,partly-cloudy-day,"F6057,72418013781,72408013739,72408594732,72030464752,E9167,KPHL,KILG",560
91,"Ridley Twp, PA, United States",2022-08-09,36.0,27.1,30.8,41.7,29.9,35.5,23.7,67.8,5.58,100,20.83,rain,0,0,50.0,25.9,241.3,1013.9,47.6,15.5,279.3,24.2,9,75,2022-08-09T06:07:29,2022-08-09T20:05:34,0.45,"Rain, Partially cloudy",Partly cloudy throughout the day with late afternoon rain.,rain,"F6057,72418013781,72408013739,72408594732,72030464752,E9167,KPHL,KILG",560
92,"Ridley Twp, PA, United States",2022-08-10,32.6,25.8,29.2,35.4,25.8,30.8,21.7,65.6,0.69,100,4.17,rain,0,0,27.7,13.9,246.2,1016.1,68.0,16.0,228.7,19.7,9,30,2022-08-10T06:08:26,2022-08-10T20:04:19,0.48,"Rain, Partially cloudy",Becoming cloudy in the afternoon with early morning rain.,rain,"F6057,72418013781,72408013739,72408594732,72030464752,E9167,KPHL,KILG",560
93,"Ridley Twp, PA, United States",2022-08-11,32.0,23.3,27.8,31.9,23.3,28.4,19.9,65.3,21.72,100,29.17,rain,0,0,29.9,18.1,270.8,1012.8,78.3,15.2,227.8,19.6,9,30,2022-08-11T06:09:23,2022-08-11T20:03:03,0.5,"Rain, Partially cloudy",Partly cloudy throughout the day with a chance of rain throughout the day.,rain,"F6057,72418013781,72408013739,72408594732,72030464752,E9167,KPHL,KILG",560
94,"Ridley Twp, PA, United States",2022-08-12,29.9,22.6,26.5,28.7,22.6,26.1,12.1,42.2,0.0,0,0.0,rain,0,0,38.2,24.5,264.4,1015.2,58.5,16.0,251.3,21.7,9,10,2022-08-12T06:10:19,2022-08-12T20:01:46,0.5,Partially cloudy,Partly cloudy throughout the day.,partly-cloudy-day,"F6057,72418013781,72408013739,72408594732,72030464752,E9167,KPHL,KILG",560
95,"Ridley Twp, PA, United States",2022-08-13,28.8,18.5,23.6,27.6,18.5,23.3,9.3,42.0,0.0,0,0.0,,0,0,37.1,21.7,151.3,1018.7,26.5,16.0,282.8,24.5,9,10,2022-08-13T06:11:16,2022-08-13T20:00:28,0.52,Partially cloudy,Partly cloudy throughout the day.,partly-cloudy-day,"F6057,72418013781,72408013739,72408594732,72030464752,E9167,KPHL,KILG,KPNE",560
96,"Ridley Twp, PA, United States",2022-08-14,29.2,19.7,24.0,28.4,19.7,23.8,14.1,56.5,0.0,0,0.0,,0,0,25.9,16.8,160.3,1017.4,74.6,16.0,216.9,18.7,8,10,2022-08-14T06:12:13,2022-08-14T19:59:08,0.54,Partially cloudy,Partly cloudy throughout the day.,partly-cloudy-day,"F6057,72418013781,72408013739,72408594732,72030464752,E9167,KPHL,KILG",560
97,"Ridley Twp, PA, United States",2022-08-15,28.7,20.8,23.8,28.1,20.8,23.7,14.2,57.0,0.11,100,8.33,rain,0,0,29.5,20.2,150.2,1015.4,69.5,16.0,150.0,13.1,6,10,2022-08-15T06:13:10,2022-08-15T19:57:48,0.58,"Rain, Partially cloudy",Partly cloudy throughout the day with morning rain.,rain,"F6057,72418013781,72408013739,72408594732,99999903761,72407493780,72030464752,E9167,KPHL,KILG",560
98,"Ridley Twp, PA, United States",2022-08-16,29.2,18.3,23.6,28.5,18.3,23.4,13.8,56.6,0.0,0,0.0,,0,0,38.9,24.9,120.6,1015.6,57.0,16.0,237.0,20.4,9,10,2022-08-16T06:14:06,2022-08-16T19:56:26,0.62,Partially cloudy,Partly cloudy throughout the day.,partly-cloudy-day,"F6057,72418013781,72408013739,72408594732,72030464752,E9167,KPHL,KILG",560
99,"Ridley Twp, PA, United States",2022-08-17,28.1,20.2,24.2,27.8,20.2,24.1,14.9,58.2,0.37,100,12.5,rain,0,0,19.4,18.9,179.9,1015.5,59.9,16.0,211.3,18.2,9,10,2022-08-17T06:15:03,2022-08-17T19:55:04,0.67,"Rain, Partially cloudy",Partly cloudy throughout the day with afternoon rain.,rain,"F6057,72418013781,72408013739,72408594732,72030464752,E9167,KPHL,KILG,DE038",560
100,"Ridley Twp, PA, United States",2022-08-18,30.5,18.9,24.8,29.7,18.9,24.6,14.7,56.5,0.0,0,0.0,,0,0,37.1,23.1,253.0,1013.8,24.0,16.0,259.0,22.5,9,10,2022-08-18T06:16:00,2022-08-18T19:53:40,0.72,Partially cloudy,Partly cloudy throughout the day.,partly-cloudy-day,"F6057,72418013781,72408013739,72408594732,72030464752,E9167,KPHL,KILG,DE038",560
101,"Ridley Twp, PA, United States",2022-08-19,32.2,21.1,26.7,31.9,21.1,26.8,16.9,57.4,0.0,0,0.0,,0,0,38.9,21.5,229.1,1017.7,35.4,16.0,265.9,22.8,9,10,2022-08-19T06:16:57,2022-08-19T19:52:16,0.77,Partially cloudy,Partly cloudy throughout the day.,partly-cloudy-day,"F6057,72418013781,72408013739,72408594732,72030464752,E9167,KPHL,KILG,DE038,KLOM",560
102,"Ridley Twp, PA, United States",2022-08-20,33.2,23.2,27.6,33.9,23.2,27.9,18.1,58.3,0.0,0,0.0,rain,0,0,38.9,23.5,174.2,1020.5,55.6,16.0,267.7,23.2,9,30,2022-08-20T06:17:54,2022-08-20T19:50:50,0.82,Partially cloudy,Clearing in the afternoon.,partly-cloudy-day,"72418013781,72408013739,72408594732,72030464752,E9167,KPHL,KILG,DE038",560
103,"Ridley Twp, PA, United States",2022-08-21,29.8,21.5,25.1,31.6,21.5,25.6,20.3,75.8,0.05,100,4.17,rain,0,0,24.5,21.5,121.4,1018.8,77.7,15.9,120.6,10.3,7,60,2022-08-21T06:18:51,2022-08-21T19:49:24,0.86,"Rain, Partially cloudy",Partly cloudy throughout the day with late afternoon rain.,rain,"F6057,72418013781,72408013739,72408594732,72030464752,E9167,KPHL,KILG",560
104,"Ridley Twp, PA, United States",2022-08-22,30.4,23.2,25.7,33.2,23.2,26.6,22.0,80.9,6.57,100,45.83,rain,0,0,28.4,21.6,142.3,1012.3,92.5,15.1,180.2,15.4,10,75,2022-08-22T06:19:47,2022-08-22T19:47:57,0.9,"Rain, Overcast",Cloudy skies throughout the day with rain.,rain,"F6057,72418013781,72408013739,72408594732,72030464752,E9167,KPHL,KILG",560
105,"Ridley Twp, PA, United States",2022-08-23,29.9,21.9,25.8,30.6,21.9,26.3,19.3,69.2,0.0,0,0.0,,0,0,31.7,24.8,278.0,1010.5,58.4,15.7,246.8,21.4,10,60,2022-08-23T06:20:44,2022-08-23T19:46:29,0.94,Partially cloudy,Partly cloudy throughout the day.,partly-cloudy-day,"F6057,72418013781,72408013739,72408594732,72030464752,E9167,KPHL,KILG,KLOM,KPNE",560
106,"Ridley Twp, PA, United States",2022-08-24,32.1,22.5,27.1,31.9,22.5,27.1,17.1,56.7,0.0,0,0.0,,0,0,33.5,21.2,304.0,1014.9,23.3,16.0,244.6,21.1,9,30,2022-08-24T06:21:41,2022-08-24T19:45:00,0.97,Partially cloudy,Partly cloudy throughout the day.,partly-cloudy-day,"72418013781,72408013739,72408594732,72030464752,E9167,KPHL,KILG,DE038",560
107,"Ridley Twp, PA, United States",2022-08-25,32.7,22.2,27.7,32.5,22.2,27.7,16.6,53.0,0.0,0,0.0,,0,0,21.2,15.8,252.6,1016.9,44.4,16.0,244.1,20.9,9,10,2022-08-25T06:22:37,2022-08-25T19:43:30,0.99,Partially cloudy,Becoming cloudy in the afternoon.,partly-cloudy-day,"72418013781,72408013739,72408594732,72030464752,E9167,KPHL,KILG,DE038,KLOM",560
108,"Ridley Twp, PA, United States",2022-08-26,33.7,24.1,28.5,34.6,24.1,29.4,20.0,62.5,0.0,0,0.0,rain,0,0,29.5,26.5,222.9,1014.0,55.5,15.8,219.3,18.9,9,75,2022-08-26T06:23:34,2022-08-26T19:42:00,1.0,Partially cloudy,Partly cloudy throughout the day.,partly-cloudy-day,"72418013781,72408013739,72408594732,72030464752,E9167,KPHL,KILG,DE038",560
109,"Ridley Twp, PA, United States",2022-08-27,33.2,23.6,28.0,33.6,23.6,28.5,19.2,61.3,0.0,0,0.0,rain,0,0,33.5,16.1,139.0,1015.2,61.3,16.0,243.0,21.1,9,60,2022-08-27T06:24:30,2022-08-27T19:40:29,0.0,Partially cloudy,Partly cloudy throughout the day.,partly-cloudy-day,"72418013781,72408013739,72408594732,72030464752,E9167,KPHL,KILG,DE038,KLOM",560
110,"Ridley Twp, PA, United States",2022-08-28,32.5,23.7,26.7,36.4,23.7,27.9,22.0,76.5,0.0,0,0.0,rain,0,0,23.8,24.8,93.4,1019.4,77.3,14.8,190.7,16.5,9,75,2022-08-28T06:25:27,2022-08-28T19:38:57,0.01,Partially cloudy,Partly cloudy throughout the day.,partly-cloudy-day,"F6057,72418013781,72408013739,72408594732,72030464752,E9167,KPHL,KILG,DE038",560
111,"Ridley Twp, PA, United States",2022-08-29,32.7,23.2,27.5,34.5,23.2,28.5,21.4,72.1,0.0,0,0.0,rain,0,0,33.5,20.4,143.3,1019.1,54.1,13.2,259.3,22.4,10,60,2022-08-29T06:26:23,2022-08-29T19:37:25,0.02,Partially cloudy,Clearing in the afternoon.,partly-cloudy-day,"72418013781,72408013739,72408594732,72030464752,E9167,KPHL,KILG,DE038",560
112,"Ridley Twp, PA, United States",2022-08-30,34.1,25.4,28.1,37.1,25.4,29.5,22.2,72.6,10.04,100,12.5,rain,0,0,50.0,25.6,207.9,1012.1,78.6,15.9,215.6,18.7,10,75,2022-08-30T06:27:20,2022-08-30T19:35:52,0.05,"Rain, Partially cloudy",Clearing in the afternoon with late afternoon rain.,rain,"F6057,72418013781,72408013739,72408594732,72030464752,E9167,KPHL,KILG,KLOM,KPNE",560
113,"Ridley Twp, PA, United States",2022-08-31,29.8,22.0,25.8,29.0,22.0,25.6,16.5,60.2,0.0,0,0.0,,0,0,37.1,26.8,278.6,1010.5,37.7,16.0,204.0,17.7,10,10,2022-08-31T06:28:16,2022-08-31T19:34:18,0.09,Partially cloudy,Becoming cloudy in the afternoon.,partly-cloudy-day,"72418013781,72408013739,72408594732,72030464752,E9167,KPHL,KILG",560
114,"Ridley Twp, PA, United States",2022-09-01,31.1,20.7,25.9,30.3,20.7,25.6,13.4,48.4,0.0,0,0.0,,0,0,31.7,23.8,262.2,1014.5,14.5,16.0,272.4,23.5,9,10,2022-09-01T06:29:12,2022-09-01T19:32:44,0.13,Clear,Clear conditions throughout the day.,clear-day,"72418013781,72408013739,72408594732,72030464752,E9167,KPHL,KILG,DE038",560
115,"Ridley Twp, PA, United States",2022-09-02,28.8,18.4,23.4,28.0,18.4,23.3,12.7,53.0,0.0,0,0.0,,0,0,23.0,17.6,83.7,1022.6,38.0,16.0,267.7,23.1,9,10,2022-09-02T06:30:08,2022-09-02T19:31:09,0.18,Partially cloudy,Partly cloudy throughout the day.,partly-cloudy-day,"F6057,72418013781,72408013739,72408594732,72030464752,E9167,KPHL,KILG,DE038",560
116,"Ridley Twp, PA, United States",2022-09-03,30.5,19.6,24.5,31.2,19.6,24.8,18.3,70.3,0.0,0,0.0,,0,0,23.0,13.5,95.7,1023.8,81.2,16.0,157.3,13.2,9,10,2022-09-03T06:31:05,2022-09-03T19:29:34,0.24,Partially cloudy,Partly cloudy throughout the day.,partly-cloudy-day,"F6057,72418013781,72408013739,72408594732,72030464752,E9167,KPHL,KILG",560
117,"Ridley Twp, PA, United States",2022-09-04,32.1,21.9,26.5,33.4,21.9,27.2,19.5,67.6,0.0,0,0.0,,0,0,33.1,20.0,212.9,1019.9,74.4,16.0,226.8,19.4,10,30,2022-09-04T06:32:01,2022-09-04T19:27:58,0.29,Partially cloudy,Partly cloudy throughout the day.,partly-cloudy-day,"72418013781,72408013739,72408594732,72030464752,E9167,KPHL,KILG",560
118,"Ridley Twp, PA, United States",2022-09-05,31.5,22.7,26.6,31.9,22.7,27.0,19.1,65.1,0.02,100,8.33,rain,0,0,37.1,19.0,183.6,1018.0,86.9,16.0,188.0,16.4,10,30,2022-09-05T06:32:57,2022-09-05T19:26:22,0.35,"Rain, Partially cloudy",Partly cloudy throughout the day with late afternoon rain.,rain,"F6057,72418013781,72408013739,72408594732,72030464752,E9167,KPHL,KILG",560
119,"Ridley Twp, PA, United States",2022-09-06,25.4,21.2,23.1,25.4,21.2,23.1,20.9,87.6,31.07,100,91.67,rain,0,0,34.6,21.6,102.5,1014.7,99.6,12.8,41.5,3.6,2,30,2022-09-06T06:33:53,2022-09-06T19:24:46,0.4,"Rain, Overcast",Cloudy skies throughout the day with a chance of rain throughout the day.,rain,"F6057,72418013781,72408013739,72408594732,72030464752,KPHL,KILG",560
120,"Ridley Twp, PA, United States",2022-09-07,23.1,20.6,21.6,23.1,20.6,21.6,18.8,83.9,3.51,100,29.17,rain,0,0,32.4,20.1,51.0,1014.7,100.0,15.0,63.8,5.5,2,10,2022-09-07T06:34:49,2022-09-07T19:23:09,0.44,"Rain, Overcast",Cloudy skies throughout the day with a chance of rain throughout the day.,rain,"F6057,72418013781,72408013739,72408594732,72030464752,E9167,KPHL,KILG",560
121,"Ridley Twp, PA, United States",2022-09-08,27.6,18.6,22.6,27.4,18.6,22.7,15.8,67.5,0.0,0,0.0,rain,0,0,33.5,18.2,149.4,1013.1,55.1,16.0,261.4,22.3,9,10,2022-09-08T06:35:45,2022-09-08T19:21:31,0.47,Partially cloudy,Partly cloudy throughout the day.,partly-cloudy-day,"F6057,72418013781,72408013739,72408594732,72030464752,KPHL,KILG,KLOM",560
122,"Ridley Twp, PA, United States",2022-09-09,28.7,17.5,22.6,28.1,17.5,22.5,14.9,65.5,0.0,0,0.0,rain,0,0,27.7,14.6,144.3,1017.5,14.2,15.9,238.5,20.6,8,10,2022-09-09T06:36:41,2022-09-09T19:19:54,0.49,Clear,Clear conditions throughout the day.,clear-day,"F6057,72418013781,72408013739,72408594732,72030464752,KPHL,KILG",560
123,"Ridley Twp, PA, United States",2022-09-10,27.7,16.4,22.5,27.8,16.4,22.6,16.1,69.0,0.0,0,0.0,rain,0,0,20.5,14.2,173.4,1023.2,44.4,15.9,212.7,18.4,8,10,2022-09-10T06:37:38,2022-09-10T19:18:16,0.5,Partially cloudy,Partly cloudy throughout the day.,partly-cloudy-day,"F6057,72418013781,72408013739,72408594732,72030464752,KPHL,KILG",560
124,"Ridley Twp, PA, United States",2022-09-11,24.7,22.1,22.9,24.7,22.1,22.9,20.1,84.5,9.55,100,54.17,rain,0,0,38.9,16.2,87.9,1019.3,99.2,13.3,56.0,5.0,3,10,2022-09-11T06:38:34,2022-09-11T19:16:38,0.51,"Rain, Overcast",Cloudy skies throughout the day with rain.,rain,"F6057,72418013781,72408013739,72408594732,72030464752,KPHL,KILG,DE038",560
125,"Ridley Twp, PA, United States",2022-09-12,29.2,23.2,25.8,31.7,23.2,26.6,21.9,79.9,1.55,100,20.83,rain,0,0,23.8,10.9,181.4,1010.4,92.7,15.4,180.3,15.6,9,75,2022-09-12T06:39:30,2022-09-12T19:15:00,0.53,"Rain, Overcast",Cloudy skies throughout the day with rain.,rain,"F6057,72418013781,72408013739,72408594732,72030464752,E9167,KPHL,KILG",560
126,"Ridley Twp, PA, United States",2022-09-13,28.7,22.4,25.3,29.7,22.4,25.5,18.0,66.9,0.0,0,0.0,rain,0,0,35.3,35.2,253.2,1008.2,59.4,15.2,187.5,16.2,7,60,2022-09-13T06:40:26,2022-09-13T19:13:21,0.56,Partially cloudy,Partly cloudy throughout the day.,partly-cloudy-day,"F6057,72418013781,72408013739,72408594732,72030464752,E9167,KPHL,KILG",560
127,"Ridley Twp, PA, United States",2022-09-14,27.1,17.5,22.6,27.1,17.5,22.6,13.5,57.5,0.0,0,0.0,,0,0,37.0,21.5,292.7,1015.1,22.8,16.0,252.2,21.8,10,10,2022-09-14T06:41:22,2022-09-14T19:11:42,0.6,Partially cloudy,Partly cloudy throughout the day.,partly-cloudy-day,"F6057,72418013781,72408013739,72408594732,72030464752,E9167,KPHL,KILG",560
128,"Ridley Twp, PA, United States",2022-09-15,24.9,18.6,21.7,24.9,18.6,21.7,11.5,54.5,0.0,0,0.0,,0,0,44.6,26.4,314.0,1020.7,9.0,16.0,239.3,20.6,9,10,2022-09-15T06:42:18,2022-09-15T19:10:03,0.64,Clear,Clear conditions throughout the day.,clear-day,"72418013781,72408013739,72408594732,72030464752,E9167,KPHL,KILG",560
129,"Ridley Twp, PA, United States",2022-09-16,26.0,13.9,20.2,26.0,13.9,20.2,10.5,55.0,0.0,0,0.0,,0,0,17.6,15.8,276.0,1022.3,19.9,16.0,192.1,16.4,8,10,2022-09-16T06:43:15,2022-09-16T19:08:24,0.69,Clear,Clear conditions throughout the day.,clear-day,"F6057,72418013781,72408013739,72408594732,72030464752,E9167,KPHL,KILG",560
130,"Ridley Twp, PA, United States",2022-09-17,27.7,17.9,22.7,28.0,17.9,22.7,15.0,63.1,0.0,0,0.0,,0,0,20.9,14.5,165.4,1023.1,52.2,16.0,211.8,18.3,8,10,2022-09-17T06:44:11,2022-09-17T19:06:45,0.74,Partially cloudy,Partly cloudy throughout the day.,partly-cloudy-day,"72418013781,72408013739,72408594732,72030464752,E9167,KPHL,KILG,DE038",560
131,"Ridley Twp, PA, United States",2022-09-18,29.2,19.1,23.6,28.8,19.1,23.5,16.0,65.4,0.0,0,0.0,,0,0,26.6,24.8,221.7,1019.0,32.2,16.0,224.3,19.5,8,10,2022-09-18T06:45:08,2022-09-18T19:05:06,0.78,Partially cloudy,Clearing in the afternoon.,partly-cloudy-day,"F6057,72418013781,72408013739,72408594732,72030464752,KPHL,KILG",560
132,"Ridley Twp, PA, United States",2022-09-19,30.9,20.3,24.9,30.8,20.3,25.0,17.7,66.9,0.02,100,4.17,rain,0,0,53.6,35.6,238.0,1013.8,47.0,15.9,199.1,17.3,9,30,2022-09-19T06:46:04,2022-09-19T19:03:27,0.83,"Rain, Partially cloudy",Becoming cloudy in the afternoon with afternoon rain.,rain,"F6057,72418013781,72408013739,72408594732,72030464752,E9167,KPHL,KILG",560
133,"Ridley Twp, PA, United States",2022-09-20,28.2,20.4,24.3,27.6,20.4,24.2,15.1,59.3,0.0,0,0.0,,0,0,42.5,28.4,290.7,1012.9,33.4,15.9,252.6,21.8,10,10,2022-09-20T06:47:01,2022-09-20T19:01:47,0.87,Partially cloudy,Partly cloudy throughout the day.,partly-cloudy-day,"F6057,72418013781,72408013739,72408594732,72030464752,E9167,KPHL,KILG",560
134,"Ridley Twp, PA, United States",2022-09-21,28.7,17.9,23.1,28.4,17.9,23.0,15.3,63.3,0.0,0,0.0,,0,0,28.1,17.9,265.1,1013.6,49.3,15.9,215.1,18.6,8,10,2022-09-21T06:47:58,2022-09-21T19:00:08,0.91,Partially cloudy,Partly cloudy throughout the day.,partly-cloudy-day,"F6057,72418013781,72408013739,72408594732,99999903761,72407493780,72030464752,E9167,KPHL,KILG,DE038",560
135,"Ridley Twp, PA, United States",2022-09-22,27.1,16.4,21.7,28.6,16.4,21.8,15.4,68.6,1.04,100,12.5,rain,0,0,55.4,36.4,268.4,1005.8,63.0,15.4,79.1,6.8,3,30,2022-09-22T06:48:55,2022-09-22T18:58:29,0.95,"Rain, Partially cloudy",Partly cloudy throughout the day with afternoon rain.,rain,"F6057,72418013781,72408013739,72408594732,72030464752,E9167,KPHL,KILG,DE038",560
136,"Ridley Twp, PA, United States",2022-09-23,19.8,13.0,15.8,19.8,13.0,15.8,3.3,44.7,0.0,0,0.0,,0,0,55.2,36.6,315.0,1014.5,22.7,16.0,233.4,20.1,9,10,2022-09-23T06:49:52,2022-09-23T18:56:50,0.97,Partially cloudy,Clearing in the afternoon.,partly-cloudy-day,"F6057,72418013781,72408013739,72408594732,72030464752,E9167,KPHL,KILG,DE038",560
137,"Ridley Twp, PA, United States",2022-09-24,21.6,9.1,15.2,21.6,7.2,15.0,5.4,53.3,0.0,0,0.0,,0,0,29.9,23.5,269.2,1017.0,51.8,16.0,139.4,12.1,6,10,2022-09-24T06:50:49,2022-09-24T18:55:11,0.99,Partially cloudy,Partly cloudy throughout the day.,partly-cloudy-day,"72418013781,72408013739,72408594732,72030464752,E9167,KPHL,KILG,DE038",560
138,"Ridley Twp, PA, United States",2022-09-25,23.9,15.9,18.7,23.9,15.9,18.7,13.8,74.0,3.42,100,25.0,rain,0,0,66.0,20.9,206.4,1007.5,85.6,15.8,108.7,9.4,7,10,2022-09-25T06:51:46,2022-09-25T18:53:32,1.0,"Rain, Partially cloudy",Partly cloudy throughout the day with rain.,rain,"72418013781,72408013739,72408594732,72030464752,E9167,KPHL,KILG,DE038",560
139,"Ridley Twp, PA, United States",2022-09-26,25.8,16.4,20.9,25.8,16.4,20.9,11.4,57.8,0.01,100,4.17,rain,0,0,40.7,28.4,246.6,1006.5,54.1,16.0,224.3,19.3,9,10,2022-09-26T06:52:44,2022-09-26T18:51:53,0.0,"Rain, Partially cloudy",Becoming cloudy in the afternoon with early morning rain.,rain,"72418013781,72408013739,72408594732,72030464752,E9167,KPHL,KILG,DE038",560
140,"Ridley Twp, PA, United States",2022-09-27,22.7,16.2,19.2,22.7,16.2,19.2,7.2,46.8,0.0,0,0.0,,0,0,46.4,31.8,255.3,1012.0,48.2,16.0,201.0,17.5,9,10,2022-09-27T06:53:41,2022-09-27T18:50:15,0.01,Partially cloudy,Partly cloudy throughout the day.,partly-cloudy-day,"72418013781,72408013739,72408594732,72030464752,E9167,KPHL,KILG,DE038",560
141,"Ridley Twp, PA, United States",2022-09-28,21.0,11.4,16.6,21.0,11.4,16.6,8.3,59.4,0.0,0,0.0,,0,0,29.5,23.6,296.9,1020.4,33.6,16.0,189.5,16.5,9,10,2022-09-28T06:54:39,2022-09-28T18:48:37,0.04,Partially cloudy,Becoming cloudy in the afternoon.,partly-cloudy-day,"72418013781,72408013739,72408594732,72030464752,E9167,KPHL,KILG,DE038",560
142,"Ridley Twp, PA, United States",2022-09-29,21.5,12.4,16.9,21.5,12.4,16.9,8.2,58.1,0.0,0,0.0,,0,0,41.8,25.3,119.1,1026.8,49.0,16.0,200.2,17.2,8,10,2022-09-29T06:55:37,2022-09-29T18:46:59,0.07,Partially cloudy,Partly cloudy throughout the day.,partly-cloudy-day,"KVAY,72418013781,72408013739,72408594732,72030464752,E9167,KPHL,KILG,KLOM,KPNE",560
143,"Ridley Twp, PA, United States",2022-09-30,18.5,13.0,15.5,18.5,13.0,15.5,8.6,64.0,0.4,81,8.33,rain,0,0,43.2,24.8,42.2,1024.1,86.7,19.1,71.8,6.2,3,10,2022-09-30T06:56:36,2022-09-30T18:45:21,0.12,"Rain, Partially cloudy",Partly cloudy throughout the day with late afternoon rain.,rain,"KVAY,E9167,KPHL,KILG,KLOM,KPNE",560
