,name,datetime,tempmax,tempmin,temp,feelslikemax,feelslikemin,feelslike,dew,humidity,precip,precipprob,precipcover,preciptype,snow,snowdepth,windgust,windspeed,winddir,sealevelpressure,cloudcover,visibility,solarradiation,solarenergy,uvindex,severerisk,sunrise,sunset,moonphase,conditions,description,icon,stations,skey
0,"Malvern, PA, United States",2022-05-10,22.7,9.7,16.1,22.7,8.0,16.0,-3.0,27.5,0.0,0,0.0,,0,0,49.7,22.9,51.9,1026.2,25.1,16.0,295.1,25.4,10,10,2022-05-10T05:51:38,2022-05-10T20:05:56,0.32,Partially cloudy,Partly cloudy throughout the day.,partly-cloudy-day,"72510954782,72408013739,72030464752,F6193,KPHL,KLOM,DE045",597
1,"Malvern, PA, United States",2022-05-11,21.7,9.1,16.0,21.7,8.7,15.9,5.9,52.7,0.0,0,0.0,,0,0,46.4,24.6,49.3,1024.7,41.4,16.0,176.7,15.2,6,10,2022-05-11T05:50:36,2022-05-11T20:06:54,0.37,Partially cloudy,Partly cloudy throughout the day.,partly-cloudy-day,"72510954782,72408013739,72030464752,F6193,KPHL,KLOM,DE045",597
2,"Malvern, PA, United States",2022-05-12,23.9,10.8,17.8,23.9,10.8,17.8,13.3,76.3,0.0,0,0.0,,0,0,32.8,16.1,67.3,1024.9,50.7,16.0,170.5,14.7,10,10,2022-05-12T05:49:35,2022-05-12T20:07:52,0.41,Partially cloudy,Partly cloudy throughout the day.,partly-cloudy-day,"72510954782,72408013739,72030464752,F6193,KPHL,KPTW,KLOM,DE045",597
3,"Malvern, PA, United States",2022-05-13,21.9,15.1,18.1,21.9,15.1,18.1,16.8,92.6,2.3,100,29.17,rain,0,0,33.5,12.9,67.5,1023.6,97.4,12.1,93.7,8.1,4,60,2022-05-13T05:48:36,2022-05-13T20:08:49,0.45,"Rain, Overcast",Cloudy skies throughout the day with rain in the morning and afternoon.,rain,"72510954782,72408013739,72030464752,F6193,KPHL,KPTW,KLOM,DE045",597
4,"Malvern, PA, United States",2022-05-14,20.4,17.5,18.7,20.4,17.5,18.7,18.0,96.1,5.29,100,62.5,rain,0,0,18.7,10.1,89.5,1017.9,96.2,10.0,59.9,5.2,3,10,2022-05-14T05:47:39,2022-05-14T20:09:46,0.48,"Rain, Overcast",Cloudy skies throughout the day with rain.,rain,"72510954782,72408013739,72030464752,F6193,KPHL,KPTW,KLOM,DE045",597
5,"Malvern, PA, United States",2022-05-15,24.7,16.9,20.5,24.7,16.9,20.5,17.3,82.9,0.12,100,4.17,rain,0,0,37.1,12.5,184.3,1012.0,79.7,13.4,172.4,14.6,9,30,2022-05-15T05:46:43,2022-05-15T20:10:43,0.5,"Rain, Partially cloudy",Partly cloudy throughout the day with morning rain.,rain,"72510954782,72408013739,72030464752,F6193,KPHL,KPTW,KLOM,DE045",597
6,"Malvern, PA, United States",2022-05-16,23.9,16.3,19.4,23.9,16.3,19.4,16.5,84.1,6.94,100,20.83,rain,0,0,50.1,21.9,221.8,1005.9,66.4,13.3,154.2,13.2,8,60,2022-05-16T05:45:48,2022-05-16T20:11:39,0.5,"Rain, Partially cloudy",Partly cloudy throughout the day with rain.,rain,"72510954782,72408013739,72030464752,F6193,KPHL,KPTW,KLOM,DE045",597
7,"Malvern, PA, United States",2022-05-17,25.1,10.2,18.2,25.1,10.2,18.2,7.4,54.7,0.0,0,0.0,,0,0,46.5,25.3,281.0,1009.4,15.5,16.0,269.0,23.4,9,10,2022-05-17T05:44:56,2022-05-17T20:12:35,0.52,Clear,Clear conditions throughout the day.,clear-day,"72510954782,72408013739,72030464752,F6193,KPHL,KPTW,KLOM,DE045",597
8,"Malvern, PA, United States",2022-05-18,21.2,8.9,16.0,21.2,8.9,16.0,5.9,52.7,0.0,0,0.0,,0,0,28.1,16.2,281.2,1014.9,27.6,16.0,284.9,24.8,9,10,2022-05-18T05:44:05,2022-05-18T20:13:30,0.54,Partially cloudy,Partly cloudy throughout the day.,partly-cloudy-day,"72510954782,72408013739,72030464752,F6193,KPHL,KPTW,KLOM,DE045",597
9,"Malvern, PA, United States",2022-05-19,24.6,12.8,17.2,24.6,12.8,17.2,13.7,81.3,16.58,100,33.33,rain,0,0,36.0,13.0,192.4,1008.2,75.0,13.4,127.8,11.1,7,30,2022-05-19T05:43:15,2022-05-19T20:14:25,0.58,"Rain, Partially cloudy",Partly cloudy throughout the day with rain clearing later.,rain,"72510954782,72408013739,72030464752,F6193,KPHL,KPTW,KLOM,DE045",597
10,"Malvern, PA, United States",2022-05-20,28.4,13.0,19.7,28.8,13.0,19.7,16.5,83.5,7.6,100,12.5,rain,0,0,56.5,20.3,97.4,1012.0,42.8,14.2,187.8,16.3,9,60,2022-05-20T05:42:28,2022-05-20T20:15:18,0.63,"Rain, Partially cloudy",Partly cloudy throughout the day with afternoon rain.,rain,"72510954782,72408013739,72030464752,F6193,KPHL,KPTW,KLOM,DE045",597
11,"Malvern, PA, United States",2022-05-21,33.4,18.1,25.4,35.0,18.1,26.2,19.1,72.1,0.0,0,0.0,rain,0,0,29.2,16.3,195.0,1015.9,41.8,10.4,268.6,23.5,9,100,2022-05-21T05:41:42,2022-05-21T20:16:12,0.68,Partially cloudy,Clearing in the afternoon.,partly-cloudy-day,"72510954782,72408013739,72030464752,F6193,KPHL,KPTW,KLOM,DE045",597
12,"Malvern, PA, United States",2022-05-22,31.3,21.6,25.3,33.4,21.6,25.9,19.7,72.3,7.29,100,16.67,rain,0,0,57.7,16.3,226.7,1016.6,36.7,15.6,200.8,17.3,9,75,2022-05-22T05:40:57,2022-05-22T20:17:04,0.74,"Rain, Partially cloudy",Partly cloudy throughout the day with late afternoon rain.,rain,"72510954782,72408013739,72030464752,F6193,KPHL,KPTW,KLOM,DE045",597
13,"Malvern, PA, United States",2022-05-23,23.3,13.9,19.1,23.3,13.9,19.1,9.8,56.5,0.18,100,8.33,rain,0,0,42.1,19.1,258.1,1021.9,51.9,16.0,282.3,24.1,9,10,2022-05-23T05:40:15,2022-05-23T20:17:56,0.79,"Rain, Partially cloudy",Partly cloudy throughout the day with early morning rain.,rain,"72510954782,72408013739,72030464752,F6193,KPHL,KPTW,KLOM,DE045",597
14,"Malvern, PA, United States",2022-05-24,20.2,13.9,17.1,20.2,13.9,17.1,10.0,63.8,0.0,0,0.0,rain,0,0,29.5,18.0,86.5,1024.6,92.1,16.0,137.5,11.7,5,10,2022-05-24T05:39:34,2022-05-24T20:18:47,0.85,Overcast,Cloudy skies throughout the day.,cloudy,"72510954782,72408013739,72030464752,F6193,KPHL,KPTW,KLOM,DE045",597
15,"Malvern, PA, United States",2022-05-25,23.0,10.5,16.6,23.0,10.5,16.6,8.7,61.8,0.0,0,0.0,,0,0,29.5,14.6,79.4,1027.5,61.0,16.0,214.3,18.5,9,10,2022-05-25T05:38:55,2022-05-25T20:19:37,0.89,Partially cloudy,Partly cloudy throughout the day.,partly-cloudy-day,"72510954782,72408013739,72030464752,F6193,KPHL,KPTW,KLOM,DE045",597
16,"Malvern, PA, United States",2022-05-26,21.8,11.4,17.0,21.8,11.4,17.0,12.0,73.1,0.11,100,4.17,rain,0,0,36.4,15.2,117.1,1024.0,94.1,15.0,131.0,11.3,5,10,2022-05-26T05:38:18,2022-05-26T20:20:26,0.93,"Rain, Overcast",Cloudy skies throughout the day with late afternoon rain.,rain,"72510954782,72408013739,72030464752,F6193,KPHL,KPTW,KLOM,DE045",597
17,"Malvern, PA, United States",2022-05-27,23.9,18.1,19.8,23.9,18.1,19.8,18.4,92.1,3.68,100,20.83,rain,0,0,57.2,17.5,173.2,1013.0,94.5,11.7,61.5,5.4,4,30,2022-05-27T05:37:43,2022-05-27T20:21:14,0.96,"Rain, Overcast",Cloudy skies throughout the day with rain.,rain,"72510954782,72408013739,72030464752,F6193,KPHL,KPTW,KLOM,DE045",597
18,"Malvern, PA, United States",2022-05-28,23.7,18.0,20.6,23.7,18.0,20.6,16.6,79.3,14.74,100,50.0,rain,0,0,55.4,23.1,257.0,1008.5,78.6,15.2,141.5,12.4,9,30,2022-05-28T05:37:10,2022-05-28T20:22:02,0.99,"Rain, Partially cloudy",Partly cloudy throughout the day with a chance of rain throughout the day.,rain,"72510954782,72408013739,72030464752,F6193,KPHL,KPTW,KLOM,DE045",597
19,"Malvern, PA, United States",2022-05-29,26.2,14.1,20.9,26.2,14.1,20.9,13.4,64.4,0.0,0,0.0,rain,0,0,19.1,9.8,258.2,1017.3,48.9,16.0,250.4,21.8,10,10,2022-05-29T05:36:38,2022-05-29T20:22:48,1.0,Partially cloudy,Partly cloudy throughout the day.,partly-cloudy-day,"72510954782,72408013739,72030464752,F6193,KPHL,KPTW,KLOM,DE045",597
20,"Malvern, PA, United States",2022-05-30,30.8,14.8,23.6,31.5,14.8,23.9,16.7,68.1,0.0,0,0.0,,0,0,23.4,13.5,193.9,1019.1,17.0,15.5,288.9,25.1,9,60,2022-05-30T05:36:08,2022-05-30T20:23:34,0.0,Clear,Clear conditions throughout the day.,clear-day,"72510954782,72408013739,72030464752,F6193,KPHL,KPTW,KLOM,DE045",597
21,"Malvern, PA, United States",2022-05-31,33.6,19.3,27.2,33.2,19.3,27.3,17.6,59.4,0.0,0,0.0,,0,0,31.7,17.7,290.3,1015.9,12.4,15.9,257.7,22.2,9,30,2022-05-31T05:35:41,2022-05-31T20:24:18,0.0,Clear,Clear conditions throughout the day.,clear-day,"72510954782,72408013739,72030464752,F6193,KPHL,KPTW,KLOM,DE045",597
22,"Malvern, PA, United States",2022-06-01,29.0,17.4,23.1,30.9,17.4,23.4,17.9,73.1,0.0,0,0.0,rain,0,0,26.6,16.6,132.3,1012.7,31.4,15.1,270.2,23.2,9,75,2022-06-01T05:35:15,2022-06-01T20:25:01,0.02,Partially cloudy,Partly cloudy throughout the day.,partly-cloudy-day,"72510954782,72408013739,72030464752,F6193,KPHL,KPTW,KLOM,DE045",597
23,"Malvern, PA, United States",2022-06-02,27.7,16.5,21.1,29.0,16.5,21.2,18.4,85.6,17.97,100,33.33,rain,0,0,40.7,13.3,210.0,1008.1,81.3,12.9,201.5,17.4,10,60,2022-06-02T05:34:51,2022-06-02T20:25:43,0.04,"Rain, Partially cloudy",Partly cloudy throughout the day with a chance of rain throughout the day.,rain,"72510954782,72408013739,72030464752,F6193,KPHL,KPTW,KLOM,DE045",597
24,"Malvern, PA, United States",2022-06-03,25.1,17.0,21.4,25.1,17.0,21.4,14.8,69.9,0.0,0,0.0,rain,0,0,31.0,16.9,298.9,1008.5,48.7,13.0,207.6,18.1,7,30,2022-06-03T05:34:29,2022-06-03T20:26:24,0.07,Partially cloudy,Partly cloudy throughout the day.,partly-cloudy-day,"72510954782,72408013739,72030464752,F6193,KPHL,KPTW,KLOM,DE045",597
25,"Malvern, PA, United States",2022-06-04,27.7,12.4,20.7,26.7,12.4,20.5,9.3,53.7,0.0,0,0.0,,0,0,37.1,18.2,248.0,1012.1,9.2,16.0,291.5,25.2,10,10,2022-06-04T05:34:09,2022-06-04T20:27:03,0.11,Clear,Clear conditions throughout the day.,clear-day,"72510954782,72408013739,72030464752,F6193,KPHL,KPTW,KLOM,DE045",597
26,"Malvern, PA, United States",2022-06-05,25.1,11.0,18.9,25.1,11.0,18.9,6.4,47.0,0.0,0,0.0,,0,0,33.5,14.2,100.0,1015.6,7.4,16.0,275.1,23.7,10,10,2022-06-05T05:33:51,2022-06-05T20:27:42,0.14,Clear,Clear conditions throughout the day.,clear-day,"72510954782,72408013739,72030464752,F6193,KPHL,KPTW,KLOM,DE045",597
27,"Malvern, PA, United States",2022-06-06,26.6,10.7,19.7,26.6,10.7,19.7,8.1,51.4,0.0,0,0.0,rain,0,0,35.3,18.0,202.4,1017.4,4.2,16.0,292.7,25.2,10,10,2022-06-06T05:33:35,2022-06-06T20:28:19,0.19,Clear,Clear conditions throughout the day.,clear-day,"72510954782,72408013739,72030464752,F6193,KPHL,KPTW,KLOM,DE045",597
28,"Malvern, PA, United States",2022-06-07,24.9,13.1,20.3,24.9,13.1,20.3,14.4,69.8,2.32,100,16.67,rain,0,0,41.0,20.5,164.5,1016.0,57.4,15.5,159.1,13.7,7,10,2022-06-07T05:33:20,2022-06-07T20:28:54,0.24,"Rain, Partially cloudy",Becoming cloudy in the afternoon with late afternoon rain.,rain,"72510954782,72408013739,72030464752,F6193,KPHL,KPTW,KLOM,DE045",597
29,"Malvern, PA, United States",2022-06-08,28.1,19.8,23.5,27.8,19.8,23.5,16.8,69.1,0.18,100,4.17,rain,0,0,32.0,14.1,237.3,1011.8,64.1,15.5,201.3,17.4,8,30,2022-06-08T05:33:08,2022-06-08T20:29:28,0.29,"Rain, Partially cloudy",Partly cloudy throughout the day with late afternoon rain.,rain,"72510954782,72408013739,72030464752,F6193,KPHL,KPTW,KLOM,DE045",597
30,"Malvern, PA, United States",2022-06-09,25.8,18.9,22.8,25.8,18.9,22.8,16.0,68.4,21.13,100,79.17,rain,0,0,59.0,28.3,240.8,1005.8,72.6,14.7,277.6,24.0,10,30,2022-06-09T05:32:58,2022-06-09T20:30:01,0.35,"Rain, Partially cloudy",Partly cloudy throughout the day with a chance of rain throughout the day.,rain,"72510954782,72408013739,72030464752,F6193,KPHL,KPTW,KLOM,DE045",597
31,"Malvern, PA, United States",2022-06-10,25.3,13.8,20.2,25.3,13.8,20.2,11.0,57.6,0.38,100,29.17,rain,0,0,37.1,15.6,311.0,1011.7,18.2,16.0,294.0,25.3,10,10,2022-06-10T05:32:49,2022-06-10T20:30:32,0.39,Rain,Clear conditions throughout the day with a chance of rain throughout the day.,rain,"72510954782,72408013739,72030464752,F6193,KPHL,KPTW,KLOM,DE045",597
32,"Malvern, PA, United States",2022-06-11,21.7,15.1,18.8,21.7,15.1,18.8,13.4,71.5,0.28,100,20.83,rain,0,0,19.1,10.7,217.4,1013.7,54.1,16.0,68.6,6.0,2,10,2022-06-11T05:32:43,2022-06-11T20:31:02,0.44,"Rain, Partially cloudy",Partly cloudy throughout the day with rain.,rain,"72510954782,72408013739,72030464752,F6193,KPHL,KPTW,KLOM,DE045",597
33,"Malvern, PA, United States",2022-06-12,25.0,14.6,19.4,25.0,14.6,19.4,16.7,85.4,8.67,100,37.5,rain,0,0,24.5,14.9,118.0,1014.1,85.6,13.2,94.4,8.2,4,30,2022-06-12T05:32:38,2022-06-12T20:31:30,0.47,"Rain, Partially cloudy",Partly cloudy throughout the day with rain.,rain,"72510954782,72408013739,72030464752,F6193,KPHL,KPTW,KLOM,DE045",597
34,"Malvern, PA, United States",2022-06-13,30.5,19.4,24.6,31.8,19.4,25.1,19.6,76.3,0.3,100,12.5,rain,0,0,31.0,15.6,241.4,1013.1,48.2,13.4,264.6,23.0,10,75,2022-06-13T05:32:36,2022-06-13T20:31:57,0.49,"Rain, Partially cloudy",Partly cloudy throughout the day with morning rain.,rain,"72510954782,72408013739,72030464752,F6193,KPHL,KPTW,KLOM,DE045",597
35,"Malvern, PA, United States",2022-06-14,27.7,17.5,22.7,27.7,17.5,22.7,14.6,61.2,1.33,100,12.5,rain,0,0,64.8,13.4,141.8,1013.3,26.5,15.6,184.3,16.0,10,10,2022-06-14T05:32:35,2022-06-14T20:32:22,0.5,"Rain, Partially cloudy",Clearing in the afternoon with morning rain.,rain,"72510954782,72408013739,72030464752,F6193,KPHL,KPTW,KLOM,DE045",597
36,"Malvern, PA, United States",2022-06-15,29.3,15.9,23.4,29.3,15.9,23.4,15.2,62.7,0.11,100,8.33,rain,0,0,33.8,14.5,158.2,1018.1,18.8,16.0,277.3,24.0,9,10,2022-06-15T05:32:36,2022-06-15T20:32:45,0.51,Rain,Clear conditions throughout the day with morning rain.,rain,"72510954782,72408013739,72030464752,F6193,KPHL,KPTW,KLOM,DE045",597
37,"Malvern, PA, United States",2022-06-16,24.4,17.5,21.1,24.4,17.5,21.1,17.2,79.2,4.74,100,29.17,rain,0,0,38.9,19.0,148.6,1019.2,94.3,15.5,125.1,10.7,6,10,2022-06-16T05:32:39,2022-06-16T20:33:07,0.53,"Rain, Overcast",Cloudy skies throughout the day with rain.,rain,"72510954782,72408013739,72030464752,F6193,KPHL,KPTW,KLOM,DE045",597
38,"Malvern, PA, United States",2022-06-17,32.6,21.5,26.5,32.8,21.5,26.6,17.2,61.6,0.0,0,0.0,rain,0,0,59.4,28.1,248.3,1007.8,49.1,15.2,284.0,24.4,10,75,2022-06-17T05:32:44,2022-06-17T20:33:27,0.57,Partially cloudy,Partly cloudy throughout the day.,partly-cloudy-day,"72510954782,72408013739,72030464752,F6193,KPHL,KPTW,KLOM,DE045",597
39,"Malvern, PA, United States",2022-06-18,23.6,14.9,19.6,23.6,14.9,19.6,9.3,51.5,0.0,0,0.0,rain,0,0,46.7,26.4,306.9,1008.6,50.1,16.0,131.7,11.3,5,10,2022-06-18T05:32:51,2022-06-18T20:33:45,0.62,Partially cloudy,Partly cloudy throughout the day.,partly-cloudy-day,"72510954782,72408013739,72030464752,F6193,KPHL,KPTW,KLOM,DE045",597
40,"Malvern, PA, United States",2022-06-19,23.2,11.7,17.6,23.2,11.7,17.6,3.7,41.0,0.0,0,0.0,,0,0,42.6,25.1,290.8,1016.2,7.8,16.0,307.1,26.5,10,10,2022-06-19T05:32:59,2022-06-19T20:34:02,0.67,Clear,Clear conditions throughout the day.,clear-day,"72510954782,72408013739,72030464752,F6193,KPHL,KPTW,KLOM,DE045",597
41,"Malvern, PA, United States",2022-06-20,26.1,9.8,18.6,26.1,9.8,18.6,6.0,47.0,0.0,0,0.0,,0,0,31.7,12.7,317.1,1020.9,13.6,16.0,304.5,26.3,10,10,2022-06-20T05:33:10,2022-06-20T20:34:16,0.72,Clear,Clear conditions throughout the day.,clear-day,"72510954782,72408013739,72030464752,F6193,KPHL,KPTW,KLOM,DE045",597
42,"Malvern, PA, United States",2022-06-21,25.6,12.9,20.1,25.6,12.9,20.1,12.6,63.6,0.07,100,4.17,rain,0,0,19.8,13.4,227.6,1019.9,35.3,16.0,224.1,19.4,9,10,2022-06-21T05:33:22,2022-06-21T20:34:29,0.77,"Rain, Partially cloudy",Partly cloudy throughout the day with afternoon rain.,rain,"72510954782,72408013739,72030464752,F6193,KPHL,KPTW,KLOM,DE045",597
43,"Malvern, PA, United States",2022-06-22,24.1,16.5,19.6,24.1,16.5,19.6,16.4,82.0,0.07,100,4.17,rain,0,0,35.6,16.6,120.6,1015.4,67.3,14.8,173.8,15.1,7,10,2022-06-22T05:33:36,2022-06-22T20:34:40,0.82,"Rain, Partially cloudy",Partly cloudy throughout the day with afternoon rain.,rain,"72510954782,72408013739,72030464752,F6193,KPHL,KPTW,KLOM,DE045",597
44,"Malvern, PA, United States",2022-06-23,20.7,16.6,18.1,20.7,16.6,18.1,16.2,89.2,9.66,100,54.17,rain,0,0,39.6,11.7,103.1,1014.7,95.3,13.0,54.9,4.8,2,10,2022-06-23T05:33:51,2022-06-23T20:34:49,0.87,"Rain, Overcast",Cloudy skies throughout the day with a chance of rain throughout the day.,rain,"72510954782,72408013739,72030464752,F6193,KPHL,KPTW,KLOM,DE045",597
45,"Malvern, PA, United States",2022-06-24,27.4,14.1,20.7,28.2,14.1,20.8,16.3,78.0,0.11,100,8.33,rain,0,0,17.6,13.2,178.9,1017.2,51.4,12.9,266.8,23.0,9,30,2022-06-24T05:34:09,2022-06-24T20:34:56,0.91,"Rain, Partially cloudy",Partly cloudy throughout the day with afternoon rain.,rain,"72510954782,72408013739,72030464752,F6193,KPHL,KPTW,KLOM,DE045",597
46,"Malvern, PA, United States",2022-06-25,31.2,17.4,24.9,31.2,17.4,25.1,17.7,67.8,0.0,0,0.0,,0,0,37.1,11.7,254.7,1019.6,18.1,14.8,219.0,18.7,9,60,2022-06-25T05:34:28,2022-06-25T20:35:02,0.95,Clear,Clear conditions throughout the day.,clear-day,"72510954782,72408013739,72030464752,F6193,KPHL,KPTW,KLOM,DE045",597
47,"Malvern, PA, United States",2022-06-26,30.8,20.4,25.7,31.7,20.4,26.0,17.9,63.9,0.0,0,0.0,,0,0,35.4,22.0,224.6,1018.8,27.5,16.0,279.4,24.1,9,10,2022-06-26T05:34:49,2022-06-26T20:35:05,0.97,Partially cloudy,Partly cloudy throughout the day.,partly-cloudy-day,"72510954782,72408013739,72030464752,F6193,KPHL,KPTW,KLOM,DE045",597
48,"Malvern, PA, United States",2022-06-27,25.4,20.4,23.5,25.4,20.4,23.5,19.8,80.3,1.43,100,16.67,rain,0,0,47.5,15.8,191.4,1015.1,81.5,15.1,83.7,7.2,3,30,2022-06-27T05:35:11,2022-06-27T20:35:06,0.99,"Rain, Partially cloudy",Partly cloudy throughout the day with afternoon rain.,rain,"72510954782,72408013739,72030464752,F6193,KPHL,KPTW,KLOM,DE045",597
49,"Malvern, PA, United States",2022-06-28,25.3,15.1,21.0,25.3,15.1,21.0,11.8,57.2,1.07,100,4.17,rain,0,0,45.0,13.2,300.1,1021.0,25.4,15.9,277.5,24.0,10,10,2022-06-28T05:35:35,2022-06-28T20:35:06,1.0,"Rain, Partially cloudy",Partly cloudy throughout the day with morning rain.,rain,"72510954782,72408013739,72030464752,F6193,KPHL,KPTW,KLOM,DE045",597
50,"Malvern, PA, United States",2022-06-29,29.5,13.9,22.3,29.2,13.9,22.3,14.5,65.1,0.0,0,0.0,,0,0,28.8,18.3,190.4,1023.1,25.6,16.0,283.7,24.3,10,30,2022-06-29T05:36:00,2022-06-29T20:35:04,0.0,Partially cloudy,Partly cloudy throughout the day.,partly-cloudy-day,"72510954782,72408013739,72030464752,F6193,KPHL,KPTW,KLOM,DE045",597
51,"Malvern, PA, United States",2022-06-30,31.1,16.8,24.5,30.2,16.8,24.3,15.2,60.4,0.0,0,0.0,,0,0,21.2,12.0,254.4,1022.2,14.0,15.7,256.5,22.1,10,10,2022-06-30T05:36:27,2022-06-30T20:34:59,0.01,Clear,Clear conditions throughout the day.,clear-day,"72510954782,72408013739,72030464752,F6193,KPHL,KPTW,KLOM,DE045",597
52,"Malvern, PA, United States",2022-07-01,32.5,19.4,26.0,34.7,19.4,27.4,20.2,72.1,0.19,100,4.17,rain,0,0,38.5,18.6,236.1,1017.6,27.8,15.5,230.5,19.9,9,100,2022-07-01T05:36:56,2022-07-01T20:34:53,0.03,"Rain, Partially cloudy",Becoming cloudy in the afternoon with afternoon rain.,rain,"72510954782,72408013739,72030464752,F6193,KPHL,KPTW,KLOM,DE045",597
53,"Malvern, PA, United States",2022-07-02,31.7,24.0,27.1,34.0,24.0,28.1,21.0,70.5,0.0,0,0.0,rain,0,0,41.8,18.4,237.1,1013.7,52.7,15.9,169.1,14.6,7,75,2022-07-02T05:37:26,2022-07-02T20:34:44,0.05,Partially cloudy,Partly cloudy throughout the day.,partly-cloudy-day,"72510954782,72408013739,72030464752,F6193,KPHL,KPTW,KLOM,DE045",597
54,"Malvern, PA, United States",2022-07-03,30.3,21.9,25.4,29.2,21.9,25.1,16.2,61.8,0.74,100,20.83,rain,0,0,30.6,14.8,247.6,1016.5,39.5,15.9,254.9,22.0,10,30,2022-07-03T05:37:57,2022-07-03T20:34:34,0.08,"Rain, Partially cloudy",Clearing in the afternoon with rain clearing later.,rain,"72510954782,72408013739,72030464752,F6193,KPHL,KPTW,KLOM,DE045",597
55,"Malvern, PA, United States",2022-07-04,29.3,14.6,23.0,28.2,14.6,22.7,11.7,52.8,0.0,0,0.0,,0,0,31.7,13.7,187.0,1021.1,16.2,15.9,298.0,25.7,10,10,2022-07-04T05:38:30,2022-07-04T20:34:22,0.12,Clear,Clear conditions throughout the day.,clear-day,"72510954782,72408013739,72030464752,F6193,KPHL,KPTW,KLOM,DE045",597
56,"Malvern, PA, United States",2022-07-05,29.0,19.3,23.8,30.5,19.3,24.3,18.4,72.5,0.78,100,12.5,rain,0,0,43.6,22.4,228.4,1016.4,59.5,15.8,138.9,12.1,7,10,2022-07-05T05:39:04,2022-07-05T20:34:08,0.17,"Rain, Partially cloudy",Becoming cloudy in the afternoon with rain.,rain,"72510954782,72408013739,72030464752,F6193,KPHL,KPTW,KLOM,DE045",597
57,"Malvern, PA, United States",2022-07-06,29.4,22.8,26.1,31.6,22.8,26.9,20.3,72.5,0.07,100,4.17,rain,0,0,34.6,14.5,222.6,1011.6,70.6,14.7,140.5,12.2,7,30,2022-07-06T05:39:40,2022-07-06T20:33:51,0.22,"Rain, Partially cloudy",Partly cloudy throughout the day with afternoon rain.,rain,"72510954782,72408013739,72030464752,F6193,KPHL,KPTW,KLOM,DE045",597
58,"Malvern, PA, United States",2022-07-07,26.7,20.4,23.4,28.1,20.4,23.5,19.3,78.1,7.76,100,25.0,rain,0,0,23.0,13.1,87.0,1015.0,86.0,15.3,110.2,9.5,6,10,2022-07-07T05:40:16,2022-07-07T20:33:33,0.27,"Rain, Partially cloudy",Partly cloudy throughout the day with rain clearing later.,rain,"72510954782,72408013739,72030464752,F6193,KPHL,KPTW,KLOM,DE045",597
59,"Malvern, PA, United States",2022-07-08,29.5,17.1,23.6,31.5,17.1,24.4,19.4,78.8,0.92,100,4.17,rain,0,0,22.0,13.8,178.3,1016.1,42.6,14.4,179.2,15.4,7,30,2022-07-08T05:40:54,2022-07-08T20:33:13,0.33,"Rain, Partially cloudy",Partly cloudy throughout the day with late afternoon rain.,rain,"72510954782,72408013739,72030464752,F6193,KPHL,KPTW,KLOM,DE045",597
60,"Malvern, PA, United States",2022-07-09,24.4,19.5,22.3,24.4,19.5,22.3,19.1,83.0,2.5,100,37.5,rain,0,0,29.2,10.6,93.2,1016.9,62.5,14.3,93.0,8.0,3,10,2022-07-09T05:41:33,2022-07-09T20:32:51,0.38,"Rain, Partially cloudy",Partly cloudy throughout the day with a chance of rain throughout the day.,rain,"72510954782,72408013739,72030464752,F6193,KPHL,KPTW,KLOM,DE045",597
61,"Malvern, PA, United States",2022-07-10,27.3,16.4,22.3,27.3,16.4,22.3,15.4,68.0,0.0,0,0.0,,0,0,24.5,13.0,102.1,1017.6,33.6,14.4,236.5,20.4,9,10,2022-07-10T05:42:14,2022-07-10T20:32:26,0.42,Partially cloudy,Partly cloudy throughout the day.,partly-cloudy-day,"72510954782,72408013739,72030464752,F6193,KPHL,KPTW,KLOM",597
62,"Malvern, PA, United States",2022-07-11,28.6,14.7,22.6,28.2,14.7,22.5,14.3,63.1,0.0,0,0.0,,0,0,29.2,14.3,179.9,1014.6,10.3,15.8,255.7,22.3,9,10,2022-07-11T05:42:55,2022-07-11T20:32:00,0.46,Clear,Clear conditions throughout the day.,clear-day,"72510954782,72408013739,72030464752,F6193,KPHL,KPTW,KLOM,DE045",597
63,"Malvern, PA, United States",2022-07-12,32.0,19.5,25.2,34.6,19.5,26.0,19.0,70.3,0.0,0,0.0,rain,0,0,38.2,23.4,219.3,1009.2,26.4,16.0,265.7,23.2,9,60,2022-07-12T05:43:37,2022-07-12T20:31:32,0.49,Partially cloudy,Partly cloudy throughout the day.,partly-cloudy-day,"72510954782,72408013739,72030464752,F6193,KPHL,KPTW,KLOM,DE045",597
64,"Malvern, PA, United States",2022-07-13,31.0,20.5,26.2,31.0,20.5,26.4,18.0,63.4,0.0,0,0.0,,0,0,32.8,12.8,247.4,1012.0,30.3,15.9,274.6,23.7,10,30,2022-07-13T05:44:21,2022-07-13T20:31:02,0.5,Partially cloudy,Partly cloudy throughout the day.,partly-cloudy-day,"72510954782,72408013739,72030464752,F6193,KPHL,KPTW,KLOM,DE045",597
65,"Malvern, PA, United States",2022-07-14,30.5,20.3,25.5,30.5,20.3,25.6,17.1,62.5,0.0,0,0.0,rain,0,0,27.7,14.2,287.3,1015.0,34.0,15.9,260.3,22.5,10,30,2022-07-14T05:45:05,2022-07-14T20:30:30,0.51,Partially cloudy,Partly cloudy throughout the day.,partly-cloudy-day,"72510954782,72408013739,72030464752,F6193,KPHL,KPTW,KLOM,DE045",597
66,"Malvern, PA, United States",2022-07-15,29.3,18.0,24.1,29.4,18.0,24.1,15.6,61.4,0.0,0,0.0,rain,0,0,35.6,12.7,67.3,1019.9,50.3,16.0,221.0,19.1,10,30,2022-07-15T05:45:50,2022-07-15T20:29:57,0.53,Partially cloudy,Partly cloudy throughout the day.,partly-cloudy-day,"72510954782,72408013739,72030464752,F6193,KPHL,KPTW,KLOM,DE045",597
67,"Malvern, PA, United States",2022-07-16,29.2,20.2,24.0,29.9,20.2,24.3,19.7,78.5,8.08,100,12.5,rain,0,0,47.9,14.1,149.3,1019.0,75.3,13.3,157.8,13.6,9,30,2022-07-16T05:46:36,2022-07-16T20:29:21,0.55,"Rain, Partially cloudy",Partly cloudy throughout the day with late afternoon rain.,rain,"72510954782,72408013739,72030464752,F6193,KPHL,KPTW,KLOM,DE045",597
68,"Malvern, PA, United States",2022-07-17,28.5,20.7,24.5,30.6,20.7,25.1,20.6,80.2,6.27,100,20.83,rain,0,0,23.8,12.5,130.5,1016.9,75.9,13.1,165.2,14.2,8,60,2022-07-17T05:47:24,2022-07-17T20:28:43,0.6,"Rain, Partially cloudy",Partly cloudy throughout the day with early morning rain.,rain,"72510954782,72408013739,72030464752,F6193,KPHL,KPTW,KLOM,DE045",597
69,"Malvern, PA, United States",2022-07-18,31.4,23.2,26.5,35.1,23.2,28.0,22.6,80.5,2.97,100,16.67,rain,0,0,37.8,22.2,184.5,1012.3,73.1,14.3,177.0,15.3,9,75,2022-07-18T05:48:11,2022-07-18T20:28:04,0.65,"Rain, Partially cloudy",Partly cloudy throughout the day with rain.,rain,"72510954782,72408013739,72030464752,F6193,KPHL,KPTW,KLOM,DE045",597
70,"Malvern, PA, United States",2022-07-19,32.0,22.7,27.1,32.8,22.7,27.6,19.3,64.9,0.0,0,0.0,,0,0,48.1,16.4,263.8,1010.0,22.9,15.8,283.5,24.3,10,10,2022-07-19T05:49:00,2022-07-19T20:27:23,0.7,Partially cloudy,Partly cloudy throughout the day.,partly-cloudy-day,"72510954782,72408013739,72030464752,F6193,KPHL,KPTW,KLOM,DE045",597
71,"Malvern, PA, United States",2022-07-20,33.6,22.2,28.1,35.6,22.2,29.2,19.5,61.3,0.0,0,0.0,,0,0,29.5,17.4,250.5,1008.9,11.8,15.7,274.9,23.7,10,30,2022-07-20T05:49:49,2022-07-20T20:26:40,0.75,Clear,Clear conditions throughout the day.,clear-day,"72510954782,72408013739,72030464752,F6193,KPHL,KPTW,KLOM,DE045",597
72,"Malvern, PA, United States",2022-07-21,33.6,24.6,29.2,36.5,24.6,30.8,21.0,63.8,0.0,0,0.0,,0,0,40.7,17.8,241.7,1005.8,23.2,15.9,273.7,23.7,10,75,2022-07-21T05:50:39,2022-07-21T20:25:55,0.8,Partially cloudy,Partly cloudy throughout the day.,partly-cloudy-day,"72510954782,72408013739,72030464752,F6193,KPHL,KPTW,KLOM,DE045",597
73,"Malvern, PA, United States",2022-07-22,34.3,22.1,28.9,34.2,22.1,29.3,18.3,55.9,0.0,0,0.0,,0,0,31.7,19.9,265.6,1012.0,14.9,16.0,277.4,24.0,9,30,2022-07-22T05:51:30,2022-07-22T20:25:08,0.85,Clear,Clear conditions throughout the day.,clear-day,"72510954782,72408013739,72030464752,F6193,KPHL,KPTW,KLOM,DE045",597
74,"Malvern, PA, United States",2022-07-23,34.7,22.5,29.3,35.4,22.5,30.1,19.2,57.5,0.0,0,0.0,,0,0,27.7,15.6,252.7,1016.4,12.6,15.7,281.3,24.2,9,60,2022-07-23T05:52:21,2022-07-23T20:24:20,0.89,Clear,Clear conditions throughout the day.,clear-day,"72510954782,72408013739,72030464752,F6193,KPHL,KPTW,KLOM,DE045",597
75,"Malvern, PA, United States",2022-07-24,35.0,20.9,28.9,36.9,20.9,29.7,19.1,59.2,0.0,0,0.0,,0,0,41.4,22.1,243.8,1016.3,15.9,16.0,268.5,23.1,9,75,2022-07-24T05:53:13,2022-07-24T20:23:30,0.93,Clear,Clear conditions throughout the day.,clear-day,"72510954782,72408013739,72030464752,F6193,KPHL,KPTW,KLOM,DE045",597
76,"Malvern, PA, United States",2022-07-25,30.4,26.4,28.5,33.8,26.4,31.3,22.5,70.7,0.25,100,8.33,rain,0,0,53.6,20.6,221.0,1012.7,34.6,15.9,131.9,11.4,5,75,2022-07-25T05:54:05,2022-07-25T20:22:38,0.96,"Rain, Partially cloudy",Becoming cloudy in the afternoon with afternoon rain.,rain,"72510954782,72408013739,72030464752,F6193,KPHL,KPTW,KLOM,DE045",597
77,"Malvern, PA, United States",2022-07-26,26.0,20.7,23.8,26.0,20.7,23.8,16.5,64.6,0.0,0,0.0,,0,0,40.7,10.9,249.4,1016.1,29.2,16.0,112.9,9.5,4,30,2022-07-26T05:54:58,2022-07-26T20:21:45,0.98,Partially cloudy,Becoming cloudy in the afternoon.,partly-cloudy-day,"72510954782,72408013739,72030464752,F6193,KPHL,KPTW,KLOM,DE045",597
78,"Malvern, PA, United States",2022-07-27,29.5,20.9,25.2,30.6,20.9,25.7,18.6,68.0,0.11,100,4.17,rain,0,0,35.3,13.4,201.4,1014.2,78.2,16.0,182.5,15.6,9,30,2022-07-27T05:55:52,2022-07-27T20:20:49,1.0,"Rain, Partially cloudy",Partly cloudy throughout the day with late afternoon rain.,rain,"72510954782,72408013739,72030464752,F6193,KPHL,KPTW,KLOM,DE045",597
79,"Malvern, PA, United States",2022-07-28,31.2,22.3,26.1,34.1,22.3,27.3,22.1,80.2,29.74,100,41.67,rain,0,0,55.4,15.6,253.0,1011.2,69.2,13.0,138.9,11.9,6,75,2022-07-28T05:56:45,2022-07-28T20:19:53,1.0,"Rain, Partially cloudy",Partly cloudy throughout the day with rain.,rain,"72510954782,72408013739,72030464752,F6193,KPHL,KPTW,KLOM",597
80,"Malvern, PA, United States",2022-07-29,28.0,21.1,24.0,30.0,21.1,24.3,20.8,82.7,0.65,100,12.5,rain,0,0,27.7,9.6,254.1,1013.4,54.4,15.3,95.7,8.3,5,30,2022-07-29T05:57:40,2022-07-29T20:18:54,0.0,"Rain, Partially cloudy",Partly cloudy throughout the day with rain.,rain,"72510954782,72408013739,72030464752,F6193,KPHL,KPTW,KLOM,DE045",597
81,"Malvern, PA, United States",2022-07-30,30.0,20.4,25.0,29.3,20.4,24.9,16.7,63.4,0.0,0,0.0,,0,0,33.5,16.1,308.9,1017.7,34.6,15.7,276.3,23.5,10,10,2022-07-30T05:58:34,2022-07-30T20:17:54,0.01,Partially cloudy,Partly cloudy throughout the day.,partly-cloudy-day,"72510954782,72408013739,72030464752,F6193,KPHL,KPTW,KLOM,DE045",597
82,"Malvern, PA, United States",2022-07-31,29.9,17.7,23.9,29.8,17.7,24.0,17.0,68.1,0.11,100,4.17,rain,0,0,29.5,12.6,168.2,1021.0,46.8,15.9,194.5,16.9,9,10,2022-07-31T05:59:29,2022-07-31T20:16:53,0.04,"Rain, Partially cloudy",Partly cloudy throughout the day with late afternoon rain.,rain,"72510954782,72408013739,72030464752,F6193,KPHL,KPTW,KLOM,DE045",597
83,"Malvern, PA, United States",2022-08-01,25.0,18.9,21.3,25.0,18.9,21.3,19.2,88.8,15.08,100,50.0,rain,0,0,18.0,9.4,119.1,1015.1,81.5,12.4,84.3,7.4,4,10,2022-08-01T06:00:24,2022-08-01T20:15:50,0.07,"Rain, Partially cloudy",Partly cloudy throughout the day with a chance of rain throughout the day.,rain,"72510954782,72408013739,72030464752,F6193,KPHL,KPTW,KLOM,DE045",597
84,"Malvern, PA, United States",2022-08-02,31.7,19.3,25.7,33.4,19.3,26.5,19.5,71.7,0.18,100,12.5,rain,0,0,35.3,16.0,242.9,1011.0,27.9,14.8,241.3,20.8,9,60,2022-08-02T06:01:20,2022-08-02T20:14:46,0.1,"Rain, Partially cloudy",Partly cloudy throughout the day with rain clearing later.,rain,"72510954782,72408013739,72030464752,F6193,KPHL,KPTW,KLOM,DE045",597
85,"Malvern, PA, United States",2022-08-03,30.8,18.5,25.3,31.5,18.5,25.5,17.3,63.5,0.0,0,0.0,,0,0,27.7,15.2,227.9,1015.7,7.1,16.0,253.2,21.7,9,10,2022-08-03T06:02:16,2022-08-03T20:13:40,0.14,Clear,Clear conditions throughout the day.,clear-day,"72510954782,72408013739,72030464752,F6193,KPHL,KPTW,KLOM,DE045",597
86,"Malvern, PA, United States",2022-08-04,33.8,20.0,26.7,37.6,20.0,28.4,20.9,73.0,2.24,100,16.67,rain,0,0,53.6,21.6,202.0,1017.8,25.5,15.1,249.5,21.6,10,100,2022-08-04T06:03:12,2022-08-04T20:12:33,0.2,"Rain, Partially cloudy",Partly cloudy throughout the day with late afternoon rain.,rain,"72510954782,72408013739,72030464752,F6193,KPHL,KPTW,KLOM,DE045",597
87,"Malvern, PA, United States",2022-08-05,31.2,21.4,25.9,34.1,21.4,27.1,21.3,77.5,2.43,100,8.33,rain,0,0,42.5,13.5,243.9,1020.9,35.0,15.7,176.5,15.3,9,75,2022-08-05T06:04:08,2022-08-05T20:11:24,0.25,"Rain, Partially cloudy",Partly cloudy throughout the day with rain clearing later.,rain,"72510954782,72408013739,72030464752,F6193,KPHL,KPTW,KLOM,DE045",597
88,"Malvern, PA, United States",2022-08-06,30.3,21.3,26.0,33.4,21.3,27.4,21.5,77.7,0.0,0,0.0,,0,0,40.0,18.5,230.3,1023.0,48.8,15.9,201.1,17.2,10,75,2022-08-06T06:05:04,2022-08-06T20:10:14,0.31,Partially cloudy,Partly cloudy throughout the day.,partly-cloudy-day,"72510954782,72408013739,72030464752,F6193,KPHL,KPTW,KLOM,DE045",597
89,"Malvern, PA, United States",2022-08-07,32.2,24.1,28.2,35.5,24.1,30.0,22.2,71.4,0.0,0,0.0,rain,0,0,40.3,23.2,214.0,1021.5,39.5,16.0,207.9,18.0,9,75,2022-08-07T06:06:01,2022-08-07T20:09:02,0.36,Partially cloudy,Partly cloudy throughout the day.,partly-cloudy-day,"72510954782,72408013739,72030464752,F6193,KPHL,KPTW,KLOM,DE045",597
90,"Malvern, PA, United States",2022-08-08,32.9,24.8,28.8,37.3,24.8,31.4,23.1,72.8,0.0,0,0.0,rain,0,0,39.2,21.8,219.0,1016.7,44.9,16.0,247.0,21.3,10,75,2022-08-08T06:06:57,2022-08-08T20:07:50,0.41,Partially cloudy,Partly cloudy throughout the day.,partly-cloudy-day,"72510954782,72408013739,72030464752,F6193,KPHL,KPTW,KLOM,DE045",597
91,"Malvern, PA, United States",2022-08-09,34.1,25.3,28.4,38.8,25.3,30.6,23.2,74.9,10.29,100,29.17,rain,0,0,50.0,18.8,260.5,1014.3,37.8,15.7,244.9,21.0,9,75,2022-08-09T06:07:54,2022-08-09T20:06:36,0.45,"Rain, Partially cloudy",Partly cloudy throughout the day with rain.,rain,"72510954782,72408013739,72030464752,F6193,KPHL,KPTW,KLOM,DE045",597
92,"Malvern, PA, United States",2022-08-10,29.6,22.9,26.5,31.8,22.9,27.4,21.0,73.0,0.27,100,8.33,rain,0,0,27.7,13.1,251.2,1016.7,50.1,15.8,184.4,15.7,9,30,2022-08-10T06:08:51,2022-08-10T20:05:21,0.48,"Rain, Partially cloudy",Becoming cloudy in the afternoon with early morning rain.,rain,"72510954782,72408013739,72030464752,F6193,KPHL,KPTW,KLOM,DE045",597
93,"Malvern, PA, United States",2022-08-11,30.4,21.7,25.7,30.0,21.7,25.7,18.8,68.9,12.33,100,25.0,rain,0,0,29.5,13.9,301.5,1013.3,54.4,15.3,253.3,21.9,9,30,2022-08-11T06:09:48,2022-08-11T20:04:04,0.5,"Rain, Partially cloudy",Clearing in the afternoon with rain clearing later.,rain,"72510954782,72408013739,72030464752,F6193,KPHL,KPTW,KLOM,DE045",597
94,"Malvern, PA, United States",2022-08-12,28.3,19.8,24.0,27.4,19.8,23.8,11.5,47.4,0.0,0,0.0,rain,0,0,37.1,14.9,259.3,1016.0,38.1,16.0,250.0,21.7,10,10,2022-08-12T06:10:45,2022-08-12T20:02:47,0.5,Partially cloudy,Partly cloudy throughout the day.,partly-cloudy-day,"72510954782,72408013739,72030464752,F6193,KPHL,KPTW,KLOM,DE045",597
95,"Malvern, PA, United States",2022-08-13,27.2,15.0,21.0,26.6,15.0,20.9,9.1,49.0,0.0,0,0.0,,0,0,37.1,14.8,196.0,1019.2,7.5,16.0,261.8,22.7,9,10,2022-08-13T06:11:42,2022-08-13T20:01:28,0.52,Clear,Clear conditions throughout the day.,clear-day,"72510954782,72408013739,72030464752,F6193,KPHL,KPTW,KLOM,DE045",597
96,"Malvern, PA, United States",2022-08-14,28.0,15.4,21.9,27.3,15.4,21.8,13.0,60.8,0.0,0,0.0,,0,0,25.9,11.6,165.3,1017.6,25.2,16.0,228.0,19.6,9,10,2022-08-14T06:12:40,2022-08-14T20:00:08,0.54,Partially cloudy,Partly cloudy throughout the day.,partly-cloudy-day,"72510954782,72408013739,72030464752,F6193,KPHL,KPTW,KLOM,DE045",597
97,"Malvern, PA, United States",2022-08-15,28.1,16.8,21.7,27.6,16.8,21.6,13.7,63.5,0.0,0,0.0,,0,0,27.7,15.1,108.3,1015.7,25.5,16.0,214.5,18.5,9,10,2022-08-15T06:13:37,2022-08-15T19:58:47,0.58,Partially cloudy,Partly cloudy throughout the day.,partly-cloudy-day,"72510954782,72408013739,72030464752,F6193,KPHL,KPTW,KLOM,DE045",597
98,"Malvern, PA, United States",2022-08-16,28.1,13.8,20.9,27.5,13.8,20.8,12.8,63.6,0.0,0,0.0,,0,0,38.9,18.6,77.1,1016.0,23.6,16.0,185.8,16.1,8,10,2022-08-16T06:14:34,2022-08-16T19:57:25,0.62,Partially cloudy,Becoming cloudy in the afternoon.,partly-cloudy-day,"72510954782,72408013739,72030464752,F6193,KPHL,KPTW,KLOM,DE045",597
99,"Malvern, PA, United States",2022-08-17,27.1,16.2,21.7,27.0,16.2,21.7,14.1,65.0,0.0,0,0.0,,0,0,15.1,11.0,137.0,1016.0,55.1,16.0,152.8,13.1,10,30,2022-08-17T06:15:31,2022-08-17T19:56:02,0.67,Partially cloudy,Partly cloudy throughout the day.,partly-cloudy-day,"72510954782,72408013739,72030464752,F6193,KPHL,KPTW,KLOM,DE045",597
100,"Malvern, PA, United States",2022-08-18,28.6,15.0,22.0,28.1,15.0,21.9,13.9,64.2,0.0,0,0.0,,0,0,31.5,13.5,275.5,1014.2,12.1,16.0,237.5,20.6,9,30,2022-08-18T06:16:28,2022-08-18T19:54:38,0.72,Clear,Clear conditions throughout the day.,clear-day,"72510954782,72408013739,72030464752,F6193,KPHL,KPTW,KLOM,DE045",597
101,"Malvern, PA, United States",2022-08-19,31.6,15.6,24.3,30.9,15.6,24.2,15.4,61.5,0.0,0,0.0,,0,0,28.8,16.7,262.5,1018.0,16.3,16.0,235.2,20.3,10,10,2022-08-19T06:17:26,2022-08-19T19:53:13,0.77,Clear,Clear conditions throughout the day.,clear-day,"72510954782,72408013739,72030464752,F6193,KPHL,KPTW,KLOM,DE045",597
102,"Malvern, PA, United States",2022-08-20,32.1,20.9,26.2,32.1,20.9,26.3,17.4,61.4,0.0,0,0.0,,0,0,25.9,16.6,204.4,1020.8,35.3,16.0,218.3,18.9,9,30,2022-08-20T06:18:23,2022-08-20T19:51:48,0.82,Partially cloudy,Partly cloudy throughout the day.,partly-cloudy-day,"72510954782,72408013739,72030464752,F6193,KPHL,KPTW,KLOM,DE045",597
103,"Malvern, PA, United States",2022-08-21,28.9,18.5,23.8,29.8,18.5,23.9,19.0,76.3,1.46,100,8.33,rain,0,0,29.5,15.8,143.9,1019.1,52.3,15.6,160.5,13.8,9,30,2022-08-21T06:19:20,2022-08-21T19:50:21,0.86,"Rain, Partially cloudy",Partly cloudy throughout the day with late afternoon rain.,rain,"72510954782,72408013739,72030464752,F6193,KPHL,KPTW,KLOM,DE045",597
104,"Malvern, PA, United States",2022-08-22,28.4,20.7,23.9,30.4,20.7,24.3,21.2,86.1,8.57,100,54.17,rain,0,0,27.7,14.4,126.2,1012.7,82.0,14.4,129.3,11.1,9,75,2022-08-22T06:20:17,2022-08-22T19:48:53,0.9,"Rain, Partially cloudy",Partly cloudy throughout the day with a chance of rain throughout the day.,rain,"72510954782,72408013739,72030464752,F6193,KPHL,KPTW,KLOM,DE045",597
105,"Malvern, PA, United States",2022-08-23,28.5,18.8,23.3,29.0,18.8,23.5,18.5,76.9,0.0,0,0.0,rain,0,0,31.7,15.9,257.9,1010.9,51.4,13.9,205.8,17.7,10,30,2022-08-23T06:21:14,2022-08-23T19:47:25,0.94,Partially cloudy,Partly cloudy throughout the day.,partly-cloudy-day,"72510954782,72408013739,72030464752,F6193,KPHL,KPTW,KLOM,DE045",597
106,"Malvern, PA, United States",2022-08-24,30.2,18.6,23.9,29.7,18.6,23.9,16.5,67.0,0.0,0,0.0,,0,0,29.5,12.6,275.8,1015.3,16.0,15.8,215.4,18.5,10,30,2022-08-24T06:22:11,2022-08-24T19:45:56,0.97,Clear,Clear conditions throughout the day.,clear-day,"72510954782,72408013739,72030464752,F6193,KPHL,KPTW,KLOM,DE045",597
107,"Malvern, PA, United States",2022-08-25,31.5,16.1,24.3,30.8,16.1,24.2,15.5,62.2,0.0,0,0.0,,0,0,18.4,11.0,273.9,1017.4,16.7,15.7,174.8,15.2,9,10,2022-08-25T06:23:08,2022-08-25T19:44:26,0.99,Clear,Clear conditions throughout the day.,clear-day,"72510954782,72408013739,72030464752,F6193,KPHL,KPTW,KLOM,DE045",597
108,"Malvern, PA, United States",2022-08-26,32.1,20.8,26.6,32.5,20.8,27.1,19.2,66.9,0.0,0,0.0,rain,0,0,31.7,22.5,241.3,1014.2,39.8,15.4,206.1,17.7,9,75,2022-08-26T06:24:05,2022-08-26T19:42:55,1.0,Partially cloudy,Partly cloudy throughout the day.,partly-cloudy-day,"72510954782,72408013739,72030464752,F6193,KPHL,KPTW,KLOM,DE045",597
109,"Malvern, PA, United States",2022-08-27,30.7,20.5,25.7,30.9,20.5,25.9,18.3,66.4,0.0,0,0.0,,0,0,33.5,11.7,153.6,1015.8,40.4,15.5,195.4,16.9,9,60,2022-08-27T06:25:02,2022-08-27T19:41:23,0.0,Partially cloudy,Becoming cloudy in the afternoon.,partly-cloudy-day,"72510954782,72408013739,72030464752,F6193,KPHL,KPTW,KLOM,DE045",597
110,"Malvern, PA, United States",2022-08-28,29.8,20.5,24.8,31.9,20.5,25.5,20.7,79.0,0.0,0,0.0,rain,0,0,31.3,18.0,77.9,1019.8,72.1,14.8,141.7,12.2,9,60,2022-08-28T06:25:59,2022-08-28T19:39:51,0.01,Partially cloudy,Partly cloudy throughout the day.,partly-cloudy-day,"72510954782,72408013739,72030464752,F6193,KPHL,KPTW,KLOM,DE045",597
111,"Malvern, PA, United States",2022-08-29,32.0,20.6,26.0,33.2,20.6,26.7,20.3,74.1,0.0,0,0.0,,0,0,33.1,14.1,132.0,1019.4,54.0,12.9,200.0,17.1,9,30,2022-08-29T06:26:56,2022-08-29T19:38:18,0.02,Partially cloudy,Partly cloudy throughout the day.,partly-cloudy-day,"72510954782,72408013739,72030464752,F6193,KPHL,KPTW,KLOM,DE045",597
112,"Malvern, PA, United States",2022-08-30,32.4,22.7,26.4,34.6,22.7,27.4,21.6,77.4,5.84,100,16.67,rain,0,0,36.7,22.5,215.5,1012.3,69.8,15.7,172.1,14.8,10,100,2022-08-30T06:27:53,2022-08-30T19:36:45,0.05,"Rain, Partially cloudy",Partly cloudy throughout the day with late afternoon rain.,rain,"72510954782,72408013739,72030464752,F6193,KPHL,KPTW,KLOM,DE045",597
113,"Malvern, PA, United States",2022-08-31,27.6,19.0,23.2,27.3,19.0,23.2,16.0,67.9,0.0,0,0.0,,0,0,37.1,19.3,299.9,1010.8,22.5,15.0,136.3,11.7,8,10,2022-08-31T06:28:49,2022-08-31T19:35:11,0.09,Partially cloudy,Partly cloudy throughout the day.,partly-cloudy-day,"72510954782,72408013739,72030464752,F6193,KPHL,KPTW,KLOM,DE045",597
114,"Malvern, PA, United States",2022-09-01,29.7,16.0,22.9,28.6,16.0,22.6,12.4,55.1,0.0,0,0.0,,0,0,29.5,16.6,284.8,1014.8,4.7,16.0,210.0,18.1,9,10,2022-09-01T06:29:46,2022-09-01T19:33:36,0.13,Clear,Clear conditions throughout the day.,clear-day,"72510954782,72408013739,72030464752,F6193,KPHL,KPTW,KLOM,DE045",597
115,"Malvern, PA, United States",2022-09-02,27.8,13.2,20.7,27.1,13.2,20.6,11.2,57.6,0.0,0,0.0,,0,0,26.6,12.4,54.2,1023.1,10.8,16.0,207.0,17.9,9,10,2022-09-02T06:30:43,2022-09-02T19:32:01,0.18,Clear,Clear conditions throughout the day.,clear-day,"72510954782,72408013739,72030464752,F6193,KPHL,KPTW,KLOM,DE045",597
116,"Malvern, PA, United States",2022-09-03,29.3,15.8,22.7,29.7,15.8,22.8,16.9,72.7,0.0,0,0.0,rain,0,0,26.6,11.2,85.3,1024.1,48.3,15.7,186.2,16.2,10,10,2022-09-03T06:31:39,2022-09-03T19:30:26,0.24,Partially cloudy,Partly cloudy throughout the day.,partly-cloudy-day,"72510954782,72408013739,72030464752,F6193,KPHL,KPTW,KLOM,DE045",597
117,"Malvern, PA, United States",2022-09-04,31.1,19.1,25.3,32.1,19.1,25.7,18.8,70.0,0.0,0,0.0,rain,0,0,26.6,14.3,218.4,1020.1,41.7,15.9,184.3,15.9,8,30,2022-09-04T06:32:36,2022-09-04T19:28:50,0.29,Partially cloudy,Partly cloudy throughout the day.,partly-cloudy-day,"72510954782,72408013739,72030464752,F6193,KPHL,KPTW,KLOM,DE045",597
118,"Malvern, PA, United States",2022-09-05,29.9,20.3,24.5,30.3,20.3,24.7,19.0,74.0,1.49,100,20.83,rain,0,0,37.1,15.2,172.3,1018.4,59.7,15.5,133.0,11.6,6,30,2022-09-05T06:33:33,2022-09-05T19:27:13,0.35,"Rain, Partially cloudy",Partly cloudy throughout the day with late afternoon rain.,rain,"72510954782,72408013739,72030464752,F6193,KPHL,KPTW,KLOM,DE045",597
119,"Malvern, PA, United States",2022-09-06,22.5,20.5,21.5,22.5,20.5,21.5,20.4,93.7,52.27,100,100.0,rain,0,0,41.8,14.8,72.1,1015.2,99.7,11.0,38.9,3.3,2,10,2022-09-06T06:34:29,2022-09-06T19:25:36,0.4,"Rain, Overcast",Cloudy skies throughout the day with a chance of rain throughout the day.,rain,"72510954782,72408013739,72030464752,F6193,KPHL,KPTW,KLOM,DE045",597
120,"Malvern, PA, United States",2022-09-07,21.1,19.0,19.9,21.1,19.0,19.9,18.0,89.4,2.41,100,50.0,rain,0,0,31.7,15.7,41.7,1015.3,98.8,15.1,48.7,4.1,2,10,2022-09-07T06:35:26,2022-09-07T19:23:59,0.44,"Rain, Overcast",Cloudy skies throughout the day with a chance of rain throughout the day.,rain,"72510954782,72408013739,72030464752,F6193,KPHL,KPTW,KLOM,DE045",597
121,"Malvern, PA, United States",2022-09-08,26.1,15.8,20.6,26.1,15.8,20.6,15.2,74.0,0.0,0,0.0,,0,0,33.5,15.6,111.8,1013.5,44.9,16.0,156.8,13.6,9,10,2022-09-08T06:36:22,2022-09-08T19:22:21,0.47,Partially cloudy,Partly cloudy throughout the day.,partly-cloudy-day,"72510954782,72408013739,72030464752,F6193,KPHL,KPTW,KLOM,DE045",597
122,"Malvern, PA, United States",2022-09-09,27.3,13.7,20.2,26.9,13.7,20.1,13.5,70.1,0.0,0,0.0,rain,0,0,20.2,12.7,104.6,1017.8,5.7,14.8,179.6,15.5,8,10,2022-09-09T06:37:19,2022-09-09T19:20:43,0.49,Clear,Clear conditions throughout the day.,clear-day,"72510954782,72408013739,72030464752,F6193,KPHL,KPTW,KLOM,DE045",597
123,"Malvern, PA, United States",2022-09-10,26.7,12.7,19.9,26.9,12.7,19.9,14.5,74.1,0.0,0,0.0,rain,0,0,15.8,11.9,121.4,1023.6,14.3,15.0,184.0,15.9,8,10,2022-09-10T06:38:15,2022-09-10T19:19:05,0.5,Clear,Clear conditions throughout the day.,clear-day,"72510954782,72408013739,72030464752,F6193,KPHL,KPTW,KLOM,DE045",597
124,"Malvern, PA, United States",2022-09-11,21.4,19.6,20.5,21.4,19.6,20.5,19.2,92.0,12.62,100,62.5,rain,0,0,31.7,10.7,72.6,1019.7,95.3,11.2,38.1,3.2,2,10,2022-09-11T06:39:12,2022-09-11T19:17:26,0.51,"Rain, Overcast",Cloudy skies throughout the day with rain.,rain,"72510954782,72408013739,72030464752,F6193,KPHL,KPTW,KLOM,DE045",597
125,"Malvern, PA, United States",2022-09-12,27.7,20.3,23.4,29.7,20.3,23.7,21.1,87.6,3.4,100,41.67,rain,0,0,16.9,6.2,179.3,1010.8,89.9,12.4,117.6,10.2,7,60,2022-09-12T06:40:08,2022-09-12T19:15:48,0.53,"Rain, Partially cloudy",Partly cloudy throughout the day with rain.,rain,"72510954782,72408013739,72030464752,F6193,KPHL,KPTW,KLOM,DE045",597
126,"Malvern, PA, United States",2022-09-13,27.0,18.4,22.9,27.7,18.4,23.0,17.5,74.4,0.0,0,0.0,rain,0,0,35.3,17.5,260.8,1008.5,55.3,14.1,140.0,12.0,8,60,2022-09-13T06:41:05,2022-09-13T19:14:09,0.56,Partially cloudy,Partly cloudy throughout the day.,partly-cloudy-day,"72510954782,72408013739,72030464752,F6193,KPHL,KPTW,KLOM,DE045",597
127,"Malvern, PA, United States",2022-09-14,25.3,14.6,19.9,25.3,14.6,19.9,13.5,67.9,0.0,0,0.0,,0,0,37.1,13.7,297.0,1015.5,8.1,16.0,177.2,15.3,8,10,2022-09-14T06:42:02,2022-09-14T19:12:29,0.6,Clear,Clear conditions throughout the day.,clear-day,"72510954782,72408013739,72030464752,F6193,KPHL,KPTW,KLOM,DE045",597
128,"Malvern, PA, United States",2022-09-15,23.0,13.1,18.8,23.0,13.1,18.8,11.0,63.7,0.0,0,0.0,,0,0,44.6,19.2,317.4,1021.3,4.0,15.9,185.3,16.0,8,10,2022-09-15T06:42:58,2022-09-15T19:10:50,0.64,Clear,Clear conditions throughout the day.,clear-day,"72510954782,72408013739,72030464752,F6193,KPHL,KPTW,KLOM,DE045",597
129,"Malvern, PA, United States",2022-09-16,24.4,9.9,16.7,24.4,9.9,16.7,10.4,69.2,0.0,0,0.0,,0,0,17.3,10.0,259.3,1022.7,5.2,16.0,174.0,15.1,7,10,2022-09-16T06:43:55,2022-09-16T19:09:11,0.69,Clear,Clear conditions throughout the day.,clear-day,"72510954782,72408013739,72030464752,F6193,KPHL,KPTW,KLOM,DE045",597
130,"Malvern, PA, United States",2022-09-17,26.4,13.4,19.9,26.4,13.4,19.9,14.4,72.5,0.0,0,0.0,,0,0,20.2,11.0,160.3,1023.5,21.2,15.8,194.3,16.8,8,10,2022-09-17T06:44:52,2022-09-17T19:07:31,0.74,Partially cloudy,Partly cloudy throughout the day.,partly-cloudy-day,"72510954782,72408013739,72030464752,F6193,KPHL,KPTW,KLOM,DE045",597
131,"Malvern, PA, United States",2022-09-18,27.8,16.5,21.7,28.0,16.5,21.8,15.8,71.8,0.0,0,0.0,,0,0,32.8,16.2,231.9,1019.1,21.0,15.6,168.2,14.5,7,10,2022-09-18T06:45:49,2022-09-18T19:05:51,0.78,Partially cloudy,Partly cloudy throughout the day.,partly-cloudy-day,"72510954782,72408013739,72030464752,F6193,KPHL,KPTW,KLOM,DE045",597
132,"Malvern, PA, United States",2022-09-19,28.9,16.8,22.0,29.0,16.8,22.1,17.3,76.8,1.21,100,8.33,rain,0,0,35.3,21.2,256.9,1014.1,36.1,14.5,148.2,12.9,8,10,2022-09-19T06:46:46,2022-09-19T19:04:12,0.83,"Rain, Partially cloudy",Becoming cloudy in the afternoon with afternoon rain.,rain,"72510954782,72408013739,72030464752,F6193,KPHL,KPTW,KLOM,DE045",597
133,"Malvern, PA, United States",2022-09-20,26.5,17.1,21.1,26.5,17.1,21.1,14.8,70.3,0.0,0,0.0,,0,0,40.7,20.1,298.0,1013.3,20.9,14.2,156.0,13.4,8,10,2022-09-20T06:47:43,2022-09-20T19:02:32,0.87,Partially cloudy,Becoming cloudy in the afternoon.,partly-cloudy-day,"72510954782,72408013739,72030464752,F6193,KPHL,KPTW,KLOM,DE045",597
134,"Malvern, PA, United States",2022-09-21,27.3,13.7,20.6,27.3,13.7,20.7,14.4,70.2,0.0,0,0.0,,0,0,27.0,13.8,252.3,1013.8,15.6,15.0,153.8,13.3,7,10,2022-09-21T06:48:40,2022-09-21T19:00:53,0.91,Clear,Clear conditions throughout the day.,clear-day,"72510954782,72408013739,72030464752,F6193,KPHL,KPTW,KLOM,DE045",597
135,"Malvern, PA, United States",2022-09-22,24.8,14.1,19.6,24.8,14.1,19.6,14.5,73.5,0.79,100,8.33,rain,0,0,55.4,22.1,262.2,1006.0,45.5,15.2,49.5,4.3,3,10,2022-09-22T06:49:37,2022-09-22T18:59:13,0.95,"Rain, Partially cloudy",Partly cloudy throughout the day with afternoon rain.,rain,"72510954782,72408013739,72030464752,F6193,KPHL,KPTW,KLOM,DE045",597
136,"Malvern, PA, United States",2022-09-23,17.9,10.3,13.5,17.9,10.3,13.5,3.1,50.6,0.0,0,0.0,,0,0,48.2,25.2,311.8,1015.0,18.2,15.8,165.1,14.2,8,10,2022-09-23T06:50:35,2022-09-23T18:57:33,0.97,Clear,Clear conditions throughout the day.,clear-day,"72510954782,72408013739,72030464752,F6193,KPHL,KPTW,KLOM,DE045",597
137,"Malvern, PA, United States",2022-09-24,20.1,6.4,12.7,20.1,5.0,12.3,5.2,62.5,0.0,0,0.0,,0,0,27.7,17.3,278.5,1017.2,18.7,15.8,147.1,12.7,9,10,2022-09-24T06:51:32,2022-09-24T18:55:54,0.99,Clear,Clear conditions throughout the day.,clear-day,"72510954782,72408013739,72030464752,F6193,KPHL,KPTW,KLOM,DE045",597
138,"Malvern, PA, United States",2022-09-25,21.7,13.5,16.5,21.7,13.5,16.5,13.1,80.7,6.28,100,33.33,rain,0,0,66.6,13.1,221.0,1007.6,75.5,15.3,90.0,7.8,8,10,2022-09-25T06:52:30,2022-09-25T18:54:15,1.0,"Rain, Partially cloudy",Partly cloudy throughout the day with rain.,rain,"72510954782,72408013739,72030464752,F6193,KPHL,KPTW,KLOM,DE045",597
139,"Malvern, PA, United States",2022-09-26,23.6,12.3,18.0,23.6,12.3,18.0,10.6,66.3,0.11,100,8.33,rain,0,0,40.7,21.8,254.4,1006.6,40.7,15.1,135.8,11.6,8,10,2022-09-26T06:53:28,2022-09-26T18:52:36,0.0,"Rain, Partially cloudy",Becoming cloudy in the afternoon with early morning rain.,rain,"72510954782,72408013739,72030464752,F6193,KPHL,KPTW,KLOM,DE045",597
140,"Malvern, PA, United States",2022-09-27,20.3,12.0,15.9,20.3,12.0,15.9,7.2,58.0,0.0,0,0.0,,0,0,46.4,18.8,266.9,1012.1,31.0,16.0,135.2,11.7,7,10,2022-09-27T06:54:26,2022-09-27T18:50:57,0.01,Partially cloudy,Partly cloudy throughout the day.,partly-cloudy-day,"72510954782,72408013739,72030464752,F6193,KPHL,KPTW,KLOM,DE045",597
141,"Malvern, PA, United States",2022-09-28,20.0,8.6,14.5,20.0,7.6,14.4,8.0,66.3,0.0,0,0.0,rain,0,0,31.3,16.6,306.9,1020.6,34.1,16.0,151.3,13.0,8,10,2022-09-28T06:55:24,2022-09-28T18:49:18,0.04,Partially cloudy,Becoming cloudy in the afternoon.,partly-cloudy-day,"72510954782,72408013739,72030464752,F6193,KPHL,KPTW,KLOM,DE045",597
142,"Malvern, PA, United States",2022-09-29,19.8,9.0,14.5,19.8,9.0,14.5,7.6,65.3,0.0,0,0.0,,0,0,39.2,21.2,126.7,1027.3,17.8,16.0,160.5,13.9,8,10,2022-09-29T06:56:23,2022-09-29T18:47:40,0.07,Clear,Clear conditions throughout the day.,clear-day,"72510954782,72408013739,72030464752,F6193,KPHL,KPTW,KLOM,DE045",597
143,"Malvern, PA, United States",2022-09-30,17.2,9.9,13.2,17.2,8.5,13.1,7.5,69.0,0.1,81,4.17,rain,0,0,42.5,17.3,45.7,1024.5,47.6,19.5,94.9,8.2,4,10,2022-09-30T06:57:22,2022-09-30T18:46:02,0.12,"Rain, Partially cloudy",Becoming cloudy in the afternoon with late afternoon rain.,rain,"F6193,KPHL,KPTW,KLOM",597
