,name,datetime,tempmax,tempmin,temp,feelslikemax,feelslikemin,feelslike,dew,humidity,precip,precipprob,precipcover,preciptype,snow,snowdepth,windgust,windspeed,winddir,sealevelpressure,cloudcover,visibility,solarradiation,solarenergy,uvindex,severerisk,sunrise,sunset,moonphase,conditions,description,icon,stations,skey
0,"Wayne, PA, United States",2022-05-10,22.8,9.9,16.1,22.8,8.1,16.0,-3.0,27.5,0.0,0,0.0,,0,0,49.6,22.0,52.6,1026.2,24.7,16.0,204.3,17.6,10,10,2022-05-10T05:51:08,2022-05-10T20:05:28,0.32,Partially cloudy,Partly cloudy throughout the day.,partly-cloudy-day,"72510954782,C8212,72408013739,72030464752,KPHL,E0301,KLOM,DE045",598
1,"Wayne, PA, United States",2022-05-11,21.8,8.9,15.9,21.8,8.4,15.9,6.0,53.5,0.0,0,0.0,,0,0,46.4,24.8,47.1,1024.8,42.4,16.0,122.8,10.7,6,10,2022-05-11T05:50:06,2022-05-11T20:06:26,0.37,Partially cloudy,Partly cloudy throughout the day.,partly-cloudy-day,"72510954782,C8212,72408013739,72030464752,KPHL,E0301,KLOM,DE045",598
2,"Wayne, PA, United States",2022-05-12,24.1,10.4,17.7,24.1,10.4,17.7,13.5,77.4,0.0,0,0.0,,0,0,32.8,16.8,67.5,1024.9,51.3,16.0,105.5,9.3,9,10,2022-05-12T05:49:05,2022-05-12T20:07:24,0.41,Partially cloudy,Partly cloudy throughout the day.,partly-cloudy-day,"72510954782,C8212,72408013739,72030464752,KPHL,E0301,KPTW,KLOM,DE045",598
3,"Wayne, PA, United States",2022-05-13,22.1,15.3,18.2,22.1,15.3,18.2,17.0,93.2,2.12,100,33.33,rain,0,0,33.5,13.9,66.6,1023.6,97.7,11.6,56.9,4.9,3,30,2022-05-13T05:48:06,2022-05-13T20:08:22,0.45,"Rain, Overcast",Cloudy skies throughout the day with rain in the morning and afternoon.,rain,"72510954782,C8212,72408013739,72030464752,KPHL,KPTW,KLOM,DE045",598
4,"Wayne, PA, United States",2022-05-14,20.7,17.6,18.9,20.7,17.6,18.9,18.3,96.2,6.45,100,62.5,rain,0,0,19.1,10.2,93.7,1018.0,97.3,9.9,36.3,3.1,1,30,2022-05-14T05:47:09,2022-05-14T20:09:19,0.48,"Rain, Overcast",Cloudy skies throughout the day with rain.,rain,"72510954782,C8212,72408013739,72030464752,KPHL,KPTW,KLOM,DE045",598
5,"Wayne, PA, United States",2022-05-15,25.1,16.8,20.8,25.1,16.8,20.8,17.5,82.7,0.19,100,4.17,rain,0,0,37.1,12.8,198.8,1012.1,79.8,13.1,103.0,8.9,8,30,2022-05-15T05:46:13,2022-05-15T20:10:16,0.5,"Rain, Partially cloudy",Partly cloudy throughout the day with morning rain.,rain,"72510954782,C8212,72408013739,72030464752,KPHL,KPTW,E0301,KLOM,DE045",598
6,"Wayne, PA, United States",2022-05-16,24.8,16.4,19.7,24.8,16.4,19.7,16.8,84.3,6.76,100,20.83,rain,0,0,50.0,23.9,221.0,1006.0,66.0,13.6,61.5,5.3,3,60,2022-05-16T05:45:19,2022-05-16T20:11:12,0.5,"Rain, Partially cloudy",Partly cloudy throughout the day with rain.,rain,"72510954782,C8212,72408013739,72030464752,KPHL,KPTW,E0301,KLOM,DE045",598
7,"Wayne, PA, United States",2022-05-17,25.4,10.2,18.4,25.4,10.2,18.4,7.8,55.3,0.0,0,0.0,,0,0,47.5,26.0,279.5,1009.3,16.7,16.0,222.1,19.3,10,10,2022-05-17T05:44:26,2022-05-17T20:12:08,0.52,Clear,Clear conditions throughout the day.,clear-day,"72510954782,C8212,72408013739,72030464752,KPHL,KPTW,E0301,KLOM,DE045",598
8,"Wayne, PA, United States",2022-05-18,21.4,8.8,16.2,21.4,8.8,16.2,6.3,53.8,0.0,0,0.0,,0,0,28.4,16.0,279.3,1014.9,26.6,16.0,169.8,14.6,9,10,2022-05-18T05:43:35,2022-05-18T20:13:03,0.54,Partially cloudy,Partly cloudy throughout the day.,partly-cloudy-day,"72510954782,C8212,72408013739,72030464752,KPHL,KPTW,E0301,KLOM,DE045",598
9,"Wayne, PA, United States",2022-05-19,24.7,13.0,17.2,24.7,13.0,17.2,14.0,82.8,15.92,100,33.33,rain,0,0,38.5,13.3,188.8,1008.2,76.0,13.7,70.6,6.2,5,30,2022-05-19T05:42:45,2022-05-19T20:13:57,0.58,"Rain, Partially cloudy",Partly cloudy throughout the day with rain clearing later.,rain,"72510954782,C8212,72408013739,72030464752,KPHL,KPTW,KLOM,DE045",598
10,"Wayne, PA, United States",2022-05-20,28.6,13.1,19.9,29.2,13.1,19.9,16.8,83.9,3.17,100,12.5,rain,0,0,48.4,20.9,99.5,1012.1,40.7,14.1,126.4,11.1,9,30,2022-05-20T05:41:58,2022-05-20T20:14:51,0.63,"Rain, Partially cloudy",Partly cloudy throughout the day with afternoon rain.,rain,"72510954782,C8212,72408013739,72030464752,KPHL,KPTW,KLOM,DE045",598
11,"Wayne, PA, United States",2022-05-21,33.7,18.3,25.7,35.6,18.3,26.5,19.3,72.0,0.0,0,0.0,rain,0,0,28.1,16.9,188.4,1015.9,43.7,10.6,179.2,15.5,9,100,2022-05-21T05:41:12,2022-05-21T20:15:44,0.68,Partially cloudy,Partly cloudy throughout the day.,partly-cloudy-day,"72510954782,C8212,72408013739,72030464752,KPHL,KPTW,KLOM,DE045",598
12,"Wayne, PA, United States",2022-05-22,31.4,21.8,25.4,33.8,21.8,26.1,20.0,73.1,2.98,100,16.67,rain,0,0,50.0,16.4,238.4,1016.6,35.2,15.8,134.7,11.7,9,60,2022-05-22T05:40:27,2022-05-22T20:16:37,0.74,"Rain, Partially cloudy",Partly cloudy throughout the day with late afternoon rain.,rain,"72510954782,C8212,72408013739,72030464752,KPHL,KPTW,KLOM,DE045",598
13,"Wayne, PA, United States",2022-05-23,23.6,14.2,19.4,23.6,14.2,19.4,10.0,56.1,0.11,100,8.33,rain,0,0,41.8,18.4,229.3,1021.8,53.6,16.0,162.7,14.0,9,10,2022-05-23T05:39:45,2022-05-23T20:17:29,0.79,"Rain, Partially cloudy",Partly cloudy throughout the day with early morning rain.,rain,"72510954782,C8212,72408013739,72030464752,KPHL,KPTW,KLOM,DE045",598
14,"Wayne, PA, United States",2022-05-24,20.3,13.8,17.2,20.3,13.8,17.2,10.2,64.7,0.0,0,0.0,rain,0,0,29.5,21.1,90.0,1024.6,93.5,16.0,74.7,6.5,3,10,2022-05-24T05:39:04,2022-05-24T20:18:20,0.85,Overcast,Cloudy skies throughout the day.,cloudy,"72510954782,C8212,72408013739,72030464752,KPHL,KPTW,KLOM,DE045",598
15,"Wayne, PA, United States",2022-05-25,23.1,10.6,16.5,23.1,10.6,16.5,8.9,63.2,0.0,0,0.0,,0,0,29.5,15.7,79.4,1027.5,60.0,16.0,107.1,9.3,5,10,2022-05-25T05:38:25,2022-05-25T20:19:10,0.89,Partially cloudy,Partly cloudy throughout the day.,partly-cloudy-day,"72510954782,C8212,72408013739,72030464752,KPHL,KPTW,KLOM,DE045",598
16,"Wayne, PA, United States",2022-05-26,22.0,11.2,17.1,22.0,11.2,17.1,12.3,74.0,0.05,100,4.17,rain,0,0,32.0,16.2,121.0,1024.1,93.8,15.1,84.6,7.2,4,10,2022-05-26T05:37:48,2022-05-26T20:19:59,0.93,"Rain, Overcast",Cloudy skies throughout the day with late afternoon rain.,rain,"72510954782,C8212,72408013739,72030464752,KPHL,KPTW,KLOM,DE045",598
17,"Wayne, PA, United States",2022-05-27,24.3,18.4,20.0,24.3,18.4,20.0,18.6,92.2,2.56,100,20.83,rain,0,0,57.2,18.4,171.0,1013.1,94.7,11.8,37.6,3.2,2,30,2022-05-27T05:37:13,2022-05-27T20:20:47,0.96,"Rain, Overcast",Cloudy skies throughout the day with rain.,rain,"72510954782,C8212,72408013739,72030464752,KPHL,KPTW,E0301,KLOM,DE045",598
18,"Wayne, PA, United States",2022-05-28,23.9,18.1,20.8,23.9,18.1,20.8,16.8,79.5,12.31,100,50.0,rain,0,0,55.4,21.4,256.0,1008.5,78.6,15.5,99.8,8.7,9,30,2022-05-28T05:36:39,2022-05-28T20:21:35,0.99,"Rain, Partially cloudy",Partly cloudy throughout the day with a chance of rain throughout the day.,rain,"72510954782,C8212,72408013739,72030464752,KPHL,KPTW,KLOM,DE045",598
19,"Wayne, PA, United States",2022-05-29,26.6,14.1,21.0,26.6,14.1,21.0,13.6,65.3,0.0,0,0.0,rain,0,0,19.8,11.0,243.5,1017.3,45.4,15.9,196.7,16.9,10,10,2022-05-29T05:36:08,2022-05-29T20:22:21,1.0,Partially cloudy,Partly cloudy throughout the day.,partly-cloudy-day,"72510954782,C8212,72408013739,72030464752,KPHL,KPTW,KLOM,DE045",598
20,"Wayne, PA, United States",2022-05-30,31.0,14.8,23.7,31.9,14.8,24.1,16.9,68.5,0.0,0,0.0,,0,0,27.7,14.1,189.6,1019.1,16.3,15.4,183.2,15.7,10,60,2022-05-30T05:35:38,2022-05-30T20:23:06,0.0,Clear,Clear conditions throughout the day.,clear-day,"72510954782,C8212,72408013739,72030464752,KPHL,KPTW,KLOM,DE045",598
21,"Wayne, PA, United States",2022-05-31,34.1,19.5,27.5,33.6,19.5,27.6,17.8,59.5,0.0,0,0.0,,0,0,31.7,17.2,285.2,1015.9,11.3,16.0,186.8,15.9,9,60,2022-05-31T05:35:11,2022-05-31T20:23:51,0.0,Clear,Clear conditions throughout the day.,clear-day,"72510954782,C8212,72408013739,72030464752,KPHL,KPTW,KLOM,DE045",598
22,"Wayne, PA, United States",2022-06-01,29.0,17.3,23.2,31.1,17.3,23.5,18.0,73.6,0.0,0,0.0,rain,0,0,25.9,18.4,131.3,1012.7,32.7,15.5,171.8,14.7,9,60,2022-06-01T05:34:45,2022-06-01T20:24:34,0.02,Partially cloudy,Partly cloudy throughout the day.,partly-cloudy-day,"72510954782,C8212,72408013739,72030464752,KPHL,KPTW,KLOM,DE045",598
23,"Wayne, PA, United States",2022-06-02,28.3,16.5,21.3,29.7,16.5,21.4,18.6,85.2,13.52,100,33.33,rain,0,0,40.7,13.6,220.2,1008.1,79.0,13.7,144.5,12.4,9,30,2022-06-02T05:34:21,2022-06-02T20:25:16,0.04,"Rain, Partially cloudy",Partly cloudy throughout the day with a chance of rain throughout the day.,rain,"72510954782,C8212,72408013739,72030464752,KPHL,KPTW,KLOM,DE045",598
24,"Wayne, PA, United States",2022-06-03,25.3,16.7,21.4,25.3,16.7,21.4,15.4,72.0,0.0,0,0.0,rain,0,0,29.5,16.5,297.5,1008.4,51.0,12.5,120.4,10.7,6,30,2022-06-03T05:33:59,2022-06-03T20:25:57,0.07,Partially cloudy,Partly cloudy throughout the day.,partly-cloudy-day,"72510954782,C8212,72408013739,72030464752,KPHL,KPTW,E0301,KLOM,DE045",598
25,"Wayne, PA, United States",2022-06-04,28.2,12.4,20.8,27.0,12.4,20.5,9.7,55.4,0.0,0,0.0,,0,0,37.1,17.9,247.7,1012.0,9.2,16.0,190.1,16.3,10,10,2022-06-04T05:33:39,2022-06-04T20:26:36,0.11,Clear,Clear conditions throughout the day.,clear-day,"72510954782,C8212,72408013739,72030464752,KPHL,KPTW,E0301,KLOM,DE045",598
26,"Wayne, PA, United States",2022-06-05,25.5,11.0,19.0,25.5,11.0,19.0,6.6,47.9,0.0,0,0.0,,0,0,33.5,12.9,98.3,1015.5,6.8,16.0,194.2,16.7,10,10,2022-06-05T05:33:21,2022-06-05T20:27:15,0.14,Clear,Clear conditions throughout the day.,clear-day,"72510954782,C8212,72408013739,72030464752,KPHL,KPTW,E0301,KLOM,DE045",598
27,"Wayne, PA, United States",2022-06-06,26.9,10.7,19.7,26.5,10.7,19.7,8.2,51.7,0.0,0,0.0,,0,0,36.7,18.9,200.0,1017.5,3.8,16.0,193.1,16.7,10,10,2022-06-06T05:33:04,2022-06-06T20:27:52,0.19,Clear,Clear conditions throughout the day.,clear-day,"72510954782,C8212,72408013739,72030464752,KPHL,KPTW,E0301,KLOM,DE045",598
28,"Wayne, PA, United States",2022-06-07,25.0,12.9,20.4,25.0,12.9,20.4,14.6,70.6,1.43,100,16.67,rain,0,0,38.3,21.7,153.1,1016.0,58.0,15.7,117.3,10.4,7,10,2022-06-07T05:32:50,2022-06-07T20:28:27,0.24,"Rain, Partially cloudy",Becoming cloudy in the afternoon with late afternoon rain.,rain,"72510954782,C8212,72408013739,72030464752,KPHL,KPTW,KLOM,DE045",598
29,"Wayne, PA, United States",2022-06-08,28.6,19.8,23.8,28.3,19.8,23.8,17.2,69.9,0.22,100,4.17,rain,0,0,40.0,13.6,229.6,1011.8,65.8,15.7,104.2,8.9,8,30,2022-06-08T05:32:38,2022-06-08T20:29:01,0.29,"Rain, Partially cloudy",Partly cloudy throughout the day with late afternoon rain.,rain,"72510954782,C8212,72408013739,72030464752,KPHL,KPTW,E0301,KLOM,DE045",598
30,"Wayne, PA, United States",2022-06-09,26.1,19.0,22.9,26.1,19.0,22.9,16.3,69.1,19.5,100,79.17,rain,0,0,59.0,27.4,238.8,1005.8,72.8,14.7,180.5,15.6,10,30,2022-06-09T05:32:27,2022-06-09T20:29:34,0.35,"Rain, Partially cloudy",Partly cloudy throughout the day with a chance of rain throughout the day.,rain,"72510954782,C8212,72408013739,72030464752,KPHL,KPTW,E0301,KLOM",598
31,"Wayne, PA, United States",2022-06-10,25.5,13.5,20.2,25.5,13.5,20.2,11.4,59.5,0.65,100,29.17,rain,0,0,37.1,14.9,309.7,1011.6,17.8,16.0,190.3,16.2,10,10,2022-06-10T05:32:19,2022-06-10T20:30:05,0.39,Rain,Clear conditions throughout the day with a chance of rain throughout the day.,rain,"72510954782,C8212,72408013739,72030464752,KPHL,KPTW,E0301,KLOM,DE045",598
32,"Wayne, PA, United States",2022-06-11,21.6,14.8,18.8,21.6,14.8,18.8,13.7,73.4,0.49,100,20.83,rain,0,0,19.1,11.4,218.8,1013.7,54.2,16.0,40.6,3.5,1,10,2022-06-11T05:32:13,2022-06-11T20:30:35,0.44,"Rain, Partially cloudy",Partly cloudy throughout the day with rain.,rain,"72510954782,C8212,72408013739,72030464752,KPHL,KPTW,E0301,KLOM,DE045",598
33,"Wayne, PA, United States",2022-06-12,25.2,14.3,19.4,25.2,14.3,19.4,16.9,86.3,5.07,100,37.5,rain,0,0,23.0,14.4,118.8,1014.1,86.1,13.4,56.7,4.9,3,30,2022-06-12T05:32:08,2022-06-12T20:31:03,0.47,"Rain, Partially cloudy",Partly cloudy throughout the day with rain.,rain,"72510954782,C8212,72408013739,72030464752,KPHL,KPTW,E0301,KLOM,DE045",598
34,"Wayne, PA, United States",2022-06-13,30.6,19.4,24.6,32.4,19.4,25.3,19.8,77.1,0.3,100,12.5,rain,0,0,31.7,17.5,236.5,1013.1,47.3,13.8,106.9,9.2,7,60,2022-06-13T05:32:05,2022-06-13T20:31:30,0.49,"Rain, Partially cloudy",Partly cloudy throughout the day with morning rain.,rain,"72510954782,C8212,72408013739,72030464752,KPHL,KPTW,E0301,KLOM,DE045",598
35,"Wayne, PA, United States",2022-06-14,27.9,17.6,22.6,27.8,17.6,22.6,15.0,63.1,1.01,100,12.5,rain,0,0,64.8,12.7,140.5,1013.3,25.7,15.7,87.9,7.6,9,30,2022-06-14T05:32:05,2022-06-14T20:31:55,0.5,"Rain, Partially cloudy",Clearing in the afternoon with morning rain.,rain,"72510954782,C8212,72408013739,72030464752,KPHL,KPTW,E0301,KLOM,DE045",598
36,"Wayne, PA, United States",2022-06-15,29.4,15.8,23.2,29.5,15.8,23.3,15.6,65.0,0.19,100,8.33,rain,0,0,31.7,15.3,159.5,1018.2,20.0,15.9,188.7,16.3,10,10,2022-06-15T05:32:06,2022-06-15T20:32:18,0.51,Rain,Partly cloudy throughout the day with morning rain.,rain,"72510954782,C8212,72408013739,72030464752,KPHL,KPTW,E0301,KLOM,DE045",598
37,"Wayne, PA, United States",2022-06-16,24.7,17.5,21.1,24.7,17.5,21.1,17.4,79.7,2.19,100,29.17,rain,0,0,37.8,20.2,152.1,1019.3,93.3,15.6,58.3,5.1,2,10,2022-06-16T05:32:09,2022-06-16T20:32:40,0.53,"Rain, Overcast",Cloudy skies throughout the day with rain.,rain,"72510954782,C8212,72408013739,72030464752,KPHL,KPTW,E0301,KLOM,DE045",598
38,"Wayne, PA, United States",2022-06-17,32.8,21.4,26.7,33.3,21.4,26.8,17.4,62.1,0.0,0,0.0,,0,0,65.5,27.4,247.0,1007.8,49.7,15.3,190.9,16.4,10,75,2022-06-17T05:32:14,2022-06-17T20:33:00,0.57,Partially cloudy,Partly cloudy throughout the day.,partly-cloudy-day,"72510954782,C8212,72408013739,72030464752,KPHL,KPTW,KLOM",598
39,"Wayne, PA, United States",2022-06-18,23.7,14.8,19.7,23.7,14.8,19.7,9.5,52.0,0.0,0,0.0,rain,0,0,45.0,23.8,290.3,1008.5,50.9,15.9,91.8,7.9,8,10,2022-06-18T05:32:20,2022-06-18T20:33:18,0.62,Partially cloudy,Partly cloudy throughout the day.,partly-cloudy-day,"72510954782,C8212,72408013739,72030464752,KPHL,KPTW,KLOM,DE045",598
40,"Wayne, PA, United States",2022-06-19,23.3,12.3,17.8,23.3,12.3,17.8,3.9,40.9,0.0,0,0.0,,0,0,44.3,24.1,302.9,1016.1,7.5,16.0,199.9,17.2,10,10,2022-06-19T05:32:29,2022-06-19T20:33:35,0.67,Clear,Clear conditions throughout the day.,clear-day,"72510954782,C8212,72408013739,72030464752,KPHL,KPTW,E0301,KLOM,DE045",598
41,"Wayne, PA, United States",2022-06-20,26.3,9.9,18.8,26.3,9.9,18.8,6.4,48.1,0.0,0,0.0,,0,0,31.7,12.2,312.1,1020.8,12.4,16.0,178.0,15.2,10,10,2022-06-20T05:32:39,2022-06-20T20:33:49,0.72,Clear,Clear conditions throughout the day.,clear-day,"72510954782,C8212,72408013739,72030464752,KPHL,KPTW,E0301,KLOM,DE045",598
42,"Wayne, PA, United States",2022-06-21,25.8,12.9,20.0,25.8,12.9,20.0,12.9,65.1,0.06,100,4.17,rain,0,0,19.4,13.5,222.6,1019.9,32.9,16.0,106.6,9.2,4,10,2022-06-21T05:32:51,2022-06-21T20:34:02,0.77,"Rain, Partially cloudy",Becoming cloudy in the afternoon with afternoon rain.,rain,"72510954782,C8212,72408013739,72030464752,KPHL,KPTW,KLOM,DE045",598
43,"Wayne, PA, United States",2022-06-22,24.2,16.0,19.4,24.2,16.0,19.4,16.5,83.5,0.19,100,8.33,rain,0,0,31.7,17.8,122.3,1015.4,66.6,15.1,89.6,7.8,7,10,2022-06-22T05:33:05,2022-06-22T20:34:13,0.82,"Rain, Partially cloudy",Partly cloudy throughout the day with afternoon rain.,rain,"72510954782,C8212,72408013739,72030464752,KPHL,KPTW,E0301,KLOM,DE045",598
44,"Wayne, PA, United States",2022-06-23,21.2,16.4,18.2,21.2,16.4,18.2,16.5,90.2,5.49,100,54.17,rain,0,0,33.8,12.6,114.0,1014.7,94.7,13.4,35.0,3.0,1,10,2022-06-23T05:33:21,2022-06-23T20:34:22,0.87,"Rain, Overcast",Cloudy skies throughout the day with a chance of rain throughout the day.,rain,"72510954782,C8212,72408013739,72030464752,KPHL,KPTW,KLOM,DE045",598
45,"Wayne, PA, United States",2022-06-24,27.5,14.3,20.8,28.4,14.3,20.9,16.5,78.8,0.19,100,8.33,rain,0,0,18.0,14.2,178.6,1017.2,55.3,12.1,124.5,10.7,9,30,2022-06-24T05:33:38,2022-06-24T20:34:29,0.91,"Rain, Partially cloudy",Partly cloudy throughout the day with afternoon rain.,rain,"72510954782,C8212,72408013739,72030464752,KPHL,KPTW,KLOM,DE045",598
46,"Wayne, PA, United States",2022-06-25,31.5,17.2,25.1,31.7,17.2,25.4,17.9,67.9,0.0,0,0.0,,0,0,37.1,12.8,252.0,1019.6,20.1,15.1,162.5,14.0,10,60,2022-06-25T05:33:58,2022-06-25T20:34:35,0.95,Partially cloudy,Partly cloudy throughout the day.,partly-cloudy-day,"72510954782,C8212,72408013739,72030464752,KPHL,KPTW,KLOM,DE045",598
47,"Wayne, PA, United States",2022-06-26,30.9,20.6,25.9,31.9,20.6,26.3,18.1,64.0,0.0,0,0.0,,0,0,34.5,23.1,221.0,1018.8,23.0,16.0,193.6,16.9,9,10,2022-06-26T05:34:18,2022-06-26T20:34:38,0.97,Partially cloudy,Partly cloudy throughout the day.,partly-cloudy-day,"72510954782,C8212,72408013739,72030464752,KPHL,KPTW,KLOM,DE045",598
48,"Wayne, PA, United States",2022-06-27,25.4,20.2,23.5,25.4,20.2,23.5,20.1,82.0,0.97,100,16.67,rain,0,0,49.0,16.8,194.5,1015.1,83.9,14.6,55.1,4.7,2,30,2022-06-27T05:34:41,2022-06-27T20:34:40,0.99,"Rain, Partially cloudy",Partly cloudy throughout the day with afternoon rain.,rain,"72510954782,C8212,72408013739,72030464752,KPHL,KPTW,KLOM,DE045",598
49,"Wayne, PA, United States",2022-06-28,25.6,15.8,21.2,25.6,15.8,21.2,12.4,59.1,0.97,100,4.17,rain,0,0,30.2,12.5,296.9,1021.0,27.0,15.9,199.3,17.3,10,10,2022-06-28T05:35:05,2022-06-28T20:34:39,1.0,"Rain, Partially cloudy",Partly cloudy throughout the day with morning rain.,rain,"72510954782,C8212,72408013739,72030464752,KPHL,KPTW,E0301,KLOM,DE045",598
50,"Wayne, PA, United States",2022-06-29,29.6,13.9,22.4,29.3,13.9,22.4,14.7,65.5,0.0,0,0.0,,0,0,28.1,18.5,189.5,1023.1,25.2,16.0,195.8,16.9,10,30,2022-06-29T05:35:30,2022-06-29T20:34:37,0.0,Partially cloudy,Partly cloudy throughout the day.,partly-cloudy-day,"72510954782,C8212,72408013739,72030464752,KPHL,KPTW,KLOM,DE045",598
51,"Wayne, PA, United States",2022-06-30,31.4,16.9,24.7,30.5,16.9,24.4,15.4,60.8,0.0,0,0.0,,0,0,22.0,12.3,267.7,1022.2,13.4,15.8,189.4,16.5,9,10,2022-06-30T05:35:57,2022-06-30T20:34:32,0.01,Clear,Clear conditions throughout the day.,clear-day,"72510954782,C8212,72408013739,72030464752,KPHL,KPTW,KLOM,DE045",598
52,"Wayne, PA, United States",2022-07-01,32.9,19.2,26.3,35.1,19.2,27.7,20.4,72.1,0.08,100,4.17,rain,0,0,39.2,17.5,233.0,1017.7,27.4,15.5,185.1,15.9,9,100,2022-07-01T05:36:26,2022-07-01T20:34:26,0.03,"Rain, Partially cloudy",Becoming cloudy in the afternoon with afternoon rain.,rain,"72510954782,C8212,72408013739,72030464752,KPHL,KPTW,KLOM,DE045",598
53,"Wayne, PA, United States",2022-07-02,32.1,24.3,27.3,34.5,24.3,28.3,21.1,70.1,0.0,0,0.0,rain,0,0,39.6,18.4,235.0,1013.7,54.0,16.0,137.1,11.8,9,60,2022-07-02T05:36:56,2022-07-02T20:34:17,0.05,Partially cloudy,Partly cloudy throughout the day.,partly-cloudy-day,"72510954782,C8212,72408013739,72030464752,KPHL,KPTW,E0301,KLOM",598
54,"Wayne, PA, United States",2022-07-03,30.7,19.9,25.3,29.4,19.9,25.0,16.6,63.7,0.98,100,20.83,rain,0,0,33.5,12.8,246.5,1016.4,43.3,15.9,134.1,11.5,10,30,2022-07-03T05:37:27,2022-07-03T20:34:07,0.08,"Rain, Partially cloudy",Clearing in the afternoon with rain clearing later.,rain,"72510954782,C8212,72408013739,72030464752,KPHL,KPTW,E0301,KLOM",598
55,"Wayne, PA, United States",2022-07-04,29.6,14.5,22.9,28.4,14.5,22.6,12.1,54.7,0.0,0,0.0,,0,0,31.7,13.3,185.8,1021.0,14.9,15.9,197.2,17.1,10,10,2022-07-04T05:38:00,2022-07-04T20:33:55,0.12,Clear,Clear conditions throughout the day.,clear-day,"72510954782,C8212,72408013739,72030464752,KPHL,KPTW,E0301,KLOM,DE045",598
56,"Wayne, PA, United States",2022-07-05,29.3,18.9,23.9,30.9,18.9,24.4,18.6,73.3,0.7,100,12.5,rain,0,0,43.6,23.5,228.3,1016.4,58.8,15.7,159.2,13.7,8,10,2022-07-05T05:38:34,2022-07-05T20:33:41,0.17,"Rain, Partially cloudy",Becoming cloudy in the afternoon with rain.,rain,"72510954782,C8212,72408013739,72030464752,KPHL,KPTW,E0301,KLOM",598
57,"Wayne, PA, United States",2022-07-06,29.7,23.0,26.3,31.9,23.0,27.2,20.5,72.3,0.06,100,4.17,rain,0,0,34.9,13.7,219.4,1011.5,71.2,15.0,131.4,11.4,7,30,2022-07-06T05:39:10,2022-07-06T20:33:24,0.22,"Rain, Partially cloudy",Partly cloudy throughout the day with afternoon rain.,rain,"72510954782,C8212,72408013739,72030464752,KPHL,KPTW,KLOM,DE045",598
58,"Wayne, PA, United States",2022-07-07,26.8,20.4,23.5,28.4,20.4,23.6,19.7,80.0,7.28,100,25.0,rain,0,0,26.3,14.1,92.3,1015.0,87.0,15.2,77.7,6.4,3,10,2022-07-07T05:39:46,2022-07-07T20:33:06,0.27,"Rain, Partially cloudy",Partly cloudy throughout the day with rain clearing later.,rain,"72510954782,C8212,72408013739,72030464752,KPHL,KPTW,E0301,KLOM,DE045",598
59,"Wayne, PA, United States",2022-07-08,29.9,17.0,23.8,32.0,17.0,24.7,19.5,78.4,0.96,100,4.17,rain,0,0,22.0,13.0,160.8,1016.1,42.5,14.1,135.7,11.7,9,30,2022-07-08T05:40:24,2022-07-08T20:32:46,0.33,"Rain, Partially cloudy",Partly cloudy throughout the day with late afternoon rain.,rain,"72510954782,C8212,72408013739,72030464752,KPHL,KPTW,E0301,KLOM",598
60,"Wayne, PA, United States",2022-07-09,24.5,19.0,22.3,24.5,19.0,22.3,19.2,83.5,2.22,100,37.5,rain,0,0,29.9,11.1,93.0,1016.9,61.2,14.5,62.3,5.2,3,10,2022-07-09T05:41:03,2022-07-09T20:32:24,0.38,"Rain, Partially cloudy",Partly cloudy throughout the day with a chance of rain throughout the day.,rain,"72510954782,C8212,72408013739,72030464752,KPHL,KPTW,KLOM,DE045",598
61,"Wayne, PA, United States",2022-07-10,27.7,16.3,22.3,27.8,16.3,22.4,15.8,69.2,0.0,0,0.0,,0,0,26.6,13.5,103.8,1017.6,36.0,14.0,173.1,14.9,10,10,2022-07-10T05:41:43,2022-07-10T20:31:59,0.42,Partially cloudy,Partly cloudy throughout the day.,partly-cloudy-day,"72510954782,C8212,72408013739,72030464752,KPHL,KPTW,E0301,KLOM",598
62,"Wayne, PA, United States",2022-07-11,28.8,14.6,22.7,28.4,14.6,22.6,14.3,62.8,0.0,0,0.0,,0,0,31.3,14.5,180.8,1014.6,8.5,15.7,195.8,16.9,10,10,2022-07-11T05:42:25,2022-07-11T20:31:33,0.46,Clear,Clear conditions throughout the day.,clear-day,"72510954782,C8212,72408013739,72030464752,KPHL,KPTW,E0301,KLOM",598
63,"Wayne, PA, United States",2022-07-12,32.3,19.9,25.5,35.2,19.9,26.5,19.3,70.2,0.0,0,0.0,rain,0,0,41.0,23.4,216.8,1009.2,29.3,16.0,186.8,16.2,9,60,2022-07-12T05:43:07,2022-07-12T20:31:05,0.49,Partially cloudy,Partly cloudy throughout the day.,partly-cloudy-day,"72510954782,C8212,72408013739,72030464752,KPHL,KPTW,KLOM,DE045",598
64,"Wayne, PA, United States",2022-07-13,31.3,20.8,26.4,31.4,20.8,26.6,18.1,63.2,0.0,0,0.0,,0,0,36.7,13.3,220.2,1012.0,29.3,15.9,128.3,11.0,9,30,2022-07-13T05:43:51,2022-07-13T20:30:35,0.5,Partially cloudy,Partly cloudy throughout the day.,partly-cloudy-day,"72510954782,C8212,72408013739,72030464752,KPHL,KPTW,KLOM,DE045",598
65,"Wayne, PA, United States",2022-07-14,30.5,20.4,25.5,30.5,20.4,25.6,17.5,64.0,0.0,0,0.0,,0,0,27.7,12.9,285.8,1014.9,36.4,15.9,209.4,18.1,10,30,2022-07-14T05:44:35,2022-07-14T20:30:03,0.51,Partially cloudy,Partly cloudy throughout the day.,partly-cloudy-day,"72510954782,C8212,72408013739,72030464752,KPHL,KPTW,E0301,KLOM",598
66,"Wayne, PA, United States",2022-07-15,29.6,17.8,24.1,29.7,17.8,24.2,16.0,62.9,0.0,0,0.0,rain,0,0,32.0,13.7,67.6,1019.9,51.9,16.0,194.0,16.7,10,30,2022-07-15T05:45:20,2022-07-15T20:29:30,0.53,Partially cloudy,Partly cloudy throughout the day.,partly-cloudy-day,"72510954782,C8212,72408013739,72030464752,KPHL,KPTW,KLOM,DE045",598
67,"Wayne, PA, United States",2022-07-16,29.5,19.5,24.1,30.3,19.5,24.4,19.7,78.5,3.59,100,12.5,rain,0,0,47.9,10.7,135.3,1019.0,75.7,13.4,173.5,14.9,9,30,2022-07-16T05:46:06,2022-07-16T20:28:54,0.55,"Rain, Partially cloudy",Partly cloudy throughout the day with late afternoon rain.,rain,"72510954782,C8212,72408013739,72030464752,KPHL,KPTW,KLOM,DE045",598
68,"Wayne, PA, United States",2022-07-17,28.8,20.8,24.7,31.2,20.8,25.5,20.7,79.9,5.19,100,20.83,rain,0,0,21.6,12.8,137.3,1016.9,75.4,13.1,143.0,12.4,9,60,2022-07-17T05:46:53,2022-07-17T20:28:16,0.6,"Rain, Partially cloudy",Partly cloudy throughout the day with early morning rain.,rain,"72510954782,C8212,72408013739,72030464752,KPHL,KPTW,E0301,KLOM,DE045",598
69,"Wayne, PA, United States",2022-07-18,31.9,23.4,26.9,35.9,23.4,28.5,22.7,79.4,1.37,100,16.67,rain,0,0,39.3,22.5,190.3,1012.4,73.8,15.4,75.6,6.5,4,75,2022-07-18T05:47:41,2022-07-18T20:27:37,0.65,"Rain, Partially cloudy",Partly cloudy throughout the day with rain.,rain,"72510954782,C8212,72408013739,72030464752,KPHL,KPTW,KLOM,DE045",598
70,"Wayne, PA, United States",2022-07-19,32.3,22.9,27.4,33.2,22.9,28.0,19.5,64.6,0.0,0,0.0,,0,0,48.1,16.1,263.5,1010.0,22.8,15.9,194.5,16.7,9,10,2022-07-19T05:48:30,2022-07-19T20:26:56,0.7,Partially cloudy,Partly cloudy throughout the day.,partly-cloudy-day,"72510954782,C8212,72408013739,72030464752,KPHL,KPTW,E0301,KLOM,DE045",598
71,"Wayne, PA, United States",2022-07-20,34.0,22.3,28.5,36.1,22.3,29.7,19.7,60.7,0.0,0,0.0,,0,0,29.5,19.2,245.0,1008.9,12.4,15.9,117.9,10.2,8,30,2022-07-20T05:49:19,2022-07-20T20:26:12,0.75,Clear,Clear conditions throughout the day.,clear-day,"72510954782,C8212,72408013739,72030464752,KPHL,KPTW,E0301,KLOM",598
72,"Wayne, PA, United States",2022-07-21,33.8,24.8,29.5,37.5,24.8,31.3,21.2,63.2,0.0,0,0.0,,0,0,40.7,18.8,233.9,1005.8,25.3,16.0,166.3,14.5,9,60,2022-07-21T05:50:09,2022-07-21T20:25:28,0.8,Partially cloudy,Partly cloudy throughout the day.,partly-cloudy-day,"72510954782,C8212,72408013739,72030464752,KPHL,KPTW,E0301,KLOM",598
73,"Wayne, PA, United States",2022-07-22,34.5,21.9,29.2,34.3,21.9,29.6,18.5,56.0,0.0,0,0.0,,0,0,31.7,18.9,262.2,1012.0,15.2,16.0,179.1,15.5,9,60,2022-07-22T05:51:00,2022-07-22T20:24:41,0.85,Clear,Clear conditions throughout the day.,clear-day,"72510954782,C8212,72408013739,72030464752,KPHL,KPTW,E0301,KLOM,DE045",598
74,"Wayne, PA, United States",2022-07-23,34.8,22.6,29.6,36.0,22.6,30.6,19.3,57.2,0.0,0,0.0,,0,0,28.4,15.5,251.0,1016.4,11.6,15.9,190.2,16.3,9,75,2022-07-23T05:51:51,2022-07-23T20:23:53,0.89,Clear,Clear conditions throughout the day.,clear-day,"72510954782,C8212,72408013739,72030464752,KPHL,KPTW,E0301,KLOM",598
75,"Wayne, PA, United States",2022-07-24,35.5,20.7,29.0,37.4,20.7,30.0,19.3,59.6,0.0,0,0.0,,0,0,38.9,22.8,242.5,1016.3,14.5,16.0,169.6,14.6,9,60,2022-07-24T05:52:43,2022-07-24T20:23:03,0.93,Clear,Clear conditions throughout the day.,clear-day,"72510954782,C8212,72408013739,72030464752,KPHL,KPTW,KLOM,DE045",598
76,"Wayne, PA, United States",2022-07-25,30.7,26.6,28.7,35.0,26.6,31.9,22.8,71.1,0.24,100,8.33,rain,0,0,53.6,20.8,221.4,1012.7,35.6,15.9,75.6,6.5,4,100,2022-07-25T05:53:35,2022-07-25T20:22:11,0.96,"Rain, Partially cloudy",Becoming cloudy in the afternoon with afternoon rain.,rain,"72510954782,C8212,72408013739,72030464752,KPHL,KPTW,KLOM,DE045",598
77,"Wayne, PA, United States",2022-07-26,26.2,20.7,23.9,26.2,20.7,23.9,16.8,65.3,0.0,0,0.0,,0,0,44.6,11.3,235.8,1016.1,28.5,16.0,59.8,5.1,2,30,2022-07-26T05:54:28,2022-07-26T20:21:17,0.98,Partially cloudy,Becoming cloudy in the afternoon.,partly-cloudy-day,"72510954782,C8212,72408013739,72030464752,KPHL,KPTW,E0301,KLOM",598
78,"Wayne, PA, United States",2022-07-27,29.7,21.0,25.5,31.1,21.0,26.0,18.8,68.2,0.05,100,4.17,rain,0,0,35.3,13.4,199.0,1014.2,75.9,16.0,123.2,10.7,9,30,2022-07-27T05:55:22,2022-07-27T20:20:22,1.0,"Rain, Partially cloudy",Partly cloudy throughout the day with late afternoon rain.,rain,"72510954782,C8212,72408013739,72030464752,KPHL,KPTW,KLOM,DE045",598
79,"Wayne, PA, United States",2022-07-28,31.5,22.3,26.4,34.8,22.3,27.7,22.2,80.0,26.15,100,41.67,rain,0,0,55.4,15.7,250.1,1011.2,70.6,13.4,114.5,9.9,7,75,2022-07-28T05:56:15,2022-07-28T20:19:25,1.0,"Rain, Partially cloudy",Partly cloudy throughout the day with rain.,rain,"72510954782,C8212,72408013739,72030464752,KPHL,KPTW,E0301,KLOM,DE045",598
80,"Wayne, PA, United States",2022-07-29,28.2,21.3,24.3,30.5,21.3,24.7,21.0,82.6,0.62,100,12.5,rain,0,0,25.2,9.9,249.0,1013.4,52.7,15.7,51.0,4.4,2,10,2022-07-29T05:57:10,2022-07-29T20:18:27,0.0,"Rain, Partially cloudy",Becoming cloudy in the afternoon with rain.,rain,"72510954782,C8212,72408013739,72030464752,KPHL,KPTW,E0301,KLOM,DE045",598
81,"Wayne, PA, United States",2022-07-30,30.2,20.5,25.1,29.6,20.5,25.0,17.0,64.3,0.0,0,0.0,,0,0,33.5,16.2,306.2,1017.7,34.7,15.9,191.0,16.5,10,10,2022-07-30T05:58:04,2022-07-30T20:17:27,0.01,Partially cloudy,Partly cloudy throughout the day.,partly-cloudy-day,"72510954782,C8212,72408013739,72030464752,KPHL,KPTW,KLOM,DE045",598
82,"Wayne, PA, United States",2022-07-31,30.1,17.6,24.0,29.9,17.6,24.1,17.2,68.7,0.05,100,4.17,rain,0,0,29.5,12.3,168.0,1021.0,44.1,16.0,167.7,14.5,8,10,2022-07-31T05:58:59,2022-07-31T20:16:26,0.04,"Rain, Partially cloudy",Partly cloudy throughout the day with late afternoon rain.,rain,"72510954782,C8212,72408013739,72030464752,KPHL,KPTW,KLOM,DE045",598
83,"Wayne, PA, United States",2022-08-01,25.2,19.0,21.3,25.2,19.0,21.3,19.3,89.2,10.4,100,50.0,rain,0,0,16.2,9.6,162.8,1015.0,81.7,12.9,47.1,4.0,2,10,2022-08-01T05:59:54,2022-08-01T20:15:23,0.07,"Rain, Partially cloudy",Partly cloudy throughout the day with a chance of rain throughout the day.,rain,"72510954782,C8212,72408013739,72030464752,KPHL,KPTW,KLOM,DE045",598
84,"Wayne, PA, United States",2022-08-02,31.8,19.1,25.7,33.7,19.1,26.6,19.8,72.5,0.25,100,12.5,rain,0,0,35.3,17.0,239.6,1010.9,27.6,14.4,154.5,13.4,8,60,2022-08-02T06:00:50,2022-08-02T20:14:18,0.1,"Rain, Partially cloudy",Partly cloudy throughout the day with rain clearing later.,rain,"72510954782,C8212,72408013739,72030464752,KPHL,KPTW,KLOM,DE045",598
85,"Wayne, PA, United States",2022-08-03,31.2,18.3,25.4,31.8,18.3,25.7,17.6,64.4,0.0,0,0.0,,0,0,27.7,16.1,226.6,1015.7,6.2,16.0,179.9,15.5,10,10,2022-08-03T06:01:46,2022-08-03T20:13:12,0.14,Clear,Clear conditions throughout the day.,clear-day,"72510954782,C8212,72408013739,72030464752,KPHL,KPTW,KLOM,DE045",598
86,"Wayne, PA, United States",2022-08-04,34.0,19.8,26.9,37.8,19.8,28.8,21.0,72.8,1.13,100,16.67,rain,0,0,53.6,19.4,213.8,1017.8,26.5,15.3,173.5,14.9,9,75,2022-08-04T06:02:42,2022-08-04T20:12:05,0.2,"Rain, Partially cloudy",Partly cloudy throughout the day with late afternoon rain.,rain,"72510954782,C8212,72408013739,72030464752,KPHL,KPTW,E0301,KLOM,DE045",598
87,"Wayne, PA, United States",2022-08-05,31.4,21.4,26.1,34.7,21.4,27.4,21.5,77.1,1.15,100,8.33,rain,0,0,40.7,13.4,239.8,1020.9,35.0,15.9,58.6,5.0,3,60,2022-08-05T06:03:38,2022-08-05T20:10:56,0.25,"Rain, Partially cloudy",Partly cloudy throughout the day with rain clearing later.,rain,"72510954782,C8212,72408013739,72030464752,KPHL,KPTW,KLOM,DE045",598
88,"Wayne, PA, United States",2022-08-06,30.7,21.1,26.2,34.0,21.1,27.8,21.7,77.4,0.0,0,0.0,,0,0,33.8,18.2,228.5,1023.0,49.0,16.0,136.7,11.6,9,60,2022-08-06T06:04:34,2022-08-06T20:09:46,0.31,Partially cloudy,Partly cloudy throughout the day.,partly-cloudy-day,"72510954782,C8212,72408013739,72030464752,KPHL,KPTW,KLOM,DE045",598
89,"Wayne, PA, United States",2022-08-07,32.6,24.4,28.5,35.9,24.4,30.4,22.3,70.7,0.0,0,0.0,rain,0,0,42.5,22.7,215.7,1021.5,45.9,15.9,147.7,12.7,9,60,2022-08-07T06:05:31,2022-08-07T20:08:35,0.36,Partially cloudy,Partly cloudy throughout the day.,partly-cloudy-day,"72510954782,C8212,72408013739,72030464752,KPHL,KPTW,KLOM,DE045",598
90,"Wayne, PA, United States",2022-08-08,33.3,25.0,29.1,37.6,25.0,32.0,23.2,72.0,0.0,0,0.0,rain,0,0,38.5,21.5,220.3,1016.7,47.7,16.0,153.3,13.2,9,75,2022-08-08T06:06:28,2022-08-08T20:07:22,0.41,Partially cloudy,Partly cloudy throughout the day.,partly-cloudy-day,"72510954782,C8212,72408013739,72030464752,KPHL,KPTW,KLOM,DE045",598
91,"Wayne, PA, United States",2022-08-09,34.3,25.5,28.8,39.2,25.5,31.4,23.5,74.6,7.92,100,29.17,rain,0,0,50.0,20.3,256.1,1014.3,38.7,15.7,148.3,12.9,9,60,2022-08-09T06:07:25,2022-08-09T20:06:08,0.45,"Rain, Partially cloudy",Becoming cloudy in the afternoon with rain.,rain,"72510954782,C8212,72408013739,72030464752,KPHL,KPTW,KLOM,DE045",598
92,"Wayne, PA, United States",2022-08-10,29.9,22.9,26.8,32.2,22.9,27.8,21.3,73.5,0.38,100,8.33,rain,0,0,27.7,12.1,248.8,1016.7,55.2,15.8,143.5,12.6,8,30,2022-08-10T06:08:22,2022-08-10T20:04:53,0.48,"Rain, Partially cloudy",Partly cloudy throughout the day with early morning rain.,rain,"72510954782,C8212,72408013739,72030464752,KPHL,KPTW,KLOM,DE045",598
93,"Wayne, PA, United States",2022-08-11,30.5,22.1,25.9,30.4,22.1,26.0,19.1,69.6,12.72,100,25.0,rain,0,0,29.5,14.3,296.9,1013.2,55.3,15.2,127.7,11.0,9,30,2022-08-11T06:09:19,2022-08-11T20:03:37,0.5,"Rain, Partially cloudy",Partly cloudy throughout the day with rain clearing later.,rain,"72510954782,C8212,72408013739,72030464752,KPHL,KPTW,KLOM,DE045",598
94,"Wayne, PA, United States",2022-08-12,28.4,20.1,24.2,27.6,20.1,23.9,11.8,47.8,0.0,0,0.0,rain,0,0,37.1,14.8,273.4,1015.9,42.5,16.0,151.1,13.0,10,10,2022-08-12T06:10:16,2022-08-12T20:02:19,0.5,Partially cloudy,Partly cloudy throughout the day.,partly-cloudy-day,"72510954782,C8212,72408013739,72030464752,KPHL,KPTW,KLOM,DE045",598
95,"Wayne, PA, United States",2022-08-13,27.5,15.1,21.1,26.7,15.1,20.9,9.5,50.1,0.0,0,0.0,,0,0,37.1,15.0,213.6,1019.2,7.2,16.0,166.5,14.4,10,10,2022-08-13T06:11:13,2022-08-13T20:01:00,0.52,Clear,Clear conditions throughout the day.,clear-day,"72510954782,C8212,72408013739,72030464752,KPHL,KPTW,KLOM,DE045",598
96,"Wayne, PA, United States",2022-08-14,28.4,15.4,22.0,27.5,15.4,21.9,13.2,61.5,0.0,0,0.0,,0,0,25.9,10.9,162.3,1017.6,23.3,16.0,106.3,9.1,9,10,2022-08-14T06:12:10,2022-08-14T19:59:40,0.54,Partially cloudy,Partly cloudy throughout the day.,partly-cloudy-day,"72510954782,C8212,72408013739,72030464752,KPHL,KPTW,KLOM,DE045",598
97,"Wayne, PA, United States",2022-08-15,28.3,16.1,21.6,27.8,16.1,21.5,13.7,64.2,0.0,0,0.0,,0,0,27.7,16.8,128.7,1015.7,23.4,16.0,111.9,9.7,9,10,2022-08-15T06:13:07,2022-08-15T19:58:20,0.58,Partially cloudy,Partly cloudy throughout the day.,partly-cloudy-day,"72510954782,C8212,72408013739,72030464752,KPHL,KPTW,KLOM,DE045",598
98,"Wayne, PA, United States",2022-08-16,28.6,13.4,20.8,27.8,13.4,20.7,12.9,65.1,0.0,0,0.0,,0,0,38.9,18.7,78.8,1016.0,23.6,16.0,158.8,13.8,9,10,2022-08-16T06:14:05,2022-08-16T19:56:58,0.62,Partially cloudy,Partly cloudy throughout the day.,partly-cloudy-day,"72510954782,C8212,72408013739,72030464752,KPHL,KPTW,KLOM,DE045",598
99,"Wayne, PA, United States",2022-08-17,27.3,15.9,21.8,27.1,15.9,21.8,14.1,65.1,0.0,0,0.0,,0,0,19.1,11.3,125.8,1015.9,58.0,16.0,95.1,8.3,7,30,2022-08-17T06:15:02,2022-08-17T19:55:35,0.67,Partially cloudy,Partly cloudy throughout the day.,partly-cloudy-day,"72510954782,C8212,72408013739,72030464752,KPHL,KPTW,KLOM,DE045",598
100,"Wayne, PA, United States",2022-08-18,29.0,14.8,22.0,28.4,14.8,21.9,13.9,64.3,0.0,0,0.0,,0,0,30.6,14.3,273.3,1014.1,13.8,16.0,184.5,15.9,9,30,2022-08-18T06:15:59,2022-08-18T19:54:11,0.72,Clear,Clear conditions throughout the day.,clear-day,"72510954782,C8212,72408013739,72030464752,KPHL,KPTW,KLOM,DE045",598
101,"Wayne, PA, United States",2022-08-19,31.7,15.4,24.5,31.1,15.4,24.4,15.5,61.3,0.0,0,0.0,,0,0,24.1,16.9,260.4,1018.0,15.3,16.0,179.0,15.5,10,30,2022-08-19T06:16:56,2022-08-19T19:52:46,0.77,Clear,Clear conditions throughout the day.,clear-day,"72510954782,C8212,72408013739,72030464752,KPHL,KPTW,KLOM,DE045",598
102,"Wayne, PA, United States",2022-08-20,32.4,20.8,26.4,32.2,20.8,26.5,17.6,61.8,0.0,0,0.0,,0,0,25.9,15.6,186.2,1020.8,35.4,16.0,171.0,14.8,9,30,2022-08-20T06:17:53,2022-08-20T19:51:20,0.82,Partially cloudy,Partly cloudy throughout the day.,partly-cloudy-day,"72510954782,C8212,72408013739,72030464752,KPHL,KPTW,KLOM,DE045",598
103,"Wayne, PA, United States",2022-08-21,29.2,18.2,23.9,30.4,18.2,24.1,19.3,77.2,0.65,100,8.33,rain,0,0,29.5,14.5,119.9,1019.1,55.8,15.8,100.3,8.7,7,30,2022-08-21T06:18:51,2022-08-21T19:49:53,0.86,"Rain, Partially cloudy",Partly cloudy throughout the day with late afternoon rain.,rain,"72510954782,C8212,72408013739,72030464752,KPHL,KPTW,KLOM,DE045",598
104,"Wayne, PA, United States",2022-08-22,28.5,20.8,24.1,30.7,20.8,24.6,21.5,86.4,8.2,100,54.17,rain,0,0,27.4,13.0,131.5,1012.7,85.8,14.7,89.1,7.7,8,75,2022-08-22T06:19:48,2022-08-22T19:48:25,0.9,"Rain, Partially cloudy",Partly cloudy throughout the day with a chance of rain throughout the day.,rain,"72510954782,C8212,72408013739,72030464752,KPHL,KPTW,KLOM,DE045",598
105,"Wayne, PA, United States",2022-08-23,28.6,18.7,23.5,29.3,18.7,23.7,18.7,76.8,0.0,0,0.0,rain,0,0,31.7,16.5,254.8,1010.9,50.7,13.9,62.4,5.6,7,30,2022-08-23T06:20:45,2022-08-23T19:46:57,0.94,Partially cloudy,Partly cloudy throughout the day.,partly-cloudy-day,"72510954782,C8212,72408013739,72030464752,KPHL,KPTW,KLOM,DE045",598
106,"Wayne, PA, United States",2022-08-24,30.5,18.2,23.9,30.0,18.2,23.9,16.7,67.8,0.0,0,0.0,,0,0,29.5,13.1,272.9,1015.3,17.3,15.7,160.9,13.7,9,30,2022-08-24T06:21:42,2022-08-24T19:45:28,0.97,Clear,Clear conditions throughout the day.,clear-day,"72510954782,C8212,72408013739,72030464752,KPHL,KPTW,KLOM,DE045",598
107,"Wayne, PA, United States",2022-08-25,31.6,15.8,24.4,30.9,15.8,24.3,15.6,62.4,0.0,0,0.0,,0,0,19.1,10.9,271.6,1017.4,15.4,15.7,173.4,14.8,9,10,2022-08-25T06:22:39,2022-08-25T19:43:58,0.99,Clear,Clear conditions throughout the day.,clear-day,"72510954782,C8212,72408013739,72030464752,KPHL,KPTW,KLOM,DE045",598
108,"Wayne, PA, United States",2022-08-26,32.3,20.9,26.8,32.8,20.9,27.4,19.5,67.1,0.0,0,0.0,rain,0,0,31.7,22.3,236.0,1014.2,41.1,15.7,145.8,12.4,8,60,2022-08-26T06:23:36,2022-08-26T19:42:27,1.0,Partially cloudy,Partly cloudy throughout the day.,partly-cloudy-day,"72510954782,C8212,72408013739,72030464752,KPHL,KPTW,KLOM,DE045",598
109,"Wayne, PA, United States",2022-08-27,31.4,20.3,26.0,31.6,20.3,26.2,18.5,66.6,0.0,0,0.0,rain,0,0,33.5,11.7,157.2,1015.8,41.0,15.6,194.5,16.7,9,30,2022-08-27T06:24:33,2022-08-27T19:40:55,0.0,Partially cloudy,Becoming cloudy in the afternoon.,partly-cloudy-day,"72510954782,C8212,72408013739,72030464752,KPHL,KPTW,KLOM,DE045",598
110,"Wayne, PA, United States",2022-08-28,30.1,20.5,25.0,32.5,20.5,25.9,21.0,79.6,0.0,0,0.0,rain,0,0,28.4,18.2,81.9,1019.8,74.5,14.9,105.0,9.1,6,60,2022-08-28T06:25:30,2022-08-28T19:39:23,0.01,Partially cloudy,Partly cloudy throughout the day.,partly-cloudy-day,"72510954782,C8212,72408013739,72030464752,KPHL,KPTW,KLOM,DE045",598
111,"Wayne, PA, United States",2022-08-29,32.3,20.5,26.1,33.6,20.5,26.7,20.2,73.8,0.0,0,0.0,rain,0,0,33.1,15.5,148.9,1019.4,52.6,12.6,96.1,8.1,9,30,2022-08-29T06:26:27,2022-08-29T19:37:50,0.02,Partially cloudy,Partly cloudy throughout the day.,partly-cloudy-day,"72510954782,C8212,72408013739,72030464752,KPHL,KPTW,KLOM,DE045",598
112,"Wayne, PA, United States",2022-08-30,32.6,22.8,26.7,34.9,22.8,27.7,21.8,76.9,10.87,100,16.67,rain,0,0,35.3,22.6,208.3,1012.3,73.7,15.7,99.0,8.6,9,60,2022-08-30T06:27:24,2022-08-30T19:36:17,0.05,"Rain, Partially cloudy",Partly cloudy throughout the day with late afternoon rain.,rain,"72510954782,C8212,72408013739,72030464752,KPHL,KPTW,E0301,KLOM,DE045",598
113,"Wayne, PA, United States",2022-08-31,27.8,19.0,23.4,27.6,19.0,23.3,16.4,68.8,0.0,0,0.0,,0,0,37.1,18.5,293.9,1010.8,23.9,15.0,174.9,15.1,9,10,2022-08-31T06:28:20,2022-08-31T19:34:43,0.09,Partially cloudy,Partly cloudy throughout the day.,partly-cloudy-day,"72510954782,C8212,72408013739,72030464752,KPHL,KPTW,KLOM,DE045",598
114,"Wayne, PA, United States",2022-09-01,29.8,15.9,23.0,28.7,15.9,22.7,12.8,55.8,0.0,0,0.0,,0,0,30.3,17.4,279.7,1014.8,3.9,16.0,137.0,11.8,9,10,2022-09-01T06:29:17,2022-09-01T19:33:08,0.13,Clear,Clear conditions throughout the day.,clear-day,"72510954782,C8212,72408013739,72030464752,KPHL,KPTW,KLOM,DE045",598
115,"Wayne, PA, United States",2022-09-02,28.0,12.9,20.8,27.2,12.9,20.7,11.6,59.1,0.0,0,0.0,,0,0,25.9,12.1,72.2,1023.0,9.4,16.0,162.9,14.1,9,10,2022-09-02T06:30:14,2022-09-02T19:31:33,0.18,Clear,Clear conditions throughout the day.,clear-day,"72510954782,C8212,72408013739,72030464752,KPHL,KPTW,KLOM,DE045",598
116,"Wayne, PA, United States",2022-09-03,29.3,15.8,22.6,29.8,15.8,22.8,17.1,73.5,0.0,0,0.0,rain,0,0,25.9,11.7,83.8,1024.1,47.2,15.6,147.0,12.7,7,10,2022-09-03T06:31:10,2022-09-03T19:29:58,0.24,Partially cloudy,Partly cloudy throughout the day.,partly-cloudy-day,"72510954782,C8212,72408013739,72030464752,KPHL,KPTW,KLOM,DE045",598
117,"Wayne, PA, United States",2022-09-04,31.1,18.9,25.3,32.1,18.9,25.8,18.9,70.4,0.0,0,0.0,rain,0,0,32.0,12.2,229.6,1020.1,40.6,15.9,136.7,11.7,9,30,2022-09-04T06:32:07,2022-09-04T19:28:22,0.29,Partially cloudy,Partly cloudy throughout the day.,partly-cloudy-day,"72510954782,C8212,72408013739,72030464752,KPHL,KPTW,E0301,KLOM",598
118,"Wayne, PA, United States",2022-09-05,30.1,20.4,24.7,30.6,20.4,25.0,19.1,73.2,0.93,100,20.83,rain,0,0,37.1,15.5,173.8,1018.4,62.9,15.8,124.4,10.7,7,10,2022-09-05T06:33:03,2022-09-05T19:26:45,0.35,"Rain, Partially cloudy",Partly cloudy throughout the day with late afternoon rain.,rain,"72510954782,C8212,72408013739,72030464752,KPHL,KPTW,KLOM,DE045",598
119,"Wayne, PA, United States",2022-09-06,22.9,20.4,21.6,22.9,20.4,21.6,20.6,94.2,65.66,100,100.0,rain,0,0,46.1,15.9,81.3,1015.2,99.8,11.0,22.8,1.9,1,10,2022-09-06T06:34:00,2022-09-06T19:25:08,0.4,"Rain, Overcast",Cloudy skies throughout the day with a chance of rain throughout the day.,rain,"72510954782,C8212,72408013739,72030464752,KPHL,KPTW,KLOM,DE045",598
120,"Wayne, PA, United States",2022-09-07,21.2,19.2,20.0,21.2,19.2,20.0,18.3,90.0,3.24,100,50.0,rain,0,0,31.3,14.5,40.1,1015.2,99.7,14.9,28.9,2.5,2,10,2022-09-07T06:34:57,2022-09-07T19:23:31,0.44,"Rain, Overcast",Cloudy skies throughout the day with a chance of rain throughout the day.,rain,"72510954782,C8212,72408013739,72030464752,KPHL,KPTW,KLOM,DE045",598
121,"Wayne, PA, United States",2022-09-08,26.1,15.9,20.6,26.1,15.9,20.6,15.4,74.7,0.0,0,0.0,,0,0,33.5,15.2,110.3,1013.5,44.5,16.0,95.6,8.1,8,10,2022-09-08T06:35:53,2022-09-08T19:21:53,0.47,Partially cloudy,Partly cloudy throughout the day.,partly-cloudy-day,"72510954782,C8212,72408013739,72030464752,KPHL,KPTW,KLOM,DE045",598
122,"Wayne, PA, United States",2022-09-09,27.6,13.7,20.2,27.1,13.7,20.2,13.6,70.9,0.0,0,0.0,rain,0,0,21.2,13.0,106.3,1017.8,5.7,14.2,157.0,13.3,8,10,2022-09-09T06:36:50,2022-09-09T19:20:15,0.49,Clear,Clear conditions throughout the day.,clear-day,"72510954782,C8212,72408013739,72030464752,KPHL,KPTW,E0301,KLOM",598
123,"Wayne, PA, United States",2022-09-10,27.0,12.5,19.9,27.2,12.5,20.0,14.7,74.9,0.0,0,0.0,,0,0,14.0,12.3,118.3,1023.5,13.9,14.7,149.9,12.8,8,10,2022-09-10T06:37:46,2022-09-10T19:18:37,0.5,Clear,Clear conditions throughout the day.,clear-day,"72510954782,C8212,72408013739,72030464752,KPHL,KPTW,KLOM,DE045",598
124,"Wayne, PA, United States",2022-09-11,21.8,19.6,20.8,21.8,19.6,20.8,19.5,92.5,8.05,100,62.5,rain,0,0,28.8,11.2,65.0,1019.7,94.2,11.4,25.0,2.2,1,10,2022-09-11T06:38:43,2022-09-11T19:16:58,0.51,"Rain, Overcast",Cloudy skies throughout the day with rain.,rain,"72510954782,C8212,72408013739,72030464752,KPHL,KPTW,KLOM,DE045",598
125,"Wayne, PA, United States",2022-09-12,27.9,20.8,23.9,30.0,20.8,24.2,21.4,87.2,3.06,100,41.67,rain,0,0,18.7,6.0,193.9,1010.8,90.6,12.8,60.7,5.1,3,60,2022-09-12T06:39:39,2022-09-12T19:15:19,0.53,"Rain, Overcast",Cloudy skies throughout the day with rain.,rain,"72510954782,C8212,72408013739,72030464752,KPHL,KPTW,KLOM,DE045",598
126,"Wayne, PA, United States",2022-09-13,27.3,17.9,23.1,28.2,17.9,23.2,17.9,75.4,0.0,0,0.0,rain,0,0,35.3,17.1,270.4,1008.5,57.5,13.8,163.6,14.3,9,60,2022-09-13T06:40:36,2022-09-13T19:13:40,0.56,Partially cloudy,Partly cloudy throughout the day.,partly-cloudy-day,"72510954782,C8212,72408013739,72030464752,KPHL,KPTW,KLOM,DE045",598
127,"Wayne, PA, United States",2022-09-14,25.6,14.7,20.0,25.6,14.7,20.0,13.7,68.8,0.0,0,0.0,,0,0,37.1,14.1,289.3,1015.5,7.9,16.0,153.3,13.1,8,10,2022-09-14T06:41:33,2022-09-14T19:12:01,0.6,Clear,Clear conditions throughout the day.,clear-day,"72510954782,C8212,72408013739,72030464752,KPHL,KPTW,KLOM,DE045",598
128,"Wayne, PA, United States",2022-09-15,23.2,12.9,18.9,23.2,12.9,18.9,11.3,64.7,0.0,0,0.0,,0,0,44.6,17.9,312.3,1021.2,2.9,15.9,146.8,12.7,8,10,2022-09-15T06:42:29,2022-09-15T19:10:22,0.64,Clear,Clear conditions throughout the day.,clear-day,"72510954782,C8212,72408013739,72030464752,KPHL,KPTW,KLOM,DE045",598
129,"Wayne, PA, United States",2022-09-16,24.6,9.9,16.8,24.6,9.9,16.8,10.6,70.3,0.0,0,0.0,,0,0,16.9,9.7,244.3,1022.7,4.8,16.0,122.9,10.5,7,10,2022-09-16T06:43:26,2022-09-16T19:08:42,0.69,Clear,Clear conditions throughout the day.,clear-day,"72510954782,C8212,72408013739,72030464752,KPHL,KPTW,KLOM,DE045",598
130,"Wayne, PA, United States",2022-09-17,26.6,13.4,20.0,26.6,13.4,20.0,14.6,73.1,0.0,0,0.0,,0,0,20.9,12.5,157.9,1023.5,23.1,15.7,129.9,11.2,7,10,2022-09-17T06:44:23,2022-09-17T19:07:03,0.74,Partially cloudy,Partly cloudy throughout the day.,partly-cloudy-day,"72510954782,C8212,72408013739,72030464752,KPHL,KPTW,KLOM,DE045",598
131,"Wayne, PA, United States",2022-09-18,28.0,16.8,22.0,28.2,16.8,22.1,16.0,71.5,0.0,0,0.0,rain,0,0,31.3,15.4,227.7,1019.1,21.8,15.6,117.1,10.3,7,10,2022-09-18T06:45:20,2022-09-18T19:05:23,0.78,Partially cloudy,Partly cloudy throughout the day.,partly-cloudy-day,"72510954782,C8212,72408013739,72030464752,KPHL,KPTW,KLOM,DE045",598
132,"Wayne, PA, United States",2022-09-19,29.0,17.0,22.1,29.3,17.0,22.1,17.4,77.2,0.43,100,8.33,rain,0,0,35.3,21.8,255.1,1014.1,33.6,14.9,132.1,11.3,7,10,2022-09-19T06:46:17,2022-09-19T19:03:43,0.83,"Rain, Partially cloudy",Becoming cloudy in the afternoon with afternoon rain.,rain,"72510954782,C8212,72408013739,72030464752,KPHL,KPTW,E0301,KLOM,DE045",598
133,"Wayne, PA, United States",2022-09-20,26.6,16.9,21.1,26.6,16.9,21.1,15.0,71.2,0.0,0,0.0,,0,0,40.7,18.9,294.5,1013.2,20.8,14.3,144.4,12.7,8,10,2022-09-20T06:47:14,2022-09-20T19:02:04,0.87,Partially cloudy,Becoming cloudy in the afternoon.,partly-cloudy-day,"72510954782,C8212,72408013739,72030464752,KPHL,KPTW,KLOM,DE045",598
134,"Wayne, PA, United States",2022-09-21,27.4,13.5,20.7,27.4,13.5,20.7,14.6,70.9,0.0,0,0.0,,0,0,27.4,14.0,251.0,1013.8,15.2,14.8,132.9,11.6,8,10,2022-09-21T06:48:11,2022-09-21T19:00:24,0.91,Clear,Clear conditions throughout the day.,clear-day,"72510954782,C8212,72408013739,72030464752,KPHL,KPTW,KLOM,DE045",598
135,"Wayne, PA, United States",2022-09-22,25.1,14.2,19.8,25.1,14.2,19.8,14.9,74.0,0.47,100,8.33,rain,0,0,55.4,20.9,270.9,1006.0,48.5,15.5,32.4,2.7,2,10,2022-09-22T06:49:09,2022-09-22T18:58:44,0.95,"Rain, Partially cloudy",Partly cloudy throughout the day with afternoon rain.,rain,"72510954782,C8212,72408013739,72030464752,KPHL,KPTW,KLOM,DE045",598
136,"Wayne, PA, United States",2022-09-23,18.0,10.5,13.7,18.0,10.5,13.7,3.3,51.3,0.0,0,0.0,,0,0,46.9,21.8,324.3,1014.8,21.2,15.9,132.8,11.4,8,10,2022-09-23T06:50:06,2022-09-23T18:57:05,0.97,Partially cloudy,Partly cloudy throughout the day.,partly-cloudy-day,"72510954782,C8212,72408013739,72030464752,KPHL,KPTW,KLOM,DE045",598
137,"Wayne, PA, United States",2022-09-24,20.2,6.8,12.7,20.2,5.5,12.3,5.5,64.0,0.0,0,0.0,,0,0,32.8,16.6,280.3,1017.1,17.4,15.9,124.5,10.8,9,10,2022-09-24T06:51:04,2022-09-24T18:55:25,0.99,Clear,Clear conditions throughout the day.,clear-day,"72510954782,C8212,72408013739,72030464752,KPHL,KPTW,KLOM,DE045",598
138,"Wayne, PA, United States",2022-09-25,22.2,13.6,16.7,22.2,13.6,16.7,13.3,81.0,3.35,100,33.33,rain,0,0,66.6,13.7,207.3,1007.6,75.4,15.4,63.1,5.4,5,10,2022-09-25T06:52:01,2022-09-25T18:53:46,1.0,"Rain, Partially cloudy",Partly cloudy throughout the day with rain.,rain,"72510954782,C8212,72408013739,72030464752,KPHL,KPTW,KLOM,DE045",598
139,"Wayne, PA, United States",2022-09-26,23.9,13.0,18.3,23.9,13.0,18.3,10.9,65.9,0.19,100,8.33,rain,0,0,40.7,22.1,249.5,1006.6,42.7,15.6,132.8,11.5,8,10,2022-09-26T06:52:59,2022-09-26T18:52:07,0.0,"Rain, Partially cloudy",Becoming cloudy in the afternoon with early morning rain.,rain,"72510954782,C8212,72408013739,72030464752,KPHL,KPTW,KLOM,DE045",598
140,"Wayne, PA, United States",2022-09-27,20.7,11.4,16.1,20.7,11.4,16.1,7.5,58.5,0.0,0,0.0,,0,0,46.4,18.3,268.1,1012.1,32.0,15.9,133.0,11.6,8,10,2022-09-27T06:53:57,2022-09-27T18:50:28,0.01,Partially cloudy,Partly cloudy throughout the day.,partly-cloudy-day,"72510954782,C8212,72408013739,72030464752,KPHL,KPTW,KLOM,DE045",598
141,"Wayne, PA, United States",2022-09-28,20.2,9.0,14.6,20.2,8.0,14.5,8.2,66.5,0.0,0,0.0,rain,0,0,32.0,15.2,303.4,1020.5,31.5,16.0,141.6,12.3,8,10,2022-09-28T06:54:56,2022-09-28T18:48:49,0.04,Partially cloudy,Becoming cloudy in the afternoon.,partly-cloudy-day,"72510954782,C8212,72408013739,72030464752,KPHL,KPTW,KLOM,DE045",598
142,"Wayne, PA, United States",2022-09-29,20.1,9.3,14.5,20.1,8.8,14.5,7.8,66.1,0.0,0,0.0,,0,0,39.2,18.6,126.8,1027.2,18.4,16.0,132.0,11.5,8,10,2022-09-29T06:55:54,2022-09-29T18:47:11,0.07,Clear,Clear conditions throughout the day.,clear-day,"72510954782,C8212,72408013739,72030464752,KPHL,KPTW,KLOM,DE045",598
143,"Wayne, PA, United States",2022-09-30,17.6,10.1,13.5,17.6,10.1,13.5,7.7,68.4,0.1,81,4.17,rain,0,0,42.1,17.6,46.6,1024.5,47.7,19.6,71.6,6.5,3,10,2022-09-30T06:56:53,2022-09-30T18:45:33,0.12,"Rain, Partially cloudy",Partly cloudy throughout the day with late afternoon rain.,rain,"C8212,KPHL,KPTW,KLOM,DE045",598
