,name,datetime,tempmax,tempmin,temp,feelslikemax,feelslikemin,feelslike,dew,humidity,precip,precipprob,precipcover,preciptype,snow,snowdepth,windgust,windspeed,winddir,sealevelpressure,cloudcover,visibility,solarradiation,solarenergy,uvindex,severerisk,sunrise,sunset,moonphase,conditions,description,icon,stations,skey
0,"Douglassville, PA, United States",2022-05-10,22.5,8.9,16.1,22.5,7.3,15.9,-3.0,27.1,0.0,0.0,0.0,,0,0,35.3,21.7,78.0,1026.7,8.5,15.8,348.1,30.1,10,10,2022-05-10T05:51:59,2022-05-10T20:07:19,0.32,Clear,Clear conditions throughout the day.,clear-day,"TT136,72510954782,72510314712,72032464753,KRDG,72040800136,KXLL,D3635",628
1,"Douglassville, PA, United States",2022-05-11,22.6,8.6,16.2,22.6,8.6,16.2,5.8,51.3,0.0,0.0,0.0,,0,0,35.3,20.7,92.4,1025.0,26.0,15.6,292.6,25.1,8,10,2022-05-11T05:50:56,2022-05-11T20:08:18,0.37,Partially cloudy,Partly cloudy throughout the day.,partly-cloudy-day,"TT136,72510954782,72510314712,72032464753,KRDG,72040800136,KXLL,D3635",628
2,"Douglassville, PA, United States",2022-05-12,24.1,11.0,18.2,24.1,11.0,18.2,13.3,74.8,0.0,0.0,0.0,rain,0,0,36.4,14.7,94.3,1024.9,39.9,15.7,275.9,23.7,8,10,2022-05-12T05:49:55,2022-05-12T20:09:16,0.41,Partially cloudy,Partly cloudy throughout the day.,partly-cloudy-day,"TT136,72510954782,72510314712,72032464753,KRDG,KPTW,72040800136,KXLL,D3635",628
3,"Douglassville, PA, United States",2022-05-13,21.9,15.2,18.2,21.9,15.2,18.2,17.0,93.0,2.44,100.0,20.83,rain,0,0,29.2,11.3,74.1,1023.5,93.6,12.7,121.2,10.5,5,60,2022-05-13T05:48:55,2022-05-13T20:10:14,0.45,"Rain, Overcast",Cloudy skies throughout the day with rain.,rain,"TT136,72510954782,72510314712,72032464753,KRDG,KPTW,72040800136,D3635",628
4,"Douglassville, PA, United States",2022-05-14,20.7,17.4,18.6,20.7,17.4,18.6,17.9,96.2,4.15,100.0,54.17,rain,0,0,31.7,9.4,85.8,1017.8,95.4,9.8,85.8,7.5,4,30,2022-05-14T05:47:57,2022-05-14T20:11:12,0.48,"Rain, Overcast",Cloudy skies throughout the day with rain.,rain,"TT136,72510954782,72510314712,72032464753,KRDG,KPTW,72040800136,D3635",628
5,"Douglassville, PA, United States",2022-05-15,24.0,17.2,20.0,24.0,17.2,20.0,17.3,85.3,0.0,0.0,0.0,rain,0,0,20.5,13.0,178.2,1011.9,74.9,13.3,162.9,14.0,6,30,2022-05-15T05:47:01,2022-05-15T20:12:09,0.5,Partially cloudy,Partly cloudy throughout the day.,partly-cloudy-day,"TT136,72510954782,72510314712,72032464753,KRDG,KPTW,72040800136,D3635",628
6,"Douglassville, PA, United States",2022-05-16,23.2,15.4,18.9,23.2,15.4,18.9,16.2,85.1,5.77,100.0,16.67,rain,0,0,50.0,17.9,187.9,1005.8,60.1,12.3,184.9,16.1,7,60,2022-05-16T05:46:06,2022-05-16T20:13:06,0.5,"Rain, Partially cloudy",Partly cloudy throughout the day with rain.,rain,"TT136,72510954782,72510314712,72032464753,KRDG,KPTW,72040800136,D3635",628
7,"Douglassville, PA, United States",2022-05-17,24.4,9.4,17.4,24.4,9.4,17.4,7.0,56.0,0.0,0.0,0.0,,0,0,52.5,26.8,273.6,1009.4,9.6,15.8,319.2,27.4,9,10,2022-05-17T05:45:13,2022-05-17T20:14:02,0.52,Clear,Clear conditions throughout the day.,clear-day,"TT136,72510954782,72510314712,72032464753,KRDG,KPTW,72040800136",628
8,"Douglassville, PA, United States",2022-05-18,20.9,8.3,15.3,20.9,8.1,15.2,5.5,53.8,0.0,0.0,0.0,rain,0,0,29.5,16.5,262.9,1015.0,17.7,16.0,303.4,26.4,9,10,2022-05-18T05:44:21,2022-05-18T20:14:57,0.54,Clear,Clear conditions throughout the day.,clear-day,"TT136,72510954782,72510314712,72032464753,KRDG,KPTW,72040800136",628
9,"Douglassville, PA, United States",2022-05-19,24.9,12.0,17.0,24.9,12.0,17.0,13.1,80.0,19.82,100.0,33.33,rain,0,0,35.3,16.6,180.4,1008.2,69.3,12.2,186.2,16.1,7,30,2022-05-19T05:43:32,2022-05-19T20:15:52,0.58,"Rain, Partially cloudy",Partly cloudy throughout the day with rain clearing later.,rain,"TT136,72510954782,72510314712,72032464753,KRDG,KPTW,72040800136,KXLL,D3635",628
10,"Douglassville, PA, United States",2022-05-20,26.7,12.5,18.6,26.7,12.5,18.6,16.1,86.2,14.63,100.0,25.0,rain,0,0,73.8,17.3,97.2,1012.0,30.4,13.0,128.9,11.1,7,30,2022-05-20T05:42:43,2022-05-20T20:16:46,0.63,"Rain, Partially cloudy",Partly cloudy throughout the day with rain.,rain,"TT136,72510954782,72510314712,72032464753,KRDG,KPTW,72040800136",628
11,"Douglassville, PA, United States",2022-05-21,32.3,17.7,24.8,33.6,17.7,25.4,18.9,74.0,0.56,100.0,4.17,rain,0,0,32.0,12.7,159.5,1015.8,29.9,9.1,296.5,25.6,9,100,2022-05-21T05:41:57,2022-05-21T20:17:40,0.68,"Rain, Partially cloudy",Clearing in the afternoon with morning rain.,rain,"TT136,72510954782,72510314712,72032464753,KRDG,KPTW,72040800136,D3635",628
12,"Douglassville, PA, United States",2022-05-22,31.1,20.6,24.8,32.9,20.6,25.2,19.4,73.4,10.96,100.0,29.17,rain,0,0,72.0,14.8,175.4,1016.5,28.7,14.7,261.0,22.4,9,60,2022-05-22T05:41:12,2022-05-22T20:18:33,0.74,"Rain, Partially cloudy",Partly cloudy throughout the day with rain.,rain,"TT136,72510954782,72510314712,72032464753,KRDG,KPTW,72040800136,D3635",628
13,"Douglassville, PA, United States",2022-05-23,21.8,12.7,18.0,21.8,12.7,18.0,9.4,58.7,0.28,100.0,8.33,rain,0,0,42.5,22.7,306.8,1022.3,36.5,15.7,295.0,25.6,9,10,2022-05-23T05:40:29,2022-05-23T20:19:25,0.79,"Rain, Partially cloudy",Partly cloudy throughout the day with early morning rain.,rain,"TT136,72510954782,99999903761,72510314712,72032464753,KRDG,KPTW,72040800136,KXLL",628
14,"Douglassville, PA, United States",2022-05-24,19.3,13.9,16.8,19.3,13.9,16.8,9.6,63.3,0.0,0.0,0.0,rain,0,0,23.4,14.6,83.5,1024.6,81.1,15.6,173.9,14.9,5,10,2022-05-24T05:39:48,2022-05-24T20:20:16,0.85,Partially cloudy,Partly cloudy throughout the day.,partly-cloudy-day,"TT136,72510954782,72510314712,72032464753,KRDG,KPTW,72040800136,D3635",628
15,"Douglassville, PA, United States",2022-05-25,22.6,10.3,16.6,22.6,10.3,16.6,8.4,60.1,0.0,0.0,0.0,,0,0,33.8,13.8,103.8,1027.4,57.0,15.8,255.3,21.9,9,10,2022-05-25T05:39:09,2022-05-25T20:21:07,0.89,Partially cloudy,Partly cloudy throughout the day.,partly-cloudy-day,"TT136,72510954782,72510314712,72032464753,KRDG,KPTW,72040800136,KXLL",628
16,"Douglassville, PA, United States",2022-05-26,21.3,11.7,16.8,21.3,11.7,16.8,11.6,72.1,0.21,100.0,4.17,rain,0,0,26.6,14.3,124.5,1023.9,95.4,14.5,160.7,14.0,5,10,2022-05-26T05:38:32,2022-05-26T20:21:57,0.93,"Rain, Overcast",Cloudy skies throughout the day with late afternoon rain.,rain,"TT136,72510954782,72510314712,72032464753,KRDG,KPTW,72040800136,D3635",628
17,"Douglassville, PA, United States",2022-05-27,22.4,17.6,19.4,22.4,17.6,19.4,18.3,93.3,3.42,100.0,20.83,rain,0,0,51.8,13.9,153.3,1012.7,92.9,10.8,99.4,8.7,3,30,2022-05-27T05:37:56,2022-05-27T20:22:45,0.96,"Rain, Overcast",Cloudy skies throughout the day with rain.,rain,"TT136,72510954782,72510314712,72032464753,KRDG,KPTW,72040800136,KXLL",628
18,"Douglassville, PA, United States",2022-05-28,23.4,17.6,20.0,23.4,17.6,20.0,16.3,81.0,15.12,100.0,58.33,rain,0,0,30.6,19.6,242.4,1008.5,76.6,13.9,233.8,20.0,9,30,2022-05-28T05:37:22,2022-05-28T20:23:33,0.99,"Rain, Partially cloudy",Partly cloudy throughout the day with a chance of rain throughout the day.,rain,"TT136,72510954782,72510314712,72032464753,KRDG,KPTW,72040800136,KXLL,D3635",628
19,"Douglassville, PA, United States",2022-05-29,25.4,13.4,20.4,25.4,13.4,20.4,13.4,67.1,0.0,0.0,0.0,rain,0,0,18.7,8.4,205.1,1017.4,44.8,15.1,318.6,27.4,10,10,2022-05-29T05:36:50,2022-05-29T20:24:20,1.0,Partially cloudy,Partly cloudy throughout the day.,partly-cloudy-day,"TT136,72510954782,99999903761,72510314712,72032464753,KRDG,KPTW,72040800136,99999900379",628
20,"Douglassville, PA, United States",2022-05-30,30.3,14.2,23.1,30.8,14.2,23.4,16.4,68.8,0.0,0.0,0.0,rain,0,0,19.8,12.0,131.8,1019.0,9.0,14.8,329.6,28.5,9,60,2022-05-30T05:36:20,2022-05-30T20:25:05,0.0,Clear,Clear conditions throughout the day.,clear-day,"TT136,72510954782,72510314712,72032464753,KRDG,KPTW,72040800136",628
21,"Douglassville, PA, United States",2022-05-31,32.6,18.6,26.6,32.6,18.6,26.7,17.4,61.0,0.0,0.0,0.0,,0,0,34.4,17.7,266.0,1015.9,1.8,15.3,331.7,28.7,9,30,2022-05-31T05:35:52,2022-05-31T20:25:50,0.0,Clear,Clear conditions throughout the day.,clear-day,"TT136,72510954782,72510314712,72032464753,KRDG,KPTW,72040800136",628
22,"Douglassville, PA, United States",2022-06-01,29.4,17.6,23.6,30.7,17.6,23.9,18.1,72.2,0.23,100.0,4.17,rain,0,0,55.5,16.0,156.4,1012.4,22.2,14.0,283.4,24.3,9,100,2022-06-01T05:35:26,2022-06-01T20:26:33,0.02,"Rain, Partially cloudy",Partly cloudy throughout the day with late afternoon rain.,rain,"TT136,72510954782,72510314712,72032464753,KRDG,KPTW,72040800136",628
23,"Douglassville, PA, United States",2022-06-02,26.5,16.3,20.5,26.5,16.3,20.5,18.5,89.1,14.04,100.0,41.67,rain,0,0,57.2,12.3,216.8,1008.1,81.8,10.6,210.2,18.2,7,60,2022-06-02T05:35:02,2022-06-02T20:27:16,0.04,"Rain, Partially cloudy",Partly cloudy throughout the day with a chance of rain throughout the day.,rain,"DE044,TT136,72510954782,72510314712,72032464753,KRDG,KPTW,72040800136",628
24,"Douglassville, PA, United States",2022-06-03,24.8,16.4,21.1,24.8,16.4,21.1,13.8,67.5,0.0,0.0,0.0,rain,0,0,38.9,18.1,304.1,1008.7,30.1,13.5,303.9,26.3,9,10,2022-06-03T05:34:40,2022-06-03T20:27:57,0.07,Partially cloudy,Partly cloudy throughout the day.,partly-cloudy-day,"TT136,72510954782,72510314712,72032464753,KRDG,KPTW,72040800136",628
25,"Douglassville, PA, United States",2022-06-04,26.6,11.0,19.9,26.6,11.0,19.9,9.1,55.8,0.0,0.0,0.0,rain,0,0,31.9,20.8,317.9,1012.2,0.7,15.5,359.7,31.1,10,10,2022-06-04T05:34:19,2022-06-04T20:28:37,0.11,Clear,Clear conditions throughout the day.,clear-day,"DE044,TT136,72510954782,72510314712,72032464753,KRDG,KPTW,72040800136",628
26,"Douglassville, PA, United States",2022-06-05,24.3,9.9,18.2,24.3,9.9,18.2,6.0,48.3,0.0,0.0,0.0,,0,0,18.7,13.9,106.9,1015.7,0.4,15.4,347.7,30.2,10,10,2022-06-05T05:34:01,2022-06-05T20:29:15,0.14,Clear,Clear conditions throughout the day.,clear-day,"TT136,72510954782,72510314712,72032464753,KRDG,KPTW,72040800136",628
27,"Douglassville, PA, United States",2022-06-06,26.0,10.1,19.3,26.0,10.1,19.3,8.5,54.0,0.0,0.0,0.0,,0,0,41.0,17.4,146.6,1017.3,0.0,15.4,341.0,29.5,9,10,2022-06-06T05:33:45,2022-06-06T20:29:52,0.19,Clear,Clear conditions throughout the day.,clear-day,"TT136,72510954782,72510314712,72032464753,KRDG,KPTW,72040800136",628
28,"Douglassville, PA, United States",2022-06-07,24.7,13.3,19.8,24.7,13.3,19.8,14.1,70.9,3.35,100.0,25.0,rain,0,0,38.9,19.6,154.5,1015.6,51.5,14.5,189.5,16.4,7,10,2022-06-07T05:33:30,2022-06-07T20:30:28,0.24,"Rain, Partially cloudy",Becoming cloudy in the afternoon with rain.,rain,"TT136,72510954782,72510314712,72032464753,KRDG,KPTW,72040800136,KXLL",628
29,"Douglassville, PA, United States",2022-06-08,27.0,18.9,22.7,26.7,18.9,22.6,15.4,67.5,0.11,100.0,8.33,rain,0,0,25.9,14.8,221.4,1011.8,51.4,14.5,322.1,27.8,10,10,2022-06-08T05:33:18,2022-06-08T20:31:03,0.29,"Rain, Partially cloudy",Partly cloudy throughout the day with rain.,rain,"TT136,72510954782,72510314712,72032464753,KRDG,KPTW,72040800136",628
30,"Douglassville, PA, United States",2022-06-09,25.0,17.4,22.0,25.0,17.4,22.0,15.6,69.3,11.85,100.0,25.0,rain,0,0,47.9,28.0,247.2,1005.7,67.7,15.1,294.9,25.5,9,10,2022-06-09T05:33:07,2022-06-09T20:31:36,0.35,"Rain, Partially cloudy",Partly cloudy throughout the day with early morning rain.,rain,"TT136,72510954782,72510314712,72032464753,KRDG,KPTW,72040800136",628
31,"Douglassville, PA, United States",2022-06-10,24.8,12.8,19.5,24.8,12.8,19.5,10.8,59.3,0.0,0.0,0.0,,0,0,33.5,17.0,283.6,1011.7,6.9,16.0,309.7,26.8,10,10,2022-06-10T05:32:58,2022-06-10T20:32:07,0.39,Clear,Clear conditions throughout the day.,clear-day,"TT136,72510954782,72510314712,72032464753,KRDG,KPTW,72040800136",628
32,"Douglassville, PA, United States",2022-06-11,21.6,14.9,18.5,21.6,14.9,18.5,12.7,69.8,0.0,0.0,0.0,rain,0,0,14.8,10.2,241.3,1013.7,38.0,15.9,155.3,13.3,5,10,2022-06-11T05:32:52,2022-06-11T20:32:37,0.44,Partially cloudy,Partly cloudy throughout the day.,partly-cloudy-day,"TT136,72510954782,72510314712,72032464753,KRDG,KPTW,72040800136",628
33,"Douglassville, PA, United States",2022-06-12,24.3,13.8,18.7,24.3,13.8,18.7,16.5,87.6,10.35,100.0,50.0,rain,0,0,19.8,13.1,93.8,1014.0,81.2,12.1,117.8,10.2,6,30,2022-06-12T05:32:47,2022-06-12T20:33:05,0.47,"Rain, Partially cloudy",Partly cloudy throughout the day with rain.,rain,"DE044,TT136,72510954782,72510314712,72032464753,KRDG,KPTW,72040800136",628
34,"Douglassville, PA, United States",2022-06-13,30.2,18.2,24.0,31.4,18.2,24.5,19.2,77.3,0.28,100.0,4.17,rain,0,0,29.5,14.4,243.6,1013.1,38.6,11.3,284.4,24.6,8,60,2022-06-13T05:32:44,2022-06-13T20:33:32,0.49,"Rain, Partially cloudy",Partly cloudy throughout the day with morning rain.,rain,"TT136,72510954782,72510314712,72032464753,KRDG,KPTW,72040800136,KXLL",628
35,"Douglassville, PA, United States",2022-06-14,27.4,17.6,22.5,27.4,17.6,22.5,14.1,60.3,1.3,100.0,8.33,rain,0,0,31.7,9.8,174.4,1013.4,12.5,15.6,237.9,20.7,9,10,2022-06-14T05:32:43,2022-06-14T20:33:57,0.5,Rain,Clear conditions throughout the day with morning rain.,rain,"DE044,TT136,72510954782,72510314712,72032464753,KRDG,KPTW,72040800136,KXLL",628
36,"Douglassville, PA, United States",2022-06-15,29.5,15.7,23.6,29.0,15.7,23.5,14.5,59.2,0.0,0.0,0.0,,0,0,37.1,12.0,149.0,1018.0,11.2,15.9,331.3,28.7,9,10,2022-06-15T05:32:44,2022-06-15T20:34:21,0.51,Clear,Clear conditions throughout the day.,clear-day,"TT136,72510954782,72510314712,72032464753,KRDG,KPTW,72040800136,KXLL",628
37,"Douglassville, PA, United States",2022-06-16,23.9,17.4,21.0,23.9,17.4,21.0,17.4,80.4,6.13,100.0,25.0,rain,0,0,29.2,15.8,143.3,1018.9,93.3,15.4,117.6,10.1,5,10,2022-06-16T05:32:47,2022-06-16T20:34:42,0.53,"Rain, Overcast",Cloudy skies throughout the day with rain clearing later.,rain,"DE044,TT136,72510954782,72510314712,72032464753,KRDG,KPTW,72040800136",628
38,"Douglassville, PA, United States",2022-06-17,31.6,21.6,26.0,31.4,21.6,26.0,17.0,62.7,0.03,100.0,4.17,rain,0,0,50.5,26.2,249.4,1007.8,45.1,14.3,319.2,27.7,9,60,2022-06-17T05:32:52,2022-06-17T20:35:02,0.57,"Rain, Partially cloudy",Partly cloudy throughout the day with early morning rain.,rain,"TT136,72510954782,72510314712,72032464753,KRDG,KPTW,72040800136,KXLL",628
39,"Douglassville, PA, United States",2022-06-18,22.3,15.2,18.9,22.3,15.2,18.9,8.9,52.5,0.0,0.0,0.0,rain,0,0,49.6,27.7,321.1,1008.9,47.3,16.0,212.8,18.5,7,10,2022-06-18T05:32:59,2022-06-18T20:35:21,0.62,Partially cloudy,Partly cloudy throughout the day.,partly-cloudy-day,"TT136,72510954782,72510314712,72032464753,KRDG,KPTW,72040800136",628
40,"Douglassville, PA, United States",2022-06-19,22.6,9.9,16.9,22.6,8.6,16.8,3.5,42.6,0.0,0.0,0.0,,0,0,43.5,28.8,309.1,1016.6,2.0,16.0,350.9,30.2,10,10,2022-06-19T05:33:07,2022-06-19T20:35:37,0.67,Clear,Clear conditions throughout the day.,clear-day,"TT136,72510954782,72510314712,72032464753,KRDG,KPTW,72040800136",628
41,"Douglassville, PA, United States",2022-06-20,25.5,8.4,17.9,25.5,8.4,17.9,5.9,49.1,0.0,0.0,0.0,,0,0,29.5,13.8,298.5,1021.0,0.0,16.0,341.7,29.5,10,10,2022-06-20T05:33:18,2022-06-20T20:35:52,0.72,Clear,Clear conditions throughout the day.,clear-day,"TT136,72510954782,72510314712,72032464753,KRDG,KPTW,72040800136,KXLL",628
42,"Douglassville, PA, United States",2022-06-21,26.1,12.0,20.0,26.1,12.0,20.0,12.4,63.4,0.0,0.0,0.0,,0,0,18.0,13.1,217.6,1019.9,24.7,16.0,233.9,20.2,8,10,2022-06-21T05:33:30,2022-06-21T20:36:04,0.77,Partially cloudy,Partly cloudy throughout the day.,partly-cloudy-day,"TT136,72510954782,72510314712,72032464753,KRDG,KPTW,72040800136",628
43,"Douglassville, PA, United States",2022-06-22,24.6,16.7,19.8,24.6,16.7,19.8,16.4,81.5,2.23,100.0,25.0,rain,0,0,37.1,15.3,81.8,1015.1,60.8,13.1,184.2,15.8,7,10,2022-06-22T05:33:44,2022-06-22T20:36:15,0.82,"Rain, Partially cloudy",Partly cloudy throughout the day with late afternoon rain.,rain,"TT136,72510954782,72510314712,72032464753,KRDG,KPTW,72040800136",628
44,"Douglassville, PA, United States",2022-06-23,19.5,15.9,17.5,19.5,15.9,17.5,15.9,90.8,20.49,100.0,66.67,rain,0,0,30.6,10.0,84.4,1014.8,93.3,11.7,81.2,7.0,3,10,2022-06-23T05:34:00,2022-06-23T20:36:24,0.87,"Rain, Overcast",Cloudy skies throughout the day with a chance of rain throughout the day.,rain,"DE044,TT136,72510954782,72510314712,72032464753,KRDG,KPTW,72040800136,KXLL",628
45,"Douglassville, PA, United States",2022-06-24,26.8,12.4,19.9,27.7,12.4,20.0,15.8,79.6,0.0,0.0,0.0,rain,0,0,15.8,11.0,159.2,1017.3,37.4,12.8,290.0,25.1,7,30,2022-06-24T05:34:17,2022-06-24T20:36:32,0.91,Partially cloudy,Partly cloudy throughout the day.,partly-cloudy-day,"TT136,72510954782,72510314712,72032464753,KRDG,KPTW,72040800136",628
46,"Douglassville, PA, United States",2022-06-25,30.9,16.5,24.4,30.8,16.5,24.5,17.4,69.0,0.0,0.0,0.0,rain,0,0,12.6,9.6,211.3,1019.5,8.9,13.6,328.4,28.5,9,60,2022-06-25T05:34:36,2022-06-25T20:36:37,0.95,Clear,Clear conditions throughout the day.,clear-day,"TT136,72510954782,72510314712,72032464753,KRDG,KPTW,72040800136",628
47,"Douglassville, PA, United States",2022-06-26,30.4,19.6,25.1,31.4,19.6,25.5,18.0,66.5,0.42,100.0,12.5,rain,0,0,37.1,19.8,159.6,1018.6,31.1,15.6,278.5,24.1,9,30,2022-06-26T05:34:57,2022-06-26T20:36:40,0.97,"Rain, Partially cloudy",Clearing in the afternoon with late afternoon rain.,rain,"TT136,72510954782,72510314712,72032464753,KRDG,KPTW,72040800136",628
48,"Douglassville, PA, United States",2022-06-27,25.4,20.6,23.3,25.4,20.6,23.3,19.2,78.0,3.29,100.0,33.33,rain,0,0,45.0,11.2,271.5,1015.0,71.1,15.0,129.5,11.2,3,30,2022-06-27T05:35:19,2022-06-27T20:36:42,0.99,"Rain, Partially cloudy",Partly cloudy throughout the day with rain in the morning and afternoon.,rain,"DE044,TT136,72510954782,72510314712,72032464753,KRDG,KPTW,72040800136,KXLL",628
49,"Douglassville, PA, United States",2022-06-28,24.8,12.8,20.1,24.8,12.8,20.1,10.7,55.9,0.0,0.0,0.0,,0,0,38.9,15.6,312.9,1021.3,11.2,16.0,303.4,26.3,9,10,2022-06-28T05:35:44,2022-06-28T20:36:41,1.0,Clear,Clear conditions throughout the day.,clear-day,"DE044,TT136,72510954782,72510314712,KRDG,KPTW,72040800136,KXLL",628
50,"Douglassville, PA, United States",2022-06-29,28.8,13.2,21.7,28.6,13.2,21.7,14.2,65.4,0.0,0.0,0.0,rain,0,0,29.5,18.0,158.3,1023.1,15.9,15.9,314.4,27.2,10,30,2022-06-29T05:36:09,2022-06-29T20:36:38,0.0,Clear,Clear conditions throughout the day.,clear-day,"DE044,72510954782,72510314712,KRDG,KPTW,72040800136,KXLL",628
51,"Douglassville, PA, United States",2022-06-30,29.9,15.5,23.6,29.4,15.5,23.4,14.7,61.8,0.0,0.0,0.0,rain,0,0,23.4,13.1,284.8,1022.3,6.9,15.5,338.1,29.3,9,10,2022-06-30T05:36:36,2022-06-30T20:36:34,0.01,Clear,Clear conditions throughout the day.,clear-day,"DE044,TT136,72510954782,72510314712,KRDG,KPTW,72040800136,KXLL",628
52,"Douglassville, PA, United States",2022-07-01,31.6,18.6,24.8,34.0,18.6,25.7,19.5,73.6,0.76,100.0,8.33,rain,0,0,59.0,15.3,158.5,1017.5,18.3,14.8,255.3,21.9,9,75,2022-07-01T05:37:05,2022-07-01T20:36:27,0.03,Rain,Clear conditions throughout the day with afternoon rain.,rain,"TT136,72510954782,72510314712,KRDG,KPTW,72040800136,KXLL",628
53,"Douglassville, PA, United States",2022-07-02,30.2,23.2,26.2,31.9,23.2,26.9,20.8,73.6,0.03,100.0,4.17,rain,0,0,41.0,17.6,244.0,1013.7,29.1,15.6,242.8,20.9,9,75,2022-07-02T05:37:35,2022-07-02T20:36:19,0.05,"Rain, Partially cloudy",Partly cloudy throughout the day with afternoon rain.,rain,"DE044,TT136,72510954782,72510314712,KRDG,KPTW,72040800136,KXLL",628
54,"Douglassville, PA, United States",2022-07-03,29.4,22.0,25.1,28.4,22.0,24.8,15.4,59.1,0.0,0.0,0.0,,0,0,27.7,16.0,241.8,1016.7,20.8,15.8,304.7,26.1,9,30,2022-07-03T05:38:07,2022-07-03T20:36:08,0.08,Partially cloudy,Partly cloudy throughout the day.,partly-cloudy-day,"DE044,TT136,72510954782,72510314712,KRDG,KPTW,72040800136,KXLL",628
55,"Douglassville, PA, United States",2022-07-04,28.5,13.8,22.5,27.7,13.8,22.3,11.4,53.1,0.0,0.0,0.0,,0,0,15.1,12.7,270.8,1021.2,2.5,15.8,337.0,29.1,9,10,2022-07-04T05:38:40,2022-07-04T20:35:56,0.12,Clear,Clear conditions throughout the day.,clear-day,"TT136,72510954782,72510314712,KRDG,KPTW,72040800136,KXLL",628
56,"Douglassville, PA, United States",2022-07-05,28.2,19.5,23.4,29.8,19.5,23.7,18.1,72.4,0.44,100.0,16.67,rain,0,0,35.6,21.8,163.9,1016.2,48.9,15.3,182.5,15.9,8,10,2022-07-05T05:39:14,2022-07-05T20:35:41,0.17,"Rain, Partially cloudy",Becoming cloudy in the afternoon with rain.,rain,"TT136,72510954782,72510314712,KRDG,KPTW,72040800136,KXLL",628
57,"Douglassville, PA, United States",2022-07-06,29.1,22.0,25.4,30.7,22.0,25.9,19.9,73.7,0.37,100.0,8.33,rain,0,0,32.0,17.8,190.9,1011.7,60.3,13.6,178.1,15.5,7,30,2022-07-06T05:39:50,2022-07-06T20:35:25,0.22,"Rain, Partially cloudy",Partly cloudy throughout the day with afternoon rain.,rain,"TT136,72510954782,72510314712,KRDG,KPTW,72040800136,KXLL",628
58,"Douglassville, PA, United States",2022-07-07,26.2,20.8,23.5,26.2,20.8,23.5,18.5,74.1,1.74,100.0,25.0,rain,0,0,26.6,9.5,71.2,1015.0,83.4,15.8,174.4,15.0,7,10,2022-07-07T05:40:27,2022-07-07T20:35:06,0.27,"Rain, Partially cloudy",Partly cloudy throughout the day with rain clearing later.,rain,"DE044,TT136,72510954782,72510314712,KRDG,KPTW,72040800136,KXLL",628
59,"Douglassville, PA, United States",2022-07-08,28.9,17.4,23.3,30.6,17.4,23.8,19.5,80.2,0.86,100.0,8.33,rain,0,0,25.9,12.4,205.3,1016.1,38.8,14.3,231.8,19.9,8,30,2022-07-08T05:41:05,2022-07-08T20:34:46,0.33,"Rain, Partially cloudy",Partly cloudy throughout the day with late afternoon rain.,rain,"TT136,72510954782,72510314712,KRDG,KPTW,72040800136,KXLL",628
60,"Douglassville, PA, United States",2022-07-09,25.3,19.9,22.4,25.3,19.9,22.4,18.8,81.5,3.88,100.0,37.5,rain,0,0,27.7,11.6,110.3,1016.9,51.5,13.3,172.0,14.8,5,10,2022-07-09T05:41:44,2022-07-09T20:34:23,0.38,"Rain, Partially cloudy",Clearing in the afternoon with rain clearing later.,rain,"DE044,TT136,72510954782,72510314712,KRDG,KPTW,72040800136,KXLL",628
61,"Douglassville, PA, United States",2022-07-10,27.0,16.1,22.0,26.8,16.1,22.0,13.8,63.2,0.0,0.0,0.0,,0,0,27.7,14.7,175.8,1017.7,16.6,14.9,332.5,28.7,10,10,2022-07-10T05:42:25,2022-07-10T20:33:59,0.42,Clear,Clear conditions throughout the day.,clear-day,"DE044,TT136,72510954782,72510314712,KRDG,KPTW,72040800136,KXLL",628
62,"Douglassville, PA, United States",2022-07-11,28.0,14.8,22.2,27.9,14.8,22.2,14.6,64.4,0.0,0.0,0.0,rain,0,0,35.3,16.3,167.8,1014.4,11.0,16.0,337.3,29.4,10,10,2022-07-11T05:43:06,2022-07-11T20:33:32,0.46,Clear,Clear conditions throughout the day.,clear-day,"DE044,TT136,72510954782,72510314712,KRDG,KPTW,72040800136,KXLL",628
63,"Douglassville, PA, United States",2022-07-12,31.1,18.4,24.5,33.5,18.4,25.2,18.1,68.9,0.0,0.0,0.0,rain,0,0,47.5,21.3,227.6,1009.0,13.6,16.0,273.9,23.6,10,75,2022-07-12T05:43:49,2022-07-12T20:33:04,0.49,Clear,Clear conditions throughout the day.,clear-day,"DE044,TT136,72510954782,72510314712,KRDG,KPTW,72040800136,KXLL",628
64,"Douglassville, PA, United States",2022-07-13,30.7,19.5,25.4,30.6,19.5,25.5,17.7,65.5,0.0,0.0,0.0,rain,0,0,33.5,14.8,249.2,1012.1,17.8,15.4,301.4,26.3,8,30,2022-07-13T05:44:33,2022-07-13T20:32:34,0.5,Clear,Clear conditions throughout the day.,clear-day,"DE044,TT136,72510954782,72510314712,KRDG,KPTW,72040800136,KXLL",628
65,"Douglassville, PA, United States",2022-07-14,30.1,18.6,24.6,29.9,18.6,24.6,16.3,63.0,0.0,0.0,0.0,,0,0,27.7,14.5,307.5,1015.3,19.9,15.9,269.8,23.2,8,30,2022-07-14T05:45:17,2022-07-14T20:32:01,0.51,Clear,Clear conditions throughout the day.,clear-day,"DE044,TT136,72510954782,72510314712,KRDG,KPTW,72040800136,KXLL",628
66,"Douglassville, PA, United States",2022-07-15,29.3,17.0,23.7,28.6,17.0,23.5,14.1,58.2,0.0,0.0,0.0,,0,0,27.7,14.1,135.1,1020.1,40.6,16.0,308.9,26.8,9,30,2022-07-15T05:46:03,2022-07-15T20:31:27,0.53,Partially cloudy,Partly cloudy throughout the day.,partly-cloudy-day,"DE044,TT136,72510954782,72510314712,KRDG,KPTW,72040800136,KXLL",628
67,"Douglassville, PA, United States",2022-07-16,28.3,20.1,23.3,29.3,20.1,23.5,19.4,80.4,14.49,100.0,16.67,rain,0,0,47.9,13.6,163.3,1019.0,71.3,12.5,180.7,15.6,8,30,2022-07-16T05:46:50,2022-07-16T20:30:51,0.55,"Rain, Partially cloudy",Partly cloudy throughout the day with rain.,rain,"DE044,TT136,72510954782,72510314712,KRDG,KPTW,72040800136,KXLL",628
68,"Douglassville, PA, United States",2022-07-17,27.5,20.2,23.6,29.2,20.2,24.0,20.3,83.3,11.44,100.0,16.67,rain,0,0,14.0,13.0,194.8,1016.9,70.5,11.8,193.3,16.5,7,30,2022-07-17T05:47:37,2022-07-17T20:30:13,0.6,"Rain, Partially cloudy",Partly cloudy throughout the day with early morning rain.,rain,"DE044,TT136,72510954782,72510314712,KRDG,KPTW,72040800136,KXLL",628
69,"Douglassville, PA, United States",2022-07-18,29.6,22.0,25.2,33.1,22.0,26.3,22.4,85.5,6.56,100.0,33.33,rain,0,0,37.4,21.7,172.6,1012.2,63.2,12.2,186.0,16.1,6,75,2022-07-18T05:48:25,2022-07-18T20:29:34,0.65,"Rain, Partially cloudy",Partly cloudy throughout the day with rain.,rain,"DE044,TT136,72510954782,72510314712,KRDG,KPTW,72040800136,KXLL",628
70,"Douglassville, PA, United States",2022-07-19,31.1,21.3,26.2,31.9,21.3,26.6,18.9,66.5,0.0,0.0,0.0,,0,0,29.5,16.7,267.2,1010.1,10.9,15.5,309.5,26.7,9,10,2022-07-19T05:49:14,2022-07-19T20:28:52,0.7,Clear,Clear conditions throughout the day.,clear-day,"DE044,TT136,72510954782,72510314712,KRDG,KPTW,72040800136,KXLL",628
71,"Douglassville, PA, United States",2022-07-20,32.7,20.6,27.1,34.7,20.6,28.0,19.1,63.3,0.0,0.0,0.0,,0,0,29.0,15.7,249.0,1008.9,6.7,15.3,304.0,26.3,9,60,2022-07-20T05:50:04,2022-07-20T20:28:08,0.75,Clear,Clear conditions throughout the day.,clear-day,"DE044,TT136,72510954782,72510314712,KRDG,KPTW,72040800136,KXLL",628
72,"Douglassville, PA, United States",2022-07-21,32.7,23.8,28.3,34.6,23.8,29.5,20.5,65.1,0.0,0.0,0.0,rain,0,0,41.4,16.5,250.8,1005.7,12.3,15.7,286.3,24.7,8,60,2022-07-21T05:50:54,2022-07-21T20:27:23,0.8,Clear,Clear conditions throughout the day.,clear-day,"DE044,TT136,72510954782,72510314712,KRDG,KPTW,72040800136,KXLL",628
73,"Douglassville, PA, United States",2022-07-22,33.5,21.9,27.9,33.8,21.9,28.3,18.1,57.6,0.0,0.0,0.0,,0,0,29.5,17.5,274.5,1012.0,7.3,15.9,302.3,26.1,9,30,2022-07-22T05:51:45,2022-07-22T20:26:36,0.85,Clear,Clear conditions throughout the day.,clear-day,"DE044,TT136,72510954782,72510314712,KRDG,KPTW,72040800136,KXLL",628
74,"Douglassville, PA, United States",2022-07-23,34.2,21.6,28.3,34.7,21.6,29.0,19.1,60.1,0.0,0.0,0.0,,0,0,34.2,13.8,243.5,1016.4,2.2,15.3,306.8,26.4,9,75,2022-07-23T05:52:37,2022-07-23T20:25:47,0.89,Clear,Clear conditions throughout the day.,clear-day,"DE044,TT136,72510954782,72510314712,KRDG,KPTW,72040800136,KXLL",628
75,"Douglassville, PA, United States",2022-07-24,34.0,20.2,28.0,36.1,20.2,28.7,18.6,59.5,0.0,0.0,0.0,,0,0,33.0,18.6,254.3,1016.3,0.6,16.0,307.0,26.4,9,75,2022-07-24T05:53:29,2022-07-24T20:24:57,0.93,Clear,Clear conditions throughout the day.,clear-day,"DE044,TT136,72510954782,72510314712,KRDG,KPTW,72040800136,KXLL",628
76,"Douglassville, PA, United States",2022-07-25,30.5,25.9,27.8,32.6,25.9,29.8,21.9,71.0,0.22,100.0,4.17,rain,0,0,36.0,16.1,224.3,1012.5,18.8,15.9,153.8,13.3,5,100,2022-07-25T05:54:22,2022-07-25T20:24:05,0.96,Rain,Clear conditions throughout the day with afternoon rain.,rain,"DE044,TT136,72510954782,72510314712,KRDG,KPTW,72040800136,KXLL",628
77,"Douglassville, PA, United States",2022-07-26,25.7,19.8,23.1,25.7,19.8,23.1,15.9,64.6,0.0,0.0,0.0,,0,0,39.6,11.2,223.5,1016.3,6.2,16.0,152.0,13.0,4,60,2022-07-26T05:55:15,2022-07-26T20:23:11,0.98,Clear,Clear conditions throughout the day.,clear-day,"DE044,TT136,72510954782,72510314712,KRDG,KPTW,72040800136,KXLL",628
78,"Douglassville, PA, United States",2022-07-27,29.3,19.4,24.3,29.7,19.4,24.7,18.0,69.5,0.2,100.0,4.17,rain,0,0,19.1,12.0,158.5,1014.2,70.3,16.0,208.7,18.1,8,30,2022-07-27T05:56:09,2022-07-27T20:22:15,1.0,"Rain, Partially cloudy",Partly cloudy throughout the day with late afternoon rain.,rain,"DE044,TT136,72510954782,72510314712,KRDG,KPTW,72040800136,KXLL",628
79,"Douglassville, PA, United States",2022-07-28,30.3,21.0,24.9,32.7,21.0,25.9,21.9,85.1,36.75,100.0,37.5,rain,0,0,72.0,15.5,225.0,1011.3,55.5,11.9,210.0,18.0,7,60,2022-07-28T05:57:04,2022-07-28T20:21:18,1.0,"Rain, Partially cloudy",Partly cloudy throughout the day with rain.,rain,"DE044,TT136,72510954782,72510314712,KRDG,KPTW,72040800136,KXLL",628
80,"Douglassville, PA, United States",2022-07-29,26.6,19.8,22.7,26.6,19.8,22.7,20.5,87.9,0.28,100.0,12.5,rain,0,0,18.0,11.2,269.1,1013.6,45.0,13.9,93.8,8.1,4,30,2022-07-29T05:57:58,2022-07-29T20:20:19,0.0,"Rain, Partially cloudy",Partly cloudy throughout the day with rain.,rain,"DE044,TT136,72510954782,72510314712,KRDG,KPTW,72040800136,KXLL",628
81,"Douglassville, PA, United States",2022-07-30,29.6,19.1,24.2,28.9,19.1,24.0,16.3,65.4,0.0,0.0,0.0,rain,0,0,33.7,17.4,311.3,1017.9,22.3,14.9,308.0,26.6,9,10,2022-07-30T05:58:53,2022-07-30T20:19:19,0.01,Partially cloudy,Partly cloudy throughout the day.,partly-cloudy-day,"DE044,TT136,72510954782,72510314712,KRDG,KPTW,72040800136,KXLL",628
82,"Douglassville, PA, United States",2022-07-31,29.2,16.8,22.9,29.4,16.8,23.0,16.8,71.4,0.94,100.0,16.67,rain,0,0,35.3,11.6,205.6,1021.2,35.0,15.7,233.3,20.3,9,10,2022-07-31T05:59:49,2022-07-31T20:18:17,0.04,"Rain, Partially cloudy",Partly cloudy throughout the day with late afternoon rain.,rain,"DE044,TT136,72510954782,72510314712,KRDG,KPTW,72040800136,KXLL",628
83,"Douglassville, PA, United States",2022-08-01,25.1,18.3,20.9,25.1,18.3,20.9,19.0,89.3,15.76,100.0,37.5,rain,0,0,13.7,9.5,168.5,1015.1,77.0,11.2,97.3,8.3,4,10,2022-08-01T06:00:44,2022-08-01T20:17:13,0.07,"Rain, Partially cloudy",Partly cloudy throughout the day with rain clearing later.,rain,"DE044,TT136,72510954782,99999903761,72510314712,KRDG,KPTW,72040800136,KXLL",628
84,"Douglassville, PA, United States",2022-08-02,31.1,19.3,25.3,32.5,19.3,25.8,19.2,71.9,0.2,100.0,12.5,rain,0,0,35.3,16.9,232.4,1011.0,22.6,15.5,284.1,24.4,9,60,2022-08-02T06:01:40,2022-08-02T20:16:08,0.1,"Rain, Partially cloudy",Becoming cloudy in the afternoon with early morning rain.,rain,"DE044,TT136,72510954782,72510314712,KRDG,KPTW,72040800136,KXLL",628
85,"Douglassville, PA, United States",2022-08-03,30.0,17.3,24.5,30.5,17.3,24.7,17.0,65.1,0.0,0.0,0.0,,0,0,29.5,13.1,196.5,1015.9,1.8,16.0,309.8,26.7,9,10,2022-08-03T06:02:37,2022-08-03T20:15:02,0.14,Clear,Clear conditions throughout the day.,clear-day,"DE044,TT136,72510954782,72510314712,KRDG,KPTW,72040800136,KXLL",628
86,"Douglassville, PA, United States",2022-08-04,33.3,19.6,25.8,36.8,19.6,27.1,20.5,74.5,3.64,100.0,12.5,rain,0,0,53.6,15.7,163.4,1017.8,21.0,15.0,284.1,24.5,8,75,2022-08-04T06:03:33,2022-08-04T20:13:54,0.2,"Rain, Partially cloudy",Partly cloudy throughout the day with late afternoon rain.,rain,"DE044,TT136,72510954782,72510314712,KRDG,KPTW,72040800136,KXLL",628
87,"Douglassville, PA, United States",2022-08-05,30.8,20.7,25.2,33.1,20.7,26.2,20.9,78.8,3.85,100.0,12.5,rain,0,0,50.0,14.3,220.0,1020.9,15.6,15.3,221.6,19.2,8,60,2022-08-05T06:04:30,2022-08-05T20:12:45,0.25,Rain,Clear conditions throughout the day with rain.,rain,"DE044,TT136,72510954782,72510314712,KRDG,KPTW,72040800136,KXLL",628
88,"Douglassville, PA, United States",2022-08-06,29.5,21.1,25.1,32.6,21.1,26.2,21.5,81.2,0.07,100.0,4.17,rain,0,0,33.5,15.2,197.2,1023.0,36.3,15.7,194.5,16.9,7,100,2022-08-06T06:05:27,2022-08-06T20:11:34,0.31,"Rain, Partially cloudy",Partly cloudy throughout the day with early morning rain.,rain,"DE044,TT136,72510954782,72510314712,KRDG,KPTW,72040800136,KXLL",628
89,"Douglassville, PA, United States",2022-08-07,31.3,23.4,27.3,34.9,23.4,28.9,22.1,74.4,0.0,0.0,0.0,rain,0,0,34.9,22.0,208.7,1021.3,17.8,16.0,261.5,22.6,9,60,2022-08-07T06:06:24,2022-08-07T20:10:22,0.36,Clear,Clear conditions throughout the day.,clear-day,"DE044,TT136,72510954782,72510314712,KRDG,KPTW,72040800136,KXLL",628
90,"Douglassville, PA, United States",2022-08-08,32.4,24.1,27.9,36.9,24.1,30.1,23.0,75.9,0.05,100.0,4.17,rain,0,0,38.5,18.7,215.0,1016.6,35.5,15.9,263.3,22.9,9,75,2022-08-08T06:07:21,2022-08-08T20:09:09,0.41,"Rain, Partially cloudy",Partly cloudy throughout the day with afternoon rain.,rain,"DE044,TT136,72510954782,72510314712,KRDG,KPTW,72040800136,KXLL",628
91,"Douglassville, PA, United States",2022-08-09,33.3,24.3,27.4,37.4,24.3,28.8,22.7,77.0,12.27,100.0,12.5,rain,0,0,57.2,18.0,267.7,1014.3,31.9,15.8,240.3,20.9,8,75,2022-08-09T06:08:19,2022-08-09T20:07:55,0.45,"Rain, Partially cloudy",Partly cloudy throughout the day with rain.,rain,"DE044,TT136,72510954782,72510314712,KRDG,KPTW,72040800136,KXLL",628
92,"Douglassville, PA, United States",2022-08-10,28.6,22.0,25.4,30.2,22.0,25.9,20.1,73.9,0.02,100.0,4.17,rain,0,0,19.1,13.9,250.5,1016.9,34.0,15.8,237.2,20.7,7,30,2022-08-10T06:09:16,2022-08-10T20:06:39,0.48,"Rain, Partially cloudy",Becoming cloudy in the afternoon with morning rain.,rain,"DE044,TT136,72510954782,72510314712,KRDG,KPTW,72040800136,KXLL",628
93,"Douglassville, PA, United States",2022-08-11,30.1,21.0,25.2,29.6,21.0,25.2,17.5,65.5,4.15,100.0,16.67,rain,0,0,34.6,15.0,301.6,1013.5,41.0,15.4,278.0,23.8,9,30,2022-08-11T06:10:14,2022-08-11T20:05:22,0.5,"Rain, Partially cloudy",Clearing in the afternoon with early morning rain.,rain,"DE044,TT136,72510954782,72510314712,KRDG,KPTW,72040800136,KXLL",628
94,"Douglassville, PA, United States",2022-08-12,27.6,18.3,23.0,26.8,18.3,22.9,10.5,47.4,0.0,0.0,0.0,,0,0,37.1,17.5,217.9,1016.5,16.1,16.0,283.2,24.5,9,10,2022-08-12T06:11:11,2022-08-12T20:04:04,0.5,Clear,Clear conditions throughout the day.,clear-day,"DE044,TT136,72510954782,72510314712,KRDG,KPTW,72040800136,KXLL",628
95,"Douglassville, PA, United States",2022-08-13,26.7,13.4,20.4,26.6,13.4,20.4,8.4,48.8,0.0,0.0,0.0,,0,0,31.1,14.7,214.2,1019.5,0.0,16.0,298.4,25.8,10,10,2022-08-13T06:12:09,2022-08-13T20:02:45,0.52,Clear,Clear conditions throughout the day.,clear-day,"DE044,TT136,72510954782,72510314712,KRDG,KPTW,72040800136,KXLL",628
96,"Douglassville, PA, United States",2022-08-14,27.8,14.6,21.5,27.1,14.6,21.4,12.2,59.2,0.0,0.0,0.0,,0,0,25.9,12.6,157.8,1017.5,7.8,15.9,261.1,22.6,10,10,2022-08-14T06:13:07,2022-08-14T20:01:24,0.54,Clear,Clear conditions throughout the day.,clear-day,"DE044,72510954782,72510314712,KRDG,KPTW,72040800136,KXLL",628
97,"Douglassville, PA, United States",2022-08-15,27.4,16.8,21.5,27.1,16.8,21.5,13.9,64.5,0.28,100.0,12.5,rain,0,0,18.0,12.2,192.6,1015.7,19.6,15.9,242.3,20.8,8,10,2022-08-15T06:14:05,2022-08-15T20:00:03,0.58,Rain,Clear conditions throughout the day with morning rain.,rain,"DE044,TT136,72510954782,99999903761,72510314712,KRDG,KPTW,72040800136,99999900379,KXLL",628
98,"Douglassville, PA, United States",2022-08-16,27.4,13.6,20.9,26.9,13.6,20.8,12.3,62.4,0.0,0.0,0.0,,0,0,29.5,17.8,81.6,1016.2,9.5,15.7,220.7,19.2,7,10,2022-08-16T06:15:02,2022-08-16T19:58:40,0.62,Clear,Clear conditions throughout the day.,clear-day,"DE044,TT136,72510954782,72510314712,KRDG,KPTW,72040800136,KXLL",628
99,"Douglassville, PA, United States",2022-08-17,25.8,14.7,20.8,25.8,14.7,20.8,13.9,66.8,0.02,100.0,4.17,rain,0,0,16.2,9.9,164.1,1016.1,41.0,16.0,210.7,18.1,7,30,2022-08-17T06:16:00,2022-08-17T19:57:17,0.67,"Rain, Partially cloudy",Partly cloudy throughout the day with afternoon rain.,rain,"DE044,TT136,72510954782,72510314712,KRDG,KPTW,72040800136,KXLL",628
100,"Douglassville, PA, United States",2022-08-18,28.5,14.4,21.4,28.0,14.4,21.3,13.7,65.3,0.0,0.0,0.0,,0,0,31.7,13.4,293.3,1014.3,7.0,15.7,259.9,22.6,9,10,2022-08-18T06:16:58,2022-08-18T19:55:52,0.72,Clear,Clear conditions throughout the day.,clear-day,"DE044,TT136,72510954782,72510314712,KRDG,KPTW,72040800136,KXLL",628
101,"Douglassville, PA, United States",2022-08-19,31.5,14.8,23.5,30.6,14.8,23.3,14.7,62.1,0.0,0.0,0.0,,0,0,31.9,14.6,233.6,1018.1,10.4,16.0,269.7,23.4,9,30,2022-08-19T06:17:56,2022-08-19T19:54:27,0.77,Clear,Clear conditions throughout the day.,clear-day,"DE044,TT136,72510954782,72510314712,KRDG,KPTW,72040800136,KXLL",628
102,"Douglassville, PA, United States",2022-08-20,31.6,20.5,25.9,31.6,20.5,25.9,17.3,62.1,0.0,0.0,0.0,rain,0,0,27.0,16.4,190.7,1020.7,26.8,16.0,273.5,23.8,9,60,2022-08-20T06:18:54,2022-08-20T19:53:00,0.82,Partially cloudy,Partly cloudy throughout the day.,partly-cloudy-day,"DE044,TT136,72510954782,72510314712,KRDG,KPTW,72040800136,KXLL",628
103,"Douglassville, PA, United States",2022-08-21,28.7,18.7,23.7,29.0,18.7,23.9,18.1,73.0,2.54,100.0,8.33,rain,0,0,35.3,19.5,145.8,1019.0,36.7,15.0,220.6,19.1,8,30,2022-08-21T06:19:51,2022-08-21T19:51:33,0.86,"Rain, Partially cloudy",Clearing in the afternoon with late afternoon rain.,rain,"DE044,TT136,72510954782,72510314712,KRDG,KPTW,72040800136,KXLL",628
104,"Douglassville, PA, United States",2022-08-22,28.1,19.7,23.1,29.6,19.7,23.3,20.4,86.0,12.86,100.0,62.5,rain,0,0,60.8,12.3,124.5,1012.7,72.2,14.1,146.2,12.6,7,60,2022-08-22T06:20:49,2022-08-22T19:50:05,0.9,"Rain, Partially cloudy",Partly cloudy throughout the day with a chance of rain throughout the day.,rain,"TT136,72510954782,72510314712,KRDG,KPTW,72040800136,KXLL",628
105,"Douglassville, PA, United States",2022-08-23,28.5,17.9,22.3,28.8,17.9,22.4,18.2,80.0,0.12,100.0,8.33,rain,0,0,29.5,14.1,267.9,1011.1,53.8,12.7,198.6,17.1,7,30,2022-08-23T06:21:47,2022-08-23T19:48:36,0.94,"Rain, Partially cloudy",Partly cloudy throughout the day with rain.,rain,"TT136,72510954782,72510314712,KRDG,KPTW,72040800136,KXLL",628
106,"Douglassville, PA, United States",2022-08-24,29.4,17.7,23.2,28.9,17.7,23.2,16.2,68.5,0.0,0.0,0.0,,0,0,15.5,12.9,323.9,1015.5,11.9,15.9,264.1,22.8,8,10,2022-08-24T06:22:44,2022-08-24T19:47:06,0.97,Clear,Clear conditions throughout the day.,clear-day,"DE044,TT136,72510954782,72510314712,KRDG,KPTW,72040800136,KXLL",628
107,"Douglassville, PA, United States",2022-08-25,31.1,15.4,23.6,30.6,15.4,23.4,15.4,64.5,0.0,0.0,0.0,,0,0,25.9,12.7,288.3,1017.5,7.3,15.5,244.6,20.9,8,10,2022-08-25T06:23:42,2022-08-25T19:45:35,0.99,Clear,Clear conditions throughout the day.,clear-day,"DE044,TT136,72510954782,72510314712,KRDG,KPTW,72040800136,KXLL",628
108,"Douglassville, PA, United States",2022-08-26,31.6,19.8,25.8,31.6,19.8,26.1,18.6,67.4,0.0,0.0,0.0,,0,0,31.7,20.8,186.3,1014.2,31.6,14.8,231.5,20.1,8,60,2022-08-26T06:24:39,2022-08-26T19:44:04,1.0,Partially cloudy,Partly cloudy throughout the day.,partly-cloudy-day,"DE044,TT136,72510954782,72510314712,KRDG,KPTW,72040800136,KXLL",628
109,"Douglassville, PA, United States",2022-08-27,29.4,19.6,24.7,29.6,19.6,24.8,17.6,66.8,0.0,0.0,0.0,,0,0,18.0,12.0,188.0,1016.1,28.6,15.6,248.6,21.5,8,30,2022-08-27T06:25:37,2022-08-27T19:42:32,0.0,Partially cloudy,Becoming cloudy in the afternoon.,partly-cloudy-day,"DE044,TT136,72510954782,99999903761,72510314712,KRDG,KPTW,72040800136,KXLL",628
110,"Douglassville, PA, United States",2022-08-28,29.2,19.6,24.3,30.8,19.6,24.7,19.6,76.5,0.0,0.0,0.0,rain,0,0,30.2,14.4,141.1,1019.8,61.9,14.9,213.8,18.5,8,75,2022-08-28T06:26:34,2022-08-28T19:40:59,0.01,Partially cloudy,Partly cloudy throughout the day.,partly-cloudy-day,"DE044,TT136,72510954782,72510314712,KRDG,KPTW,72040800136,KXLL",628
111,"Douglassville, PA, United States",2022-08-29,31.5,21.3,25.8,32.8,21.3,26.4,20.3,74.5,0.0,0.0,0.0,rain,0,0,36.4,15.6,156.3,1019.3,56.8,14.2,195.3,17.0,8,30,2022-08-29T06:27:32,2022-08-29T19:39:26,0.02,Partially cloudy,Partly cloudy throughout the day.,partly-cloudy-day,"TT136,72510954782,72510314712,KRDG,KPTW,72040800136,KXLL",628
112,"Douglassville, PA, United States",2022-08-30,32.3,21.6,25.6,34.7,21.6,26.5,21.3,79.6,2.03,100.0,12.5,rain,0,0,55.4,24.2,194.5,1012.2,57.4,15.4,210.1,18.0,7,75,2022-08-30T06:28:29,2022-08-30T19:37:52,0.05,"Rain, Partially cloudy",Partly cloudy throughout the day with late afternoon rain.,rain,"TT136,72510954782,99999903761,72510314712,72032464753,KRDG,KPTW,72040800136,KXLL",628
113,"Douglassville, PA, United States",2022-08-31,27.2,18.4,22.6,27.0,18.4,22.5,15.2,67.6,0.0,0.0,0.0,,0,0,35.3,22.3,309.1,1011.0,13.8,14.9,242.6,21.0,8,10,2022-08-31T06:29:27,2022-08-31T19:36:17,0.09,Clear,Clear conditions throughout the day.,clear-day,"TT136,72510954782,72510314712,KRDG,KPTW,72040800136,KXLL",628
114,"Douglassville, PA, United States",2022-09-01,29.3,15.4,22.2,28.1,15.4,21.9,11.5,54.8,0.0,0.0,0.0,,0,0,30.6,19.0,289.3,1015.0,2.0,15.9,262.0,22.6,8,10,2022-09-01T06:30:24,2022-09-01T19:34:42,0.13,Clear,Clear conditions throughout the day.,clear-day,"TT136,72510954782,99999903761,72510314712,KRDG,KPTW,72040800136,KXLL",628
115,"Douglassville, PA, United States",2022-09-02,27.5,12.4,20.1,26.8,12.4,20.0,10.3,56.7,0.0,0.0,0.0,,0,0,23.0,11.8,143.5,1023.2,0.0,16.0,254.8,22.0,8,10,2022-09-02T06:31:21,2022-09-02T19:33:06,0.18,Clear,Clear conditions throughout the day.,clear-day,"TT136,72510954782,99999903761,72510314712,72032464753,KRDG,KPTW,72040800136,99999900379,KXLL",628
116,"Douglassville, PA, United States",2022-09-03,28.9,15.3,22.4,29.1,15.3,22.5,16.4,71.5,0.0,0.0,0.0,rain,0,0,31.7,12.2,141.7,1024.1,30.8,16.0,201.8,17.4,6,10,2022-09-03T06:32:18,2022-09-03T19:31:30,0.24,Partially cloudy,Partly cloudy throughout the day.,partly-cloudy-day,"TT136,72510954782,99999903761,72510314712,KRDG,KPTW,72040800136,KXLL",628
117,"Douglassville, PA, United States",2022-09-04,31.0,19.1,25.0,31.8,19.1,25.4,18.3,69.3,0.0,0.0,0.0,,0,0,23.4,15.4,204.0,1020.0,28.2,15.7,218.5,18.9,7,30,2022-09-04T06:33:16,2022-09-04T19:29:53,0.29,Partially cloudy,Partly cloudy throughout the day.,partly-cloudy-day,"TT136,72510954782,72510314712,KRDG,KPTW,72040800136,KXLL",628
118,"Douglassville, PA, United States",2022-09-05,28.3,19.8,23.2,29.4,19.8,23.5,19.3,80.3,5.09,100.0,33.33,rain,0,0,29.5,14.5,125.1,1018.4,44.7,14.6,134.0,11.5,5,30,2022-09-05T06:34:13,2022-09-05T19:28:16,0.35,"Rain, Partially cloudy",Partly cloudy throughout the day with rain.,rain,"TT136,72510954782,72510314712,KRDG,KPTW,72040800136,KXLL",628
119,"Douglassville, PA, United States",2022-09-06,21.9,20.4,21.0,21.9,20.4,21.0,20.2,94.8,46.98,100.0,66.67,rain,0,0,22.0,10.0,77.0,1015.3,98.9,10.3,68.0,6.0,3,10,2022-09-06T06:35:10,2022-09-06T19:26:39,0.4,"Rain, Overcast",Cloudy skies throughout the day with a chance of rain throughout the day.,rain,"DE044,TT136,72510954782,99999903761,72510314712,KRDG,KPTW,72040800136,KXLL",628
120,"Douglassville, PA, United States",2022-09-07,20.2,18.1,19.3,20.2,18.1,19.3,17.6,90.3,0.52,100.0,29.17,rain,0,0,27.7,14.7,45.0,1015.6,97.7,15.2,39.9,3.5,1,10,2022-09-07T06:36:07,2022-09-07T19:25:01,0.44,"Rain, Overcast",Cloudy skies throughout the day with rain.,rain,"TT136,72510954782,72510314712,KRDG,KPTW,72040800136,KXLL",628
121,"Douglassville, PA, United States",2022-09-08,25.8,15.1,20.2,25.8,15.1,20.2,15.1,74.8,0.0,0.0,0.0,rain,0,0,29.5,17.2,92.4,1013.8,44.6,15.9,188.8,16.1,7,10,2022-09-08T06:37:04,2022-09-08T19:23:22,0.47,Partially cloudy,Partly cloudy throughout the day.,partly-cloudy-day,"TT136,72510954782,72510314712,KRDG,KPTW,72040800136,KXLL",628
122,"Douglassville, PA, United States",2022-09-09,26.8,13.0,19.9,26.6,13.0,19.9,13.2,69.9,0.0,0.0,0.0,rain,0,0,16.6,11.7,51.9,1017.9,2.1,15.7,247.3,21.4,8,10,2022-09-09T06:38:01,2022-09-09T19:21:44,0.49,Clear,Clear conditions throughout the day.,clear-day,"TT136,72510954782,72510314712,KRDG,KPTW,72040800136,KXLL",628
123,"Douglassville, PA, United States",2022-09-10,26.3,12.2,19.4,26.3,12.2,19.4,14.0,73.8,0.0,0.0,0.0,,0,0,25.9,10.7,119.5,1023.6,3.5,15.2,228.3,19.6,8,10,2022-09-10T06:38:58,2022-09-10T19:20:05,0.5,Clear,Clear conditions throughout the day.,clear-day,"TT136,72510954782,72510314712,KRDG,KPTW,72040800136,KXLL",628
124,"Douglassville, PA, United States",2022-09-11,20.1,18.7,19.5,20.1,18.7,19.5,18.4,93.4,21.16,100.0,79.17,rain,0,0,22.3,8.4,73.8,1019.7,93.3,9.4,40.0,3.4,2,10,2022-09-11T06:39:56,2022-09-11T19:18:26,0.51,"Rain, Overcast",Cloudy skies throughout the day with a chance of rain throughout the day.,rain,"DE044,TT136,72510954782,72510314712,KRDG,KPTW,72040800136,KXLL",628
125,"Douglassville, PA, United States",2022-09-12,26.9,18.8,21.9,28.6,18.8,22.1,20.3,91.4,4.64,100.0,37.5,rain,0,0,15.5,6.2,151.0,1011.0,88.3,9.9,116.3,10.0,6,60,2022-09-12T06:40:53,2022-09-12T19:16:46,0.53,"Rain, Partially cloudy",Partly cloudy throughout the day with rain.,rain,"DE044,TT136,72510954782,72510314712,KRDG,KPTW,72040800136,KXLL",628
126,"Douglassville, PA, United States",2022-09-13,25.9,17.6,21.9,25.9,17.6,21.9,16.4,74.3,0.53,100.0,8.33,rain,0,0,30.2,16.7,254.8,1008.6,48.2,14.0,222.8,19.2,8,30,2022-09-13T06:41:50,2022-09-13T19:15:07,0.56,"Rain, Partially cloudy",Partly cloudy throughout the day with early morning rain.,rain,"DE044,TT136,72510954782,72510314712,KRDG,KPTW,72040800136,KXLL",628
127,"Douglassville, PA, United States",2022-09-14,24.4,13.5,19.0,24.4,13.5,19.0,13.3,70.5,0.0,0.0,0.0,,0,0,27.7,14.3,309.3,1015.6,3.8,16.0,230.3,19.9,8,10,2022-09-14T06:42:47,2022-09-14T19:13:27,0.6,Clear,Clear conditions throughout the day.,clear-day,"TT136,72510954782,72510314712,KRDG,KPTW,72040800136,KXLL",628
128,"Douglassville, PA, United States",2022-09-15,22.1,12.4,17.8,22.1,12.4,17.8,10.5,65.5,0.0,0.0,0.0,,0,0,36.0,19.9,313.7,1021.6,5.2,15.7,225.9,19.7,8,10,2022-09-15T06:43:45,2022-09-15T19:11:47,0.64,Clear,Clear conditions throughout the day.,clear-day,"DE044,TT136,72510954782,72510314712,KRDG,KPTW,72040800136,KXLL",628
129,"Douglassville, PA, United States",2022-09-16,24.0,8.7,15.9,24.0,8.7,15.9,10.2,72.3,0.0,0.0,0.0,rain,0,0,13.7,10.7,221.6,1022.9,0.0,15.9,215.5,18.8,7,10,2022-09-16T06:44:42,2022-09-16T19:10:07,0.69,Clear,Clear conditions throughout the day.,clear-day,"DE044,TT136,72510954782,72510314712,KRDG,KPTW,72040800136,KXLL",628
130,"Douglassville, PA, United States",2022-09-17,25.8,12.4,19.0,25.8,12.4,19.0,13.9,74.7,0.0,0.0,0.0,,0,0,15.5,10.4,117.0,1023.6,3.8,15.9,207.6,18.0,7,10,2022-09-17T06:45:39,2022-09-17T19:08:27,0.74,Clear,Clear conditions throughout the day.,clear-day,"DE044,TT136,72510954782,72510314712,KRDG,KPTW,72040800136,KXLL",628
131,"Douglassville, PA, United States",2022-09-18,27.2,14.7,20.8,27.9,14.7,20.9,15.7,74.4,0.0,0.0,0.0,rain,0,0,27.7,12.9,195.4,1019.0,13.9,15.5,209.0,18.1,7,10,2022-09-18T06:46:37,2022-09-18T19:06:47,0.78,Clear,Clear conditions throughout the day.,clear-day,"DE044,TT136,72510954782,72510314712,KRDG,KPTW,72040800136,KXLL",628
132,"Douglassville, PA, United States",2022-09-19,27.9,15.9,21.0,28.3,15.9,21.1,17.2,80.5,2.26,100.0,12.5,rain,0,0,37.6,16.6,253.4,1014.1,34.1,13.8,164.8,14.3,7,30,2022-09-19T06:47:34,2022-09-19T19:05:06,0.83,"Rain, Partially cloudy",Becoming cloudy in the afternoon with afternoon rain.,rain,"DE044,TT136,72510954782,72510314712,KRDG,KPTW,72040800136,KXLL",628
133,"Douglassville, PA, United States",2022-09-20,25.8,16.1,20.4,25.8,16.1,20.4,14.6,72.3,0.0,0.0,0.0,rain,0,0,32.3,21.4,312.5,1013.4,17.5,13.7,219.0,18.9,8,10,2022-09-20T06:48:32,2022-09-20T19:03:26,0.87,Clear,Clear conditions throughout the day.,clear-day,"DE044,TT136,72510954782,72510314712,KRDG,KPTW,72040800136,KXLL",628
134,"Douglassville, PA, United States",2022-09-21,27.1,12.7,20.0,27.1,12.7,20.0,14.0,71.5,0.0,0.0,0.0,,0,0,25.9,14.6,236.8,1013.9,1.4,15.0,212.3,18.2,7,10,2022-09-21T06:49:30,2022-09-21T19:01:46,0.91,Clear,Clear conditions throughout the day.,clear-day,"DE044,TT136,72510954782,99999903761,72510314712,72032464753,KRDG,KPTW,72040800136,99999900379,KXLL",628
135,"Douglassville, PA, United States",2022-09-22,22.8,13.1,18.6,22.8,13.1,18.6,13.8,74.7,1.7,100.0,20.83,rain,0,0,57.6,24.7,285.8,1006.1,34.0,14.7,85.8,7.3,5,10,2022-09-22T06:50:28,2022-09-22T19:00:06,0.95,"Rain, Partially cloudy",Partly cloudy throughout the day with rain in the morning and afternoon.,rain,"DE044,TT136,72510954782,72510314712,KRDG,KPTW,72040800136,KXLL",628
136,"Douglassville, PA, United States",2022-09-23,17.0,9.5,12.7,17.0,6.8,12.3,2.5,51.4,0.0,0.0,0.0,,0,0,51.2,29.7,315.7,1015.4,11.8,15.7,229.5,19.9,8,10,2022-09-23T06:51:26,2022-09-23T18:58:25,0.97,Clear,Clear conditions throughout the day.,clear-day,"DE044,TT136,72510954782,72510314712,KRDG,KPTW,72040800136,KXLL",628
137,"Douglassville, PA, United States",2022-09-24,19.6,5.2,12.3,19.6,5.2,12.1,5.0,63.1,0.0,0.0,0.0,,0,0,23.0,16.0,273.5,1017.3,6.3,15.7,189.0,16.1,8,10,2022-09-24T06:52:24,2022-09-24T18:56:45,0.99,Clear,Clear conditions throughout the day.,clear-day,"DE044,TT136,72510954782,72510314712,KRDG,KPTW,72040800136,KXLL",628
138,"Douglassville, PA, United States",2022-09-25,19.2,12.6,15.3,19.2,12.6,15.3,12.5,83.8,13.24,100.0,45.83,rain,0,0,31.7,12.2,160.7,1007.6,71.0,14.6,82.6,7.2,4,10,2022-09-25T06:53:23,2022-09-25T18:55:06,1.0,"Rain, Partially cloudy",Partly cloudy throughout the day with rain.,rain,"DE044,TT136,72510954782,72510314712,KRDG,KPTW,72040800136,KXLL",628
139,"Douglassville, PA, United States",2022-09-26,22.0,10.1,16.4,22.0,10.1,16.4,10.2,71.0,0.0,0.0,0.0,rain,0,0,40.3,21.9,205.9,1006.5,28.2,13.5,197.9,17.0,7,10,2022-09-26T06:54:21,2022-09-26T18:53:26,0.0,Partially cloudy,Becoming cloudy in the afternoon.,partly-cloudy-day,"DE044,TT136,72510954782,72510314712,KRDG,KPTW,72040800136,KXLL",628
140,"Douglassville, PA, United States",2022-09-27,18.8,10.8,14.4,18.8,10.8,14.4,6.9,62.4,0.0,0.0,0.0,,0,0,33.2,16.2,262.2,1012.1,24.5,16.0,197.9,17.1,8,10,2022-09-27T06:55:20,2022-09-27T18:51:46,0.01,Partially cloudy,Partly cloudy throughout the day.,partly-cloudy-day,"DE044,TT136,72510954782,72510314712,KRDG,KPTW,72040800136,KXLL",628
141,"Douglassville, PA, United States",2022-09-28,19.2,7.1,13.6,19.2,7.1,13.6,7.8,69.5,0.0,0.0,0.0,,0,0,37.8,15.9,302.0,1020.8,42.1,16.0,199.9,17.3,7,10,2022-09-28T06:56:19,2022-09-28T18:50:07,0.04,Partially cloudy,Partly cloudy throughout the day.,partly-cloudy-day,"DE044,TT136,72510954782,99999903761,72510314712,KRDG,KPTW,72040800136,KXLL",628
142,"Douglassville, PA, United States",2022-09-29,18.8,7.9,13.5,18.8,7.9,13.4,7.1,67.4,0.0,0.0,0.0,,0,0,35.0,24.4,151.7,1027.8,4.8,15.9,207.3,17.9,7,10,2022-09-29T06:57:18,2022-09-29T18:48:28,0.07,Clear,Clear conditions throughout the day.,clear-day,"DE044,TT136,72510954782,99999903761,72510314712,72032464753,KRDG,KPTW,72040800136,KLOM,KXLL",628
143,"Douglassville, PA, United States",2022-09-30,17.3,8.6,12.3,17.3,7.0,11.9,7.0,70.8,0.0,57.1,0.0,rain,0,0,28.4,15.8,42.9,1024.8,31.4,19.2,108.2,9.4,4,10,2022-09-30T06:58:17,2022-09-30T18:46:49,0.12,"Rain, Partially cloudy",Becoming cloudy in the afternoon with a chance of rain.,rain,"DE044,TT136,KRDG,KPTW,KLOM,KXLL",628
