,name,datetime,tempmax,tempmin,temp,feelslikemax,feelslikemin,feelslike,dew,humidity,precip,precipprob,precipcover,preciptype,snow,snowdepth,windgust,windspeed,winddir,sealevelpressure,cloudcover,visibility,solarradiation,solarenergy,uvindex,severerisk,sunrise,sunset,moonphase,conditions,description,icon,stations,skey
0,"Hamburg, PA, United States",2022-05-10,23.1,8.3,16.6,23.1,6.9,16.4,-3.2,25.8,0.32,100.0,8.33,rain,0,0,35.3,26.5,46.4,1026.8,0.2,15.6,345.1,29.8,10,10,2022-05-10T05:52:18,2022-05-10T20:09:03,0.32,Rain,Clear conditions throughout the day with afternoon rain.,rain,"72517014737,PMN08,72510314712,KRDG,KHZL,99999900379,KXLL",631
1,"Hamburg, PA, United States",2022-05-11,24.6,8.6,17.3,24.6,8.0,17.2,5.6,47.7,0.0,0.0,0.0,,0,0,35.3,23.2,71.2,1025.2,15.5,15.3,305.2,26.4,10,10,2022-05-11T05:51:14,2022-05-11T20:10:03,0.37,Clear,Clear conditions throughout the day.,clear-day,"72517014737,PMN08,72510314712,F8610,KRDG,KHZL,99999900379,KXLL",631
2,"Hamburg, PA, United States",2022-05-12,25.8,11.2,19.4,25.8,11.2,19.4,13.3,69.4,0.0,0.0,0.0,rain,0,0,30.6,14.9,112.0,1024.8,36.4,15.3,249.6,21.7,10,10,2022-05-12T05:50:13,2022-05-12T20:11:02,0.41,Partially cloudy,Partly cloudy throughout the day.,partly-cloudy-day,"72517014737,PMN08,72510314712,KRDG,PMN12,KHZL,99999900379,KXLL",631
3,"Hamburg, PA, United States",2022-05-13,23.8,16.8,19.8,23.8,16.8,19.8,17.5,86.8,3.75,100.0,25.0,rain,0,0,27.7,15.9,78.2,1023.5,91.0,12.7,169.3,14.7,9,30,2022-05-13T05:49:12,2022-05-13T20:12:01,0.45,"Rain, Overcast",Cloudy skies throughout the day with rain.,rain,"72517014737,PMN08,72510314712,F8610,KRDG,KHZL,99999900379,KXLL",631
4,"Hamburg, PA, United States",2022-05-14,22.5,18.6,20.1,22.5,18.6,20.1,18.3,89.4,3.32,100.0,45.83,rain,0,0,31.7,12.1,111.7,1017.8,96.6,10.9,111.8,9.7,6,30,2022-05-14T05:48:14,2022-05-14T20:12:59,0.48,"Rain, Overcast",Cloudy skies throughout the day with rain.,rain,"72517014737,PMN08,72510314712,KRDG,PMN12,KHZL,99999900379,KXLL",631
5,"Hamburg, PA, United States",2022-05-15,25.4,18.3,21.1,25.4,18.3,21.1,17.8,82.3,0.1,100.0,12.5,rain,0,0,22.3,13.7,200.0,1011.9,75.8,11.8,144.5,12.6,8,60,2022-05-15T05:47:17,2022-05-15T20:13:57,0.5,"Rain, Partially cloudy",Partly cloudy throughout the day with early morning rain.,rain,"72517014737,PMN08,72510314712,F8610,KRDG,KHZL,99999900379,KXLL",631
6,"Hamburg, PA, United States",2022-05-16,25.2,15.8,20.1,25.2,15.8,20.1,16.2,79.2,3.21,100.0,29.17,rain,0,0,54.4,32.1,175.5,1005.7,59.3,11.7,184.6,16.0,9,60,2022-05-16T05:46:21,2022-05-16T20:14:54,0.5,"Rain, Partially cloudy",Partly cloudy throughout the day with rain.,rain,"72517014737,PMN08,72510314712,KRDG,KHZL,99999900379,KXLL",631
7,"Hamburg, PA, United States",2022-05-17,24.9,10.6,18.4,24.9,10.6,18.4,7.2,52.7,0.0,0.0,0.0,,0,0,59.7,36.2,282.9,1009.5,11.1,15.3,289.6,24.9,10,10,2022-05-17T05:45:27,2022-05-17T20:15:51,0.52,Clear,Clear conditions throughout the day.,clear-day,"72517014737,PMN08,72510314712,KRDG,PMN12,KHZL,99999900379,KXLL",631
8,"Hamburg, PA, United States",2022-05-18,21.3,9.2,16.2,21.3,9.2,16.2,5.6,50.8,0.0,0.0,0.0,rain,0,0,31.7,14.4,271.0,1015.0,24.6,15.9,283.1,24.3,10,10,2022-05-18T05:44:35,2022-05-18T20:16:47,0.54,Partially cloudy,Partly cloudy throughout the day.,partly-cloudy-day,"72517014737,PMN08,72510314712,KRDG,KHZL,99999900379,KXLL",631
9,"Hamburg, PA, United States",2022-05-19,25.5,12.6,17.7,25.5,12.6,17.7,13.0,76.6,16.55,100.0,33.33,rain,0,0,35.3,19.0,165.0,1008.1,69.8,11.5,151.8,13.1,8,10,2022-05-19T05:43:45,2022-05-19T20:17:42,0.58,"Rain, Partially cloudy",Partly cloudy throughout the day with rain clearing later.,rain,"72517014737,PMN08,72510314712,KRDG,PMN12,KHZL,99999900379,KXLL",631
10,"Hamburg, PA, United States",2022-05-20,25.4,14.0,19.0,25.4,14.0,19.0,16.4,85.3,13.67,100.0,20.83,rain,0,0,55.4,16.0,117.8,1012.0,32.4,11.2,124.4,10.8,6,30,2022-05-20T05:42:56,2022-05-20T20:18:37,0.63,"Rain, Partially cloudy",Partly cloudy throughout the day with rain.,rain,"72517014737,PMN08,72510314712,KRDG,KHZL,99999900379,KXLL",631
11,"Hamburg, PA, United States",2022-05-21,32.5,18.9,25.2,34.1,18.9,26.0,19.3,73.7,1.57,100.0,4.17,rain,0,0,29.9,14.4,171.1,1015.9,41.3,8.6,301.6,26.2,9,100,2022-05-21T05:42:09,2022-05-21T20:19:32,0.68,"Rain, Partially cloudy",Clearing in the afternoon with morning rain.,rain,"72517014737,PMN08,72510314712,F8610,KRDG,KHZL,99999900379,KXLL",631
12,"Hamburg, PA, United States",2022-05-22,32.2,21.2,25.8,33.7,21.2,26.3,18.9,67.4,1.32,100.0,25.0,rain,0,0,40.7,15.4,246.5,1016.5,35.0,13.7,273.3,23.8,9,30,2022-05-22T05:41:24,2022-05-22T20:20:25,0.74,"Rain, Partially cloudy",Partly cloudy throughout the day with rain.,rain,"72517014737,PMN08,72510314712,F8610,KRDG,KHZL,99999900379,KXLL",631
13,"Hamburg, PA, United States",2022-05-23,22.3,13.3,18.3,22.3,13.3,18.3,9.1,56.0,0.0,0.0,0.0,,0,0,42.8,21.4,284.7,1022.6,46.4,15.3,256.6,22.0,9,10,2022-05-23T05:40:40,2022-05-23T20:21:18,0.79,Partially cloudy,Partly cloudy throughout the day.,partly-cloudy-day,"72517014737,PMN08,72510314712,KRDG,KHZL,99999900379,KXLL",631
14,"Hamburg, PA, United States",2022-05-24,19.6,15.1,17.6,19.6,15.1,17.6,9.0,57.3,0.0,0.0,0.0,rain,0,0,29.9,16.7,72.3,1024.5,79.1,15.0,121.1,10.4,5,10,2022-05-24T05:39:59,2022-05-24T20:22:10,0.85,Partially cloudy,Partly cloudy throughout the day.,partly-cloudy-day,"72517014737,PMN08,72510314712,F8610,KRDG,KHZL,99999900379,KXLL",631
15,"Hamburg, PA, United States",2022-05-25,23.2,12.5,17.7,23.2,12.5,17.7,8.5,55.9,0.0,0.0,0.0,,0,0,37.1,18.2,121.8,1027.3,52.2,15.5,320.0,27.6,9,10,2022-05-25T05:39:19,2022-05-25T20:23:01,0.89,Partially cloudy,Partly cloudy throughout the day.,partly-cloudy-day,"72517014737,PMN08,72510314712,KRDG,KHZL,99999900379,KXLL",631
16,"Hamburg, PA, United States",2022-05-26,21.7,13.0,17.8,21.7,13.0,17.8,11.6,67.8,0.0,0.0,0.0,,0,0,31.7,19.5,148.9,1023.5,94.9,14.5,105.4,9.2,4,10,2022-05-26T05:38:41,2022-05-26T20:23:51,0.93,Overcast,Cloudy skies throughout the day.,cloudy,"72517014737,PMN08,72510314712,F8610,KRDG,KHZL,99999900379,KXLL",631
17,"Hamburg, PA, United States",2022-05-27,23.5,18.7,20.5,23.5,18.7,20.5,18.5,88.0,3.64,100.0,29.17,rain,0,0,47.0,18.3,153.4,1012.3,90.2,11.2,79.6,6.8,4,10,2022-05-27T05:38:05,2022-05-27T20:24:40,0.96,"Rain, Overcast",Cloudy skies throughout the day with rain.,rain,"72517014737,PMN08,72510314712,F8610,KRDG,KHZL,99999900379,KXLL",631
18,"Hamburg, PA, United States",2022-05-28,24.1,17.9,20.3,24.1,17.9,20.3,16.8,81.9,12.67,100.0,70.83,rain,0,0,27.7,20.6,236.7,1008.6,84.4,12.3,168.7,14.5,10,30,2022-05-28T05:37:30,2022-05-28T20:25:28,0.99,"Rain, Partially cloudy",Partly cloudy throughout the day with a chance of rain throughout the day.,rain,"72517014737,PMN08,72510314712,F8610,KRDG,KHZL,99999900379,KXLL",631
19,"Hamburg, PA, United States",2022-05-29,26.5,13.8,20.7,26.5,13.8,20.7,13.8,68.3,0.0,0.0,0.0,rain,0,0,17.6,12.6,249.8,1017.4,33.0,13.0,320.4,27.7,10,10,2022-05-29T05:36:58,2022-05-29T20:26:15,1.0,Partially cloudy,Partly cloudy throughout the day.,partly-cloudy-day,"72517014737,PMN08,72510314712,F8610,KRDG,KHZL,99999900379,KXLL",631
20,"Hamburg, PA, United States",2022-05-30,31.1,15.0,23.9,31.8,15.0,24.3,16.5,65.8,0.0,0.0,0.0,,0,0,21.2,14.7,175.4,1019.0,1.8,13.4,332.4,28.7,10,30,2022-05-30T05:36:28,2022-05-30T20:27:02,0.0,Clear,Clear conditions throughout the day.,clear-day,"72517014737,PMN08,72510314712,F8610,KRDG,KHZL,99999900379,KXLL",631
21,"Hamburg, PA, United States",2022-05-31,33.5,20.2,27.5,33.8,20.2,27.7,17.7,58.6,0.0,0.0,0.0,,0,0,33.1,19.1,291.5,1016.0,2.6,14.4,340.5,29.5,10,30,2022-05-31T05:35:59,2022-05-31T20:27:47,0.0,Clear,Clear conditions throughout the day.,clear-day,"72517014737,PMN08,72510314712,F8610,KRDG,KHZL,99999900379,KXLL",631
22,"Hamburg, PA, United States",2022-06-01,32.3,19.2,25.6,33.7,19.2,26.2,18.5,66.3,1.72,100.0,16.67,rain,0,0,55.4,20.7,155.7,1012.1,39.6,14.0,269.3,23.1,9,100,2022-06-01T05:35:33,2022-06-01T20:28:30,0.02,"Rain, Partially cloudy",Partly cloudy throughout the day with late afternoon rain.,rain,"72517014737,PMN08,72510314712,KRDG,KHZL,99999900379,KXLL",631
23,"Hamburg, PA, United States",2022-06-02,27.1,17.5,21.2,28.7,17.5,21.3,18.6,85.7,3.93,100.0,45.83,rain,0,0,57.2,11.7,225.8,1008.1,82.2,11.2,167.6,14.6,7,30,2022-06-02T05:35:08,2022-06-02T20:29:13,0.04,"Rain, Partially cloudy",Partly cloudy throughout the day with a chance of rain throughout the day.,rain,"72517014737,PMN08,72510314712,KRDG,PMN12,KHZL,99999900379,KXLL",631
24,"Hamburg, PA, United States",2022-06-03,25.6,17.9,21.8,25.6,17.9,21.8,13.5,63.9,1.41,100.0,29.17,rain,0,0,38.9,21.7,264.9,1008.9,35.2,13.7,345.3,29.8,10,10,2022-06-03T05:34:45,2022-06-03T20:29:55,0.07,"Rain, Partially cloudy",Clearing in the afternoon with rain clearing later.,rain,"72517014737,PMN08,72510314712,F8610,KRDG,KHZL,99999900379,KXLL",631
25,"Hamburg, PA, United States",2022-06-04,27.2,12.5,20.6,26.4,12.5,20.4,9.3,54.8,0.0,0.0,0.0,,0,0,38.9,24.7,230.8,1012.4,0.3,14.4,358.3,31.0,10,10,2022-06-04T05:34:25,2022-06-04T20:30:35,0.11,Clear,Clear conditions throughout the day.,clear-day,"72517014737,PMN08,72510314712,F8610,KRDG,KHZL,99999900379,KXLL",631
26,"Hamburg, PA, United States",2022-06-05,25.2,11.1,19.0,25.2,11.1,19.0,5.8,45.3,0.0,0.0,0.0,,0,0,23.0,9.4,163.5,1015.7,2.5,14.2,327.3,28.3,10,10,2022-06-05T05:34:06,2022-06-05T20:31:14,0.14,Clear,Clear conditions throughout the day.,clear-day,"72517014737,PMN08,72510314712,F8610,KRDG,KHZL,99999900379,KXLL",631
27,"Hamburg, PA, United States",2022-06-06,26.8,11.5,20.3,26.4,11.5,20.3,9.4,53.2,0.0,0.0,0.0,,0,0,35.3,20.6,170.6,1017.1,0.2,14.3,339.6,29.2,10,10,2022-06-06T05:33:49,2022-06-06T20:31:51,0.19,Clear,Clear conditions throughout the day.,clear-day,"72517014737,PMN08,72510314712,F8610,KRDG,KHZL,99999900379,KXLL",631
28,"Hamburg, PA, United States",2022-06-07,25.2,15.7,20.5,25.2,15.7,20.5,14.3,68.8,1.6,100.0,37.5,rain,0,0,44.8,26.7,174.1,1015.1,62.4,13.6,114.4,10.1,6,10,2022-06-07T05:33:34,2022-06-07T20:32:27,0.24,"Rain, Partially cloudy",Partly cloudy throughout the day with rain.,rain,"72517014737,PMN08,72510314712,F8610,KRDG,PMN12,KHZL,99999900379,KXLL",631
29,"Hamburg, PA, United States",2022-06-08,27.2,19.6,23.2,26.8,19.6,23.1,14.8,63.1,0.04,100.0,8.33,rain,0,0,29.2,16.5,239.8,1011.9,45.0,13.7,317.6,27.3,10,10,2022-06-08T05:33:22,2022-06-08T20:33:02,0.29,"Rain, Partially cloudy",Clearing in the afternoon with early morning rain.,rain,"72517014737,PMN08,72510314712,F8610,KRDG,KHZL,99999900379,KXLL",631
30,"Hamburg, PA, United States",2022-06-09,25.4,18.0,22.3,25.4,18.0,22.3,15.4,67.0,8.66,100.0,29.17,rain,0,0,52.4,32.6,249.7,1005.7,66.3,15.5,292.4,25.1,10,10,2022-06-09T05:33:11,2022-06-09T20:33:35,0.35,"Rain, Partially cloudy",Partly cloudy throughout the day with rain clearing later.,rain,"72517014737,PMN08,72510314712,F8610,KRDG,PMN12,KHZL,99999900379,KXLL",631
31,"Hamburg, PA, United States",2022-06-10,25.4,13.0,20.0,25.4,13.0,20.0,11.1,59.3,0.0,0.0,0.0,,0,0,29.5,17.4,286.9,1011.8,10.6,15.9,253.7,21.8,8,10,2022-06-10T05:33:02,2022-06-10T20:34:07,0.39,Clear,Clear conditions throughout the day.,clear-day,"72517014737,PMN08,72510314712,F8610,KRDG,KHZL,99999900379,KXLL",631
32,"Hamburg, PA, United States",2022-06-11,22.8,15.1,19.4,22.8,15.1,19.4,12.2,64.3,0.0,0.0,0.0,rain,0,0,24.5,12.5,250.9,1013.8,30.7,15.9,163.0,14.0,5,10,2022-06-11T05:32:55,2022-06-11T20:34:37,0.44,Partially cloudy,Partly cloudy throughout the day.,partly-cloudy-day,"72517014737,PMN08,72510314712,F8610,KRDG,KHZL,99999900379,KXLL",631
33,"Hamburg, PA, United States",2022-06-12,24.2,14.4,19.0,24.2,14.4,19.0,16.4,85.7,4.98,100.0,33.33,rain,0,0,24.1,12.3,156.9,1013.9,81.0,12.1,97.3,8.3,5,30,2022-06-12T05:32:50,2022-06-12T20:35:06,0.47,"Rain, Partially cloudy",Partly cloudy throughout the day with rain.,rain,"72517014737,PMN08,72510314712,F8610,KRDG,KHZL,99999900379,KXLL",631
34,"Hamburg, PA, United States",2022-06-13,30.9,18.4,24.5,31.9,18.4,25.0,19.0,74.7,0.28,100.0,12.5,rain,0,0,31.3,14.8,222.8,1013.3,42.3,10.6,299.5,26.0,10,60,2022-06-13T05:32:47,2022-06-13T20:35:32,0.49,"Rain, Partially cloudy",Partly cloudy throughout the day with rain clearing later.,rain,"72517014737,PMN08,72510314712,F8610,KRDG,PMN12,KHZL,99999900379,KXLL",631
35,"Hamburg, PA, United States",2022-06-14,28.0,19.8,23.5,27.9,19.8,23.5,13.7,55.4,0.0,0.0,0.0,rain,0,0,23.4,13.5,173.3,1013.6,17.6,16.0,266.9,23.0,10,10,2022-06-14T05:32:46,2022-06-14T20:35:58,0.5,Clear,Clear conditions throughout the day.,clear-day,"72517014737,PMN08,72510314712,F8610,KRDG,KHZL,99999900379,KXLL",631
36,"Hamburg, PA, United States",2022-06-15,31.0,16.4,24.3,30.7,16.4,24.3,15.1,59.3,0.0,0.0,0.0,rain,0,0,35.8,21.7,192.3,1018.0,18.7,15.8,337.0,29.1,10,10,2022-06-15T05:32:47,2022-06-15T20:36:21,0.51,Clear,Clear conditions throughout the day.,clear-day,"72517014737,PMN08,72510314712,F8610,KRDG,KHZL,99999900379,KXLL",631
37,"Hamburg, PA, United States",2022-06-16,24.7,18.6,21.8,24.7,18.6,21.8,17.8,78.3,5.04,100.0,29.17,rain,0,0,27.4,16.1,159.4,1018.7,94.5,15.3,63.9,5.5,3,10,2022-06-16T05:32:50,2022-06-16T20:36:43,0.53,"Rain, Overcast",Cloudy skies throughout the day with rain.,rain,"72517014737,PMN08,72510314712,F8610,KRDG,KHZL,99999900379,KXLL",631
38,"Hamburg, PA, United States",2022-06-17,32.0,22.4,26.8,31.9,22.4,26.8,17.3,61.0,0.11,100.0,12.5,rain,0,0,48.7,29.7,259.2,1007.9,48.3,14.2,278.4,24.1,10,75,2022-06-17T05:32:54,2022-06-17T20:37:03,0.57,"Rain, Partially cloudy",Partly cloudy throughout the day with early morning rain.,rain,"72517014737,PMN08,72510314712,F8610,KRDG,PMN12,KHZL,99999900379,KXLL",631
39,"Hamburg, PA, United States",2022-06-18,22.4,16.4,19.2,22.4,16.4,19.2,8.8,51.1,0.0,0.0,0.0,rain,0,0,54.1,37.7,311.4,1009.2,51.6,16.0,214.2,18.5,10,10,2022-06-18T05:33:01,2022-06-18T20:37:22,0.62,Partially cloudy,Partly cloudy throughout the day.,partly-cloudy-day,"72517014737,PMN08,72510314712,F8610,KRDG,PMN12,KHZL,99999900379,KXLL",631
40,"Hamburg, PA, United States",2022-06-19,23.1,11.7,17.8,23.1,11.7,17.8,3.6,40.4,0.0,0.0,0.0,,0,0,48.2,34.9,308.6,1016.8,3.7,16.0,374.2,32.3,10,10,2022-06-19T05:33:09,2022-06-19T20:37:38,0.67,Clear,Clear conditions throughout the day.,clear-day,"72517014737,72510314712,F8610,KRDG,PMN12,KHZL,99999900379,KXLL",631
41,"Hamburg, PA, United States",2022-06-20,26.3,8.7,18.8,26.3,8.7,18.8,6.2,47.9,0.0,0.0,0.0,,0,0,35.3,15.9,294.1,1021.1,0.0,15.9,349.1,30.2,10,10,2022-06-20T05:33:20,2022-06-20T20:37:53,0.72,Clear,Clear conditions throughout the day.,clear-day,"72517014737,72510314712,F8610,KRDG,PMN12,KHZL,99999900379,KXLL",631
42,"Hamburg, PA, United States",2022-06-21,27.3,13.2,20.9,27.5,13.2,21.0,13.0,62.0,0.0,0.0,0.0,rain,0,0,17.3,14.4,172.8,1019.9,32.4,16.0,225.0,19.3,10,10,2022-06-21T05:33:32,2022-06-21T20:38:05,0.77,Partially cloudy,Partly cloudy throughout the day.,partly-cloudy-day,"72517014737,PMN08,72510314712,F8610,KRDG,KHZL,99999900379,KXLL",631
43,"Hamburg, PA, United States",2022-06-22,25.9,17.5,20.8,25.9,17.5,20.8,16.7,78.4,4.23,100.0,20.83,rain,0,0,36.4,24.2,83.8,1015.0,62.6,11.7,147.9,12.9,7,10,2022-06-22T05:33:46,2022-06-22T20:38:16,0.82,"Rain, Partially cloudy",Partly cloudy throughout the day with late afternoon rain.,rain,"72517014737,PMN08,72510314712,KRDG,PMN12,KHZL,99999900379,KXLL",631
44,"Hamburg, PA, United States",2022-06-23,20.4,16.2,18.1,20.4,16.2,18.1,16.2,88.9,29.52,100.0,54.17,rain,0,0,27.0,10.7,86.3,1014.8,90.0,11.6,52.8,4.4,2,10,2022-06-23T05:34:02,2022-06-23T20:38:25,0.87,"Rain, Partially cloudy",Partly cloudy throughout the day with a chance of rain throughout the day.,rain,"72517014737,PMN08,72510314712,F8610,KRDG,KHZL,99999900379,KXLL",631
45,"Hamburg, PA, United States",2022-06-24,27.1,13.7,20.6,28.1,13.7,20.7,16.4,78.9,0.0,0.0,0.0,,0,0,17.6,12.0,157.4,1017.4,39.9,10.2,255.7,22.0,10,30,2022-06-24T05:34:19,2022-06-24T20:38:32,0.91,Partially cloudy,Partly cloudy throughout the day.,partly-cloudy-day,"72517014737,PMN08,72510314712,F8610,KRDG,KHZL,99999900379,KXLL",631
46,"Hamburg, PA, United States",2022-06-25,32.1,17.7,25.2,32.5,17.7,25.5,17.8,66.8,0.0,0.0,0.0,,0,0,13.7,11.9,200.3,1019.6,12.8,13.3,316.8,27.3,10,30,2022-06-25T05:34:38,2022-06-25T20:38:38,0.95,Clear,Clear conditions throughout the day.,clear-day,"72517014737,PMN08,72510314712,F8610,KRDG,KHZL,99999900379,KXLL",631
47,"Hamburg, PA, United States",2022-06-26,31.2,19.9,25.7,32.8,19.9,26.3,18.8,67.3,1.42,100.0,12.5,rain,0,0,50.0,23.3,203.6,1018.3,34.3,14.7,279.0,24.2,10,30,2022-06-26T05:34:59,2022-06-26T20:38:41,0.97,"Rain, Partially cloudy",Partly cloudy throughout the day with late afternoon rain.,rain,"72517014737,PMN08,72510314712,KRDG,PMN12,KHZL,99999900379,KXLL",631
48,"Hamburg, PA, United States",2022-06-27,26.4,21.8,24.0,26.4,21.8,24.0,19.4,76.9,6.73,100.0,41.67,rain,0,0,36.4,18.2,242.4,1014.9,72.3,13.7,155.8,13.3,9,30,2022-06-27T05:35:22,2022-06-27T20:38:42,0.99,"Rain, Partially cloudy",Partly cloudy throughout the day with a chance of rain throughout the day.,rain,"72517014737,PMN08,72510314712,F8610,KRDG,PMN12,KHZL,99999900379,KXLL",631
49,"Hamburg, PA, United States",2022-06-28,25.6,14.0,20.8,25.6,14.0,20.8,10.9,54.4,0.0,0.0,0.0,,0,0,49.0,16.7,299.8,1021.4,11.7,15.9,345.0,29.9,10,10,2022-06-28T05:35:46,2022-06-28T20:38:41,1.0,Clear,Clear conditions throughout the day.,clear-day,"72517014737,PMN08,72510314712,F8610,KRDG,KHZL,99999900379,KXLL",631
50,"Hamburg, PA, United States",2022-06-29,29.2,14.5,22.5,29.0,14.5,22.4,14.0,62.1,0.0,0.0,0.0,rain,0,0,29.5,18.7,223.5,1023.0,11.9,15.6,296.0,25.7,9,10,2022-06-29T05:36:12,2022-06-29T20:38:39,0.0,Clear,Clear conditions throughout the day.,clear-day,"72517014737,72510314712,F8610,KRDG,KHZL,99999900379,KXLL",631
51,"Hamburg, PA, United States",2022-06-30,30.8,16.2,24.2,30.6,16.2,24.1,14.9,59.6,0.0,0.0,0.0,,0,0,20.5,17.3,247.0,1022.3,7.3,15.6,321.0,27.8,10,10,2022-06-30T05:36:39,2022-06-30T20:38:34,0.01,Clear,Clear conditions throughout the day.,clear-day,"72517014737,PMN08,72510314712,F8610,KRDG,KHZL,99999900379,KXLL",631
52,"Hamburg, PA, United States",2022-07-01,32.5,18.6,25.3,34.6,18.6,26.2,19.1,69.5,0.21,100.0,4.17,rain,0,0,59.0,16.5,198.3,1017.3,21.3,14.8,274.3,23.8,10,100,2022-07-01T05:37:08,2022-07-01T20:38:27,0.03,"Rain, Partially cloudy",Partly cloudy throughout the day with afternoon rain.,rain,"72517014737,PMN08,72510314712,F8610,KRDG,KHZL,99999900379,KXLL",631
53,"Hamburg, PA, United States",2022-07-02,30.9,23.6,26.7,32.3,23.6,27.4,20.9,72.2,0.04,100.0,8.33,rain,0,0,31.7,21.8,241.3,1013.6,23.1,14.9,223.5,19.1,10,60,2022-07-02T05:37:39,2022-07-02T20:38:18,0.05,"Rain, Partially cloudy",Partly cloudy throughout the day with late afternoon rain.,rain,"72517014737,PMN08,72510314712,F8610,KRDG,KHZL,99999900379,KXLL",631
54,"Hamburg, PA, United States",2022-07-03,30.1,21.8,25.6,29.0,21.8,25.3,15.3,57.3,0.0,0.0,0.0,,0,0,29.5,16.7,301.9,1016.9,19.7,15.4,311.4,27.0,10,30,2022-07-03T05:38:10,2022-07-03T20:38:07,0.08,Clear,Clear conditions throughout the day.,clear-day,"72517014737,PMN08,72510314712,F8610,KRDG,KHZL,99999900379,KXLL",631
55,"Hamburg, PA, United States",2022-07-04,29.3,14.7,23.2,28.4,14.7,22.9,11.9,52.6,0.0,0.0,0.0,,0,0,19.4,12.9,258.2,1021.3,0.5,15.7,325.6,28.3,10,10,2022-07-04T05:38:44,2022-07-04T20:37:55,0.12,Clear,Clear conditions throughout the day.,clear-day,"72517014737,PMN08,72510314712,F8610,KRDG,KHZL,99999900379,KXLL",631
56,"Hamburg, PA, United States",2022-07-05,28.9,20.7,24.5,30.9,20.7,24.9,18.7,70.8,0.53,100.0,16.67,rain,0,0,40.7,22.3,205.9,1015.8,49.3,14.6,111.3,9.6,7,30,2022-07-05T05:39:18,2022-07-05T20:37:40,0.17,"Rain, Partially cloudy",Partly cloudy throughout the day with rain.,rain,"72517014737,PMN08,72510314712,F8610,KRDG,KHZL,99999900379,KXLL",631
57,"Hamburg, PA, United States",2022-07-06,29.7,22.9,26.2,31.4,22.9,26.9,19.9,70.1,0.0,0.0,0.0,rain,0,0,29.5,19.7,194.3,1011.8,61.0,13.8,236.7,20.4,9,60,2022-07-06T05:39:54,2022-07-06T20:37:23,0.22,Partially cloudy,Partly cloudy throughout the day.,partly-cloudy-day,"72517014737,PMN08,72510314712,KRDG,KHZL,99999900379,KXLL",631
58,"Hamburg, PA, United States",2022-07-07,27.6,22.5,24.7,28.8,22.5,25.0,18.6,69.2,0.0,0.0,0.0,rain,0,0,27.0,11.6,102.4,1015.0,85.0,15.9,232.6,20.0,10,10,2022-07-07T05:40:31,2022-07-07T20:37:04,0.27,Partially cloudy,Partly cloudy throughout the day.,partly-cloudy-day,"72517014737,PMN08,72510314712,F8610,KRDG,KHZL,99999900379,KXLL",631
59,"Hamburg, PA, United States",2022-07-08,30.5,19.6,25.0,32.7,19.6,25.6,20.0,75.3,0.02,100.0,4.17,rain,0,0,25.9,16.2,203.8,1016.0,61.9,14.5,221.2,19.2,10,30,2022-07-08T05:41:10,2022-07-08T20:36:43,0.33,"Rain, Partially cloudy",Partly cloudy throughout the day with late afternoon rain.,rain,"72517014737,PMN08,72510314712,F8610,KRDG,KHZL,99999900379,KXLL",631
60,"Hamburg, PA, United States",2022-07-09,28.5,21.4,24.3,28.6,21.4,24.4,18.5,71.9,2.05,100.0,16.67,rain,0,0,27.7,15.8,129.2,1016.9,50.5,13.8,266.2,23.0,10,10,2022-07-09T05:41:50,2022-07-09T20:36:20,0.38,"Rain, Partially cloudy",Partly cloudy throughout the day with early morning rain.,rain,"72517014737,PMN08,72510314712,F8610,KRDG,KHZL,99999900379,KXLL",631
61,"Hamburg, PA, United States",2022-07-10,28.9,16.6,23.2,27.9,16.6,23.0,12.6,54.7,0.0,0.0,0.0,,0,0,28.1,16.2,221.0,1017.7,11.7,15.6,347.7,30.0,10,10,2022-07-10T05:42:31,2022-07-10T20:35:56,0.42,Clear,Clear conditions throughout the day.,clear-day,"72517014737,PMN08,72510314712,F8610,KRDG,KHZL,99999900379,KXLL",631
62,"Hamburg, PA, United States",2022-07-11,29.5,17.0,23.8,29.3,17.0,23.8,15.1,60.1,0.0,0.0,0.0,,0,0,35.3,19.7,173.1,1014.1,10.0,16.0,322.6,27.9,10,10,2022-07-11T05:43:13,2022-07-11T20:35:29,0.46,Clear,Clear conditions throughout the day.,clear-day,"72517014737,PMN08,72510314712,F8610,KRDG,KHZL,99999900379,KXLL",631
63,"Hamburg, PA, United States",2022-07-12,32.1,19.8,25.6,34.6,19.8,26.5,17.8,62.9,0.04,100.0,8.33,rain,0,0,47.5,24.8,223.2,1008.7,16.6,16.0,253.7,21.8,10,75,2022-07-12T05:43:56,2022-07-12T20:35:00,0.49,Rain,Clear conditions throughout the day with rain.,rain,"72517014737,PMN08,72510314712,F8610,KRDG,KHZL,99999900379,KXLL",631
64,"Hamburg, PA, United States",2022-07-13,32.2,20.4,26.3,32.1,20.4,26.4,17.6,62.5,0.0,0.0,0.0,rain,0,0,33.5,18.7,226.1,1012.1,25.5,15.0,355.3,30.5,10,30,2022-07-13T05:44:40,2022-07-13T20:34:29,0.5,Partially cloudy,Partly cloudy throughout the day.,partly-cloudy-day,"72517014737,PMN08,72510314712,KRDG,KHZL,99999900379,KXLL",631
65,"Hamburg, PA, United States",2022-07-14,30.5,19.0,25.1,29.7,19.0,25.0,16.2,61.3,0.0,0.0,0.0,rain,0,0,22.0,15.4,271.0,1015.5,26.6,15.7,219.1,18.9,10,30,2022-07-14T05:45:25,2022-07-14T20:33:56,0.51,Partially cloudy,Becoming cloudy in the afternoon.,partly-cloudy-day,"72517014737,PMN08,72510314712,F8610,KRDG,PMN12,KHZL,99999900379,KXLL",631
66,"Hamburg, PA, United States",2022-07-15,30.5,18.1,24.8,29.4,18.1,24.5,13.6,52.8,0.0,0.0,0.0,,0,0,25.9,13.9,124.2,1020.2,39.7,15.9,332.5,28.6,10,10,2022-07-15T05:46:11,2022-07-15T20:33:22,0.53,Partially cloudy,Partly cloudy throughout the day.,partly-cloudy-day,"72517014737,PMN08,72510314712,F8610,KRDG,KHZL,99999900379,KXLL",631
67,"Hamburg, PA, United States",2022-07-16,29.5,20.1,23.9,30.3,20.1,24.1,19.2,76.5,3.66,100.0,16.67,rain,0,0,22.3,12.6,161.2,1019.0,75.2,13.7,165.6,14.3,9,30,2022-07-16T05:46:58,2022-07-16T20:32:45,0.55,"Rain, Partially cloudy",Partly cloudy throughout the day with rain.,rain,"72517014737,PMN08,72510314712,F8610,KRDG,KHZL,99999900379,KXLL",631
68,"Hamburg, PA, United States",2022-07-17,28.6,20.0,24.1,30.4,20.0,24.7,20.4,81.1,11.4,100.0,16.67,rain,0,0,50.0,14.0,200.6,1016.8,77.0,11.3,204.2,17.5,9,60,2022-07-17T05:47:46,2022-07-17T20:32:07,0.6,"Rain, Partially cloudy",Partly cloudy throughout the day with early morning rain.,rain,"72517014737,PMN08,72510314712,F8610,KRDG,KHZL,99999900379,KXLL",631
69,"Hamburg, PA, United States",2022-07-18,30.2,22.2,25.5,34.6,22.2,26.9,22.4,83.4,9.1,100.0,45.83,rain,0,0,39.6,20.1,205.9,1012.1,63.6,12.7,148.4,12.6,8,75,2022-07-18T05:48:35,2022-07-18T20:31:26,0.65,"Rain, Partially cloudy",Partly cloudy throughout the day with rain.,rain,"72517014737,PMN08,72510314712,F8610,KRDG,KHZL,99999900379,KXLL",631
70,"Hamburg, PA, United States",2022-07-19,32.4,21.2,27.0,33.7,21.2,27.6,19.2,64.5,0.0,0.0,0.0,,0,0,29.5,20.4,268.6,1010.1,11.2,15.7,319.0,27.7,10,10,2022-07-19T05:49:24,2022-07-19T20:30:44,0.7,Clear,Clear conditions throughout the day.,clear-day,"72517014737,PMN08,72510314712,F8610,KRDG,KHZL,99999900379,KXLL",631
71,"Hamburg, PA, United States",2022-07-20,33.7,21.4,28.0,36.0,21.4,29.4,19.7,62.0,0.0,0.0,0.0,rain,0,0,29.2,19.2,240.3,1008.9,5.8,15.3,298.8,25.8,10,30,2022-07-20T05:50:15,2022-07-20T20:30:00,0.75,Clear,Clear conditions throughout the day.,clear-day,"72517014737,PMN08,72510314712,F8610,KRDG,KHZL,99999900379,KXLL",631
72,"Hamburg, PA, United States",2022-07-21,33.9,24.5,29.4,35.7,24.5,31.0,20.8,62.2,0.0,0.0,0.0,rain,0,0,41.0,23.9,244.4,1005.7,21.5,15.9,301.8,26.2,10,30,2022-07-21T05:51:06,2022-07-21T20:29:14,0.8,Partially cloudy,Becoming cloudy in the afternoon.,partly-cloudy-day,"72517014737,PMN08,72510314712,F8610,KRDG,KHZL,99999900379,KXLL",631
73,"Hamburg, PA, United States",2022-07-22,33.8,23.2,28.5,34.7,23.2,29.3,18.8,57.7,0.39,100.0,12.5,rain,0,0,31.0,19.7,265.4,1011.9,16.3,15.9,274.5,23.5,10,30,2022-07-22T05:51:57,2022-07-22T20:28:27,0.85,Rain,Clear conditions throughout the day with rain.,rain,"72517014737,PMN08,72510314712,F8610,KRDG,KHZL,99999900379,KXLL",631
74,"Hamburg, PA, United States",2022-07-23,35.2,22.6,29.0,36.3,22.6,29.8,19.2,58.6,0.08,100.0,16.67,rain,0,0,28.4,14.7,252.6,1016.4,3.3,15.3,311.3,26.9,9,60,2022-07-23T05:52:50,2022-07-23T20:27:37,0.89,Rain,Clear conditions throughout the day with rain clearing later.,rain,"72517014737,PMN08,72510314712,F8610,KRDG,KHZL,99999900379,KXLL",631
75,"Hamburg, PA, United States",2022-07-24,35.5,21.8,28.6,38.1,21.8,29.8,19.0,57.8,0.52,100.0,8.33,rain,0,0,36.1,23.5,246.2,1016.1,2.9,16.0,316.4,27.2,10,60,2022-07-24T05:53:42,2022-07-24T20:26:46,0.93,Rain,Clear conditions throughout the day with late afternoon rain.,rain,"72517014737,PMN08,72510314712,F8610,KRDG,KHZL,99999900379,KXLL",631
76,"Hamburg, PA, United States",2022-07-25,31.6,26.3,28.4,34.4,26.3,31.0,21.8,68.1,0.9,100.0,16.67,rain,0,0,33.5,20.3,231.1,1012.3,26.3,15.9,131.2,11.4,5,75,2022-07-25T05:54:36,2022-07-25T20:25:53,0.96,"Rain, Partially cloudy",Becoming cloudy in the afternoon with rain in the morning and afternoon.,rain,"72517014737,PMN08,72510314712,F8610,KRDG,KHZL,99999900379,KXLL",631
77,"Hamburg, PA, United States",2022-07-26,27.2,19.8,23.9,27.3,19.8,23.9,15.3,60.2,0.0,0.0,0.0,,0,0,34.9,15.0,255.9,1016.3,5.8,16.0,209.0,18.1,10,10,2022-07-26T05:55:30,2022-07-26T20:24:59,0.98,Clear,Clear conditions throughout the day.,clear-day,"72517014737,PMN08,72510314712,F8610,KRDG,KHZL,99999900379,KXLL",631
78,"Hamburg, PA, United States",2022-07-27,29.9,18.3,24.8,30.9,18.3,25.2,17.7,66.9,0.0,0.0,0.0,,0,0,22.3,15.4,175.0,1014.1,54.2,15.9,209.7,18.2,8,30,2022-07-27T05:56:24,2022-07-27T20:24:03,1.0,Partially cloudy,Partly cloudy throughout the day.,partly-cloudy-day,"72517014737,PMN08,72510314712,F8610,KRDG,KHZL,99999900379,KXLL",631
79,"Hamburg, PA, United States",2022-07-28,31.0,21.4,25.6,35.2,21.4,26.6,22.2,83.1,28.96,100.0,41.67,rain,0,0,72.0,21.9,240.9,1011.2,49.7,12.9,226.5,19.5,8,75,2022-07-28T05:57:19,2022-07-28T20:23:05,1.0,"Rain, Partially cloudy",Partly cloudy throughout the day with rain.,rain,"72517014737,PMN08,72510314712,F8610,KRDG,KHZL,99999900379,KXLL",631
80,"Hamburg, PA, United States",2022-07-29,26.3,20.9,23.2,26.3,20.9,23.2,20.9,87.2,0.62,100.0,12.5,rain,0,0,20.9,12.5,268.1,1013.7,45.5,12.9,94.6,8.3,4,30,2022-07-29T05:58:15,2022-07-29T20:22:05,0.0,"Rain, Partially cloudy",Partly cloudy throughout the day with late afternoon rain.,rain,"72517014737,PMN08,72510314712,F8610,KRDG,KHZL,99999900379,KXLL",631
81,"Hamburg, PA, United States",2022-07-30,30.8,19.3,24.9,30.0,19.3,24.7,16.3,63.5,0.0,0.0,0.0,,0,0,34.3,17.2,288.2,1018.1,24.5,14.6,296.8,25.6,9,10,2022-07-30T05:59:10,2022-07-30T20:21:04,0.01,Partially cloudy,Partly cloudy throughout the day.,partly-cloudy-day,"72517014737,PMN08,72510314712,F8610,KRDG,KHZL,99999900379,KXLL",631
82,"Hamburg, PA, United States",2022-07-31,29.9,17.4,23.3,30.0,17.4,23.4,17.3,71.4,1.41,100.0,8.33,rain,0,0,35.3,16.9,215.7,1021.3,27.5,15.6,218.3,18.9,10,10,2022-07-31T06:00:06,2022-07-31T20:20:02,0.04,"Rain, Partially cloudy",Partly cloudy throughout the day with late afternoon rain.,rain,"72517014737,PMN08,72510314712,F8610,KRDG,KHZL,99999900379,KXLL",631
83,"Hamburg, PA, United States",2022-08-01,26.6,18.6,21.9,26.6,18.6,21.9,19.0,84.4,6.74,100.0,37.5,rain,0,0,20.5,10.4,181.3,1015.0,78.2,11.0,144.0,12.2,7,10,2022-08-01T06:01:03,2022-08-01T20:18:57,0.07,"Rain, Partially cloudy",Partly cloudy throughout the day with rain clearing later.,rain,"72517014737,PMN08,72510314712,F8610,KRDG,KHZL,99999900379,KXLL",631
84,"Hamburg, PA, United States",2022-08-02,32.6,21.0,26.6,34.1,21.0,27.3,19.6,68.4,0.0,0.0,0.0,rain,0,0,35.3,21.3,232.3,1011.0,30.3,15.7,245.1,21.1,10,30,2022-08-02T06:01:59,2022-08-02T20:17:52,0.1,Partially cloudy,Partly cloudy throughout the day.,partly-cloudy-day,"72517014737,PMN08,72510314712,F8610,KRDG,KHZL,99999900379,KXLL",631
85,"Hamburg, PA, United States",2022-08-03,31.3,17.8,25.5,31.5,17.8,25.7,17.0,61.7,0.0,0.0,0.0,,0,0,29.5,14.5,191.1,1015.9,0.9,16.0,313.4,27.1,9,10,2022-08-03T06:02:56,2022-08-03T20:16:45,0.14,Clear,Clear conditions throughout the day.,clear-day,"72517014737,PMN08,72510314712,F8610,KRDG,KHZL,99999900379,KXLL",631
86,"Hamburg, PA, United States",2022-08-04,34.0,21.0,27.3,37.8,21.0,28.7,20.6,68.9,0.3,100.0,16.67,rain,0,0,37.1,22.8,170.7,1017.7,18.5,15.8,260.5,22.5,10,60,2022-08-04T06:03:54,2022-08-04T20:15:36,0.2,Rain,Clear conditions throughout the day with rain.,rain,"72517014737,PMN08,72510314712,F8610,KRDG,KHZL,99999900379,KXLL",631
87,"Hamburg, PA, United States",2022-08-05,32.1,21.9,26.3,35.0,21.9,27.4,21.1,74.4,1.72,100.0,37.5,rain,0,0,50.0,15.0,242.7,1020.9,19.0,15.5,258.9,22.1,8,60,2022-08-05T06:04:51,2022-08-05T20:14:26,0.25,Rain,Clear conditions throughout the day with rain.,rain,"72517014737,PMN08,72510314712,KRDG,KHZL,99999900379,KXLL",631
88,"Hamburg, PA, United States",2022-08-06,31.1,21.8,26.1,34.3,21.8,27.7,22.0,79.0,0.21,100.0,4.17,rain,0,0,23.0,15.8,215.7,1022.8,37.0,15.7,209.9,18.0,10,60,2022-08-06T06:05:49,2022-08-06T20:13:15,0.31,"Rain, Partially cloudy",Partly cloudy throughout the day with early morning rain.,rain,"72517014737,PMN08,72510314712,F8610,KRDG,KHZL,99999900379,KXLL",631
89,"Hamburg, PA, United States",2022-08-07,32.8,24.6,28.3,36.4,24.6,30.3,22.3,71.3,1.16,100.0,12.5,rain,0,0,34.1,23.3,210.4,1021.0,23.5,16.0,275.7,23.9,10,75,2022-08-07T06:06:47,2022-08-07T20:12:02,0.36,"Rain, Partially cloudy",Becoming cloudy in the afternoon with rain.,rain,"72517014737,PMN08,72510314712,F8610,KRDG,KHZL,99999900379,KXLL",631
90,"Hamburg, PA, United States",2022-08-08,34.3,24.4,29.1,37.8,24.4,31.7,22.8,70.6,0.04,100.0,8.33,rain,0,0,37.1,23.8,232.8,1016.3,29.3,15.6,264.5,22.9,9,60,2022-08-08T06:07:45,2022-08-08T20:10:48,0.41,"Rain, Partially cloudy",Partly cloudy throughout the day with rain in the morning and afternoon.,rain,"72517014737,PMN08,72510314712,KRDG,KHZL,99999900379,KXLL",631
91,"Hamburg, PA, United States",2022-08-09,34.8,25.2,28.6,39.3,25.2,31.1,22.8,72.1,3.84,100.0,12.5,rain,0,0,57.2,20.3,271.5,1014.2,37.8,16.0,176.8,15.2,8,60,2022-08-09T06:08:43,2022-08-09T20:09:33,0.45,"Rain, Partially cloudy",Becoming cloudy in the afternoon with rain.,rain,"72517014737,PMN08,72510314712,KRDG,KHZL,99999900379,KXLL",631
92,"Hamburg, PA, United States",2022-08-10,30.0,22.2,26.0,31.3,22.2,26.4,19.6,69.3,0.0,0.0,0.0,,0,0,24.1,14.1,187.9,1017.1,44.1,16.0,158.8,13.7,6,10,2022-08-10T06:09:41,2022-08-10T20:08:17,0.48,Partially cloudy,Partly cloudy throughout the day.,partly-cloudy-day,"72517014737,PMN08,72510314712,KRDG,KHZL,99999900379,KXLL",631
93,"Hamburg, PA, United States",2022-08-11,31.6,22.5,26.7,31.0,22.5,26.6,16.5,56.3,0.0,0.0,0.0,rain,0,0,41.8,15.7,267.2,1013.5,37.9,16.0,278.9,24.1,9,10,2022-08-11T06:10:39,2022-08-11T20:06:59,0.5,Partially cloudy,Partly cloudy throughout the day.,partly-cloudy-day,"72517014737,PMN08,72510314712,F8610,KRDG,KHZL,99999900379,KXLL",631
94,"Hamburg, PA, United States",2022-08-12,28.4,18.8,23.8,27.2,18.8,23.6,9.9,43.7,0.0,0.0,0.0,,0,0,40.0,21.6,206.0,1016.8,10.3,16.0,313.9,27.0,9,10,2022-08-12T06:11:38,2022-08-12T20:05:40,0.5,Clear,Clear conditions throughout the day.,clear-day,"72517014737,PMN08,72510314712,F8610,KRDG,KHZL,99999900379,KXLL",631
95,"Hamburg, PA, United States",2022-08-13,27.9,12.7,21.1,26.8,12.7,21.0,8.2,47.1,0.0,0.0,0.0,,0,0,31.3,17.3,243.3,1019.5,0.0,16.0,307.3,26.3,9,10,2022-08-13T06:12:36,2022-08-13T20:04:20,0.52,Clear,Clear conditions throughout the day.,clear-day,"72517014737,PMN08,72510314712,KRDG,PMN12,KHZL,99999900379,KXLL",631
96,"Hamburg, PA, United States",2022-08-14,29.3,15.7,22.5,28.1,15.7,22.2,11.3,53.1,0.0,0.0,0.0,,0,0,25.9,15.6,177.5,1017.3,9.4,15.8,310.8,26.8,10,10,2022-08-14T06:13:35,2022-08-14T20:02:59,0.54,Clear,Clear conditions throughout the day.,clear-day,"72517014737,PMN08,72510314712,F8610,KRDG,KHZL,99999900379,KXLL",631
97,"Hamburg, PA, United States",2022-08-15,28.4,17.5,22.8,28.0,17.5,22.7,14.4,61.2,0.0,0.0,0.0,rain,0,0,16.2,13.7,194.6,1015.6,39.1,15.8,167.7,14.4,10,10,2022-08-15T06:14:33,2022-08-15T20:01:37,0.58,Partially cloudy,Partly cloudy throughout the day.,partly-cloudy-day,"72517014737,PMN08,72510314712,F8610,KRDG,PMN12,KHZL,99999900379,KXLL",631
98,"Hamburg, PA, United States",2022-08-16,28.6,16.1,22.4,27.6,16.1,22.2,12.8,59.1,0.0,0.0,0.0,rain,0,0,29.5,17.1,107.8,1016.1,11.7,15.2,291.0,25.0,10,10,2022-08-16T06:15:32,2022-08-16T20:00:13,0.62,Clear,Clear conditions throughout the day.,clear-day,"72517014737,PMN08,72510314712,KRDG,PMN12,KHZL,99999900379,KXLL",631
99,"Hamburg, PA, United States",2022-08-17,26.7,15.9,21.6,26.5,15.9,21.6,13.2,61.8,0.0,0.0,0.0,rain,0,0,15.1,13.6,171.6,1016.2,34.7,15.9,211.0,18.0,8,10,2022-08-17T06:16:30,2022-08-17T19:58:49,0.67,Partially cloudy,Partly cloudy throughout the day.,partly-cloudy-day,"72517014737,PMN08,72510314712,KRDG,KHZL,99999900379,KXLL",631
100,"Hamburg, PA, United States",2022-08-18,30.1,15.1,22.5,28.9,15.1,22.2,13.2,60.3,0.36,100.0,8.33,rain,0,0,31.7,18.8,291.4,1014.3,16.9,15.4,288.0,24.9,10,30,2022-08-18T06:17:29,2022-08-18T19:57:24,0.72,Rain,Clear conditions throughout the day with afternoon rain.,rain,"72517014737,PMN08,72510314712,F8610,KRDG,KHZL,99999900379,KXLL",631
101,"Hamburg, PA, United States",2022-08-19,32.4,15.9,24.5,31.5,15.9,24.3,14.6,58.2,0.0,0.0,0.0,,0,0,32.5,16.5,219.0,1017.9,12.7,15.9,226.3,19.3,10,10,2022-08-19T06:18:28,2022-08-19T19:55:57,0.77,Clear,Clear conditions throughout the day.,clear-day,"72517014737,PMN08,72510314712,KRDG,KHZL,99999900379,KXLL",631
102,"Hamburg, PA, United States",2022-08-20,33.0,21.2,27.0,33.1,21.2,27.2,17.9,60.4,0.0,0.0,0.0,rain,0,0,35.3,19.0,186.4,1020.5,33.7,15.9,276.5,23.9,10,30,2022-08-20T06:19:26,2022-08-20T19:54:30,0.82,Partially cloudy,Partly cloudy throughout the day.,partly-cloudy-day,"72517014737,PMN08,72510314712,F8610,KRDG,KHZL,99999900379,KXLL",631
103,"Hamburg, PA, United States",2022-08-21,30.2,20.2,25.0,30.3,20.2,25.2,17.9,66.5,0.04,100.0,8.33,rain,0,0,35.3,20.2,141.5,1018.7,45.2,16.0,138.6,12.0,7,30,2022-08-21T06:20:25,2022-08-21T19:53:02,0.86,"Rain, Partially cloudy",Partly cloudy throughout the day with late afternoon rain.,rain,"72517014737,PMN08,72510314712,F8610,KRDG,KHZL,99999900379,KXLL",631
104,"Hamburg, PA, United States",2022-08-22,29.2,20.4,23.9,31.2,20.4,24.2,20.4,81.8,17.97,100.0,70.83,rain,0,0,60.8,15.1,155.8,1012.6,82.1,15.5,158.1,13.6,10,75,2022-08-22T06:21:23,2022-08-22T19:51:33,0.9,"Rain, Partially cloudy",Partly cloudy throughout the day with a chance of rain throughout the day.,rain,"72517014737,PMN08,72510314712,F8610,KRDG,KHZL,99999900379,KXLL",631
105,"Hamburg, PA, United States",2022-08-23,29.8,19.2,23.0,30.3,19.2,23.2,18.7,78.9,0.4,100.0,20.83,rain,0,0,29.5,19.1,219.5,1011.1,70.1,11.1,188.9,16.4,10,30,2022-08-23T06:22:22,2022-08-23T19:50:03,0.94,"Rain, Partially cloudy",Partly cloudy throughout the day with rain.,rain,"72517014737,PMN08,72510314712,F8610,KRDG,KHZL,99999900379,KXLL",631
106,"Hamburg, PA, United States",2022-08-24,30.5,18.4,24.2,30.0,18.4,24.1,16.1,65.2,0.0,0.0,0.0,,0,0,17.6,18.0,277.8,1015.6,17.5,15.5,248.8,21.4,9,10,2022-08-24T06:23:20,2022-08-24T19:48:32,0.97,Clear,Clear conditions throughout the day.,clear-day,"72517014737,PMN08,72510314712,KRDG,KHZL,99999900379,KXLL",631
107,"Hamburg, PA, United States",2022-08-25,32.5,16.7,24.8,31.7,16.7,24.6,15.6,60.7,0.0,0.0,0.0,,0,0,25.9,12.6,266.8,1017.5,8.9,15.6,260.0,22.5,9,10,2022-08-25T06:24:19,2022-08-25T19:47:01,0.99,Clear,Clear conditions throughout the day.,clear-day,"72517014737,PMN08,72510314712,F8610,KRDG,KHZL,99999900379,KXLL",631
108,"Hamburg, PA, United States",2022-08-26,32.4,21.2,26.6,32.8,21.2,27.0,18.4,63.6,0.0,0.0,0.0,rain,0,0,33.5,21.6,175.5,1014.0,38.2,15.3,249.9,21.7,9,75,2022-08-26T06:25:17,2022-08-26T19:45:29,1.0,Partially cloudy,Partly cloudy throughout the day.,partly-cloudy-day,"72517014737,PMN08,72510314712,F8610,KRDG,KHZL,99999900379,KXLL",631
109,"Hamburg, PA, United States",2022-08-27,30.3,20.7,25.4,30.5,20.7,25.5,17.6,63.6,0.0,0.0,0.0,,0,0,26.6,12.3,244.2,1016.3,30.4,15.9,202.6,17.5,9,30,2022-08-27T06:26:15,2022-08-27T19:43:56,0.0,Partially cloudy,Becoming cloudy in the afternoon.,partly-cloudy-day,"72517014737,PMN08,72510314712,F8610,KRDG,KHZL,99999900379,KXLL",631
110,"Hamburg, PA, United States",2022-08-28,30.7,20.2,25.3,32.3,20.2,26.0,19.1,69.9,0.0,0.0,0.0,rain,0,0,32.4,15.3,116.9,1019.7,59.9,16.0,186.7,16.0,10,60,2022-08-28T06:27:14,2022-08-28T19:42:22,0.01,Partially cloudy,Partly cloudy throughout the day.,partly-cloudy-day,"72517014737,PMN08,72510314712,F8610,KRDG,KHZL,99999900379,KXLL",631
111,"Hamburg, PA, United States",2022-08-29,32.6,23.3,27.0,34.4,23.3,27.8,20.7,70.6,0.0,0.0,0.0,rain,0,0,31.0,17.0,166.3,1019.0,57.8,16.0,200.5,17.3,9,60,2022-08-29T06:28:12,2022-08-29T19:40:48,0.02,Partially cloudy,Partly cloudy throughout the day.,partly-cloudy-day,"72517014737,PMN08,72510314712,F8610,KRDG,PMN12,KHZL,99999900379,KXLL",631
112,"Hamburg, PA, United States",2022-08-30,33.4,22.5,26.5,36.4,22.5,27.4,21.4,76.1,4.22,100.0,20.83,rain,0,0,53.0,28.4,208.2,1011.9,69.4,15.5,154.2,13.3,8,75,2022-08-30T06:29:10,2022-08-30T19:39:13,0.05,"Rain, Partially cloudy",Partly cloudy throughout the day with rain.,rain,"72517014737,PMN08,72510314712,F8610,KRDG,PMN12,KHZL,99999900379,KXLL",631
113,"Hamburg, PA, United States",2022-08-31,28.1,18.7,23.5,27.5,18.7,23.3,15.1,64.1,0.0,0.0,0.0,rain,0,0,37.1,23.2,281.8,1011.0,20.2,15.2,210.3,18.4,8,10,2022-08-31T06:30:08,2022-08-31T19:37:38,0.09,Partially cloudy,Becoming cloudy in the afternoon.,partly-cloudy-day,"72517014737,PMN08,72510314712,F8610,KRDG,KHZL,99999900379,KXLL",631
114,"Hamburg, PA, United States",2022-09-01,30.1,17.5,23.5,29.0,17.5,23.2,11.5,50.4,0.0,0.0,0.0,,0,0,38.9,22.0,255.7,1014.9,1.3,16.0,273.5,23.6,9,10,2022-09-01T06:31:06,2022-09-01T19:36:02,0.13,Clear,Clear conditions throughout the day.,clear-day,"72517014737,PMN08,72510314712,F8610,KRDG,KHZL,99999900379,KXLL",631
115,"Hamburg, PA, United States",2022-09-02,27.7,13.5,20.8,27.0,13.5,20.7,10.8,56.0,0.0,0.0,0.0,,0,0,25.9,10.1,117.5,1023.2,0.0,16.0,273.5,23.7,9,10,2022-09-02T06:32:04,2022-09-02T19:34:25,0.18,Clear,Clear conditions throughout the day.,clear-day,"72517014737,PMN08,72510314712,F8610,KRDG,KHZL,99999900379,KXLL",631
116,"Hamburg, PA, United States",2022-09-03,30.0,16.9,23.1,30.7,16.9,23.3,16.7,69.4,0.0,0.0,0.0,rain,0,0,25.9,13.3,159.9,1024.0,33.7,16.0,181.9,15.7,9,10,2022-09-03T06:33:02,2022-09-03T19:32:48,0.24,Partially cloudy,Partly cloudy throughout the day.,partly-cloudy-day,"72517014737,PMN08,72510314712,F8610,KRDG,KHZL,99999900379,KXLL",631
117,"Hamburg, PA, United States",2022-09-04,31.6,19.7,25.9,32.4,19.7,26.4,18.6,66.0,0.02,100.0,4.17,rain,0,0,20.9,14.2,206.8,1019.9,30.2,16.0,192.5,16.7,9,30,2022-09-04T06:34:00,2022-09-04T19:31:11,0.29,"Rain, Partially cloudy",Partly cloudy throughout the day with late afternoon rain.,rain,"72517014737,PMN08,72510314712,F8610,KRDG,KHZL,99999900379,KXLL",631
118,"Hamburg, PA, United States",2022-09-05,28.3,21.3,23.5,29.8,21.3,23.7,19.9,81.2,10.87,100.0,66.67,rain,0,0,29.5,11.5,113.1,1018.3,61.3,13.6,35.0,3.0,2,10,2022-09-05T06:34:58,2022-09-05T19:29:33,0.35,"Rain, Partially cloudy",Partly cloudy throughout the day with rain.,rain,"72517014737,PMN08,72510314712,F8610,KRDG,PMN12,KHZL,99999900379,KXLL",631
119,"Hamburg, PA, United States",2022-09-06,23.3,21.1,21.9,23.3,21.1,21.9,20.5,91.9,41.79,100.0,79.17,rain,0,0,33.1,14.2,85.3,1015.2,99.3,10.4,118.3,10.3,10,30,2022-09-06T06:35:56,2022-09-06T19:27:55,0.4,"Rain, Overcast",Cloudy skies throughout the day with a chance of rain throughout the day.,rain,"72517014737,PMN08,72510314712,F8610,KRDG,KHZL,99999900379,KXLL",631
120,"Hamburg, PA, United States",2022-09-07,20.6,18.5,19.9,20.6,18.5,19.9,17.9,88.1,1.95,100.0,66.67,rain,0,0,34.2,12.0,55.9,1015.8,98.7,14.1,44.6,3.9,3,10,2022-09-07T06:36:54,2022-09-07T19:26:16,0.44,"Rain, Overcast",Cloudy skies throughout the day with a chance of rain throughout the day.,rain,"72517014737,PMN08,72510314712,F8610,KRDG,KHZL,99999900379,KXLL",631
121,"Hamburg, PA, United States",2022-09-08,26.4,16.4,21.3,26.4,16.4,21.3,15.7,72.8,0.0,0.0,0.0,rain,0,0,29.5,15.2,135.5,1013.9,51.5,15.7,194.5,16.6,8,10,2022-09-08T06:37:52,2022-09-08T19:24:37,0.47,Partially cloudy,Becoming cloudy in the afternoon.,partly-cloudy-day,"72517014737,PMN08,72510314712,F8610,KRDG,KHZL,99999900379,KXLL",631
122,"Hamburg, PA, United States",2022-09-09,27.8,14.2,21.1,27.5,14.2,21.1,14.3,68.8,0.0,0.0,0.0,,0,0,16.6,11.7,69.2,1017.9,4.1,15.6,240.4,20.9,9,10,2022-09-09T06:38:50,2022-09-09T19:22:57,0.49,Clear,Clear conditions throughout the day.,clear-day,"72517014737,PMN08,72510314712,F8610,KRDG,KHZL,99999900379,KXLL",631
123,"Hamburg, PA, United States",2022-09-10,26.8,13.7,20.8,27.0,13.7,20.8,14.6,70.2,0.0,0.0,0.0,,0,0,25.9,11.7,151.7,1023.5,4.9,14.9,211.3,18.1,8,10,2022-09-10T06:39:48,2022-09-10T19:21:18,0.5,Clear,Clear conditions throughout the day.,clear-day,"72517014737,PMN08,72510314712,F8610,KRDG,KHZL,99999900379,KXLL",631
124,"Hamburg, PA, United States",2022-09-11,21.2,19.1,20.0,21.2,19.1,20.0,18.3,90.1,16.61,100.0,75.0,rain,0,0,22.7,9.1,72.3,1019.7,92.3,9.3,28.5,2.4,1,10,2022-09-11T06:40:46,2022-09-11T19:19:38,0.51,"Rain, Overcast",Cloudy skies throughout the day with a chance of rain throughout the day.,rain,"72517014737,PMN08,72510314712,F8610,KRDG,KHZL,99999900379,KXLL",631
125,"Hamburg, PA, United States",2022-09-12,27.2,19.0,22.1,29.2,19.0,22.2,20.2,89.4,4.66,100.0,37.5,rain,0,0,16.9,7.6,122.0,1011.1,91.8,9.5,118.0,10.2,6,30,2022-09-12T06:41:44,2022-09-12T19:17:57,0.53,"Rain, Overcast",Cloudy skies throughout the day with rain.,rain,"72517014737,PMN08,72510314712,F8610,KRDG,KHZL,99999900379,KXLL",631
126,"Hamburg, PA, United States",2022-09-13,26.3,18.3,22.5,26.3,18.3,22.5,16.3,71.4,2.27,100.0,4.17,rain,0,0,35.3,20.6,244.3,1008.8,53.2,14.0,209.2,18.2,9,60,2022-09-13T06:42:42,2022-09-13T19:16:17,0.56,"Rain, Partially cloudy",Partly cloudy throughout the day with early morning rain.,rain,"72517014737,PMN08,72510314712,F8610,KRDG,KHZL,99999900379,KXLL",631
127,"Hamburg, PA, United States",2022-09-14,25.3,13.6,19.8,25.3,13.6,19.8,13.8,69.6,0.0,0.0,0.0,,0,0,27.7,19.3,285.4,1015.7,9.3,16.0,216.1,18.6,9,10,2022-09-14T06:43:40,2022-09-14T19:14:36,0.6,Clear,Clear conditions throughout the day.,clear-day,"72517014737,PMN08,72510314712,KRDG,KHZL,99999900379,KXLL",631
128,"Hamburg, PA, United States",2022-09-15,22.8,14.7,18.6,22.8,14.7,18.6,10.8,63.5,0.0,0.0,0.0,,0,0,33.5,17.9,305.9,1021.7,8.1,15.8,232.8,20.0,8,10,2022-09-15T06:44:39,2022-09-15T19:12:56,0.64,Clear,Clear conditions throughout the day.,clear-day,"72517014737,PMN08,72510314712,F8610,KRDG,PMN12,KHZL,99999900379,KXLL",631
129,"Hamburg, PA, United States",2022-09-16,25.1,9.9,17.0,25.1,9.9,17.0,10.8,69.9,0.0,0.0,0.0,,0,0,15.1,10.4,258.8,1022.9,0.0,15.6,219.4,18.9,8,10,2022-09-16T06:45:37,2022-09-16T19:11:15,0.69,Clear,Clear conditions throughout the day.,clear-day,"72517014737,PMN08,72510314712,KRDG,PMN12,KHZL,99999900379,KXLL",631
130,"Hamburg, PA, United States",2022-09-17,26.6,13.6,19.9,26.6,13.6,19.9,14.3,71.7,0.0,0.0,0.0,,0,0,17.3,14.8,125.6,1023.5,10.0,15.8,232.5,20.1,8,10,2022-09-17T06:46:35,2022-09-17T19:09:34,0.74,Clear,Clear conditions throughout the day.,clear-day,"72517014737,PMN08,72510314712,KRDG,PMN12,KHZL,99999900379,KXLL",631
131,"Hamburg, PA, United States",2022-09-18,28.0,15.2,21.8,28.9,15.2,21.9,16.2,72.3,0.0,0.0,0.0,rain,0,0,23.0,15.5,181.7,1018.7,16.0,15.5,167.2,14.4,8,10,2022-09-18T06:47:33,2022-09-18T19:07:53,0.78,Clear,Clear conditions throughout the day.,clear-day,"72517014737,PMN08,72510314712,KRDG,PMN12,KHZL,99999900379,KXLL",631
132,"Hamburg, PA, United States",2022-09-19,28.5,17.5,21.6,29.0,17.5,21.7,17.7,79.5,2.59,100.0,12.5,rain,0,0,60.8,20.3,262.2,1014.1,38.6,14.8,131.1,11.5,8,30,2022-09-19T06:48:32,2022-09-19T19:06:12,0.83,"Rain, Partially cloudy",Becoming cloudy in the afternoon with afternoon rain.,rain,"72517014737,PMN08,72510314712,F8610,KRDG,KHZL,99999900379,KXLL",631
133,"Hamburg, PA, United States",2022-09-20,25.8,17.5,21.3,25.8,17.5,21.3,15.0,69.6,0.0,0.0,0.0,rain,0,0,40.7,21.1,257.2,1013.6,27.7,14.9,194.0,16.6,8,10,2022-09-20T06:49:30,2022-09-20T19:04:30,0.87,Partially cloudy,Becoming cloudy in the afternoon.,partly-cloudy-day,"72517014737,PMN08,72510314712,KRDG,PMN12,KHZL,99999900379,KXLL",631
134,"Hamburg, PA, United States",2022-09-21,27.8,13.4,20.8,27.7,13.4,20.8,14.4,70.2,0.0,0.0,0.0,,0,0,25.9,16.1,224.5,1013.7,0.0,14.7,216.0,18.6,7,10,2022-09-21T06:50:29,2022-09-21T19:02:49,0.91,Clear,Clear conditions throughout the day.,clear-day,"72517014737,PMN08,72510314712,F8610,KRDG,KHZL,99999900379,KXLL",631
135,"Hamburg, PA, United States",2022-09-22,22.2,13.5,18.9,22.2,13.5,18.9,13.8,73.0,3.18,100.0,45.83,rain,0,0,56.1,30.2,277.1,1006.3,46.7,14.9,94.5,8.2,6,10,2022-09-22T06:51:28,2022-09-22T19:01:08,0.95,"Rain, Partially cloudy",Partly cloudy throughout the day with rain in the morning and afternoon.,rain,"72517014737,PMN08,72510314712,F8610,KRDG,PMN12,KHZL,99999900379,KXLL",631
136,"Hamburg, PA, United States",2022-09-23,17.5,10.2,13.1,17.5,10.2,13.1,2.8,50.9,0.02,100.0,4.17,rain,0,0,51.3,33.4,329.9,1015.8,20.6,16.0,205.6,17.6,8,10,2022-09-23T06:52:27,2022-09-23T18:59:27,0.97,"Rain, Partially cloudy",Partly cloudy throughout the day with morning rain.,rain,"72517014737,PMN08,72510314712,F8610,KRDG,KHZL,99999900379,KXLL",631
137,"Hamburg, PA, United States",2022-09-24,20.5,6.8,13.0,20.5,5.9,12.7,5.5,62.3,0.0,0.0,0.0,,0,0,21.2,14.5,280.6,1017.2,3.4,16.0,189.1,16.5,8,10,2022-09-24T06:53:26,2022-09-24T18:57:46,0.99,Clear,Clear conditions throughout the day.,clear-day,"72517014737,PMN08,72510314712,F8610,KRDG,PMN12,KHZL,99999900379,KXLL",631
138,"Hamburg, PA, United States",2022-09-25,19.0,12.7,15.5,19.0,12.7,15.5,12.8,84.4,18.2,100.0,41.67,rain,0,0,33.5,21.1,164.7,1007.4,75.3,14.5,58.3,5.1,2,10,2022-09-25T06:54:25,2022-09-25T18:56:06,1.0,"Rain, Partially cloudy",Partly cloudy throughout the day with rain.,rain,"72517014737,PMN08,72510314712,F8610,KRDG,KHZL,99999900379,KXLL",631
139,"Hamburg, PA, United States",2022-09-26,22.1,11.7,16.7,22.1,11.7,16.7,10.8,71.4,0.04,100.0,8.33,rain,0,0,39.6,25.0,237.5,1006.2,28.2,13.1,177.5,15.5,7,30,2022-09-26T06:55:24,2022-09-26T18:54:25,0.0,"Rain, Partially cloudy",Becoming cloudy in the afternoon with early morning rain.,rain,"72517014737,PMN08,72510314712,F8610,KRDG,KHZL,99999900379,KXLL",631
140,"Hamburg, PA, United States",2022-09-27,19.6,10.4,14.6,19.6,10.4,14.6,7.6,64.5,0.24,100.0,16.67,rain,0,0,34.0,18.3,270.3,1012.0,39.3,16.0,122.6,10.6,8,10,2022-09-27T06:56:24,2022-09-27T18:52:45,0.01,"Rain, Partially cloudy",Becoming cloudy in the afternoon with late afternoon rain.,rain,"72517014737,PMN08,72510314712,F8610,KRDG,KHZL,99999900379,KXLL",631
141,"Hamburg, PA, United States",2022-09-28,19.7,8.0,14.1,19.7,8.0,14.0,8.5,70.1,0.1,100.0,8.33,rain,0,0,42.5,16.1,288.5,1020.9,55.0,15.9,172.1,14.8,9,10,2022-09-28T06:57:24,2022-09-28T18:51:05,0.04,"Rain, Partially cloudy",Partly cloudy throughout the day with late afternoon rain.,rain,"72517014737,PMN08,72510314712,F8610,KRDG,KHZL,99999900379,KXLL",631
142,"Hamburg, PA, United States",2022-09-29,18.1,9.1,13.5,18.1,8.6,13.4,7.4,68.3,0.0,0.0,0.0,,0,0,47.9,20.7,177.2,1028.1,14.5,16.0,203.2,17.5,9,10,2022-09-29T06:58:24,2022-09-29T18:49:25,0.07,Clear,Clear conditions throughout the day.,clear-day,"72517014737,PMN08,72510314712,F8610,KRDG,KHZL,99999900379,KXLL",631
143,"Hamburg, PA, United States",2022-09-30,16.4,8.1,12.1,16.4,6.8,11.7,6.6,70.0,0.0,42.9,0.0,rain,0,0,30.6,14.8,46.9,1025.0,31.8,19.6,107.9,9.4,4,10,2022-09-30T06:59:24,2022-09-30T18:47:45,0.12,Partially cloudy,Becoming cloudy in the afternoon.,partly-cloudy-day,"PMN08,F8610,KRDG,PMN12,KHZL,KXLL",631
