,name,datetime,tempmax,tempmin,temp,feelslikemax,feelslikemin,feelslike,dew,humidity,precip,precipprob,precipcover,preciptype,snow,snowdepth,windgust,windspeed,winddir,sealevelpressure,cloudcover,visibility,solarradiation,solarenergy,uvindex,severerisk,sunrise,sunset,moonphase,conditions,description,icon,stations,skey
0,"Hatfield, PA, United States",2022-05-10,23.2,9.5,16.3,23.2,8.0,16.2,-4.1,25.0,0.0,0.0,0.0,,0,0,38.8,23.9,57.1,1026.2,18.0,16.0,291.2,24.9,8,10,2022-05-10T05:50:12,2022-05-10T20:05:38,0.32,Clear,Clear conditions throughout the day.,clear-day,"72510954782,72511354786,72032464753,C1648,KLOM,AP069,KDYL",693
1,"Hatfield, PA, United States",2022-05-11,22.4,8.9,16.0,22.4,8.7,16.0,5.2,50.2,0.0,0.0,0.0,,0,0,45.4,22.1,36.4,1024.7,35.0,16.0,215.5,18.5,7,10,2022-05-11T05:49:10,2022-05-11T20:06:37,0.37,Partially cloudy,Partly cloudy throughout the day.,partly-cloudy-day,"72510954782,72511354786,72032464753,C1648,KLOM,AP069,KDYL",693
2,"Hatfield, PA, United States",2022-05-12,24.4,10.6,17.9,24.4,10.6,17.9,13.1,74.7,0.0,0.0,0.0,,0,0,30.2,13.4,51.4,1024.8,43.1,16.0,178.7,15.5,6,10,2022-05-12T05:48:09,2022-05-12T20:07:35,0.41,Partially cloudy,Partly cloudy throughout the day.,partly-cloudy-day,"72510954782,72511354786,72032464753,C1648,KPTW,KLOM,AP069,KDYL",693
3,"Hatfield, PA, United States",2022-05-13,22.3,15.3,18.1,22.3,15.3,18.1,16.7,92.2,4.21,100.0,29.17,rain,0,0,31.7,10.1,57.5,1023.6,98.2,11.9,125.6,10.8,5,30,2022-05-13T05:47:09,2022-05-13T20:08:33,0.45,"Rain, Overcast",Cloudy skies throughout the day with rain.,rain,"72510954782,72511354786,72032464753,KPTW,C1648,KLOM,AP069,KDYL",693
4,"Hatfield, PA, United States",2022-05-14,20.4,17.2,18.5,20.4,17.2,18.5,17.8,95.4,6.37,100.0,58.33,rain,0,0,19.8,6.0,61.5,1017.8,92.6,9.5,66.0,5.9,3,10,2022-05-14T05:46:11,2022-05-14T20:09:31,0.48,"Rain, Overcast",Cloudy skies throughout the day with rain.,rain,"72510954782,72511354786,72032464753,KPTW,C1648,KLOM,AP069,KDYL",693
5,"Hatfield, PA, United States",2022-05-15,24.8,16.5,20.6,24.8,16.5,20.6,17.2,81.9,0.07,100.0,4.17,rain,0,0,21.2,13.6,189.8,1011.7,72.3,13.6,181.5,15.6,7,30,2022-05-15T05:45:15,2022-05-15T20:10:28,0.5,"Rain, Partially cloudy",Partly cloudy throughout the day with morning rain.,rain,"72510954782,72511354786,72032464753,KPTW,C1648,KLOM,AP069,KDYL",693
6,"Hatfield, PA, United States",2022-05-16,23.7,16.1,19.5,23.7,16.1,19.5,16.6,84.1,5.56,100.0,16.67,rain,0,0,36.5,17.2,203.5,1005.6,57.8,14.3,119.0,10.3,5,60,2022-05-16T05:44:20,2022-05-16T20:11:25,0.5,"Rain, Partially cloudy",Partly cloudy throughout the day with rain.,rain,"72510954782,72511354786,72032464753,KPTW,C1648,KLOM,AP069,KDYL",693
7,"Hatfield, PA, United States",2022-05-17,25.1,9.8,18.0,25.1,9.8,18.0,7.1,54.3,0.0,0.0,0.0,rain,0,0,53.0,26.3,248.5,1009.0,9.6,16.0,279.7,24.1,10,10,2022-05-17T05:43:27,2022-05-17T20:12:21,0.52,Clear,Clear conditions throughout the day.,clear-day,"72510954782,72511354786,72032464753,KPTW,C1648,KLOM,AP069,KDYL",693
8,"Hatfield, PA, United States",2022-05-18,21.3,9.4,15.9,21.3,9.4,15.9,5.6,51.9,0.0,0.0,0.0,,0,0,31.7,16.0,274.0,1014.6,15.5,16.0,267.5,23.0,9,10,2022-05-18T05:42:35,2022-05-18T20:13:17,0.54,Clear,Clear conditions throughout the day.,clear-day,"72510954782,72511354786,72032464753,KPTW,C1648,KLOM,AP069,KDYL",693
9,"Hatfield, PA, United States",2022-05-19,24.8,12.2,16.7,24.8,12.2,16.7,13.1,81.4,20.37,100.0,29.17,rain,0,0,37.8,13.3,167.8,1008.1,72.3,13.7,143.0,12.2,7,30,2022-05-19T05:41:45,2022-05-19T20:14:12,0.58,"Rain, Partially cloudy",Partly cloudy throughout the day with rain clearing later.,rain,"72510954782,72511354786,72032464753,KPTW,C1648,KLOM,AP069,KDYL",693
10,"Hatfield, PA, United States",2022-05-20,27.4,12.4,18.7,28.4,12.4,18.7,16.1,86.2,12.09,100.0,33.33,rain,0,0,73.8,14.5,78.2,1012.1,39.1,13.3,145.5,12.6,8,30,2022-05-20T05:40:57,2022-05-20T20:15:06,0.63,"Rain, Partially cloudy",Partly cloudy throughout the day with rain.,rain,"72510954782,72511354786,72032464753,KPTW,C1648,KLOM,AP069,KDYL",693
11,"Hatfield, PA, United States",2022-05-21,33.2,17.7,25.2,34.4,17.7,25.9,18.8,72.1,0.0,0.0,0.0,rain,0,0,29.2,13.4,168.5,1015.6,30.3,10.0,263.8,22.8,8,100,2022-05-21T05:40:10,2022-05-21T20:16:00,0.68,Partially cloudy,Partly cloudy throughout the day.,partly-cloudy-day,"72510954782,72511354786,72032464753,KPTW,C1648,KLOM,AP069,KDYL",693
12,"Hatfield, PA, United States",2022-05-22,31.6,21.0,25.0,33.6,21.0,25.6,19.7,73.4,6.3,100.0,16.67,rain,0,0,55.0,22.5,224.3,1016.2,19.1,15.8,203.1,17.5,8,60,2022-05-22T05:39:26,2022-05-22T20:16:53,0.74,Rain,Clear conditions throughout the day with rain.,rain,"72510954782,72511354786,72032464753,KPTW,C1648,KLOM,AP069,KDYL",693
13,"Hatfield, PA, United States",2022-05-23,23.0,13.4,18.8,23.0,13.4,18.8,9.3,55.2,0.15,100.0,8.33,rain,0,0,37.1,18.8,332.3,1021.7,32.4,16.0,259.0,22.5,8,10,2022-05-23T05:38:43,2022-05-23T20:17:45,0.79,"Rain, Partially cloudy",Partly cloudy throughout the day with early morning rain.,rain,"72510954782,72511354786,72032464753,KPTW,C1648,KLOM,AP069,KDYL",693
14,"Hatfield, PA, United States",2022-05-24,19.3,13.7,17.1,19.3,13.7,17.1,9.3,61.2,0.0,0.0,0.0,rain,0,0,29.5,13.0,69.5,1024.5,84.4,16.0,156.2,13.6,5,10,2022-05-24T05:38:02,2022-05-24T20:18:36,0.85,Partially cloudy,Partly cloudy throughout the day.,partly-cloudy-day,"72510954782,72511354786,72032464753,KPTW,C1648,KLOM,AP069,KDYL",693
15,"Hatfield, PA, United States",2022-05-25,22.3,9.5,16.0,22.3,9.5,16.0,8.4,62.9,0.0,0.0,0.0,,0,0,29.5,15.1,69.9,1027.5,39.8,16.0,261.3,22.5,8,10,2022-05-25T05:37:22,2022-05-25T20:19:27,0.89,Partially cloudy,Partly cloudy throughout the day.,partly-cloudy-day,"72510954782,72511354786,72032464753,KPTW,C1648,KLOM,AP069,KDYL",693
16,"Hatfield, PA, United States",2022-05-26,21.6,11.2,16.8,21.6,11.2,16.8,11.5,71.5,0.06,100.0,4.17,rain,0,0,28.8,13.8,112.9,1023.9,93.1,15.4,155.1,13.4,6,10,2022-05-26T05:36:45,2022-05-26T20:20:16,0.93,"Rain, Overcast",Cloudy skies throughout the day with late afternoon rain.,rain,"72510954782,72511354786,72032464753,KPTW,C1648,KLOM,AP069,KDYL",693
17,"Hatfield, PA, United States",2022-05-27,23.4,17.9,19.6,23.4,17.9,19.6,18.3,92.4,2.97,100.0,20.83,rain,0,0,37.8,14.9,152.4,1012.8,88.9,11.5,73.6,6.3,2,30,2022-05-27T05:36:09,2022-05-27T20:21:05,0.96,"Rain, Partially cloudy",Partly cloudy throughout the day with rain.,rain,"72510954782,72511354786,72032464753,KPTW,C1648,KLOM,AP069,KDYL",693
18,"Hatfield, PA, United States",2022-05-28,23.6,18.0,20.3,23.6,18.0,20.3,16.7,81.0,10.37,100.0,58.33,rain,0,0,31.7,17.4,218.9,1008.2,77.2,15.3,205.0,17.7,7,30,2022-05-28T05:35:35,2022-05-28T20:21:53,0.99,"Rain, Partially cloudy",Partly cloudy throughout the day with a chance of rain throughout the day.,rain,"72510954782,72511354786,72032464753,KPTW,C1648,KLOM,AP069,KDYL",693
19,"Hatfield, PA, United States",2022-05-29,26.1,13.1,20.4,26.1,13.1,20.4,13.0,65.5,0.0,0.0,0.0,rain,0,0,20.5,10.0,132.3,1017.1,29.0,16.0,289.7,25.1,9,10,2022-05-29T05:35:04,2022-05-29T20:22:40,1.0,Partially cloudy,Partly cloudy throughout the day.,partly-cloudy-day,"72510954782,72511354786,72032464753,KPTW,C1648,KLOM,AP069,KDYL",693
20,"Hatfield, PA, United States",2022-05-30,30.8,14.1,23.3,31.2,14.1,23.6,16.2,67.6,0.0,0.0,0.0,,0,0,23.4,11.9,153.8,1018.8,5.1,15.7,276.8,23.9,9,60,2022-05-30T05:34:34,2022-05-30T20:23:25,0.0,Clear,Clear conditions throughout the day.,clear-day,"72510954782,72511354786,72032464753,KPTW,C1648,KLOM,AP069,KDYL",693
21,"Hatfield, PA, United States",2022-05-31,33.7,19.5,27.3,33.3,19.5,27.4,17.2,58.0,0.0,0.0,0.0,,0,0,31.3,15.3,232.1,1015.4,4.3,16.0,297.9,25.7,8,60,2022-05-31T05:34:05,2022-05-31T20:24:10,0.0,Clear,Clear conditions throughout the day.,clear-day,"72510954782,72511354786,72032464753,KPTW,C1648,KLOM,AP069,KDYL",693
22,"Hatfield, PA, United States",2022-06-01,27.2,16.5,22.1,28.4,16.5,22.2,17.2,74.7,0.56,100.0,4.17,rain,0,0,31.7,10.4,104.2,1012.6,26.7,15.3,277.5,23.9,8,30,2022-06-01T05:33:39,2022-06-01T20:24:53,0.02,"Rain, Partially cloudy",Partly cloudy throughout the day with late afternoon rain.,rain,"72510954782,72511354786,72032464753,KPTW,C1648,KLOM,KDYL",693
23,"Hatfield, PA, United States",2022-06-02,27.1,16.2,20.7,28.3,16.2,20.7,18.0,85.7,12.54,100.0,37.5,rain,0,0,40.7,12.4,161.3,1007.9,74.1,13.8,193.3,16.8,8,30,2022-06-02T05:33:15,2022-06-02T20:25:36,0.04,"Rain, Partially cloudy",Partly cloudy throughout the day with a chance of rain throughout the day.,rain,"72510954782,72511354786,72032464753,KPTW,C1648,KLOM,KDYL",693
24,"Hatfield, PA, United States",2022-06-03,25.3,16.0,21.2,25.3,16.0,21.2,14.5,69.4,0.0,0.0,0.0,rain,0,0,29.5,14.6,157.1,1008.2,36.9,13.9,273.6,23.6,9,10,2022-06-03T05:32:53,2022-06-03T20:26:17,0.07,Partially cloudy,Clearing in the afternoon.,partly-cloudy-day,"72510954782,72511354786,72032464753,KPTW,C1648,KLOM,KDYL",693
25,"Hatfield, PA, United States",2022-06-04,27.7,11.4,20.3,26.6,11.4,20.1,8.9,54.4,0.0,0.0,0.0,,0,0,33.4,15.2,159.9,1011.8,0.7,16.0,317.2,27.6,9,10,2022-06-04T05:32:32,2022-06-04T20:26:57,0.11,Clear,Clear conditions throughout the day.,clear-day,"72510954782,72511354786,72032464753,KPTW,C1648,KLOM,KDYL",693
26,"Hatfield, PA, United States",2022-06-05,24.7,10.1,18.6,24.7,10.1,18.6,5.8,46.0,0.0,0.0,0.0,,0,0,26.3,11.6,54.5,1015.4,0.3,16.0,309.4,26.7,8,10,2022-06-05T05:32:14,2022-06-05T20:27:35,0.14,Clear,Clear conditions throughout the day.,clear-day,"72510954782,72511354786,72032464753,KPTW,C1648,KLOM,KDYL",693
27,"Hatfield, PA, United States",2022-06-06,26.4,10.1,19.5,26.4,10.1,19.5,7.7,51.0,0.0,0.0,0.0,,0,0,33.8,13.8,121.9,1017.2,0.0,16.0,309.9,26.7,9,10,2022-06-06T05:31:58,2022-06-06T20:28:13,0.19,Clear,Clear conditions throughout the day.,clear-day,"72510954782,72511354786,72032464753,KPTW,C1648,KLOM,KDYL",693
28,"Hatfield, PA, United States",2022-06-07,24.9,13.1,20.0,24.9,13.1,20.0,13.8,68.2,2.83,100.0,16.67,rain,0,0,35.9,17.9,163.7,1015.7,50.5,15.7,187.9,16.2,9,10,2022-06-07T05:31:43,2022-06-07T20:28:48,0.24,"Rain, Partially cloudy",Partly cloudy throughout the day with late afternoon rain.,rain,"72510954782,72511354786,72032464753,KPTW,C1648,KLOM,KDYL",693
29,"Hatfield, PA, United States",2022-06-08,27.9,19.0,23.2,27.3,19.0,23.1,15.6,66.6,0.06,100.0,4.17,rain,0,0,40.3,13.8,214.5,1011.6,54.5,15.8,215.1,18.7,9,30,2022-06-08T05:31:30,2022-06-08T20:29:23,0.29,"Rain, Partially cloudy",Partly cloudy throughout the day with early morning rain.,rain,"72510954782,C1708,72511354786,72032464753,KPTW,C1648,KLOM,KDYL",693
30,"Hatfield, PA, United States",2022-06-09,25.6,18.3,22.5,25.6,18.3,22.5,15.7,68.4,13.99,100.0,70.83,rain,0,0,45.7,27.8,229.5,1005.3,62.2,15.2,239.8,20.9,8,30,2022-06-09T05:31:20,2022-06-09T20:29:56,0.35,"Rain, Partially cloudy",Partly cloudy throughout the day with a chance of rain throughout the day.,rain,"72510954782,72511354786,72032464753,KPTW,C1648,KLOM,KDYL",693
31,"Hatfield, PA, United States",2022-06-10,25.1,13.7,19.8,25.1,13.7,19.8,10.8,58.4,0.28,100.0,16.67,rain,0,0,29.6,14.7,226.1,1011.3,3.8,16.0,277.9,24.1,9,10,2022-06-10T05:31:11,2022-06-10T20:30:27,0.39,Rain,Clear conditions throughout the day with a chance of rain throughout the day.,rain,"72510954782,72511354786,72032464753,KPTW,C1648,KLOM,KDYL",693
32,"Hatfield, PA, United States",2022-06-11,22.2,14.9,18.8,22.2,14.9,18.8,13.0,70.2,0.14,100.0,8.33,rain,0,0,17.6,8.9,129.0,1013.4,38.0,16.0,109.8,9.5,3,10,2022-06-11T05:31:05,2022-06-11T20:30:57,0.44,"Rain, Partially cloudy",Partly cloudy throughout the day with rain.,rain,"72510954782,72511354786,72032464753,KPTW,C1648,KLOM,KDYL",693
33,"Hatfield, PA, United States",2022-06-12,24.3,13.5,18.6,24.3,13.5,18.6,16.4,87.3,6.6,100.0,37.5,rain,0,0,25.6,10.0,111.3,1014.0,78.7,13.9,165.0,14.3,7,30,2022-06-12T05:31:00,2022-06-12T20:31:26,0.47,"Rain, Partially cloudy",Partly cloudy throughout the day with rain.,rain,"72510954782,72511354786,72032464753,KPTW,C1648,KLOM,KDYL",693
34,"Hatfield, PA, United States",2022-06-13,30.5,18.6,24.3,31.5,18.6,24.8,19.1,75.4,0.32,100.0,12.5,rain,0,0,31.3,14.1,168.1,1012.8,32.0,12.8,301.8,26.1,9,60,2022-06-13T05:30:57,2022-06-13T20:31:52,0.49,"Rain, Partially cloudy",Partly cloudy throughout the day with rain clearing later.,rain,"72510954782,72511354786,72032464753,KPTW,C1648,KLOM,KDYL",693
35,"Hatfield, PA, United States",2022-06-14,28.1,18.7,22.5,27.7,18.7,22.5,13.7,58.7,0.34,100.0,8.33,rain,0,0,32.8,10.0,145.4,1013.1,7.9,15.9,233.6,20.2,9,10,2022-06-14T05:30:56,2022-06-14T20:32:17,0.5,Rain,Clear conditions throughout the day with morning rain.,rain,"72510954782,72511354786,72032464753,KPTW,C1648,KLOM,KDYL",693
36,"Hatfield, PA, United States",2022-06-15,29.0,15.8,23.0,28.8,15.8,23.0,14.7,61.9,0.07,100.0,4.17,rain,0,0,31.7,13.2,92.1,1018.0,8.5,16.0,306.3,26.5,8,10,2022-06-15T05:30:57,2022-06-15T20:32:41,0.51,Rain,Clear conditions throughout the day with morning rain.,rain,"72510954782,72511354786,72032464753,KPTW,C1648,KLOM,KDYL",693
37,"Hatfield, PA, United States",2022-06-16,23.9,16.8,20.6,23.9,16.8,20.6,16.9,79.8,18.0,100.0,33.33,rain,0,0,34.2,17.7,145.2,1019.0,92.2,15.4,128.4,11.1,6,10,2022-06-16T05:31:00,2022-06-16T20:33:03,0.53,"Rain, Overcast",Cloudy skies throughout the day with rain.,rain,"72510954782,72511354786,72032464753,KPTW,C1648,KLOM,KDYL",693
38,"Hatfield, PA, United States",2022-06-17,31.9,20.3,25.9,32.7,20.3,26.1,17.1,63.2,0.0,0.0,0.0,rain,0,0,45.4,21.7,234.6,1007.5,46.1,15.0,294.8,25.5,9,75,2022-06-17T05:31:05,2022-06-17T20:33:23,0.57,Partially cloudy,Clearing in the afternoon.,partly-cloudy-day,"72510954782,72511354786,72032464753,KPTW,C1648,KLOM,KDYL",693
39,"Hatfield, PA, United States",2022-06-18,22.7,15.1,19.0,22.7,15.1,19.0,8.9,52.0,0.0,0.0,0.0,rain,0,0,51.8,22.3,319.7,1008.2,48.7,16.0,187.7,16.2,6,10,2022-06-18T05:31:12,2022-06-18T20:33:41,0.62,Partially cloudy,Partly cloudy throughout the day.,partly-cloudy-day,"72510954782,72511354786,72032464753,KPTW,C1648,KLOM,KDYL",693
40,"Hatfield, PA, United States",2022-06-19,22.9,11.9,17.3,22.9,11.9,17.3,3.5,41.1,0.0,0.0,0.0,,0,0,40.0,22.6,307.5,1015.8,2.4,16.0,330.7,28.5,9,10,2022-06-19T05:31:20,2022-06-19T20:33:57,0.67,Clear,Clear conditions throughout the day.,clear-day,"72510954782,72511354786,72032464753,KPTW,C1648,KLOM,KDYL",693
41,"Hatfield, PA, United States",2022-06-20,26.0,9.0,18.3,26.0,9.0,18.3,5.8,47.5,0.0,0.0,0.0,,0,0,32.8,12.3,263.5,1020.6,0.0,16.0,327.0,28.2,9,10,2022-06-20T05:31:30,2022-06-20T20:34:12,0.72,Clear,Clear conditions throughout the day.,clear-day,"72510954782,72511354786,72032464753,KPTW,C1648,KLOM,KDYL",693
42,"Hatfield, PA, United States",2022-06-21,25.6,12.3,19.8,25.6,12.3,19.8,12.0,62.4,0.0,0.0,0.0,rain,0,0,19.8,10.7,137.1,1019.6,21.4,15.9,216.8,18.7,8,10,2022-06-21T05:31:43,2022-06-21T20:34:25,0.77,Partially cloudy,Becoming cloudy in the afternoon.,partly-cloudy-day,"72510954782,72511354786,72032464753,KPTW,C1648,KLOM,KDYL",693
43,"Hatfield, PA, United States",2022-06-22,23.1,15.8,19.0,23.1,15.8,19.0,16.2,84.4,0.07,100.0,4.17,rain,0,0,29.5,15.8,61.6,1015.4,60.6,14.8,158.5,13.5,6,10,2022-06-22T05:31:57,2022-06-22T20:34:36,0.82,"Rain, Partially cloudy",Partly cloudy throughout the day with afternoon rain.,rain,"72510954782,72511354786,72032464753,KPTW,C1648,KLOM,KDYL",693
44,"Hatfield, PA, United States",2022-06-23,20.3,16.2,17.7,20.3,16.2,17.7,16.1,90.4,11.4,100.0,62.5,rain,0,0,36.0,8.5,75.6,1014.7,92.3,13.6,103.0,8.9,6,10,2022-06-23T05:32:12,2022-06-23T20:34:45,0.87,"Rain, Overcast",Cloudy skies throughout the day with a chance of rain throughout the day.,rain,"72510954782,72511354786,72032464753,KPTW,C1648,KLOM,KDYL",693
45,"Hatfield, PA, United States",2022-06-24,27.5,14.5,20.6,28.3,14.5,20.7,16.1,78.2,0.07,100.0,4.17,rain,0,0,18.7,11.2,132.5,1016.9,49.0,12.3,294.8,25.8,9,30,2022-06-24T05:32:30,2022-06-24T20:34:52,0.91,"Rain, Partially cloudy",Partly cloudy throughout the day with afternoon rain.,rain,"72510954782,72511354786,72032464753,KPTW,C1648,KLOM,KDYL",693
46,"Hatfield, PA, United States",2022-06-25,31.2,17.3,24.8,31.0,17.3,24.8,17.3,66.9,0.0,0.0,0.0,rain,0,0,15.1,9.4,229.3,1019.2,11.1,15.4,269.5,23.4,8,60,2022-06-25T05:32:49,2022-06-25T20:34:57,0.95,Clear,Clear conditions throughout the day.,clear-day,"72510954782,72511354786,72032464753,KPTW,C1648,KLOM,KDYL",693
47,"Hatfield, PA, United States",2022-06-26,30.6,19.5,25.5,31.2,19.5,25.8,17.5,63.4,0.0,0.0,0.0,,0,0,32.4,18.2,213.5,1018.4,15.6,16.0,296.0,25.7,9,10,2022-06-26T05:33:10,2022-06-26T20:35:00,0.97,Clear,Clear conditions throughout the day.,clear-day,"72510954782,72511354786,72032464753,KPTW,C1648,KLOM,KDYL",693
48,"Hatfield, PA, United States",2022-06-27,24.7,19.9,23.2,24.7,19.9,23.2,19.4,79.8,1.6,100.0,16.67,rain,0,0,43.9,13.1,180.9,1014.8,74.5,15.5,70.5,6.3,2,30,2022-06-27T05:33:32,2022-06-27T20:35:02,0.99,"Rain, Partially cloudy",Partly cloudy throughout the day with rain in the morning and afternoon.,rain,"72510954782,72511354786,72032464753,KPTW,C1648,KLOM,KDYL",693
49,"Hatfield, PA, United States",2022-06-28,25.4,15.4,20.9,25.4,15.4,20.9,11.6,57.2,0.0,0.0,0.0,,0,0,35.3,13.9,251.3,1020.7,22.6,15.9,290.3,25.3,9,10,2022-06-28T05:33:56,2022-06-28T20:35:01,1.0,Partially cloudy,Partly cloudy throughout the day.,partly-cloudy-day,"72510954782,72511354786,72032464753,KPTW,C1648,KLOM,KDYL",693
50,"Hatfield, PA, United States",2022-06-29,28.9,13.4,22.0,28.5,13.4,21.9,13.8,63.6,0.0,0.0,0.0,rain,0,0,27.0,14.6,132.6,1022.8,16.4,16.0,322.3,27.8,9,30,2022-06-29T05:34:22,2022-06-29T20:34:59,0.0,Clear,Clear conditions throughout the day.,clear-day,"72510954782,72511354786,72032464753,KPTW,C1648,KLOM,KDYL",693
51,"Hatfield, PA, United States",2022-06-30,30.8,16.2,24.2,30.1,16.2,24.0,14.9,60.3,0.0,0.0,0.0,,0,0,24.1,11.5,206.1,1021.9,6.0,15.9,290.1,25.1,9,10,2022-06-30T05:34:49,2022-06-30T20:34:54,0.01,Clear,Clear conditions throughout the day.,clear-day,"72510954782,72511354786,72032464753,KPTW,C1648,KLOM,KDYL",693
52,"Hatfield, PA, United States",2022-07-01,32.4,18.6,25.5,34.1,18.6,26.6,19.4,70.8,0.1,100.0,4.17,rain,0,0,36.7,15.9,197.8,1017.2,13.3,15.7,246.3,21.3,9,75,2022-07-01T05:35:18,2022-07-01T20:34:48,0.03,Rain,Clear conditions throughout the day with afternoon rain.,rain,"72510954782,72511354786,72032464753,KPTW,C1648,KLOM,KDYL",693
53,"Hatfield, PA, United States",2022-07-02,31.2,23.9,27.0,33.1,23.9,27.9,20.6,69.4,0.0,0.0,0.0,,0,0,45.4,13.6,235.8,1013.2,33.9,16.0,221.0,19.0,9,100,2022-07-02T05:35:48,2022-07-02T20:34:39,0.05,Partially cloudy,Partly cloudy throughout the day.,partly-cloudy-day,"72510954782,72511354786,72032464753,KPTW,C1648,KLOM,KDYL",693
54,"Hatfield, PA, United States",2022-07-03,30.6,20.0,25.4,29.3,20.0,25.0,15.3,58.0,0.53,100.0,12.5,rain,0,0,33.5,13.3,232.6,1016.2,24.8,15.9,287.4,24.8,9,30,2022-07-03T05:36:20,2022-07-03T20:34:28,0.08,"Rain, Partially cloudy",Partly cloudy throughout the day with early morning rain.,rain,"72510954782,72511354786,72032464753,KPTW,C1648,KLOM,KDYL",693
55,"Hatfield, PA, United States",2022-07-04,29.3,14.3,22.7,28.2,14.3,22.4,11.0,51.0,0.0,0.0,0.0,,0,0,18.4,10.8,153.4,1020.8,1.2,15.9,312.3,26.9,8,10,2022-07-04T05:36:53,2022-07-04T20:34:16,0.12,Clear,Clear conditions throughout the day.,clear-day,"72510954782,72511354786,72032464753,KPTW,C1648,KLOM,KDYL",693
56,"Hatfield, PA, United States",2022-07-05,28.7,18.6,23.7,29.9,18.6,24.0,17.7,69.5,0.04,100.0,4.17,rain,0,0,40.4,22.3,182.2,1016.0,46.9,15.8,195.7,16.7,8,10,2022-07-05T05:37:27,2022-07-05T20:34:01,0.17,"Rain, Partially cloudy",Becoming cloudy in the afternoon with afternoon rain.,rain,"72510954782,72511354786,72032464753,KPTW,C1648,KLOM,KDYL",693
57,"Hatfield, PA, United States",2022-07-06,29.3,22.9,26.0,31.2,22.9,26.5,19.7,70.4,0.0,0.0,0.0,rain,0,0,33.1,14.3,176.5,1011.3,53.4,15.2,200.5,17.4,7,30,2022-07-06T05:38:03,2022-07-06T20:33:45,0.22,Partially cloudy,Partly cloudy throughout the day.,partly-cloudy-day,"72510954782,72511354786,72032464753,KPTW,C1648,KLOM,KDYL",693
58,"Hatfield, PA, United States",2022-07-07,26.2,20.2,23.5,26.2,20.2,23.5,18.7,75.0,0.33,100.0,8.33,rain,0,0,29.9,8.4,67.1,1014.8,83.1,15.9,158.7,13.8,9,10,2022-07-07T05:38:40,2022-07-07T20:33:26,0.27,"Rain, Partially cloudy",Partly cloudy throughout the day with morning rain.,rain,"72510954782,72511354786,72032464753,KPTW,C1648,KLOM,KDYL",693
59,"Hatfield, PA, United States",2022-07-08,29.7,16.7,23.3,31.6,16.7,23.9,19.0,78.5,12.1,100.0,8.33,rain,0,0,33.5,13.2,153.8,1015.8,41.3,15.0,185.7,15.9,5,30,2022-07-08T05:39:18,2022-07-08T20:33:06,0.33,"Rain, Partially cloudy",Partly cloudy throughout the day with late afternoon rain.,rain,"72510954782,72511354786,72032464753,KPTW,C1648,KLOM,KDYL",693
60,"Hatfield, PA, United States",2022-07-09,25.8,18.9,22.5,25.8,18.9,22.5,18.7,80.5,2.57,100.0,33.33,rain,0,0,23.8,11.1,77.6,1016.6,51.7,14.6,157.1,13.4,8,10,2022-07-09T05:39:57,2022-07-09T20:32:43,0.38,"Rain, Partially cloudy",Partly cloudy throughout the day with rain clearing later.,rain,"72510954782,72511354786,72032464753,KPTW,C1648,KLOM,KDYL",693
61,"Hatfield, PA, United States",2022-07-10,28.0,16.3,22.1,27.6,16.3,22.1,14.5,65.6,0.0,0.0,0.0,,0,0,27.0,11.0,75.1,1017.5,14.6,15.1,313.1,27.2,8,10,2022-07-10T05:40:38,2022-07-10T20:32:19,0.42,Clear,Clear conditions throughout the day.,clear-day,"72510954782,72511354786,72032464753,KPTW,C1648,KLOM,KDYL",693
62,"Hatfield, PA, United States",2022-07-11,28.6,14.5,22.4,28.2,14.5,22.4,14.2,63.0,0.0,0.0,0.0,,0,0,27.4,13.1,170.1,1014.2,8.5,15.9,324.4,28.1,9,10,2022-07-11T05:41:19,2022-07-11T20:31:52,0.46,Clear,Clear conditions throughout the day.,clear-day,"72510954782,72511354786,72032464753,KPTW,C1648,KLOM,KDYL",693
63,"Hatfield, PA, United States",2022-07-12,32.0,19.0,25.2,34.7,19.0,26.0,18.6,68.4,0.0,0.0,0.0,rain,0,0,39.6,20.6,212.8,1008.7,13.4,16.0,260.6,22.4,9,75,2022-07-12T05:42:02,2022-07-12T20:31:24,0.49,Clear,Clear conditions throughout the day.,clear-day,"72510954782,72511354786,72032464753,KPTW,C1648,KLOM,KDYL",693
64,"Hatfield, PA, United States",2022-07-13,31.0,20.5,26.0,30.8,20.5,26.0,17.3,61.6,0.0,0.0,0.0,,0,0,24.8,11.9,212.9,1011.7,13.8,15.9,268.0,23.2,9,30,2022-07-13T05:42:46,2022-07-13T20:30:54,0.5,Clear,Clear conditions throughout the day.,clear-day,"72510954782,72511354786,72032464753,KPTW,C1648,KLOM,KDYL",693
65,"Hatfield, PA, United States",2022-07-14,30.6,20.0,25.2,30.3,20.0,25.2,16.4,61.0,0.0,0.0,0.0,,0,0,27.7,12.4,209.8,1014.7,20.0,16.0,302.8,26.3,9,30,2022-07-14T05:43:30,2022-07-14T20:30:21,0.51,Clear,Partly cloudy throughout the day.,clear-day,"72510954782,72511354786,72032464753,KPTW,C1648,KLOM,KDYL",693
66,"Hatfield, PA, United States",2022-07-15,29.1,17.5,23.5,28.7,17.5,23.4,14.8,60.4,0.0,0.0,0.0,rain,0,0,28.1,14.3,34.2,1019.8,37.1,16.0,269.3,23.3,9,30,2022-07-15T05:44:16,2022-07-15T20:29:47,0.53,Partially cloudy,Partly cloudy throughout the day.,partly-cloudy-day,"72510954782,72511354786,72032464753,KPTW,C1648,KLOM,KDYL",693
67,"Hatfield, PA, United States",2022-07-16,29.1,20.5,24.0,29.6,20.5,24.1,19.0,76.0,4.38,100.0,12.5,rain,0,0,47.9,8.7,106.9,1018.7,69.1,14.6,70.8,6.1,5,30,2022-07-16T05:45:03,2022-07-16T20:29:11,0.55,"Rain, Partially cloudy",Partly cloudy throughout the day with late afternoon rain.,rain,"72510954782,C1708,72511354786,72032464753,KPTW,C1648,KLOM,KDYL",693
68,"Hatfield, PA, United States",2022-07-17,28.4,20.5,24.4,30.0,20.5,24.9,20.0,78.3,8.26,100.0,16.67,rain,0,0,22.3,10.9,120.6,1016.6,61.6,13.4,240.2,20.7,8,60,2022-07-17T05:45:50,2022-07-17T20:28:33,0.6,"Rain, Partially cloudy",Partly cloudy throughout the day with early morning rain.,rain,"72510954782,72511354786,72032464753,KPTW,C1648,KLOM,KDYL",693
69,"Hatfield, PA, United States",2022-07-18,31.2,23.0,26.3,34.8,23.0,27.7,22.2,79.6,1.86,100.0,16.67,rain,0,0,37.1,21.4,155.9,1012.0,60.7,14.9,228.5,19.6,9,75,2022-07-18T05:46:38,2022-07-18T20:27:53,0.65,"Rain, Partially cloudy",Partly cloudy throughout the day with rain.,rain,"72510954782,72511354786,72032464753,KPTW,C1648,KLOM,KDYL",693
70,"Hatfield, PA, United States",2022-07-19,32.2,22.2,26.9,33.1,22.2,27.4,19.0,64.7,0.0,0.0,0.0,,0,0,29.5,15.4,262.3,1009.5,10.7,15.9,273.9,23.5,9,10,2022-07-19T05:47:27,2022-07-19T20:27:12,0.7,Clear,Clear conditions throughout the day.,clear-day,"72510954782,72511354786,72032464753,KPTW,C1648,KLOM,KDYL",693
71,"Hatfield, PA, United States",2022-07-20,34.2,21.4,28.0,35.8,21.4,29.0,19.0,59.9,0.0,0.0,0.0,,0,0,27.7,14.5,253.3,1008.4,9.2,15.8,309.2,26.8,9,30,2022-07-20T05:48:17,2022-07-20T20:26:28,0.75,Clear,Clear conditions throughout the day.,clear-day,"72510954782,72511354786,72032464753,KPTW,C1648,KLOM,KDYL",693
72,"Hatfield, PA, United States",2022-07-21,33.8,24.0,29.1,36.4,24.0,30.4,20.3,61.9,0.0,0.0,0.0,,0,0,33.5,16.5,232.5,1005.4,12.1,15.9,273.3,23.7,8,75,2022-07-21T05:49:07,2022-07-21T20:25:43,0.8,Clear,Clear conditions throughout the day.,clear-day,"72510954782,72511354786,72032464753,KPTW,C1648,KLOM,KDYL",693
73,"Hatfield, PA, United States",2022-07-22,34.7,21.5,28.8,34.5,21.5,29.0,17.8,54.6,0.0,0.0,0.0,,0,0,27.7,16.1,240.7,1011.5,4.7,16.0,303.3,26.1,9,10,2022-07-22T05:49:59,2022-07-22T20:24:56,0.85,Clear,Clear conditions throughout the day.,clear-day,"72510954782,72511354786,72032464753,KPTW,C1648,KLOM,KDYL",693
74,"Hatfield, PA, United States",2022-07-23,34.9,22.0,29.1,35.3,22.0,29.6,18.5,56.3,0.0,0.0,0.0,,0,0,27.7,14.5,212.2,1016.0,1.4,15.8,298.1,25.8,8,60,2022-07-23T05:50:50,2022-07-23T20:24:07,0.89,Clear,Clear conditions throughout the day.,clear-day,"72510954782,72511354786,72032464753,KPTW,C1648,KLOM,KDYL",693
75,"Hatfield, PA, United States",2022-07-24,35.1,20.7,28.9,36.3,20.7,29.4,18.3,56.6,0.0,0.0,0.0,,0,0,32.6,20.2,174.8,1015.9,1.0,15.9,291.0,25.2,9,30,2022-07-24T05:51:43,2022-07-24T20:23:16,0.93,Clear,Clear conditions throughout the day.,clear-day,"72510954782,72511354786,72032464753,KPTW,C1648,KLOM,KDYL",693
76,"Hatfield, PA, United States",2022-07-25,30.9,26.5,28.6,33.6,26.5,31.2,22.0,68.0,0.13,100.0,8.33,rain,0,0,41.0,19.4,220.4,1012.2,19.3,15.9,192.5,16.5,7,100,2022-07-25T05:52:36,2022-07-25T20:22:24,0.96,Rain,Clear conditions throughout the day with afternoon rain.,rain,"72510954782,72511354786,72032464753,KPTW,C1648,KLOM,KDYL",693
77,"Hatfield, PA, United States",2022-07-26,26.1,20.2,23.5,26.1,20.2,23.5,15.6,62.0,0.0,0.0,0.0,,0,0,43.6,11.6,194.5,1015.8,8.1,16.0,127.0,11.0,4,60,2022-07-26T05:53:29,2022-07-26T20:21:30,0.98,Clear,Clear conditions throughout the day.,clear-day,"72510954782,72511354786,72032464753,KPTW,C1648,KLOM,KDYL",693
78,"Hatfield, PA, United States",2022-07-27,29.3,19.0,24.7,30.0,19.0,25.1,17.7,66.9,0.06,100.0,4.17,rain,0,0,21.2,13.2,145.2,1013.9,62.9,16.0,210.1,18.1,8,30,2022-07-27T05:54:23,2022-07-27T20:20:35,1.0,"Rain, Partially cloudy",Partly cloudy throughout the day with late afternoon rain.,rain,"72510954782,72511354786,72032464753,KPTW,C1648,KLOM,KDYL",693
79,"Hatfield, PA, United States",2022-07-28,31.4,21.5,25.6,34.3,21.5,26.6,21.7,81.1,22.09,100.0,41.67,rain,0,0,35.4,12.0,196.9,1010.9,59.4,12.4,209.3,17.8,9,60,2022-07-28T05:55:17,2022-07-28T20:19:37,1.0,"Rain, Partially cloudy",Partly cloudy throughout the day with rain.,rain,"72510954782,72511354786,72032464753,KPTW,C1648,KLOM,KDYL",693
80,"Hatfield, PA, United States",2022-07-29,27.6,20.9,23.8,29.4,20.9,24.0,20.6,82.9,0.11,100.0,8.33,rain,0,0,21.6,9.4,236.2,1013.1,46.1,15.6,110.3,9.6,6,30,2022-07-29T05:56:12,2022-07-29T20:18:38,0.0,"Rain, Partially cloudy",Becoming cloudy in the afternoon with rain.,rain,"72510954782,72511354786,72032464753,KPTW,C1648,KLOM,KDYL",693
81,"Hatfield, PA, United States",2022-07-30,30.2,20.0,25.0,29.5,20.0,24.8,16.2,61.8,0.0,0.0,0.0,,0,0,33.5,14.6,259.3,1017.3,27.7,15.8,306.4,26.4,9,10,2022-07-30T05:57:07,2022-07-30T20:17:38,0.01,Partially cloudy,Partly cloudy throughout the day.,partly-cloudy-day,"72510954782,72511354786,72032464753,KPTW,C1648,KLOM,KDYL",693
82,"Hatfield, PA, United States",2022-07-31,30.0,16.9,23.6,29.5,16.9,23.6,16.2,66.0,0.06,100.0,4.17,rain,0,0,29.5,10.6,144.5,1020.8,29.6,16.0,223.8,19.4,9,30,2022-07-31T05:58:02,2022-07-31T20:16:36,0.04,"Rain, Partially cloudy",Partly cloudy throughout the day with late afternoon rain.,rain,"72510954782,72511354786,72032464753,KPTW,C1648,KLOM,KDYL",693
83,"Hatfield, PA, United States",2022-08-01,24.9,18.6,21.0,24.9,18.6,21.0,19.0,88.4,15.9,100.0,45.83,rain,0,0,14.8,8.7,94.2,1014.8,79.7,13.1,103.6,8.8,5,10,2022-08-01T05:58:58,2022-08-01T20:15:33,0.07,"Rain, Partially cloudy",Partly cloudy throughout the day with a chance of rain throughout the day.,rain,"72510954782,72511354786,72032464753,KPTW,C1648,KLOM,KDYL",693
84,"Hatfield, PA, United States",2022-08-02,31.8,19.3,25.5,33.0,19.3,26.2,19.1,70.4,0.07,100.0,4.17,rain,0,0,31.7,15.5,228.0,1010.6,16.0,15.3,292.9,25.3,9,75,2022-08-02T05:59:54,2022-08-02T20:14:28,0.1,Rain,Clear conditions throughout the day with morning rain.,rain,"72510954782,72511354786,72032464753,KPTW,C1648,KLOM,KDYL",693
85,"Hatfield, PA, United States",2022-08-03,30.8,18.6,25.1,30.8,18.6,25.1,16.4,61.0,0.0,0.0,0.0,,0,0,25.9,11.3,171.3,1015.4,0.9,16.0,301.5,26.1,8,10,2022-08-03T06:00:51,2022-08-03T20:13:21,0.14,Clear,Clear conditions throughout the day.,clear-day,"72510954782,72511354786,72032464753,KPTW,C1648,KLOM,KDYL",693
86,"Hatfield, PA, United States",2022-08-04,34.1,19.6,26.6,36.9,19.6,28.1,20.3,70.6,4.64,100.0,12.5,rain,0,0,53.6,20.4,181.1,1017.4,18.7,15.6,272.4,23.4,8,100,2022-08-04T06:01:47,2022-08-04T20:12:13,0.2,Rain,Clear conditions throughout the day with late afternoon rain.,rain,"72510954782,72511354786,72032464753,KPTW,C1648,KLOM,KDYL",693
87,"Hatfield, PA, United States",2022-08-05,31.2,21.2,25.9,33.7,21.2,26.9,21.0,76.2,1.35,100.0,8.33,rain,0,0,30.2,10.6,218.9,1020.5,16.3,15.8,188.2,16.2,7,60,2022-08-05T06:02:44,2022-08-05T20:11:04,0.25,Rain,Clear conditions throughout the day with rain clearing later.,rain,"72510954782,72511354786,72032464753,KPTW,C1648,KLOM,KDYL",693
88,"Hatfield, PA, United States",2022-08-06,30.6,20.8,25.8,33.4,20.8,27.0,21.3,77.7,0.69,100.0,4.17,rain,0,0,31.4,14.8,155.7,1022.7,33.4,15.7,222.8,19.2,9,75,2022-08-06T06:03:41,2022-08-06T20:09:53,0.31,"Rain, Partially cloudy",Partly cloudy throughout the day with early morning rain.,rain,"72510954782,72511354786,72032464753,KPTW,C1648,KLOM,KDYL",693
89,"Hatfield, PA, United States",2022-08-07,32.4,24.0,28.2,35.7,24.0,29.8,21.7,69.7,0.0,0.0,0.0,rain,0,0,35.6,21.0,214.3,1021.0,28.8,16.0,230.8,20.0,9,75,2022-08-07T06:04:38,2022-08-07T20:08:41,0.36,Partially cloudy,Partly cloudy throughout the day.,partly-cloudy-day,"72510954782,72511354786,72032464753,KPTW,C1648,KLOM,KDYL",693
90,"Hatfield, PA, United States",2022-08-08,33.0,24.9,28.8,37.0,24.9,31.1,22.7,71.3,0.0,0.0,0.0,rain,0,0,33.5,19.8,219.1,1016.2,38.8,16.0,233.0,20.1,9,75,2022-08-08T06:05:35,2022-08-08T20:07:28,0.41,Partially cloudy,Partly cloudy throughout the day.,partly-cloudy-day,"72510954782,72511354786,72032464753,KPTW,C1648,KLOM,KDYL",693
91,"Hatfield, PA, United States",2022-08-09,34.3,25.0,28.5,38.8,25.0,30.6,22.9,73.4,7.99,100.0,12.5,rain,0,0,38.2,14.2,255.1,1013.9,28.8,15.9,245.2,21.2,9,75,2022-08-09T06:06:33,2022-08-09T20:06:14,0.45,"Rain, Partially cloudy",Partly cloudy throughout the day with rain.,rain,"72510954782,72511354786,72032464753,KPTW,C1648,KLOM,KDYL",693
92,"Hatfield, PA, United States",2022-08-10,29.6,22.2,26.3,31.0,22.2,26.9,20.0,69.7,0.18,100.0,8.33,rain,0,0,22.3,13.8,193.8,1016.4,37.8,16.0,228.1,19.8,8,30,2022-08-10T06:07:30,2022-08-10T20:04:58,0.48,"Rain, Partially cloudy",Becoming cloudy in the afternoon with early morning rain.,rain,"72510954782,72511354786,72032464753,KPTW,C1648,KLOM,KDYL",693
93,"Hatfield, PA, United States",2022-08-11,31.0,21.1,25.7,30.5,21.1,25.6,17.5,64.3,3.79,100.0,20.83,rain,0,0,23.0,12.6,233.4,1012.9,43.7,15.8,273.4,23.8,9,30,2022-08-11T06:08:28,2022-08-11T20:03:41,0.5,"Rain, Partially cloudy",Clearing in the afternoon with rain clearing later.,rain,"72510954782,72511354786,72032464753,KPTW,C1648,KLOM,KDYL",693
94,"Hatfield, PA, United States",2022-08-12,29.2,19.5,24.0,27.8,19.5,23.7,10.4,44.6,0.13,100.0,4.17,rain,0,0,37.1,14.2,249.0,1015.7,26.4,16.0,243.8,21.3,9,10,2022-08-12T06:09:26,2022-08-12T20:02:23,0.5,"Rain, Partially cloudy",Partly cloudy throughout the day with early morning rain.,rain,"72510954782,72511354786,72032464753,KPTW,C1648,KLOM,KDYL",693
95,"Hatfield, PA, United States",2022-08-13,27.6,14.9,21.0,26.7,14.9,20.9,8.4,46.7,0.0,0.0,0.0,,0,0,35.3,15.9,158.8,1019.0,0.9,16.0,296.9,25.8,9,10,2022-08-13T06:10:23,2022-08-13T20:01:03,0.52,Clear,Clear conditions throughout the day.,clear-day,"72510954782,72511354786,72032464753,KPTW,C1648,KLOM,KDYL",693
96,"Hatfield, PA, United States",2022-08-14,28.4,14.6,21.6,27.5,14.6,21.4,12.0,58.7,0.0,0.0,0.0,,0,0,18.4,11.0,132.5,1017.3,6.4,16.0,229.0,19.8,9,10,2022-08-14T06:11:21,2022-08-14T19:59:43,0.54,Clear,Clear conditions throughout the day.,clear-day,"72510954782,72511354786,72032464753,KPTW,C1648,KLOM,KDYL",693
97,"Hatfield, PA, United States",2022-08-15,28.5,15.8,21.6,27.8,15.8,21.5,12.8,61.1,0.0,0.0,0.0,,0,0,27.7,9.8,71.5,1015.4,13.0,16.0,234.0,20.2,9,10,2022-08-15T06:12:19,2022-08-15T19:58:21,0.58,Clear,Clear conditions throughout the day.,clear-day,"72510954782,72511354786,72032464753,KPTW,C1648,KLOM,KDYL",693
98,"Hatfield, PA, United States",2022-08-16,28.3,13.8,21.0,27.4,13.8,20.9,12.1,60.9,0.0,0.0,0.0,,0,0,33.0,16.5,38.3,1015.9,10.8,16.0,249.9,21.5,9,10,2022-08-16T06:13:17,2022-08-16T19:56:59,0.62,Clear,Clear conditions throughout the day.,clear-day,"72510954782,72511354786,72032464753,KPTW,C1648,KLOM,KDYL",693
99,"Hatfield, PA, United States",2022-08-17,27.1,15.7,21.5,26.8,15.7,21.5,13.1,62.2,0.0,0.0,0.0,rain,0,0,18.4,11.0,109.8,1015.7,52.1,16.0,206.9,17.8,9,10,2022-08-17T06:14:15,2022-08-17T19:55:35,0.67,Partially cloudy,Partly cloudy throughout the day.,partly-cloudy-day,"72510954782,72511354786,72032464753,KPTW,C1648,KLOM,KDYL",693
100,"Hatfield, PA, United States",2022-08-18,29.6,14.2,21.8,28.6,14.2,21.6,12.7,60.5,0.0,0.0,0.0,,0,0,27.7,12.4,194.3,1013.8,7.7,15.9,272.5,23.5,8,30,2022-08-18T06:15:12,2022-08-18T19:54:11,0.72,Clear,Clear conditions throughout the day.,clear-day,"72510954782,72511354786,72032464753,KPTW,C1648,KLOM,KDYL",693
101,"Hatfield, PA, United States",2022-08-19,31.6,14.7,24.1,30.6,14.7,23.8,14.2,58.4,0.0,0.0,0.0,rain,0,0,18.4,13.5,167.1,1017.7,6.3,16.0,241.4,20.8,9,30,2022-08-19T06:16:10,2022-08-19T19:52:45,0.77,Clear,Clear conditions throughout the day.,clear-day,"72510954782,72511354786,72032464753,KPTW,C1648,KLOM,KDYL",693
102,"Hatfield, PA, United States",2022-08-20,32.2,20.4,26.1,32.0,20.4,26.1,16.9,60.5,0.0,0.0,0.0,,0,0,25.9,14.0,132.5,1020.4,27.6,16.0,258.5,22.4,9,60,2022-08-20T06:17:08,2022-08-20T19:51:19,0.82,Partially cloudy,Partly cloudy throughout the day.,partly-cloudy-day,"72510954782,72511354786,72032464753,KPTW,C1648,KLOM,KDYL",693
103,"Hatfield, PA, United States",2022-08-21,28.9,18.0,23.7,29.3,18.0,23.8,18.1,72.5,0.8,100.0,8.33,rain,0,0,32.0,13.8,108.6,1018.9,48.0,15.8,181.9,15.8,9,30,2022-08-21T06:18:06,2022-08-21T19:49:51,0.86,"Rain, Partially cloudy",Partly cloudy throughout the day with late afternoon rain.,rain,"72510954782,72511354786,72032464753,KPTW,C1648,KLOM,KDYL",693
104,"Hatfield, PA, United States",2022-08-22,28.2,20.1,23.5,30.1,20.1,23.7,20.8,85.9,12.11,100.0,62.5,rain,0,0,20.9,10.3,99.9,1012.5,81.6,15.0,147.3,12.7,8,75,2022-08-22T06:19:04,2022-08-22T19:48:23,0.9,"Rain, Partially cloudy",Partly cloudy throughout the day with a chance of rain throughout the day.,rain,"72510954782,72511354786,72032464753,KPTW,C1648,KLOM,KDYL",693
105,"Hatfield, PA, United States",2022-08-23,28.5,18.0,22.8,28.9,18.0,22.9,18.2,77.7,0.0,0.0,0.0,,0,0,25.9,13.9,224.2,1010.6,44.2,13.3,221.8,19.1,9,30,2022-08-23T06:20:01,2022-08-23T19:46:54,0.94,Partially cloudy,Partly cloudy throughout the day.,partly-cloudy-day,"72510954782,C1708,72511354786,72032464753,KPTW,C1648,KLOM,KDYL",693
106,"Hatfield, PA, United States",2022-08-24,30.0,17.4,23.6,29.5,17.4,23.5,16.1,66.9,0.0,0.0,0.0,,0,0,17.6,10.6,211.4,1015.0,11.5,15.9,242.8,20.9,9,30,2022-08-24T06:20:59,2022-08-24T19:45:24,0.97,Clear,Clear conditions throughout the day.,clear-day,"72510954782,72511354786,72032464753,KPTW,C1648,KLOM,KDYL",693
107,"Hatfield, PA, United States",2022-08-25,31.7,15.5,24.0,30.7,15.5,23.8,14.8,61.3,0.0,0.0,0.0,,0,0,15.5,6.8,139.5,1017.1,5.3,15.8,231.9,20.1,8,10,2022-08-25T06:21:57,2022-08-25T19:43:53,0.99,Clear,Clear conditions throughout the day.,clear-day,"72510954782,72511354786,72032464753,KPTW,C1648,KLOM,KDYL",693
108,"Hatfield, PA, United States",2022-08-26,32.2,20.4,26.1,32.4,20.4,26.5,18.5,65.9,0.0,0.0,0.0,rain,0,0,31.7,16.4,214.5,1013.8,30.5,15.7,211.0,18.4,8,75,2022-08-26T06:22:54,2022-08-26T19:42:22,1.0,Partially cloudy,Partly cloudy throughout the day.,partly-cloudy-day,"72510954782,72511354786,72032464753,KPTW,C1648,KLOM,KDYL",693
109,"Hatfield, PA, United States",2022-08-27,30.8,20.3,25.6,30.9,20.3,25.7,17.7,64.3,0.0,0.0,0.0,rain,0,0,21.2,12.9,108.4,1015.6,34.9,15.7,240.7,20.8,8,30,2022-08-27T06:23:52,2022-08-27T19:40:50,0.0,Partially cloudy,Becoming cloudy in the afternoon.,partly-cloudy-day,"72510954782,72511354786,72032464753,KPTW,C1648,KLOM,KDYL",693
110,"Hatfield, PA, United States",2022-08-28,29.5,20.8,24.6,31.3,20.8,25.1,20.4,78.4,0.07,100.0,4.17,rain,0,0,28.1,12.0,72.8,1019.7,73.2,15.3,234.0,20.2,8,60,2022-08-28T06:24:49,2022-08-28T19:39:17,0.01,"Rain, Partially cloudy",Partly cloudy throughout the day with late afternoon rain.,rain,"72510954782,72511354786,72032464753,KPTW,C1648,KLOM,KDYL",693
111,"Hatfield, PA, United States",2022-08-29,31.8,21.0,26.0,33.2,21.0,26.6,19.9,72.0,0.0,0.0,0.0,,0,0,33.8,12.8,122.4,1019.0,50.0,14.2,229.8,19.9,9,30,2022-08-29T06:25:47,2022-08-29T19:37:44,0.02,Partially cloudy,Partly cloudy throughout the day.,partly-cloudy-day,"72510954782,72511354786,72032464753,KPTW,C1648,KLOM,KDYL",693
112,"Hatfield, PA, United States",2022-08-30,32.5,22.0,26.3,34.7,22.0,27.3,21.2,76.2,6.01,100.0,12.5,rain,0,0,35.3,19.2,214.7,1011.9,62.1,15.9,211.0,18.2,9,75,2022-08-30T06:26:44,2022-08-30T19:36:10,0.05,"Rain, Partially cloudy",Partly cloudy throughout the day with late afternoon rain.,rain,"72510954782,72511354786,72032464753,KPTW,C1648,KLOM,KDYL",693
113,"Hatfield, PA, United States",2022-08-31,27.5,18.4,22.9,27.2,18.4,22.9,15.4,66.6,0.0,0.0,0.0,,0,0,30.0,17.3,281.8,1010.3,15.2,15.3,182.5,15.6,8,10,2022-08-31T06:27:42,2022-08-31T19:34:35,0.09,Clear,Clear conditions throughout the day.,clear-day,"72510954782,72511354786,72032464753,KPTW,C1648,KLOM,KDYL",693
114,"Hatfield, PA, United States",2022-09-01,29.6,16.2,22.8,28.3,16.2,22.5,11.5,52.4,0.0,0.0,0.0,,0,0,32.8,17.6,228.5,1014.4,2.1,16.0,263.3,22.7,8,10,2022-09-01T06:28:39,2022-09-01T19:33:00,0.13,Clear,Clear conditions throughout the day.,clear-day,"72510954782,72511354786,72032464753,KPTW,C1648,KLOM,KDYL",693
115,"Hatfield, PA, United States",2022-09-02,28.2,12.9,20.3,27.1,12.9,20.2,10.1,55.4,0.0,0.0,0.0,,0,0,30.2,11.3,71.5,1023.0,0.0,16.0,259.4,22.6,8,10,2022-09-02T06:29:36,2022-09-02T19:31:24,0.18,Clear,Clear conditions throughout the day.,clear-day,"72510954782,72511354786,72032464753,KPTW,C1648,KLOM,KDYL",693
116,"Hatfield, PA, United States",2022-09-03,29.0,15.4,22.1,29.3,15.4,22.2,16.2,71.9,0.0,0.0,0.0,,0,0,25.9,11.0,88.1,1024.0,38.3,15.7,183.2,15.8,9,10,2022-09-03T06:30:34,2022-09-03T19:29:48,0.24,Partially cloudy,Partly cloudy throughout the day.,partly-cloudy-day,"72510954782,72511354786,72032464753,KPTW,C1648,KLOM,KDYL",693
117,"Hatfield, PA, United States",2022-09-04,31.5,18.7,25.1,32.1,18.7,25.4,18.5,69.7,0.0,0.0,0.0,rain,0,0,23.4,12.6,207.6,1019.8,27.2,15.9,187.2,16.2,7,30,2022-09-04T06:31:31,2022-09-04T19:28:11,0.29,Partially cloudy,Partly cloudy throughout the day.,partly-cloudy-day,"72510954782,72511354786,72032464753,KPTW,C1648,KLOM,KDYL",693
118,"Hatfield, PA, United States",2022-09-05,29.7,19.8,24.1,30.0,19.8,24.3,18.7,74.1,2.95,100.0,20.83,rain,0,0,23.8,15.7,100.6,1018.1,44.8,15.4,168.7,14.5,7,30,2022-09-05T06:32:28,2022-09-05T19:26:34,0.35,"Rain, Partially cloudy",Partly cloudy throughout the day with late afternoon rain.,rain,"72510954782,72511354786,72032464753,KPTW,C1648,KLOM,KDYL",693
119,"Hatfield, PA, United States",2022-09-06,21.9,20.3,21.3,21.9,20.3,21.3,20.0,92.2,54.55,100.0,100.0,rain,0,0,29.9,11.2,84.1,1015.1,97.7,11.9,62.7,5.4,4,10,2022-09-06T06:33:25,2022-09-06T19:24:56,0.4,"Rain, Overcast",Cloudy skies throughout the day with a chance of rain throughout the day.,rain,"72510954782,72511354786,72032464753,KPTW,C1648,KLOM,KDYL",693
120,"Hatfield, PA, United States",2022-09-07,21.0,18.7,19.6,21.0,18.7,19.6,17.6,87.9,0.87,100.0,41.67,rain,0,0,37.8,11.1,38.3,1015.3,97.8,15.3,64.9,5.5,3,10,2022-09-07T06:34:23,2022-09-07T19:23:18,0.44,"Rain, Overcast",Cloudy skies throughout the day with a chance of rain throughout the day.,rain,"72510954782,C1708,72511354786,72032464753,KPTW,C1648,KLOM,KDYL",693
121,"Hatfield, PA, United States",2022-09-08,26.2,15.7,20.4,26.2,15.7,20.4,14.8,72.9,0.0,0.0,0.0,,0,0,31.7,16.1,15.0,1013.4,44.9,16.0,185.6,16.0,9,10,2022-09-08T06:35:20,2022-09-08T19:21:40,0.47,Partially cloudy,Partly cloudy throughout the day.,partly-cloudy-day,"72510954782,72511354786,72032464753,KPTW,C1648,KLOM,KDYL",693
122,"Hatfield, PA, United States",2022-09-09,27.5,13.7,19.9,26.9,13.7,19.8,12.8,68.7,0.0,0.0,0.0,,0,0,19.4,11.4,31.1,1017.7,2.1,15.3,248.0,21.4,8,10,2022-09-09T06:36:17,2022-09-09T19:20:01,0.49,Clear,Clear conditions throughout the day.,clear-day,"72510954782,72511354786,72032464753,KPTW,C1648,KLOM,KDYL",693
123,"Hatfield, PA, United States",2022-09-10,26.9,11.8,19.6,26.9,11.8,19.6,13.5,71.1,0.0,0.0,0.0,,0,0,14.8,10.5,91.5,1023.3,3.1,15.3,222.4,19.3,8,10,2022-09-10T06:37:14,2022-09-10T19:18:22,0.5,Clear,Clear conditions throughout the day.,clear-day,"72510954782,72511354786,72032464753,KPTW,C1648,KLOM,KDYL",693
124,"Hatfield, PA, United States",2022-09-11,21.0,19.3,20.2,21.0,19.3,20.2,18.6,90.8,13.47,100.0,70.83,rain,0,0,28.1,8.4,45.5,1019.6,86.0,11.9,50.8,4.5,3,10,2022-09-11T06:38:11,2022-09-11T19:16:43,0.51,"Rain, Partially cloudy",Partly cloudy throughout the day with rain.,rain,"72510954782,72511354786,72032464753,KPTW,C1648,KLOM,KDYL",693
125,"Hatfield, PA, United States",2022-09-12,27.7,19.6,22.8,29.5,19.6,23.0,20.6,88.3,3.32,100.0,54.17,rain,0,0,14.8,5.5,134.2,1010.7,91.8,11.5,154.0,13.3,8,60,2022-09-12T06:39:09,2022-09-12T19:15:04,0.53,"Rain, Overcast",Cloudy skies throughout the day with rain.,rain,"72510954782,72511354786,72032464753,KPTW,C1648,KLOM,KDYL",693
126,"Hatfield, PA, United States",2022-09-13,27.1,17.4,22.6,27.6,17.4,22.6,17.4,75.2,1.65,100.0,16.67,rain,0,0,32.8,16.8,190.1,1008.1,58.1,14.0,175.0,14.9,8,30,2022-09-13T06:40:06,2022-09-13T19:13:24,0.56,"Rain, Partially cloudy",Partly cloudy throughout the day with early morning rain.,rain,"72510954782,72511354786,72032464753,KPTW,C1648,KLOM,KDYL",693
127,"Hatfield, PA, United States",2022-09-14,25.3,13.7,19.6,25.3,13.7,19.6,13.3,68.8,0.0,0.0,0.0,,0,0,25.9,14.9,273.0,1015.1,5.0,16.0,240.8,20.7,8,10,2022-09-14T06:41:03,2022-09-14T19:11:44,0.6,Clear,Clear conditions throughout the day.,clear-day,"72510954782,72511354786,72032464753,KPTW,C1648,KLOM,KDYL",693
128,"Hatfield, PA, United States",2022-09-15,22.8,12.0,18.5,22.8,12.0,18.5,10.3,62.7,0.0,0.0,0.0,,0,0,34.6,16.1,300.4,1021.0,1.2,15.9,245.0,21.0,8,10,2022-09-15T06:42:00,2022-09-15T19:10:04,0.64,Clear,Clear conditions throughout the day.,clear-day,"72510954782,72511354786,72032464753,KPTW,C1648,KLOM,KDYL",693
129,"Hatfield, PA, United States",2022-09-16,24.4,9.3,16.3,24.4,9.3,16.3,10.1,70.2,0.0,0.0,0.0,,0,0,16.6,10.6,81.7,1022.5,0.0,16.0,218.8,18.9,7,10,2022-09-16T06:42:58,2022-09-16T19:08:24,0.69,Clear,Clear conditions throughout the day.,clear-day,"72510954782,72511354786,72032464753,KPTW,C1648,KLOM,KDYL",693
130,"Hatfield, PA, United States",2022-09-17,25.8,12.9,19.5,25.8,12.9,19.5,14.0,72.5,0.0,0.0,0.0,,0,0,16.9,7.9,108.6,1023.3,16.8,16.0,236.0,20.4,7,10,2022-09-17T06:43:55,2022-09-17T19:06:44,0.74,Clear,Clear conditions throughout the day.,clear-day,"72510954782,72511354786,72032464753,KPTW,C1648,KLOM,KDYL",693
131,"Hatfield, PA, United States",2022-09-18,27.9,15.7,21.3,28.2,15.7,21.4,15.5,72.0,0.0,0.0,0.0,,0,0,28.8,13.5,227.1,1018.7,10.4,15.7,225.8,19.6,7,10,2022-09-18T06:44:53,2022-09-18T19:05:04,0.78,Clear,Clear conditions throughout the day.,clear-day,"72510954782,72511354786,72032464753,KPTW,C1648,KLOM,KDYL",693
132,"Hatfield, PA, United States",2022-09-19,28.5,16.8,21.7,28.7,16.8,21.7,17.0,76.7,0.83,100.0,8.33,rain,0,0,32.6,16.7,184.5,1013.7,39.0,15.3,172.7,15.0,9,30,2022-09-19T06:45:51,2022-09-19T19:03:23,0.83,"Rain, Partially cloudy",Becoming cloudy in the afternoon with afternoon rain.,rain,"72510954782,72511354786,72032464753,KPTW,C1648,KLOM,KDYL",693
133,"Hatfield, PA, United States",2022-09-20,25.4,15.9,20.5,25.4,15.9,20.5,14.7,72.2,0.0,0.0,0.0,rain,0,0,30.7,17.0,218.8,1012.9,18.5,14.9,210.7,18.3,8,30,2022-09-20T06:46:48,2022-09-20T19:01:43,0.87,Clear,Clear conditions throughout the day.,clear-day,"72510954782,72511354786,72032464753,KPTW,C1648,KLOM,KDYL",693
134,"Hatfield, PA, United States",2022-09-21,27.4,12.9,20.2,27.4,12.9,20.2,14.0,70.4,0.0,0.0,0.0,,0,0,24.1,12.6,163.5,1013.5,1.6,15.6,229.4,19.8,8,10,2022-09-21T06:47:46,2022-09-21T19:00:03,0.91,Clear,Clear conditions throughout the day.,clear-day,"72510954782,72511354786,72032464753,KPTW,C1648,KLOM,KDYL",693
135,"Hatfield, PA, United States",2022-09-22,24.3,13.5,19.1,24.3,13.5,19.1,14.2,74.1,2.85,100.0,12.5,rain,0,0,54.7,20.2,251.1,1005.6,41.3,15.5,81.1,7.0,8,10,2022-09-22T06:48:44,2022-09-22T18:58:22,0.95,"Rain, Partially cloudy",Partly cloudy throughout the day with afternoon rain.,rain,"72510954782,72511354786,72032464753,KPTW,C1648,KLOM,KDYL",693
136,"Hatfield, PA, United States",2022-09-23,17.5,9.7,13.0,17.5,7.5,12.9,2.9,51.8,0.0,0.0,0.0,,0,0,42.8,23.1,300.0,1014.7,22.5,15.9,235.8,20.5,8,10,2022-09-23T06:49:42,2022-09-23T18:56:42,0.97,Partially cloudy,Partly cloudy throughout the day.,partly-cloudy-day,"72510954782,72511354786,72032464753,KPTW,C1648,KLOM,KDYL",693
137,"Hatfield, PA, United States",2022-09-24,20.0,6.1,12.4,20.0,5.0,12.2,4.9,62.2,0.0,0.0,0.0,,0,0,27.0,13.7,262.5,1016.8,5.6,15.9,197.0,17.0,8,10,2022-09-24T06:50:41,2022-09-24T18:55:02,0.99,Clear,Clear conditions throughout the day.,clear-day,"72510954782,72511354786,72032464753,KPTW,C1648,KLOM,KDYL",693
138,"Hatfield, PA, United States",2022-09-25,20.5,13.3,15.8,20.5,13.3,15.8,12.6,81.5,6.39,100.0,41.67,rain,0,0,37.9,14.3,156.5,1007.4,71.2,15.4,125.2,10.8,9,10,2022-09-25T06:51:39,2022-09-25T18:53:22,1.0,"Rain, Partially cloudy",Partly cloudy throughout the day with rain.,rain,"72510954782,72511354786,72032464753,KPTW,C1648,KLOM,KDYL",693
139,"Hatfield, PA, United States",2022-09-26,23.2,11.8,17.3,23.2,11.8,17.3,10.4,68.0,0.2,100.0,8.33,rain,0,0,40.7,19.9,232.7,1006.2,28.9,15.4,158.9,13.6,7,10,2022-09-26T06:52:38,2022-09-26T18:51:42,0.0,"Rain, Partially cloudy",Becoming cloudy in the afternoon with early morning rain.,rain,"72510954782,72511354786,72032464753,KPTW,C1648,KLOM,KDYL",693
140,"Hatfield, PA, United States",2022-09-27,20.1,10.3,15.1,20.1,10.3,15.1,7.2,61.3,0.0,0.0,0.0,rain,0,0,30.2,16.9,233.2,1011.8,24.2,16.0,211.3,18.2,8,10,2022-09-27T06:53:36,2022-09-27T18:50:03,0.01,Partially cloudy,Partly cloudy throughout the day.,partly-cloudy-day,"72510954782,72511354786,72032464753,KPTW,C1648,KLOM,KDYL",693
141,"Hatfield, PA, United States",2022-09-28,20.2,7.6,14.1,20.2,7.3,14.1,7.9,67.3,0.0,0.0,0.0,rain,0,0,29.5,13.1,301.1,1020.3,36.6,16.0,219.5,19.0,8,10,2022-09-28T06:54:35,2022-09-28T18:48:24,0.04,Partially cloudy,Becoming cloudy in the afternoon.,partly-cloudy-day,"72510954782,72511354786,72032464753,KPTW,C1648,KLOM,KDYL",693
142,"Hatfield, PA, United States",2022-09-29,19.6,8.5,14.0,19.6,8.5,14.0,7.1,65.2,0.0,0.0,0.0,,0,0,40.3,19.5,82.7,1027.2,3.8,16.0,227.8,19.6,8,10,2022-09-29T06:55:34,2022-09-29T18:46:44,0.07,Clear,Clear conditions throughout the day.,clear-day,"72510954782,72511354786,72032464753,KPTW,C1648,KLOM,KDYL",693
143,"Hatfield, PA, United States",2022-09-30,16.8,9.0,12.3,16.8,7.9,12.1,7.1,71.4,0.0,57.1,0.0,rain,0,0,32.0,14.4,43.8,1024.7,30.4,18.6,117.4,10.1,5,10,2022-09-30T06:56:34,2022-09-30T18:45:06,0.12,"Rain, Partially cloudy",Becoming cloudy in the afternoon with a chance of rain.,rain,"KPTW,C1648,KLOM,KDYL",693
