,name,datetime,tempmax,tempmin,temp,feelslikemax,feelslikemin,feelslike,dew,humidity,precip,precipprob,precipcover,preciptype,snow,snowdepth,windgust,windspeed,winddir,sealevelpressure,cloudcover,visibility,solarradiation,solarenergy,uvindex,severerisk,sunrise,sunset,moonphase,conditions,description,icon,stations,skey
0,"Fort Lauderdale, FL, United States",2022-05-10,28.0,20.9,24.8,28.0,20.9,24.9,16.1,59.0,0.0,0.0,0.0,rain,0,0,40.2,28.8,65.1,1016.4,48.6,16.0,311.1,26.8,10,10,2022-05-10T06:37:06,2022-05-10T19:57:15,0.32,Partially cloudy,Partly cloudy throughout the day.,partly-cloudy-day,"74783012849,72204992805,KFLL,72203912885,KFXE,KPMP,0067W",741
1,"Fort Lauderdale, FL, United States",2022-05-11,28.5,18.9,23.2,29.0,18.9,23.3,16.6,67.8,0.0,0.0,0.0,rain,0,0,49.2,32.8,204.4,1014.9,51.8,16.0,257.0,22.2,10,30,2022-05-11T06:36:30,2022-05-11T19:57:47,0.37,Partially cloudy,Partly cloudy throughout the day.,partly-cloudy-day,"74783012849,72204992805,KFLL,72203912885,KFXE,KPMP,0067W",741
2,"Fort Lauderdale, FL, United States",2022-05-12,27.5,19.4,23.5,28.3,19.4,23.6,18.1,72.9,0.2,100.0,8.33,rain,0,0,25.9,21.0,151.6,1013.0,53.6,16.0,241.3,20.9,10,30,2022-05-12T06:35:55,2022-05-12T19:58:20,0.41,"Rain, Partially cloudy",Partly cloudy throughout the day with late afternoon rain.,rain,"74783012849,72204992805,KFLL,72203912885,KFXE,KPMP,0067W",741
3,"Fort Lauderdale, FL, United States",2022-05-13,28.7,21.0,25.2,30.2,21.0,25.7,19.6,72.3,0.0,0.0,0.0,rain,0,0,37.1,24.3,162.1,1013.7,45.3,16.0,263.6,22.6,9,75,2022-05-13T06:35:21,2022-05-13T19:58:52,0.45,Partially cloudy,Partly cloudy throughout the day.,partly-cloudy-day,"74783012849,72204992805,KFLL,72203912885,KFXE,KPMP,0067W",741
4,"Fort Lauderdale, FL, United States",2022-05-14,30.5,23.1,26.2,32.6,23.1,27.2,20.8,73.3,2.06,100.0,12.5,rain,0,0,37.1,23.9,131.5,1013.8,44.0,15.9,280.2,24.1,10,75,2022-05-14T06:34:48,2022-05-14T19:59:25,0.48,"Rain, Partially cloudy",Partly cloudy throughout the day with rain.,rain,"74783012849,72204992805,KFLL,72203912885,KFXE,KPMP,0067W",741
5,"Fort Lauderdale, FL, United States",2022-05-15,29.2,24.4,26.8,31.9,24.4,28.4,22.4,77.2,1.87,100.0,16.67,rain,0,0,32.8,24.2,130.3,1013.4,54.4,15.8,242.0,20.9,10,75,2022-05-15T06:34:17,2022-05-15T19:59:57,0.5,"Rain, Partially cloudy",Partly cloudy throughout the day with morning rain.,rain,"74783012849,72204992805,KFLL,72203912885,KFXE,KPMP,0067W",741
6,"Fort Lauderdale, FL, United States",2022-05-16,30.4,22.6,26.0,31.8,22.6,26.6,21.2,75.9,0.08,100.0,4.17,rain,0,0,27.7,22.5,219.0,1013.5,54.6,15.6,181.1,15.6,10,75,2022-05-16T06:33:47,2022-05-16T20:00:29,0.5,"Rain, Partially cloudy",Partly cloudy throughout the day with afternoon rain.,rain,"74783012849,72204992805,KFLL,72203912885,KFXE,KPMP,0067W",741
7,"Fort Lauderdale, FL, United States",2022-05-17,30.0,22.1,26.5,32.8,22.1,27.9,21.3,73.9,0.0,0.0,0.0,rain,0,0,34.7,23.5,206.8,1015.3,21.8,16.0,306.1,26.3,10,75,2022-05-17T06:33:18,2022-05-17T20:01:02,0.52,Partially cloudy,Partly cloudy throughout the day.,partly-cloudy-day,"74783012849,72204992805,KFLL,72203912885,KFXE,KPMP,0067W",741
8,"Fort Lauderdale, FL, United States",2022-05-18,31.4,24.2,27.9,33.9,24.2,29.6,21.5,69.3,0.0,0.0,0.0,,0,0,23.8,24.5,192.7,1016.2,25.2,16.0,307.4,26.6,9,75,2022-05-18T06:32:50,2022-05-18T20:01:34,0.54,Partially cloudy,Partly cloudy throughout the day.,partly-cloudy-day,"74783012849,72204992805,KFLL,72203912885,KFXE,KPMP,0067W",741
9,"Fort Lauderdale, FL, United States",2022-05-19,31.1,25.6,28.4,35.7,25.6,31.3,23.1,73.7,0.0,0.0,0.0,rain,0,0,36.4,28.1,133.6,1015.4,23.7,16.0,303.1,26.1,9,100,2022-05-19T06:32:23,2022-05-19T20:02:06,0.58,Partially cloudy,Partly cloudy throughout the day.,partly-cloudy-day,"74783012849,72204992805,KFLL,72203912885,KFXE,KPMP,0067W",741
10,"Fort Lauderdale, FL, United States",2022-05-20,30.4,23.3,26.2,37.4,23.3,28.1,23.3,84.5,29.91,100.0,50.0,rain,0,0,53.2,34.6,151.0,1017.1,71.6,14.8,119.5,10.3,9,100,2022-05-20T06:31:58,2022-05-20T20:02:38,0.63,"Rain, Partially cloudy",Partly cloudy throughout the day with a chance of rain throughout the day.,rain,"74783012849,72204992805,KFLL,72203912885,KFXE,KPMP,0067W",741
11,"Fort Lauderdale, FL, United States",2022-05-21,30.4,26.3,28.6,36.6,26.3,33.7,25.3,82.9,0.0,0.0,0.0,rain,0,0,40.7,30.2,118.4,1020.4,79.5,15.9,258.0,22.3,9,100,2022-05-21T06:31:33,2022-05-21T20:03:09,0.68,Partially cloudy,Partly cloudy throughout the day.,partly-cloudy-day,"74783012849,72204992805,KFLL,72203912885,KFXE,KPMP,0067W",741
12,"Fort Lauderdale, FL, United States",2022-05-22,30.7,27.2,28.5,36.3,30.1,32.7,24.1,77.4,0.0,0.0,0.0,rain,0,0,40.7,29.0,116.0,1021.4,56.9,16.0,263.8,22.7,10,100,2022-05-22T06:31:11,2022-05-22T20:03:41,0.74,Partially cloudy,Partly cloudy throughout the day.,partly-cloudy-day,"74783012849,72204992805,KFLL,72203912885,KFXE,KPMP,0067W",741
13,"Fort Lauderdale, FL, United States",2022-05-23,30.2,26.7,28.0,34.0,29.0,31.1,22.8,73.8,0.45,100.0,8.33,rain,0,0,38.9,28.2,110.5,1018.9,54.0,16.0,306.8,26.7,10,75,2022-05-23T06:30:49,2022-05-23T20:04:12,0.79,"Rain, Partially cloudy",Partly cloudy throughout the day with afternoon rain.,rain,"74783012849,72204992805,KFLL,72203912885,KFXE,KPMP,0067W",741
14,"Fort Lauderdale, FL, United States",2022-05-24,30.0,26.3,28.0,32.5,26.3,30.1,21.5,68.1,0.0,0.0,0.0,rain,0,0,44.0,28.9,116.3,1017.1,45.2,16.0,265.9,23.0,9,60,2022-05-24T06:30:28,2022-05-24T20:04:43,0.85,Partially cloudy,Partly cloudy throughout the day.,partly-cloudy-day,"74783012849,72204992805,KFLL,72203912885,KFXE,KPMP,0067W",741
15,"Fort Lauderdale, FL, United States",2022-05-25,30.0,26.2,28.0,33.7,26.2,30.2,21.6,68.8,0.18,100.0,8.33,rain,0,0,41.6,30.8,117.1,1017.8,53.0,16.0,234.4,20.2,9,75,2022-05-25T06:30:09,2022-05-25T20:05:14,0.89,"Rain, Partially cloudy",Becoming cloudy in the afternoon with afternoon rain.,rain,"74783012849,72204992805,KFLL,72203912885,KFXE,KPMP,0067W",741
16,"Fort Lauderdale, FL, United States",2022-05-26,29.7,26.2,27.7,32.4,26.2,29.4,21.2,67.9,0.0,0.0,0.0,rain,0,0,37.1,26.9,118.0,1018.5,41.3,16.0,320.8,27.6,10,60,2022-05-26T06:29:51,2022-05-26T20:05:45,0.93,Partially cloudy,Partly cloudy throughout the day.,partly-cloudy-day,"74783012849,72204992805,KFLL,72203912885,KFXE,KPMP,0067W",741
17,"Fort Lauderdale, FL, United States",2022-05-27,31.3,25.7,28.3,34.9,25.7,30.7,22.0,69.1,0.0,0.0,0.0,rain,0,0,40.9,31.4,145.0,1016.1,54.6,16.0,316.0,27.2,10,75,2022-05-27T06:29:34,2022-05-27T20:06:15,0.96,Partially cloudy,Partly cloudy throughout the day.,partly-cloudy-day,"74783012849,72204992805,KFLL,72203912885,KFXE,KPMP,0067W",741
18,"Fort Lauderdale, FL, United States",2022-05-28,31.5,22.9,27.4,35.6,22.9,29.2,22.3,74.6,1.05,100.0,8.33,rain,0,0,47.6,27.9,160.8,1013.9,45.2,16.0,289.1,25.0,9,100,2022-05-28T06:29:19,2022-05-28T20:06:45,0.99,"Rain, Partially cloudy",Partly cloudy throughout the day with late afternoon rain.,rain,"74783012849,72204992805,KFLL,72203912885,KFXE,KPMP,0067W",741
19,"Fort Lauderdale, FL, United States",2022-05-29,30.4,21.2,25.3,35.0,21.2,26.4,22.0,82.7,42.87,100.0,25.0,rain,0,0,51.3,27.5,174.5,1014.9,58.1,15.0,166.4,14.4,10,75,2022-05-29T06:29:05,2022-05-29T20:07:14,1.0,"Rain, Partially cloudy",Partly cloudy throughout the day with rain.,rain,"74783012849,72204992805,KFLL,72203912885,KFXE,KPMP,0067W",741
20,"Fort Lauderdale, FL, United States",2022-05-30,29.7,23.0,26.3,33.7,23.0,27.3,22.8,81.9,0.0,0.0,0.0,rain,0,0,47.9,27.4,115.8,1016.3,52.8,15.9,225.3,19.5,10,60,2022-05-30T06:28:52,2022-05-30T20:07:43,0.0,Partially cloudy,Partly cloudy throughout the day.,partly-cloudy-day,"74783012849,72204992805,KFLL,72203912885,KFXE,KPMP,0067W",741
21,"Fort Lauderdale, FL, United States",2022-05-31,28.3,24.9,26.5,33.0,24.9,27.9,23.7,84.7,0.96,100.0,4.17,rain,0,0,23.0,21.3,86.3,1015.6,58.7,15.9,164.8,14.4,10,75,2022-05-31T06:28:40,2022-05-31T20:08:12,0.0,"Rain, Partially cloudy",Partly cloudy throughout the day with morning rain.,rain,"74783012849,72204992805,KFLL,72203912885,KFXE,KPMP,0067W",741
22,"Fort Lauderdale, FL, United States",2022-06-01,30.7,23.6,26.4,35.7,23.6,28.1,24.0,87.3,4.74,100.0,20.83,rain,0,0,25.2,20.9,171.3,1012.9,56.8,15.6,273.5,23.9,10,75,2022-06-01T06:28:30,2022-06-01T20:08:40,0.02,"Rain, Partially cloudy",Partly cloudy throughout the day with rain.,rain,"74783012849,72204992805,KFLL,72203912885,KFXE,KPMP,0067W",741
23,"Fort Lauderdale, FL, United States",2022-06-02,29.8,23.4,25.9,35.8,23.4,27.6,24.0,90.2,13.13,100.0,16.67,rain,0,0,42.5,27.0,93.3,1012.1,46.3,15.9,242.0,20.8,10,75,2022-06-02T06:28:21,2022-06-02T20:09:08,0.04,"Rain, Partially cloudy",Partly cloudy throughout the day with rain.,rain,"74783012849,72204992805,KFLL,72203912885,KFXE,KPMP,0067W",741
24,"Fort Lauderdale, FL, United States",2022-06-03,25.4,22.9,24.0,25.4,22.9,24.0,23.3,96.3,46.9,100.0,79.17,rain,0,0,50.0,31.8,133.1,1011.2,97.2,12.3,70.0,6.2,4,30,2022-06-03T06:28:13,2022-06-03T20:09:35,0.07,"Rain, Overcast",Cloudy skies throughout the day with a chance of rain throughout the day.,rain,"74783012849,72204992805,KFLL,72203912885,KFXE,KPMP,0067W",741
25,"Fort Lauderdale, FL, United States",2022-06-04,29.4,23.3,25.6,37.8,23.3,27.3,25.0,96.4,158.9,100.0,79.17,rain,0,0,65.5,31.9,210.9,1004.3,94.5,10.6,90.8,7.7,6,100,2022-06-04T06:28:06,2022-06-04T20:10:02,0.11,"Rain, Overcast",Cloudy skies throughout the day with a chance of rain throughout the day.,rain,"74783012849,72204992805,KFLL,72203912885,KFXE,KPMP,0067W",741
26,"Fort Lauderdale, FL, United States",2022-06-05,31.0,22.7,26.6,36.9,22.7,29.5,24.1,86.8,0.0,0.0,0.0,rain,0,0,30.6,20.9,238.7,1007.8,45.1,16.0,276.0,23.8,10,75,2022-06-05T06:28:01,2022-06-05T20:10:28,0.14,Partially cloudy,Becoming cloudy in the afternoon.,partly-cloudy-day,"74783012849,72204992805,KFLL,72203912885,KFXE,KPMP,0067W",741
27,"Fort Lauderdale, FL, United States",2022-06-06,30.7,24.0,28.0,40.3,24.0,32.6,25.3,85.7,1.72,100.0,29.17,rain,0,0,45.7,20.9,182.4,1011.7,60.7,15.9,285.7,24.7,10,100,2022-06-06T06:27:56,2022-06-06T20:10:53,0.19,"Rain, Partially cloudy",Becoming cloudy in the afternoon with rain.,rain,"74783012849,72204992805,KFLL,72203912885,KFXE,KPMP,0067W",741
28,"Fort Lauderdale, FL, United States",2022-06-07,29.5,24.2,26.0,36.1,24.2,27.3,23.6,87.0,12.34,100.0,16.67,rain,0,0,55.4,24.6,194.7,1014.5,77.4,15.7,129.9,11.1,7,75,2022-06-07T06:27:53,2022-06-07T20:11:18,0.24,"Rain, Partially cloudy",Partly cloudy throughout the day with rain.,rain,"74783012849,72204992805,KFLL,72203912885,KFXE,KPMP,0067W",741
29,"Fort Lauderdale, FL, United States",2022-06-08,31.0,23.2,26.6,37.4,23.2,28.3,22.7,80.5,8.41,100.0,20.83,rain,0,0,51.8,21.8,225.0,1015.8,62.0,15.7,287.2,24.8,10,100,2022-06-08T06:27:52,2022-06-08T20:11:42,0.29,"Rain, Partially cloudy",Partly cloudy throughout the day with late afternoon rain.,rain,"74783012849,72204992805,KFLL,72203912885,KFXE,KPMP,0067W",741
30,"Fort Lauderdale, FL, United States",2022-06-09,31.1,24.0,26.0,35.1,24.0,26.8,22.5,81.6,9.83,100.0,25.0,rain,0,0,23.0,21.5,211.0,1016.2,55.2,15.5,170.8,14.8,10,75,2022-06-09T06:27:51,2022-06-09T20:12:06,0.35,"Rain, Partially cloudy",Becoming cloudy in the afternoon with rain.,rain,"74783012849,72204992805,KFLL,72203912885,KFXE,KPMP,0067W",741
31,"Fort Lauderdale, FL, United States",2022-06-10,30.8,23.6,26.6,34.7,23.6,28.1,22.2,77.8,5.35,100.0,16.67,rain,0,0,33.5,25.3,227.8,1015.1,52.0,16.0,281.8,24.2,10,75,2022-06-10T06:27:52,2022-06-10T20:12:28,0.39,"Rain, Partially cloudy",Partly cloudy throughout the day with rain.,rain,"74783012849,72204992805,KFLL,72203912885,KFXE,KPMP,0067W",741
32,"Fort Lauderdale, FL, United States",2022-06-11,30.8,23.5,26.5,35.5,23.5,28.1,21.9,76.3,2.99,100.0,12.5,rain,0,0,43.9,22.0,209.4,1014.7,52.4,15.9,183.1,15.6,10,75,2022-06-11T06:27:54,2022-06-11T20:12:50,0.44,"Rain, Partially cloudy",Partly cloudy throughout the day with afternoon rain.,rain,"74783012849,72204992805,KFLL,72203912885,KFXE,KPMP,0067W",741
33,"Fort Lauderdale, FL, United States",2022-06-12,32.0,25.2,28.4,37.0,25.2,30.9,23.3,74.7,1.7,100.0,8.33,rain,0,0,24.1,20.5,145.3,1016.7,53.6,15.9,255.1,21.9,10,100,2022-06-12T06:27:57,2022-06-12T20:13:11,0.47,"Rain, Partially cloudy",Partly cloudy throughout the day with afternoon rain.,rain,"74783012849,72204992805,KFLL,72203912885,KFXE,KPMP,0067W",741
34,"Fort Lauderdale, FL, United States",2022-06-13,32.3,26.5,29.4,38.5,26.5,34.1,24.3,74.8,0.0,0.0,0.0,rain,0,0,31.7,20.9,125.8,1018.5,35.9,16.0,316.7,27.3,9,100,2022-06-13T06:28:01,2022-06-13T20:13:32,0.49,Partially cloudy,Partly cloudy throughout the day.,partly-cloudy-day,"74783012849,72204992805,KFLL,72203912885,KFXE,KPMP,0067W",741
35,"Fort Lauderdale, FL, United States",2022-06-14,31.5,27.0,29.3,37.5,30.7,34.3,24.4,75.5,0.08,100.0,4.17,rain,0,0,35.3,20.9,110.5,1017.8,28.1,15.9,251.6,21.8,9,100,2022-06-14T06:28:06,2022-06-14T20:13:51,0.5,"Rain, Partially cloudy",Partly cloudy throughout the day with afternoon rain.,rain,"74783012849,72204992805,KFLL,72203912885,KFXE,KPMP,0067W",741
36,"Fort Lauderdale, FL, United States",2022-06-15,31.5,26.9,29.2,37.0,29.7,33.3,23.5,72.1,0.0,0.0,0.0,rain,0,0,35.3,22.8,125.5,1016.7,38.1,15.8,308.4,26.6,9,100,2022-06-15T06:28:12,2022-06-15T20:14:10,0.51,Partially cloudy,Partly cloudy throughout the day.,partly-cloudy-day,"74783012849,72204992805,KFLL,72203912885,KFXE,KPMP,0067W",741
37,"Fort Lauderdale, FL, United States",2022-06-16,32.0,27.1,29.4,37.5,29.9,33.5,23.5,71.1,0.0,0.0,0.0,,0,0,35.3,21.5,80.4,1017.4,32.3,16.0,320.5,27.6,9,100,2022-06-16T06:28:20,2022-06-16T20:14:28,0.53,Partially cloudy,Partly cloudy throughout the day.,partly-cloudy-day,"74783012849,72204992805,KFLL,72203912885,KFXE,KPMP,0067W",741
38,"Fort Lauderdale, FL, United States",2022-06-17,31.0,23.5,28.7,36.3,23.5,32.4,23.5,74.5,19.18,100.0,16.67,rain,0,0,38.9,21.7,134.3,1015.5,36.6,15.4,321.3,27.7,10,100,2022-06-17T06:28:28,2022-06-17T20:14:45,0.57,"Rain, Partially cloudy",Partly cloudy throughout the day with morning rain.,rain,"74783012849,72204992805,KFLL,72203912885,KFXE,KPMP,0067W",741
39,"Fort Lauderdale, FL, United States",2022-06-18,31.7,25.7,28.5,37.2,25.7,31.2,22.6,70.7,0.0,0.0,0.0,,0,0,53.6,18.3,168.3,1013.7,34.8,16.0,307.7,26.6,9,100,2022-06-18T06:28:38,2022-06-18T20:15:01,0.62,Partially cloudy,Partly cloudy throughout the day.,partly-cloudy-day,"74783012849,72204992805,KFLL,72203912885,KFXE,KPMP,0067W",741
40,"Fort Lauderdale, FL, United States",2022-06-19,32.3,25.6,28.9,36.9,25.6,31.8,22.9,71.3,0.0,0.0,0.0,rain,0,0,31.7,17.5,188.5,1015.0,53.8,16.0,189.9,16.5,10,100,2022-06-19T06:28:48,2022-06-19T20:15:16,0.67,Partially cloudy,Partly cloudy throughout the day.,partly-cloudy-day,"74783012849,72204992805,KFLL,72203912885,KFXE,KPMP,0067W",741
41,"Fort Lauderdale, FL, United States",2022-06-20,31.3,25.4,28.2,36.7,25.4,31.8,23.7,76.7,18.74,100.0,29.17,rain,0,0,57.2,19.1,170.5,1018.8,53.8,15.7,228.7,19.7,10,100,2022-06-20T06:29:00,2022-06-20T20:15:30,0.72,"Rain, Partially cloudy",Partly cloudy throughout the day with rain.,rain,"74783012849,72204992805,KFLL,72203912885,KFXE,KPMP,0067W",741
42,"Fort Lauderdale, FL, United States",2022-06-21,30.4,24.6,27.6,34.9,24.6,29.5,22.5,74.9,0.74,100.0,8.33,rain,0,0,45.6,29.7,83.8,1019.0,54.2,16.0,297.4,25.9,10,75,2022-06-21T06:29:13,2022-06-21T20:15:42,0.77,"Rain, Partially cloudy",Partly cloudy throughout the day with rain.,rain,"74783012849,72204992805,KFLL,72203912885,KFXE,KPMP,0067W",741
43,"Fort Lauderdale, FL, United States",2022-06-22,29.4,23.8,27.5,30.7,23.8,28.6,20.4,65.9,4.38,100.0,4.17,rain,0,0,35.3,23.8,71.2,1016.1,76.4,15.8,314.3,27.3,9,30,2022-06-22T06:29:26,2022-06-22T20:15:54,0.82,"Rain, Partially cloudy",Partly cloudy throughout the day with early morning rain.,rain,"74783012849,72204992805,KFLL,72203912885,KFXE,KPMP,0067W",741
44,"Fort Lauderdale, FL, United States",2022-06-23,30.4,23.9,27.8,33.0,23.9,29.1,20.3,64.5,0.0,0.0,0.0,,0,0,27.7,17.9,150.8,1013.2,27.2,16.0,316.6,27.3,9,30,2022-06-23T06:29:41,2022-06-23T20:16:05,0.87,Partially cloudy,Partly cloudy throughout the day.,partly-cloudy-day,"74783012849,72204992805,KFLL,72203912885,KFXE,KPMP,0067W",741
45,"Fort Lauderdale, FL, United States",2022-06-24,32.8,25.8,29.4,38.0,25.8,32.7,22.6,67.0,0.08,100.0,8.33,rain,0,0,28.4,22.1,193.5,1013.6,31.3,16.0,290.5,25.2,9,100,2022-06-24T06:29:56,2022-06-24T20:16:15,0.91,"Rain, Partially cloudy",Partly cloudy throughout the day with afternoon rain.,rain,"74783012849,72204992805,KFLL,72203912885,KFXE,KPMP,0067W",741
46,"Fort Lauderdale, FL, United States",2022-06-25,32.6,25.5,27.8,37.7,25.5,31.1,23.7,78.7,0.0,0.0,0.0,rain,0,0,47.9,24.9,200.0,1015.2,57.7,15.5,195.9,17.0,9,100,2022-06-25T06:30:12,2022-06-25T20:16:24,0.95,Partially cloudy,Partly cloudy throughout the day.,partly-cloudy-day,"74783012849,72204992805,KFLL,72203912885,KFXE,KPMP,0067W",741
47,"Fort Lauderdale, FL, United States",2022-06-26,31.8,26.1,28.6,36.5,26.1,31.9,23.6,75.1,0.08,100.0,4.17,rain,0,0,27.7,24.2,105.3,1015.8,60.8,16.0,247.9,21.3,9,100,2022-06-26T06:30:30,2022-06-26T20:16:31,0.97,"Rain, Partially cloudy",Partly cloudy throughout the day with late afternoon rain.,rain,"74783012849,72204992805,KFLL,72203912885,KFXE,KPMP,0067W",741
48,"Fort Lauderdale, FL, United States",2022-06-27,31.7,26.3,29.0,36.7,26.3,32.5,23.6,73.6,0.0,0.0,0.0,,0,0,37.1,28.2,106.5,1016.0,32.3,15.9,304.2,26.2,9,100,2022-06-27T06:30:48,2022-06-27T20:16:37,0.99,Partially cloudy,Partly cloudy throughout the day.,partly-cloudy-day,"74783012849,72204992805,KFLL,72203912885,KFXE,KPMP,0067W",741
49,"Fort Lauderdale, FL, United States",2022-06-28,31.0,26.5,28.8,35.6,26.5,32.3,23.1,71.8,2.48,100.0,12.5,rain,0,0,31.7,21.5,116.3,1017.7,47.0,16.0,308.2,26.5,10,100,2022-06-28T06:31:06,2022-06-28T20:16:43,1.0,"Rain, Partially cloudy",Partly cloudy throughout the day with morning rain.,rain,"74783012849,72204992805,KFLL,72203912885,KFXE,KPMP,0067W",741
50,"Fort Lauderdale, FL, United States",2022-06-29,30.9,26.3,28.7,36.9,26.3,32.5,23.7,74.7,0.0,0.0,0.0,rain,0,0,31.7,20.4,129.8,1019.6,50.8,16.0,255.1,22.2,9,100,2022-06-29T06:31:26,2022-06-29T20:16:47,0.0,Partially cloudy,Partly cloudy throughout the day.,partly-cloudy-day,"74783012849,72204992805,KFLL,72203912885,KFXE,KPMP",741
51,"Fort Lauderdale, FL, United States",2022-06-30,32.4,27.0,29.5,39.3,30.3,34.4,24.3,74.3,0.0,0.0,0.0,rain,0,0,35.3,24.5,121.1,1019.6,44.7,16.0,318.9,27.5,10,100,2022-06-30T06:31:46,2022-06-30T20:16:49,0.01,Partially cloudy,Partly cloudy throughout the day.,partly-cloudy-day,"74783012849,72204992805,KFLL,72203912885,KFXE,KPMP,0067W",741
52,"Fort Lauderdale, FL, United States",2022-07-01,31.4,28.3,29.6,36.6,32.4,34.3,23.8,71.4,0.0,0.0,0.0,rain,0,0,37.1,28.3,123.5,1018.4,49.0,16.0,308.7,26.7,10,100,2022-07-01T06:32:07,2022-07-01T20:16:51,0.03,Partially cloudy,Partly cloudy throughout the day.,partly-cloudy-day,"74783012849,72204992805,KFLL,72203912885,KFXE,KPMP,0067W",741
53,"Fort Lauderdale, FL, United States",2022-07-02,31.6,26.2,29.5,37.4,26.2,34.0,23.8,71.8,12.84,100.0,16.67,rain,0,0,44.6,23.7,129.8,1017.4,52.6,15.8,303.7,26.5,9,100,2022-07-02T06:32:29,2022-07-02T20:16:51,0.05,"Rain, Partially cloudy",Partly cloudy throughout the day with morning rain.,rain,"74783012849,72204992805,KFLL,72203912885,KFXE,KPMP,0067W",741
54,"Fort Lauderdale, FL, United States",2022-07-03,31.9,27.9,29.7,36.6,31.3,33.8,23.2,68.2,0.0,0.0,0.0,rain,0,0,33.5,23.6,117.3,1018.5,41.5,16.0,311.9,26.9,9,75,2022-07-03T06:32:52,2022-07-03T20:16:51,0.08,Partially cloudy,Partly cloudy throughout the day.,partly-cloudy-day,"74783012849,72204992805,KFLL,72203912885,KFXE,KPMP,0067W",741
55,"Fort Lauderdale, FL, United States",2022-07-04,31.5,27.7,29.4,36.9,30.9,33.8,23.7,71.8,0.06,100.0,8.33,rain,0,0,34.1,25.1,95.4,1018.5,47.4,16.0,256.8,22.1,9,100,2022-07-04T06:33:15,2022-07-04T20:16:49,0.12,"Rain, Partially cloudy",Partly cloudy throughout the day with morning rain.,rain,"74783012849,72204992805,KFLL,72203912885,KFXE,KPMP,0067W",741
56,"Fort Lauderdale, FL, United States",2022-07-05,31.4,27.3,29.4,38.4,30.9,34.8,24.8,76.5,1.51,100.0,12.5,rain,0,0,33.5,21.1,107.3,1017.2,59.6,15.9,284.3,24.6,9,100,2022-07-05T06:33:38,2022-07-05T20:16:45,0.17,"Rain, Partially cloudy",Partly cloudy throughout the day with rain clearing later.,rain,"74783012849,72204992805,KFLL,72203912885,KFXE,KPMP,0067W",741
57,"Fort Lauderdale, FL, United States",2022-07-06,32.3,26.9,29.3,39.2,30.2,34.3,24.4,75.5,0.22,100.0,8.33,rain,0,0,29.9,26.6,164.5,1016.8,56.7,16.0,291.6,25.2,9,100,2022-07-06T06:34:03,2022-07-06T20:16:41,0.22,"Rain, Partially cloudy",Partly cloudy throughout the day with early morning rain.,rain,"74783012849,72204992805,KFLL,72203912885,KFXE,KPMP,0067W",741
58,"Fort Lauderdale, FL, United States",2022-07-07,32.1,26.7,29.4,36.3,29.0,32.9,22.9,68.8,0.22,100.0,8.33,rain,0,0,37.1,24.9,185.0,1017.0,49.6,16.0,313.3,26.9,9,100,2022-07-07T06:34:27,2022-07-07T20:16:35,0.27,"Rain, Partially cloudy",Partly cloudy throughout the day with early morning rain.,rain,"74783012849,72204992805,KFLL,72203912885,KFXE,KPMP,0067W",741
59,"Fort Lauderdale, FL, United States",2022-07-08,32.2,27.9,29.7,38.5,31.0,34.7,24.1,72.6,2.8,100.0,16.67,rain,0,0,38.9,26.5,121.1,1018.0,40.1,16.0,328.9,28.6,9,100,2022-07-08T06:34:53,2022-07-08T20:16:27,0.33,"Rain, Partially cloudy",Partly cloudy throughout the day with rain in the morning and afternoon.,rain,"74783012849,72204992805,KFLL,72203912885,KFXE,KPMP,0067W",741
60,"Fort Lauderdale, FL, United States",2022-07-09,32.6,27.3,29.8,39.9,30.0,35.0,24.3,72.7,0.0,0.0,0.0,rain,0,0,40.7,31.3,161.0,1018.6,38.4,15.9,280.3,24.2,9,100,2022-07-09T06:35:19,2022-07-09T20:16:19,0.38,Partially cloudy,Partly cloudy throughout the day.,partly-cloudy-day,"74783012849,72204992805,KFLL,72203912885,KFXE,KPMP,0067W",741
61,"Fort Lauderdale, FL, United States",2022-07-10,32.1,27.6,29.4,39.3,30.7,33.9,23.9,72.6,4.3,100.0,29.17,rain,0,0,44.6,27.2,172.0,1016.6,43.6,15.8,294.8,25.4,9,75,2022-07-10T06:35:45,2022-07-10T20:16:09,0.42,"Rain, Partially cloudy",Partly cloudy throughout the day with rain.,rain,"74783012849,72204992805,KFLL,72203912885,KFXE,KPMP,0067W",741
62,"Fort Lauderdale, FL, United States",2022-07-11,33.3,26.5,29.3,40.1,26.5,33.2,23.7,72.7,0.75,100.0,4.17,rain,0,0,40.7,28.1,183.8,1014.6,31.8,16.0,288.0,24.9,10,100,2022-07-11T06:36:12,2022-07-11T20:15:58,0.46,"Rain, Partially cloudy",Becoming cloudy in the afternoon with late afternoon rain.,rain,"74783012849,72204992805,KFLL,72203912885,KFXE,KPMP,0067W",741
63,"Fort Lauderdale, FL, United States",2022-07-12,33.2,26.8,29.9,41.1,29.5,35.1,24.2,72.3,0.0,0.0,0.0,rain,0,0,38.9,25.6,124.3,1015.9,36.5,16.0,272.5,23.4,9,100,2022-07-12T06:36:39,2022-07-12T20:15:46,0.49,Partially cloudy,Partly cloudy throughout the day.,partly-cloudy-day,"74783012849,72204992805,KFLL,72203912885,KFXE,KPMP,0067W",741
64,"Fort Lauderdale, FL, United States",2022-07-13,33.5,28.3,30.0,42.3,31.6,35.6,24.4,72.5,0.0,0.0,0.0,,0,0,35.4,24.4,148.3,1018.1,37.5,16.0,280.4,24.3,9,100,2022-07-13T06:37:06,2022-07-13T20:15:32,0.5,Partially cloudy,Partly cloudy throughout the day.,partly-cloudy-day,"74783012849,72204992805,KFLL,72203912885,KFXE,KPMP,0067W",741
65,"Fort Lauderdale, FL, United States",2022-07-14,32.8,26.2,29.5,38.7,26.2,33.3,23.3,70.2,0.0,0.0,0.0,,0,0,37.1,26.4,145.7,1019.2,35.5,15.9,298.7,25.7,9,100,2022-07-14T06:37:34,2022-07-14T20:15:17,0.51,Partially cloudy,Partly cloudy throughout the day.,partly-cloudy-day,"74783012849,72204992805,KFLL,72203912885,KFXE,KPMP,0067W",741
66,"Fort Lauderdale, FL, United States",2022-07-15,31.2,25.6,28.5,36.1,25.6,31.5,22.9,72.1,0.3,100.0,4.17,rain,0,0,58.9,34.1,112.9,1018.3,51.2,15.8,303.4,26.4,10,100,2022-07-15T06:38:02,2022-07-15T20:15:01,0.53,"Rain, Partially cloudy",Partly cloudy throughout the day with early morning rain.,rain,"74783012849,72204992805,KFLL,72203912885,KFXE,KPMP,0067W",741
67,"Fort Lauderdale, FL, United States",2022-07-16,31.7,24.2,28.5,37.3,24.2,32.1,23.4,74.5,4.23,100.0,16.67,rain,0,0,47.9,24.0,141.5,1016.4,61.5,15.6,172.8,15.1,10,100,2022-07-16T06:38:30,2022-07-16T20:14:43,0.55,"Rain, Partially cloudy",Partly cloudy throughout the day with rain.,rain,"74783012849,72204992805,KFLL,72203912885,KFXE,KPMP,0067W",741
68,"Fort Lauderdale, FL, United States",2022-07-17,32.6,25.1,28.8,40.7,25.1,33.4,24.8,79.6,4.7,100.0,16.67,rain,0,0,42.5,26.4,144.3,1016.4,64.5,15.6,204.7,17.7,9,100,2022-07-17T06:38:59,2022-07-17T20:14:24,0.6,"Rain, Partially cloudy",Partly cloudy throughout the day with rain clearing later.,rain,"74783012849,72204992805,KFLL,72203912885,KFXE,KPMP,0067W",741
69,"Fort Lauderdale, FL, United States",2022-07-18,32.4,28.1,29.9,41.1,33.2,36.2,25.2,76.1,7.48,100.0,16.67,rain,0,0,37.7,29.0,150.6,1018.7,39.7,15.6,283.8,24.5,9,100,2022-07-18T06:39:28,2022-07-18T20:14:04,0.65,"Rain, Partially cloudy",Partly cloudy throughout the day with rain in the morning and afternoon.,rain,"74783012849,72204992805,KFLL,72203912885,KFXE,KPMP,0067W",741
70,"Fort Lauderdale, FL, United States",2022-07-19,31.9,26.9,29.6,37.4,30.3,34.3,24.0,72.5,0.0,0.0,0.0,,0,0,33.5,22.8,153.1,1019.2,28.2,16.0,301.0,25.9,9,75,2022-07-19T06:39:57,2022-07-19T20:13:43,0.7,Partially cloudy,Partly cloudy throughout the day.,partly-cloudy-day,"74783012849,72204992805,KFLL,72203912885,KFXE,KPMP,0067W",741
71,"Fort Lauderdale, FL, United States",2022-07-20,32.1,27.9,29.9,38.6,32.1,35.0,24.2,72.0,0.0,0.0,0.0,rain,0,0,36.0,21.5,116.1,1017.6,27.7,16.0,320.8,27.5,10,100,2022-07-20T06:40:26,2022-07-20T20:13:20,0.75,Partially cloudy,Partly cloudy throughout the day.,partly-cloudy-day,"74783012849,72204992805,KFLL,72203912885,KFXE,KPMP,0067W",741
72,"Fort Lauderdale, FL, United States",2022-07-21,31.9,27.4,29.8,38.3,30.6,34.5,23.8,70.3,2.44,100.0,8.33,rain,0,0,47.9,25.1,120.6,1017.0,43.0,15.9,273.3,23.7,10,100,2022-07-21T06:40:56,2022-07-21T20:12:56,0.8,"Rain, Partially cloudy",Partly cloudy throughout the day with morning rain.,rain,"74783012849,72204992805,KFLL,72203912885,KFXE,KPMP,0067W",741
73,"Fort Lauderdale, FL, United States",2022-07-22,32.3,25.8,29.2,39.4,25.8,33.9,24.6,76.5,6.81,100.0,25.0,rain,0,0,57.2,25.0,117.9,1018.1,63.3,15.4,221.2,19.0,10,100,2022-07-22T06:41:25,2022-07-22T20:12:31,0.85,"Rain, Partially cloudy",Partly cloudy throughout the day with morning rain.,rain,"74783012849,72204992805,KFLL,72203912885,KFXE,KPMP,0067W",741
74,"Fort Lauderdale, FL, United States",2022-07-23,32.3,25.2,29.0,39.0,25.2,33.3,24.5,77.2,0.9,100.0,8.33,rain,0,0,51.8,28.9,91.1,1019.2,49.5,16.0,303.7,26.1,10,100,2022-07-23T06:41:55,2022-07-23T20:12:04,0.89,"Rain, Partially cloudy",Partly cloudy throughout the day with rain clearing later.,rain,"74783012849,72204992805,KFLL,72203912885,KFXE,KPMP,0067W",741
75,"Fort Lauderdale, FL, United States",2022-07-24,32.1,28.2,29.7,38.0,32.0,34.5,23.9,71.7,0.29,100.0,12.5,rain,0,0,51.8,27.4,98.7,1018.9,44.9,16.0,287.1,25.0,10,100,2022-07-24T06:42:25,2022-07-24T20:11:36,0.93,"Rain, Partially cloudy",Becoming cloudy in the afternoon with rain.,rain,"74783012849,72204992805,KFLL,72203912885,KFXE,KPMP,0067W",741
76,"Fort Lauderdale, FL, United States",2022-07-25,31.7,27.5,29.6,37.8,30.9,34.2,23.8,71.6,0.0,0.0,0.0,rain,0,0,38.9,27.2,97.0,1018.2,56.3,15.9,228.9,19.6,10,100,2022-07-25T06:42:55,2022-07-25T20:11:07,0.96,Partially cloudy,Partly cloudy throughout the day.,partly-cloudy-day,"74783012849,72204992805,KFLL,72203912885,KFXE,KPMP,0067W",741
77,"Fort Lauderdale, FL, United States",2022-07-26,29.9,23.9,27.7,36.3,23.9,31.3,24.1,80.8,5.68,100.0,45.83,rain,0,0,53.6,38.1,148.8,1018.9,75.1,14.7,97.8,8.3,6,100,2022-07-26T06:43:25,2022-07-26T20:10:37,0.98,"Rain, Partially cloudy",Partly cloudy throughout the day with a chance of rain throughout the day.,rain,"74783012849,72204992805,KFLL,72203912885,KFXE,KPMP,0067W",741
78,"Fort Lauderdale, FL, United States",2022-07-27,32.3,23.8,28.9,39.2,23.8,33.0,23.8,74.8,0.0,0.0,0.0,rain,0,0,57.2,24.3,121.8,1019.5,56.2,15.8,299.8,25.7,9,100,2022-07-27T06:43:55,2022-07-27T20:10:06,1.0,Partially cloudy,Partly cloudy throughout the day.,partly-cloudy-day,"74783012849,72204992805,KFLL,72203912885,KFXE,KPMP,0067W",741
79,"Fort Lauderdale, FL, United States",2022-07-28,31.5,27.5,29.6,37.2,30.8,34.1,23.6,70.3,0.0,0.0,0.0,rain,0,0,35.3,21.8,98.4,1019.2,34.4,16.0,305.5,26.4,10,100,2022-07-28T06:44:25,2022-07-28T20:09:33,1.0,Partially cloudy,Partly cloudy throughout the day.,partly-cloudy-day,"74783012849,72204992805,KFLL,72203912885,KFXE,KPMP,0067W",741
80,"Fort Lauderdale, FL, United States",2022-07-29,32.4,28.2,29.9,37.9,31.3,34.4,23.5,68.6,0.0,0.0,0.0,rain,0,0,37.2,26.2,98.9,1019.1,36.3,16.0,306.5,26.6,9,100,2022-07-29T06:44:55,2022-07-29T20:08:59,0.0,Partially cloudy,Partly cloudy throughout the day.,partly-cloudy-day,"74783012849,72204992805,KFLL,72203912885,KFXE,KPMP,0067W",741
81,"Fort Lauderdale, FL, United States",2022-07-30,32.1,28.4,30.1,37.5,31.9,34.3,23.2,67.0,0.0,0.0,0.0,rain,0,0,37.1,27.5,104.5,1020.4,37.8,16.0,307.8,26.8,10,100,2022-07-30T06:45:25,2022-07-30T20:08:24,0.01,Partially cloudy,Partly cloudy throughout the day.,partly-cloudy-day,"74783012849,72204992805,KFLL,72203912885,KFXE,KPMP,0067W",741
82,"Fort Lauderdale, FL, United States",2022-07-31,32.0,28.1,30.0,38.7,31.8,35.0,23.9,70.3,1.15,100.0,12.5,rain,0,0,42.5,26.1,102.3,1021.4,49.7,16.0,318.0,27.4,10,100,2022-07-31T06:45:54,2022-07-31T20:07:48,0.04,"Rain, Partially cloudy",Partly cloudy throughout the day with rain in the morning and afternoon.,rain,"74783012849,72204992805,KFLL,72203912885,KFXE,KPMP,0067W",741
83,"Fort Lauderdale, FL, United States",2022-08-01,32.5,27.0,30.1,39.0,30.6,35.9,24.7,73.1,1.02,100.0,4.17,rain,0,0,48.5,22.0,114.0,1020.8,53.8,15.9,263.6,22.8,9,100,2022-08-01T06:46:24,2022-08-01T20:07:10,0.07,"Rain, Partially cloudy",Becoming cloudy in the afternoon with early morning rain.,rain,"74783012849,72204992805,KFLL,72203912885,KFXE,KPMP,0067W",741
84,"Fort Lauderdale, FL, United States",2022-08-02,32.7,27.0,29.8,38.5,29.2,34.5,23.8,71.0,0.0,0.0,0.0,,0,0,40.6,23.0,114.2,1018.7,41.3,16.0,263.8,22.9,9,100,2022-08-02T06:46:54,2022-08-02T20:06:32,0.1,Partially cloudy,Partly cloudy throughout the day.,partly-cloudy-day,"74783012849,72204992805,KFLL,72203912885,KFXE,KPMP,0067W",741
85,"Fort Lauderdale, FL, United States",2022-08-03,32.2,24.9,28.9,37.0,24.9,31.6,22.3,68.5,0.0,0.0,0.0,,0,0,53.6,21.5,143.5,1017.0,43.5,16.0,292.3,25.3,9,100,2022-08-03T06:47:24,2022-08-03T20:05:52,0.14,Partially cloudy,Partly cloudy throughout the day.,partly-cloudy-day,"74783012849,72204992805,KFLL,72203912885,KFXE,KPMP,0067W",741
86,"Fort Lauderdale, FL, United States",2022-08-04,32.2,28.4,30.0,37.3,31.8,34.5,23.4,68.2,0.0,0.0,0.0,rain,0,0,36.5,24.3,108.2,1017.4,38.2,16.0,289.4,24.9,9,100,2022-08-04T06:47:53,2022-08-04T20:05:12,0.2,Partially cloudy,Partly cloudy throughout the day.,partly-cloudy-day,"74783012849,72204992805,KFLL,72203912885,KFXE,KPMP,0067W",741
87,"Fort Lauderdale, FL, United States",2022-08-05,31.8,26.6,29.8,37.9,26.6,34.5,23.8,70.3,0.93,100.0,4.17,rain,0,0,53.6,27.4,101.3,1018.4,47.0,15.9,297.6,25.7,10,100,2022-08-05T06:48:23,2022-08-05T20:04:30,0.25,"Rain, Partially cloudy",Partly cloudy throughout the day with early morning rain.,rain,"74783012849,72204992805,KFLL,72203912885,KFXE,KPMP,0067W",741
88,"Fort Lauderdale, FL, United States",2022-08-06,32.6,28.1,30.0,38.4,31.1,34.4,23.4,68.2,1.14,100.0,20.83,rain,0,0,57.4,30.7,92.3,1019.3,50.8,15.9,289.1,24.9,10,100,2022-08-06T06:48:52,2022-08-06T20:03:47,0.31,"Rain, Partially cloudy",Partly cloudy throughout the day with rain.,rain,"74783012849,72204992805,KFLL,72203912885,KFXE,KPMP,0067W",741
89,"Fort Lauderdale, FL, United States",2022-08-07,31.5,27.6,29.2,37.3,30.6,33.5,23.7,72.3,2.13,100.0,29.17,rain,0,0,63.0,26.6,91.7,1019.2,53.6,16.0,189.5,16.5,8,100,2022-08-07T06:49:21,2022-08-07T20:03:03,0.36,"Rain, Partially cloudy",Partly cloudy throughout the day with rain.,rain,"74783012849,72204992805,KFLL,72203912885,KFXE,KPMP,0067W",741
90,"Fort Lauderdale, FL, United States",2022-08-08,32.0,27.8,29.7,37.3,30.8,34.3,23.8,71.1,0.0,0.0,0.0,,0,0,38.9,25.9,94.4,1018.3,55.2,16.0,300.8,25.9,10,100,2022-08-08T06:49:50,2022-08-08T20:02:18,0.41,Partially cloudy,Partly cloudy throughout the day.,partly-cloudy-day,"74783012849,72204992805,KFLL,72203912885,KFXE,KPMP,0067W",741
91,"Fort Lauderdale, FL, United States",2022-08-09,32.6,28.7,30.2,39.0,33.0,35.9,24.5,71.9,0.37,100.0,4.17,rain,0,0,38.9,29.5,106.9,1018.8,59.9,15.6,224.4,19.3,9,100,2022-08-09T06:50:19,2022-08-09T20:01:32,0.45,"Rain, Partially cloudy",Partly cloudy throughout the day with morning rain.,rain,"74783012849,72204992805,KFLL,72203912885,KFXE,KPMP,0067W",741
92,"Fort Lauderdale, FL, United States",2022-08-10,32.9,28.4,30.3,40.0,32.4,35.3,23.8,68.6,0.0,0.0,0.0,rain,0,0,38.9,30.1,113.4,1020.3,40.7,16.0,256.2,22.2,9,100,2022-08-10T06:50:48,2022-08-10T20:00:45,0.48,Partially cloudy,Partly cloudy throughout the day.,partly-cloudy-day,"74783012849,72204992805,KFLL,72203912885,KFXE,KPMP,0067W",741
93,"Fort Lauderdale, FL, United States",2022-08-11,32.1,28.3,29.9,37.4,32.1,34.2,23.3,68.2,0.0,0.0,0.0,rain,0,0,34.6,20.8,101.0,1018.6,45.6,16.0,218.4,18.7,8,100,2022-08-11T06:51:17,2022-08-11T19:59:57,0.5,Partially cloudy,Partly cloudy throughout the day.,partly-cloudy-day,"74783012849,72204992805,KFLL,72203912885,KFXE,KPMP,0067W",741
94,"Fort Lauderdale, FL, United States",2022-08-12,32.0,25.7,29.4,37.4,25.7,33.4,23.3,70.0,0.92,100.0,4.17,rain,0,0,55.4,21.7,105.7,1017.1,52.7,16.0,269.8,23.4,10,100,2022-08-12T06:51:45,2022-08-12T19:59:08,0.5,"Rain, Partially cloudy",Partly cloudy throughout the day with early morning rain.,rain,"74783012849,72204992805,KFLL,72203912885,KFXE,KPMP,0067W",741
95,"Fort Lauderdale, FL, United States",2022-08-13,31.6,25.7,27.9,36.1,25.7,30.3,23.2,76.4,3.76,100.0,16.67,rain,0,0,17.6,15.8,208.5,1016.4,57.1,16.0,156.3,13.4,9,75,2022-08-13T06:52:13,2022-08-13T19:58:19,0.52,"Rain, Partially cloudy",Partly cloudy throughout the day with rain.,rain,"74783012849,72204992805,KFLL,72203912885,KFXE,KPMP,0067W",741
96,"Fort Lauderdale, FL, United States",2022-08-14,31.8,24.3,27.1,36.7,24.3,28.8,23.0,78.8,14.06,100.0,8.33,rain,0,0,35.3,23.8,204.9,1015.1,57.4,15.7,234.1,20.2,10,75,2022-08-14T06:52:41,2022-08-14T19:57:28,0.54,"Rain, Partially cloudy",Partly cloudy throughout the day with afternoon rain.,rain,"74783012849,72204992805,KFLL,72203912885,KFXE,KPMP,0067W",741
97,"Fort Lauderdale, FL, United States",2022-08-15,31.9,25.0,27.8,37.1,25.0,30.2,23.5,78.7,0.05,100.0,8.33,rain,0,0,31.7,18.9,176.5,1013.6,39.0,16.0,258.2,22.2,9,100,2022-08-15T06:53:09,2022-08-15T19:56:36,0.58,"Rain, Partially cloudy",Becoming cloudy in the afternoon with rain.,rain,"74783012849,72204992805,KFLL,72203912885,KFXE,KPMP,0067W",741
98,"Fort Lauderdale, FL, United States",2022-08-16,33.0,26.0,28.5,39.0,26.0,31.6,23.8,76.7,1.6,100.0,12.5,rain,0,0,59.0,21.8,189.9,1013.7,39.5,15.9,222.1,19.3,10,75,2022-08-16T06:53:37,2022-08-16T19:55:44,0.62,"Rain, Partially cloudy",Becoming cloudy in the afternoon with rain.,rain,"74783012849,72204992805,KFLL,72203912885,KFXE,KPMP,0067W",741
99,"Fort Lauderdale, FL, United States",2022-08-17,33.9,26.1,30.0,39.2,26.1,33.7,23.8,70.9,0.15,100.0,4.17,rain,0,0,37.1,19.2,242.3,1014.3,38.5,16.0,242.8,20.9,10,100,2022-08-17T06:54:05,2022-08-17T19:54:51,0.67,"Rain, Partially cloudy",Partly cloudy throughout the day with afternoon rain.,rain,"74783012849,72204992805,KFLL,72203912885,KFXE,KPMP,0067W",741
100,"Fort Lauderdale, FL, United States",2022-08-18,33.7,27.1,30.1,40.2,30.4,35.0,24.0,70.4,0.35,100.0,4.17,rain,0,0,37.1,24.2,224.9,1014.5,41.7,16.0,285.0,24.8,10,100,2022-08-18T06:54:32,2022-08-18T19:53:57,0.72,"Rain, Partially cloudy",Partly cloudy throughout the day with late afternoon rain.,rain,"74783012849,72204992805,KFLL,72203912885,KFXE,KPMP,0067W",741
101,"Fort Lauderdale, FL, United States",2022-08-19,33.5,27.1,30.3,40.2,30.7,35.5,24.2,70.6,0.0,0.0,0.0,,0,0,25.9,24.7,127.2,1016.3,27.3,16.0,292.4,25.0,9,100,2022-08-19T06:54:59,2022-08-19T19:53:02,0.77,Partially cloudy,Partly cloudy throughout the day.,partly-cloudy-day,"74783012849,72204992805,KFLL,72203912885,KFXE,KPMP,0067W",741
102,"Fort Lauderdale, FL, United States",2022-08-20,33.1,29.2,30.8,42.2,34.4,37.7,25.2,72.4,0.0,0.0,0.0,rain,0,0,46.4,23.1,92.3,1018.5,50.1,15.9,279.3,24.1,10,100,2022-08-20T06:55:26,2022-08-20T19:52:06,0.82,Partially cloudy,Partly cloudy throughout the day.,partly-cloudy-day,"74783012849,72204992805,KFLL,72203912885,KFXE,KPMP,0067W",741
103,"Fort Lauderdale, FL, United States",2022-08-21,33.1,28.9,30.7,39.5,32.8,36.5,24.4,69.3,0.0,0.0,0.0,rain,0,0,35.3,23.6,95.3,1017.8,43.1,16.0,301.3,26.0,10,100,2022-08-21T06:55:53,2022-08-21T19:51:10,0.86,Partially cloudy,Partly cloudy throughout the day.,partly-cloudy-day,"74783012849,72204992805,KFLL,72203912885,KFXE,KPMP,0067W",741
104,"Fort Lauderdale, FL, United States",2022-08-22,32.6,28.7,30.4,39.7,32.8,36.0,24.3,70.5,0.4,100.0,8.33,rain,0,0,27.7,23.9,105.8,1015.5,52.3,16.0,267.1,23.2,10,100,2022-08-22T06:56:19,2022-08-22T19:50:13,0.9,"Rain, Partially cloudy",Partly cloudy throughout the day with early morning rain.,rain,"74783012849,72204992805,KFLL,72203912885,KFXE,KPMP,0067W",741
105,"Fort Lauderdale, FL, United States",2022-08-23,33.1,28.4,30.3,39.3,32.9,35.8,24.3,70.7,1.36,100.0,8.33,rain,0,0,17.3,22.2,100.6,1013.6,46.9,16.0,280.6,24.3,9,100,2022-08-23T06:56:46,2022-08-23T19:49:15,0.94,"Rain, Partially cloudy",Partly cloudy throughout the day with morning rain.,rain,"74783012849,72204992805,KFLL,72203912885,KFXE,KPMP,0067W",741
106,"Fort Lauderdale, FL, United States",2022-08-24,32.6,28.4,30.3,38.9,32.4,35.8,24.3,70.7,0.0,0.0,0.0,,0,0,23.8,22.8,98.5,1014.6,44.0,16.0,275.7,23.5,9,100,2022-08-24T06:57:12,2022-08-24T19:48:17,0.97,Partially cloudy,Partly cloudy throughout the day.,partly-cloudy-day,"74783012849,72204992805,KFLL,72203912885,KFXE,KPMP,0067W",741
107,"Fort Lauderdale, FL, United States",2022-08-25,33.6,28.7,30.7,39.1,33.9,36.1,24.1,68.4,0.0,0.0,0.0,rain,0,0,44.6,24.6,118.5,1016.1,42.2,16.0,267.7,23.0,9,100,2022-08-25T06:57:38,2022-08-25T19:47:18,0.99,Partially cloudy,Partly cloudy throughout the day.,partly-cloudy-day,"74783012849,72204992805,KFLL,72203912885,KFXE,KPMP,0067W",741
108,"Fort Lauderdale, FL, United States",2022-08-26,33.3,27.9,30.6,39.3,32.5,36.0,24.2,69.5,0.0,0.0,0.0,rain,0,0,21.2,20.8,103.9,1015.7,37.3,16.0,282.5,24.4,9,100,2022-08-26T06:58:04,2022-08-26T19:46:18,1.0,Partially cloudy,Partly cloudy throughout the day.,partly-cloudy-day,"74783012849,72204992805,KFLL,72203912885,KFXE,KPMP,0067W",741
109,"Fort Lauderdale, FL, United States",2022-08-27,32.9,27.2,29.7,38.3,29.8,34.4,24.0,71.9,0.0,0.0,0.0,rain,0,0,18.7,19.4,156.0,1014.2,47.4,16.0,225.0,19.3,9,75,2022-08-27T06:58:30,2022-08-27T19:45:18,0.0,Partially cloudy,Partly cloudy throughout the day.,partly-cloudy-day,"74783012849,72204992805,KFLL,72203912885,KFXE,KPMP,0067W",741
110,"Fort Lauderdale, FL, United States",2022-08-28,32.4,27.4,29.4,37.7,30.1,33.8,23.7,71.6,0.0,0.0,0.0,rain,0,0,33.5,23.5,168.1,1013.9,56.9,15.9,246.5,21.2,9,75,2022-08-28T06:58:55,2022-08-28T19:44:17,0.01,Partially cloudy,Partly cloudy throughout the day.,partly-cloudy-day,"74783012849,72204992805,KFLL,72203912885,KFXE,KPMP,0067W",741
111,"Fort Lauderdale, FL, United States",2022-08-29,32.6,25.7,28.8,37.0,25.7,32.3,23.7,74.8,0.05,100.0,8.33,rain,0,0,52.5,27.8,142.3,1014.9,58.1,16.0,181.1,15.8,8,100,2022-08-29T06:59:21,2022-08-29T19:43:15,0.02,"Rain, Partially cloudy",Partly cloudy throughout the day with morning rain.,rain,"74783012849,72204992805,KFLL,72203912885,KFXE,KPMP,0067W",741
112,"Fort Lauderdale, FL, United States",2022-08-30,33.0,28.1,30.5,39.2,32.4,35.6,23.9,68.5,0.0,0.0,0.0,rain,0,0,40.7,23.2,146.4,1015.3,46.3,16.0,278.3,24.3,10,100,2022-08-30T06:59:46,2022-08-30T19:42:13,0.05,Partially cloudy,Partly cloudy throughout the day.,partly-cloudy-day,"74783012849,72204992805,KFLL,72203912885,KFXE,KPMP,0067W",741
113,"Fort Lauderdale, FL, United States",2022-08-31,32.5,27.0,29.9,38.8,30.4,34.6,24.0,71.5,0.0,0.0,0.0,rain,0,0,29.5,21.5,163.6,1015.2,41.4,16.0,253.3,21.8,10,100,2022-08-31T07:00:11,2022-08-31T19:41:11,0.09,Partially cloudy,Partly cloudy throughout the day.,partly-cloudy-day,"74783012849,72204992805,KFLL,72203912885,KFXE,KPMP,0067W",741
114,"Fort Lauderdale, FL, United States",2022-09-01,32.6,26.5,29.1,37.9,26.5,32.7,23.6,72.8,0.0,0.0,0.0,rain,0,0,37.1,19.5,161.2,1015.2,31.0,15.8,265.6,22.9,9,100,2022-09-01T07:00:36,2022-09-01T19:40:08,0.13,Partially cloudy,Partly cloudy throughout the day.,partly-cloudy-day,"74783012849,72204992805,KFLL,72203912885,KFXE,KPMP,0067W",741
115,"Fort Lauderdale, FL, United States",2022-09-02,33.1,26.0,29.6,39.4,26.0,33.2,23.5,70.5,0.0,0.0,0.0,rain,0,0,33.5,26.1,122.3,1016.3,20.4,16.0,277.3,23.9,9,100,2022-09-02T07:01:01,2022-09-02T19:39:05,0.18,Partially cloudy,Partly cloudy throughout the day.,partly-cloudy-day,"74783012849,72204992805,KFLL,72203912885,KFXE,KPMP,0067W",741
116,"Fort Lauderdale, FL, United States",2022-09-03,32.7,26.1,29.9,38.2,26.1,34.0,23.8,70.7,0.0,0.0,0.0,rain,0,0,31.7,21.3,135.5,1016.7,22.4,16.0,274.8,23.6,9,100,2022-09-03T07:01:25,2022-09-03T19:38:01,0.24,Partially cloudy,Clearing in the afternoon.,partly-cloudy-day,"74783012849,72204992805,KFLL,72203912885,KFXE,KPMP,0067W",741
117,"Fort Lauderdale, FL, United States",2022-09-04,33.2,28.2,30.5,39.2,32.0,35.2,23.5,66.7,0.0,0.0,0.0,,0,0,25.2,20.8,79.0,1014.9,23.1,16.0,258.0,22.3,9,100,2022-09-04T07:01:50,2022-09-04T19:36:57,0.29,Partially cloudy,Partly cloudy throughout the day.,partly-cloudy-day,"74783012849,72204992805,KFLL,72203912885,KFXE,KPMP,0067W",741
118,"Fort Lauderdale, FL, United States",2022-09-05,32.6,27.3,30.2,39.4,31.3,35.7,24.4,71.6,0.0,0.0,0.0,,0,0,29.5,19.7,105.8,1015.2,29.4,15.8,273.6,23.6,9,100,2022-09-05T07:02:15,2022-09-05T19:35:52,0.35,Partially cloudy,Partly cloudy throughout the day.,partly-cloudy-day,"74783012849,72204992805,KFLL,72203912885,KFXE,KPMP,0067W",741
119,"Fort Lauderdale, FL, United States",2022-09-06,33.1,28.5,30.5,39.6,33.4,36.1,24.4,70.2,0.0,0.0,0.0,,0,0,29.5,19.5,103.5,1016.0,34.4,16.0,256.8,22.1,9,100,2022-09-06T07:02:39,2022-09-06T19:34:47,0.4,Partially cloudy,Partly cloudy throughout the day.,partly-cloudy-day,"74783012849,72204992805,KFLL,72203912885,KFXE,KPMP,0067W",741
120,"Fort Lauderdale, FL, United States",2022-09-07,33.3,26.7,29.9,39.4,29.7,34.5,23.9,70.9,0.0,0.0,0.0,rain,0,0,22.7,19.9,206.0,1013.3,39.2,16.0,270.0,23.3,9,100,2022-09-07T07:03:03,2022-09-07T19:33:42,0.44,Partially cloudy,Becoming cloudy in the afternoon.,partly-cloudy-day,"74783012849,72204992805,KFLL,72203912885,KFXE,KPMP,0067W",741
121,"Fort Lauderdale, FL, United States",2022-09-08,32.4,25.4,28.4,39.7,25.4,31.5,23.9,77.2,1.59,100.0,20.83,rain,0,0,57.2,22.3,209.0,1008.8,39.0,15.7,230.1,20.0,9,100,2022-09-08T07:03:28,2022-09-08T19:32:37,0.47,"Rain, Partially cloudy",Partly cloudy throughout the day with rain.,rain,"74783012849,72204992805,KFLL,72203912885,KFXE,KPMP,0067W",741
122,"Fort Lauderdale, FL, United States",2022-09-09,32.4,25.8,27.7,38.6,25.8,30.3,24.3,82.3,7.64,100.0,37.5,rain,0,0,36.1,15.8,188.9,1009.9,60.5,15.4,157.3,13.6,9,75,2022-09-09T07:03:52,2022-09-09T19:31:31,0.49,"Rain, Partially cloudy",Partly cloudy throughout the day with rain.,rain,"74783012849,72204992805,KFLL,72203912885,KFXE,KPMP,0067W",741
123,"Fort Lauderdale, FL, United States",2022-09-10,34.1,26.1,30.1,42.0,26.1,35.4,24.6,73.2,0.31,100.0,4.17,rain,0,0,35.3,25.7,150.5,1015.6,60.6,16.0,259.6,22.5,9,100,2022-09-10T07:04:16,2022-09-10T19:30:25,0.5,"Rain, Partially cloudy",Partly cloudy throughout the day with morning rain.,rain,"74783012849,72204992805,KFLL,72203912885,KFXE,KPMP,0067W",741
124,"Fort Lauderdale, FL, United States",2022-09-11,33.3,26.7,29.7,40.7,28.9,35.0,24.5,74.2,0.0,0.0,0.0,rain,0,0,35.3,22.2,149.5,1017.8,43.1,16.0,238.5,20.6,9,100,2022-09-11T07:04:40,2022-09-11T19:29:19,0.51,Partially cloudy,Partly cloudy throughout the day.,partly-cloudy-day,"74783012849,72204992805,KFLL,72203912885,KFXE,KPMP,0067W",741
125,"Fort Lauderdale, FL, United States",2022-09-12,32.6,25.7,29.2,39.7,25.7,32.5,23.5,72.1,0.0,0.0,0.0,rain,0,0,32.3,18.8,181.8,1014.9,29.3,16.0,246.7,21.4,9,100,2022-09-12T07:05:04,2022-09-12T19:28:12,0.53,Partially cloudy,Partly cloudy throughout the day.,partly-cloudy-day,"74783012849,72204992805,KFLL,72203912885,KFXE,KPMP,0067W",741
126,"Fort Lauderdale, FL, United States",2022-09-13,32.0,25.8,28.9,37.7,25.8,32.6,23.5,73.2,1.74,100.0,12.5,rain,0,0,25.9,18.9,193.2,1012.9,47.4,15.6,217.4,18.7,10,100,2022-09-13T07:05:29,2022-09-13T19:27:06,0.56,"Rain, Partially cloudy",Partly cloudy throughout the day with rain in the morning and afternoon.,rain,"74783012849,72204992805,KFLL,72203912885,KFXE,KPMP,0067W",741
127,"Fort Lauderdale, FL, United States",2022-09-14,30.8,25.2,26.6,35.2,25.2,27.6,23.4,82.9,3.89,100.0,25.0,rain,0,0,22.7,15.9,160.8,1013.8,58.6,15.7,120.2,10.2,8,75,2022-09-14T07:05:53,2022-09-14T19:25:59,0.6,"Rain, Partially cloudy",Partly cloudy throughout the day with rain in the morning and afternoon.,rain,"74783012849,72204992805,KFLL,72203912885,KFXE,KPMP,0067W",741
128,"Fort Lauderdale, FL, United States",2022-09-15,31.3,24.8,27.2,36.3,24.8,29.2,24.1,83.9,9.7,100.0,25.0,rain,0,0,31.7,17.0,141.9,1016.0,63.1,15.6,146.6,12.7,10,100,2022-09-15T07:06:17,2022-09-15T19:24:52,0.64,"Rain, Partially cloudy",Partly cloudy throughout the day with rain.,rain,"74783012849,72204992805,KFLL,72203912885,KFXE,KPMP,0067W",741
129,"Fort Lauderdale, FL, United States",2022-09-16,29.6,23.9,27.1,35.3,23.9,29.7,24.0,83.6,7.33,100.0,20.83,rain,0,0,22.3,20.4,144.1,1016.8,62.7,15.7,94.1,8.2,3,100,2022-09-16T07:06:41,2022-09-16T19:23:45,0.69,"Rain, Partially cloudy",Partly cloudy throughout the day with rain.,rain,"74783012849,72204992805,KFLL,72203912885,KFXE,KPMP,0067W",741
130,"Fort Lauderdale, FL, United States",2022-09-17,31.8,26.1,28.2,39.1,26.1,31.7,24.0,78.7,1.57,100.0,25.0,rain,0,0,36.0,27.7,86.2,1015.9,71.9,16.0,139.6,12.1,9,75,2022-09-17T07:07:05,2022-09-17T19:22:38,0.74,"Rain, Partially cloudy",Partly cloudy throughout the day with rain.,rain,"74783012849,72204992805,KFLL,72203912885,KFXE,KPMP,0067W",741
131,"Fort Lauderdale, FL, United States",2022-09-18,29.9,23.2,26.3,35.8,23.2,28.7,24.0,88.1,15.17,100.0,41.67,rain,0,0,60.8,15.1,115.1,1014.3,61.5,14.9,145.3,12.6,9,75,2022-09-18T07:07:29,2022-09-18T19:21:31,0.78,"Rain, Partially cloudy",Becoming cloudy in the afternoon with a chance of rain throughout the day.,rain,"74783012849,72204992805,KFLL,72203912885,KFXE,KPMP,0067W",741
132,"Fort Lauderdale, FL, United States",2022-09-19,30.9,24.8,28.1,36.2,24.8,31.2,24.1,79.8,0.0,0.0,0.0,,0,0,19.8,14.3,162.0,1012.9,41.9,16.0,151.5,13.2,8,75,2022-09-19T07:07:54,2022-09-19T19:20:24,0.83,Partially cloudy,Partly cloudy throughout the day.,partly-cloudy-day,"74783012849,72204992805,KFLL,72203912885,KFXE,KPMP,0067W",741
133,"Fort Lauderdale, FL, United States",2022-09-20,32.4,25.8,29.1,38.4,25.8,33.1,24.3,76.3,0.21,100.0,16.67,rain,0,0,31.7,22.6,123.7,1012.5,41.8,16.0,244.4,21.1,9,100,2022-09-20T07:08:18,2022-09-20T19:19:17,0.87,"Rain, Partially cloudy",Partly cloudy throughout the day with rain.,rain,"74783012849,72204992805,KFLL,72203912885,KFXE,KPMP,0067W",741
134,"Fort Lauderdale, FL, United States",2022-09-21,31.6,26.1,28.5,37.7,26.1,32.1,24.2,78.5,0.9,100.0,12.5,rain,0,0,33.5,15.8,183.2,1010.7,47.3,15.7,183.8,15.7,9,100,2022-09-21T07:08:43,2022-09-21T19:18:10,0.91,"Rain, Partially cloudy",Becoming cloudy in the afternoon with rain.,rain,"74783012849,72204992805,KFLL,72203912885,KFXE,KPMP,0067W",741
135,"Fort Lauderdale, FL, United States",2022-09-22,32.4,25.0,27.7,37.7,25.0,30.7,24.2,82.4,5.15,100.0,12.5,rain,0,0,37.1,14.7,274.2,1009.9,54.1,15.9,146.0,12.8,10,75,2022-09-22T07:09:07,2022-09-22T19:17:03,0.95,"Rain, Partially cloudy",Partly cloudy throughout the day with rain.,rain,"74783012849,72204992805,KFLL,72203912885,KFXE,KPMP,0067W",741
136,"Fort Lauderdale, FL, United States",2022-09-23,33.6,24.7,28.9,38.4,24.7,31.1,22.9,72.2,0.0,0.0,0.0,rain,0,0,22.0,16.5,199.9,1012.4,18.3,16.0,261.0,22.5,9,60,2022-09-23T07:09:32,2022-09-23T19:15:56,0.97,Clear,Clear conditions throughout the day.,clear-day,"74783012849,72204992805,KFLL,72203912885,KFXE,KPMP,0067W",741
137,"Fort Lauderdale, FL, United States",2022-09-24,31.1,25.8,27.5,37.5,25.8,30.3,24.2,82.1,4.32,100.0,33.33,rain,0,0,21.6,15.6,168.5,1013.6,63.1,15.3,187.9,16.3,8,100,2022-09-24T07:09:57,2022-09-24T19:14:49,0.99,"Rain, Partially cloudy",Partly cloudy throughout the day with rain.,rain,"74783012849,72204992805,KFLL,72203912885,KFXE,KPMP,0067W",741
138,"Fort Lauderdale, FL, United States",2022-09-25,32.3,25.0,28.6,37.6,25.0,32.1,24.3,79.3,0.0,0.0,0.0,,0,0,56.4,24.5,158.9,1011.8,31.3,15.9,229.8,19.8,9,100,2022-09-25T07:10:22,2022-09-25T19:13:43,1.0,Partially cloudy,Partly cloudy throughout the day.,partly-cloudy-day,"74783012849,72204992805,KFLL,72203912885,KFXE,KPMP,0067W",741
139,"Fort Lauderdale, FL, United States",2022-09-26,30.9,23.9,27.2,37.0,23.9,29.9,24.4,85.2,9.47,100.0,33.33,rain,0,0,48.9,21.1,136.7,1011.4,54.9,14.7,103.0,9.0,8,100,2022-09-26T07:10:47,2022-09-26T19:12:36,0.0,"Rain, Partially cloudy",Partly cloudy throughout the day with rain.,rain,"74783012849,72204992805,KFLL,72203912885,KFXE,KPMP,0067W",741
140,"Fort Lauderdale, FL, United States",2022-09-27,28.0,24.6,26.3,33.5,24.6,27.9,24.9,92.3,13.33,100.0,75.0,rain,0,0,64.4,41.1,90.6,1010.4,86.1,12.0,40.5,3.6,3,75,2022-09-27T07:11:13,2022-09-27T19:11:30,0.01,"Rain, Partially cloudy",Partly cloudy throughout the day with a chance of rain throughout the day.,rain,"74783012849,72204992805,KFLL,72203912885,KFXE,KPMP,0067W",741
141,"Fort Lauderdale, FL, United States",2022-09-28,30.2,26.8,28.4,36.7,29.6,33.4,25.0,82.4,5.62,100.0,29.17,rain,0,0,71.6,44.3,165.0,1004.8,86.5,15.2,126.3,10.8,5,100,2022-09-28T07:11:38,2022-09-28T19:10:24,0.04,"Rain, Partially cloudy",Partly cloudy throughout the day with a chance of rain throughout the day.,rain,"74783012849,72204992805,KFLL,72203912885,KFXE,KPMP,0067W",741
142,"Fort Lauderdale, FL, United States",2022-09-29,30.0,23.4,27.2,34.1,23.4,29.0,22.2,74.8,0.0,0.0,0.0,rain,0,0,57.7,35.9,254.6,1005.1,72.7,16.0,187.4,16.1,9,10,2022-09-29T07:12:04,2022-09-29T19:09:18,0.07,Partially cloudy,Partly cloudy throughout the day.,partly-cloudy-day,"74783012849,72204992805,KFLL,72203912885,KFXE,KPMP,0067W",741
143,"Fort Lauderdale, FL, United States",2022-09-30,28.9,20.0,23.6,30.6,20.0,23.9,19.2,77.2,0.0,4.8,0.0,rain,0,0,37.8,17.1,257.8,1008.3,12.7,16.4,255.8,22.2,8,10,2022-09-30T07:12:30,2022-09-30T19:08:13,0.12,Clear,Clear conditions throughout the day.,clear-day,"KFLL,KFXE,KPMP,0067W",741
