,name,datetime,tempmax,tempmin,temp,feelslikemax,feelslikemin,feelslike,dew,humidity,precip,precipprob,precipcover,preciptype,snow,snowdepth,windgust,windspeed,winddir,sealevelpressure,cloudcover,visibility,solarradiation,solarenergy,uvindex,severerisk,sunrise,sunset,moonphase,conditions,description,icon,stations,skey
0,"Orlando, FL, United States",2022-05-10,28.3,18.1,22.8,27.6,18.1,22.7,12.8,55.9,0.0,0,0.0,,0,0,40.7,27.8,133.0,1019.1,9.5,16.0,260.0,22.4,10,10,2022-05-10T06:37:59,2022-05-10T20:06:17,0.32,Clear,Clear conditions throughout the day.,clear-day,"72205312841,72205712854,D4166,72205012815,KISM,KORL,KMCO",784
1,"Orlando, FL, United States",2022-05-11,28.8,18.8,23.5,28.3,18.8,23.4,13.8,56.2,0.0,0,0.0,,0,0,42.9,31.4,139.1,1017.5,11.9,16.0,293.3,25.3,10,10,2022-05-11T06:37:19,2022-05-11T20:06:53,0.37,Clear,Clear conditions throughout the day.,clear-day,"72205312841,72205712854,D4166,72205012815,KISM,KORL,KMCO",784
2,"Orlando, FL, United States",2022-05-12,28.6,19.2,23.3,28.2,19.2,23.3,15.8,64.1,0.03,100,4.17,rain,0,0,37.4,26.5,145.8,1014.9,31.5,16.0,232.0,20.1,10,30,2022-05-12T06:36:40,2022-05-12T20:07:29,0.41,"Rain, Partially cloudy",Becoming cloudy in the afternoon with afternoon rain.,rain,"72205312841,72205712854,D4166,72205012815,KISM,KORL,KMCO",784
3,"Orlando, FL, United States",2022-05-13,31.3,19.2,24.0,31.1,19.2,24.0,16.9,66.8,5.49,100,12.5,rain,0,0,50.0,20.3,225.3,1014.7,32.2,15.9,297.2,25.7,10,75,2022-05-13T06:36:03,2022-05-13T20:08:05,0.45,"Rain, Partially cloudy",Partly cloudy throughout the day with late afternoon rain.,rain,"72205312841,72205712854,D4166,72205012815,KISM,KORL,KMCO",784
4,"Orlando, FL, United States",2022-05-14,32.7,19.9,25.5,32.2,19.9,25.8,18.3,66.9,0.0,0,0.0,rain,0,0,26.6,21.9,105.0,1014.7,8.3,16.0,282.7,24.4,10,60,2022-05-14T06:35:26,2022-05-14T20:08:41,0.48,Clear,Clear conditions throughout the day.,clear-day,"72205312841,72205712854,D4166,72205012815,KISM,KORL,KMCO",784
5,"Orlando, FL, United States",2022-05-15,32.0,21.7,26.3,34.1,21.7,27.0,20.2,70.9,16.54,100,12.5,rain,0,0,50.0,27.9,102.4,1013.8,43.8,15.6,202.1,17.6,10,100,2022-05-15T06:34:51,2022-05-15T20:09:17,0.5,"Rain, Partially cloudy",Partly cloudy throughout the day with late afternoon rain.,rain,"72205312841,72205712854,D4166,72205012815,KISM,KORL,KMCO",784
6,"Orlando, FL, United States",2022-05-16,32.1,20.6,26.3,32.5,20.6,26.6,18.5,65.7,0.0,0,0.0,rain,0,0,29.5,17.9,268.8,1013.2,15.7,15.8,296.1,25.7,10,60,2022-05-16T06:34:17,2022-05-16T20:09:53,0.5,Clear,Clear conditions throughout the day.,clear-day,"72205312841,72205712854,D4166,72205012815,KISM,KORL,KMCO",784
7,"Orlando, FL, United States",2022-05-17,32.9,22.6,27.6,33.8,22.6,28.1,19.6,64.3,5.05,100,12.5,rain,0,0,37.1,20.8,271.7,1015.1,34.1,16.0,304.5,26.1,10,60,2022-05-17T06:33:45,2022-05-17T20:10:29,0.52,"Rain, Partially cloudy",Becoming cloudy in the afternoon with late afternoon rain.,rain,"72205312841,1341W,72205712854,D4166,F5421,72205012815,KISM,KORL,KMCO",784
8,"Orlando, FL, United States",2022-05-18,33.7,24.2,28.2,35.7,24.2,29.6,21.0,66.6,0.0,0,0.0,,0,0,22.3,19.5,210.7,1016.2,24.4,16.0,292.2,25.0,10,75,2022-05-18T06:33:14,2022-05-18T20:11:04,0.54,Partially cloudy,Partly cloudy throughout the day.,partly-cloudy-day,"72205312841,72205712854,F5421,D4166,72205012815,KISM,KORL,KMCO",784
9,"Orlando, FL, United States",2022-05-19,33.3,23.7,28.7,35.9,23.7,30.3,20.8,63.9,0.0,0,0.0,,0,0,29.5,21.1,203.9,1015.3,15.6,16.0,318.7,27.6,9,75,2022-05-19T06:32:44,2022-05-19T20:11:40,0.58,Clear,Clear conditions throughout the day.,clear-day,"72205312841,72205712854,F5421,D4166,72205012815,KISM,KORL,KMCO",784
10,"Orlando, FL, United States",2022-05-20,29.0,23.2,26.3,31.2,23.2,27.1,21.2,74.0,35.59,100,20.83,rain,0,0,64.8,41.3,158.0,1017.4,40.5,15.5,165.2,14.5,4,75,2022-05-20T06:32:15,2022-05-20T20:12:15,0.63,"Rain, Partially cloudy",Partly cloudy throughout the day with rain.,rain,"72205312841,1341W,72205712854,F5421,D4166,72205012815,KISM,KORL,KMCO",784
11,"Orlando, FL, United States",2022-05-21,33.8,22.7,26.8,39.4,22.7,28.6,22.0,76.8,20.0,100,33.33,rain,0,0,62.1,37.2,148.7,1021.5,56.5,15.1,267.0,23.1,9,100,2022-05-21T06:31:48,2022-05-21T20:12:50,0.68,"Rain, Partially cloudy",Partly cloudy throughout the day with rain.,rain,"72205312841,1341W,72205712854,F5421,D4166,72205012815,KISM,KORL,KMCO",784
12,"Orlando, FL, United States",2022-05-22,33.7,22.8,28.1,37.6,22.8,30.3,22.1,71.9,0.66,100,4.17,rain,0,0,31.7,22.7,122.3,1022.0,21.8,15.8,338.5,29.4,9,75,2022-05-22T06:31:22,2022-05-22T20:13:24,0.74,"Rain, Partially cloudy",Partly cloudy throughout the day with early morning rain.,rain,"72205312841,72205712854,F5421,D4166,72205012815,KISM,KORL,KMCO",784
13,"Orlando, FL, United States",2022-05-23,33.6,24.2,28.5,35.4,24.2,29.7,21.0,66.4,0.0,0,0.0,,0,0,36.4,24.1,136.0,1019.6,22.1,16.0,392.4,34.0,10,60,2022-05-23T06:30:57,2022-05-23T20:13:58,0.79,Partially cloudy,Becoming cloudy in the afternoon.,partly-cloudy-day,"72205312841,72205712854,F5421,D4166,72205012815,KISM,KORL,KMCO",784
14,"Orlando, FL, United States",2022-05-24,33.2,24.2,28.1,35.0,24.2,29.1,20.6,65.4,0.0,0,0.0,rain,0,0,36.9,22.7,139.0,1017.8,26.1,16.0,311.8,26.8,10,60,2022-05-24T06:30:33,2022-05-24T20:14:32,0.85,Partially cloudy,Partly cloudy throughout the day.,partly-cloudy-day,"72205312841,72205712854,F5421,D4166,72205012815,KISM,KORL,KMCO",784
15,"Orlando, FL, United States",2022-05-25,32.6,22.8,27.4,35.3,22.8,28.4,20.4,67.4,0.0,0,0.0,,0,0,37.1,25.8,116.3,1018.8,25.4,16.0,302.3,26.1,10,30,2022-05-25T06:30:11,2022-05-25T20:15:06,0.89,Partially cloudy,Partly cloudy throughout the day.,partly-cloudy-day,"72205312841,72205712854,F5421,D4166,72205012815,KISM,KORL,KMCO",784
16,"Orlando, FL, United States",2022-05-26,33.3,24.2,28.2,35.5,24.2,29.2,20.7,66.2,0.0,0,0.0,,0,0,37.1,23.7,128.5,1019.0,29.1,16.0,344.3,29.9,10,30,2022-05-26T06:29:51,2022-05-26T20:15:39,0.93,Partially cloudy,Partly cloudy throughout the day.,partly-cloudy-day,"72205312841,72205712854,F5421,D4166,72205012815,KISM,KORL,KMCO",784
17,"Orlando, FL, United States",2022-05-27,32.8,25.0,28.1,35.7,25.0,29.2,20.6,65.0,0.0,0,0.0,rain,0,0,33.5,23.9,173.2,1015.7,33.4,16.0,271.4,23.8,10,60,2022-05-27T06:29:31,2022-05-27T20:16:12,0.96,Partially cloudy,Becoming cloudy in the afternoon.,partly-cloudy-day,"72205312841,72205712854,F5421,D4166,72205012815,KISM,KORL,KMCO",784
18,"Orlando, FL, United States",2022-05-28,33.2,24.2,28.1,34.0,24.2,29.0,20.2,65.3,0.0,0,0.0,rain,0,0,20.5,12.7,222.4,1013.6,42.6,16.0,292.4,25.2,9,75,2022-05-28T06:29:13,2022-05-28T20:16:44,0.99,Partially cloudy,Partly cloudy throughout the day.,partly-cloudy-day,"72205312841,72205712854,F5421,D4166,72205012815,KISM,KORL,KMCO",784
19,"Orlando, FL, United States",2022-05-29,34.7,24.1,28.5,37.6,24.1,29.9,20.0,61.3,0.48,100,8.33,rain,0,0,38.9,22.1,143.8,1014.8,33.6,15.7,375.6,32.7,10,100,2022-05-29T06:28:56,2022-05-29T20:17:16,1.0,"Rain, Partially cloudy",Becoming cloudy in the afternoon with late afternoon rain.,rain,"72205312841,72205712854,F5421,D4166,72205012815,KISM,KORL,KMCO",784
20,"Orlando, FL, United States",2022-05-30,32.1,21.9,27.2,34.2,21.9,28.0,19.3,63.7,0.0,0,0.0,,0,0,33.5,27.4,113.1,1017.3,16.3,16.0,347.5,30.0,10,60,2022-05-30T06:28:41,2022-05-30T20:17:48,0.0,Clear,Clear conditions throughout the day.,clear-day,"72205312841,72205712854,F5421,D4166,72205012815,KISM,KORL,KMCO",784
21,"Orlando, FL, United States",2022-05-31,32.2,23.7,27.6,33.5,23.7,28.3,20.0,65.2,0.0,0,0.0,,0,0,40.6,31.0,70.6,1017.4,29.8,16.0,305.8,26.6,10,60,2022-05-31T06:28:27,2022-05-31T20:18:19,0.0,Partially cloudy,Partly cloudy throughout the day.,partly-cloudy-day,"72205312841,72205712854,F5421,D4166,72205012815,KISM,KORL,KMCO",784
22,"Orlando, FL, United States",2022-06-01,30.6,23.8,26.4,32.9,23.8,27.3,20.2,69.1,1.24,100,20.83,rain,0,0,44.8,29.7,59.7,1015.2,37.4,15.5,191.8,16.6,10,60,2022-06-01T06:28:15,2022-06-01T20:18:49,0.02,"Rain, Partially cloudy",Partly cloudy throughout the day with afternoon rain.,rain,"72205312841,72205712854,D4166,72205012815,KISM,KORL,KMCO",784
23,"Orlando, FL, United States",2022-06-02,33.2,22.8,27.8,35.5,22.8,28.7,20.0,64.5,0.0,0,0.0,,0,0,35.3,26.8,103.8,1012.9,22.0,16.0,307.2,26.8,10,30,2022-06-02T06:28:03,2022-06-02T20:19:19,0.04,Partially cloudy,Becoming cloudy in the afternoon.,partly-cloudy-day,"72205312841,72205712854,D4166,72205012815,KISM,KORL,KMCO",784
24,"Orlando, FL, United States",2022-06-03,29.9,23.7,26.0,32.5,23.7,26.8,21.1,75.1,0.26,100,4.17,rain,0,0,30.6,22.8,142.1,1011.4,41.1,16.0,129.4,11.3,7,10,2022-06-03T06:27:53,2022-06-03T20:19:48,0.07,"Rain, Partially cloudy",Becoming cloudy in the afternoon with late afternoon rain.,rain,"72205312841,72205712854,D4166,72205012815,KISM,KORL,KMCO",784
25,"Orlando, FL, United States",2022-06-04,27.6,23.3,24.8,29.9,23.3,24.9,21.7,83.5,5.23,100,50.0,rain,0,0,42.5,22.6,70.1,1007.5,88.0,14.5,127.3,11.1,8,30,2022-06-04T06:27:45,2022-06-04T20:20:16,0.11,"Rain, Partially cloudy",Partly cloudy throughout the day with a chance of rain throughout the day.,rain,"72205312841,72205712854,D4166,72205012815,KISM,KORL,KMCO",784
26,"Orlando, FL, United States",2022-06-05,32.8,23.2,27.3,35.8,23.2,28.7,21.6,72.5,0.54,100,4.17,rain,0,0,29.2,19.2,229.6,1008.3,35.5,16.0,259.8,22.7,10,60,2022-06-05T06:27:37,2022-06-05T20:20:44,0.14,"Rain, Partially cloudy",Partly cloudy throughout the day with late afternoon rain.,rain,"72205312841,72205712854,D4166,72205012815,KISM,KORL,KMCO",784
27,"Orlando, FL, United States",2022-06-06,34.2,23.9,27.3,38.6,23.9,28.6,22.1,74.7,4.94,100,8.33,rain,0,0,63.0,37.9,79.1,1012.2,38.2,15.7,220.3,19.2,10,75,2022-06-06T06:27:32,2022-06-06T20:21:11,0.19,"Rain, Partially cloudy",Partly cloudy throughout the day with afternoon rain.,rain,"72205312841,72205712854,D4166,72205012815,KISM,KORL,KMCO",784
28,"Orlando, FL, United States",2022-06-07,34.8,22.7,28.1,37.4,22.7,29.9,21.0,67.4,0.0,0,0.0,rain,0,0,28.1,23.7,179.0,1014.4,12.9,16.0,257.4,22.2,10,60,2022-06-07T06:27:27,2022-06-07T20:21:38,0.24,Clear,Clear conditions throughout the day.,clear-day,"72205312841,72205712854,D4166,72205012815,KISM,KORL,KMCO",784
29,"Orlando, FL, United States",2022-06-08,34.8,23.8,27.3,39.1,23.8,28.6,22.1,74.9,19.01,100,12.5,rain,0,0,65.4,23.8,186.5,1015.4,23.8,15.2,207.7,17.9,10,60,2022-06-08T06:27:24,2022-06-08T20:22:03,0.29,"Rain, Partially cloudy",Becoming cloudy in the afternoon with rain.,rain,"72205312841,72205712854,D4166,F5421,72205012815,KISM,KORL,KMCO",784
30,"Orlando, FL, United States",2022-06-09,33.3,24.3,28.4,37.1,24.3,30.7,22.6,72.2,1.15,100,8.33,rain,0,0,37.1,25.5,248.4,1015.1,29.4,15.7,171.7,14.8,9,75,2022-06-09T06:27:22,2022-06-09T20:22:28,0.35,"Rain, Partially cloudy",Partly cloudy throughout the day with afternoon rain.,rain,"72205312841,72205712854,D4166,72205012815,KISM,KORL,KMCO",784
31,"Orlando, FL, United States",2022-06-10,32.7,25.5,27.9,37.4,25.5,30.0,23.3,76.5,10.08,100,12.5,rain,0,0,57.4,18.2,236.3,1013.7,36.7,16.0,142.7,12.3,10,75,2022-06-10T06:27:21,2022-06-10T20:22:52,0.39,"Rain, Partially cloudy",Partly cloudy throughout the day with afternoon rain.,rain,"72205312841,72205712854,D4166,72205012815,KISM,KORL,KMCO",784
32,"Orlando, FL, United States",2022-06-11,32.6,23.7,27.1,36.7,23.7,28.6,22.0,74.6,6.61,100,8.33,rain,0,0,37.1,20.2,213.9,1013.8,31.0,15.5,189.8,16.4,8,75,2022-06-11T06:27:22,2022-06-11T20:23:15,0.44,"Rain, Partially cloudy",Becoming cloudy in the afternoon with afternoon rain.,rain,"72205312841,72205712854,D4166,F5421,72205012815,KISM,KORL,KMCO",784
33,"Orlando, FL, United States",2022-06-12,33.2,24.2,28.4,38.6,24.2,30.7,22.2,70.3,1.33,100,4.17,rain,0,0,57.2,25.9,195.0,1016.0,29.2,16.0,271.6,23.5,10,75,2022-06-12T06:27:24,2022-06-12T20:23:37,0.47,"Rain, Partially cloudy",Partly cloudy throughout the day with afternoon rain.,rain,"72205312841,72205712854,D4166,F5421,72205012815,KISM,KORL,KMCO",784
34,"Orlando, FL, United States",2022-06-13,34.3,25.4,29.5,38.5,25.4,32.3,22.6,67.9,3.17,100,8.33,rain,0,0,20.2,22.9,192.6,1018.4,42.6,15.7,246.9,21.3,10,100,2022-06-13T06:27:27,2022-06-13T20:23:59,0.49,"Rain, Partially cloudy",Becoming cloudy in the afternoon with late afternoon rain.,rain,"72205312841,72205712854,D4166,72205012815,KISM,KORL,KMCO",784
35,"Orlando, FL, United States",2022-06-14,34.9,26.6,30.4,38.8,26.6,34.2,22.9,65.8,0.78,100,12.5,rain,0,0,25.2,17.9,239.5,1018.0,33.8,16.0,245.1,21.1,9,75,2022-06-14T06:27:31,2022-06-14T20:24:19,0.5,"Rain, Partially cloudy",Becoming cloudy in the afternoon with early morning rain.,rain,"72205312841,72205712854,D4166,72205012815,KISM,KORL,KMCO",784
36,"Orlando, FL, United States",2022-06-15,36.6,26.5,30.7,41.5,26.5,34.5,22.7,64.2,0.56,100,8.33,rain,0,0,47.9,22.5,114.1,1017.0,15.3,16.0,251.2,21.6,10,75,2022-06-15T06:27:37,2022-06-15T20:24:38,0.51,Rain,Clear conditions throughout the day with late afternoon rain.,rain,"72205312841,72205712854,D4166,72205012815,KISM,KORL,KMCO",784
37,"Orlando, FL, United States",2022-06-16,36.0,26.4,30.6,41.6,26.4,34.1,22.6,64.0,0.0,0,0.0,,0,0,35.3,22.0,70.8,1018.4,13.4,16.0,263.1,22.6,10,75,2022-06-16T06:27:44,2022-06-16T20:24:57,0.53,Clear,Clear conditions throughout the day.,clear-day,"72205312841,72205712854,D4166,72205012815,KISM,KORL,KMCO",784
38,"Orlando, FL, United States",2022-06-17,35.5,26.1,30.1,39.8,26.1,33.1,22.2,64.4,0.0,0,0.0,,0,0,28.8,20.1,71.5,1016.8,13.8,16.0,310.5,26.8,10,75,2022-06-17T06:27:52,2022-06-17T20:25:14,0.57,Clear,Clear conditions throughout the day.,clear-day,"72205312841,72205712854,D4166,72205012815,KISM,KORL,KMCO",784
39,"Orlando, FL, United States",2022-06-18,36.6,24.9,27.9,42.3,24.9,29.3,21.9,71.1,21.18,100,16.67,rain,0,0,72.0,22.6,235.1,1013.9,22.7,15.3,172.3,14.9,10,100,2022-06-18T06:28:01,2022-06-18T20:25:30,0.62,"Rain, Partially cloudy",Becoming cloudy in the afternoon with rain.,rain,"72205312841,72205712854,D4166,72205012815,KISM,KORL,KMCO",784
40,"Orlando, FL, United States",2022-06-19,34.9,24.4,27.7,40.4,24.4,29.5,21.4,69.2,3.27,100,8.33,rain,0,0,51.6,23.7,172.3,1015.4,41.1,16.0,161.7,14.0,10,75,2022-06-19T06:28:11,2022-06-19T20:25:45,0.67,"Rain, Partially cloudy",Partly cloudy throughout the day with afternoon rain.,rain,"72205312841,72205712854,D4166,72205012815,KISM,KORL,KMCO",784
41,"Orlando, FL, United States",2022-06-20,32.7,24.3,28.5,38.0,24.3,30.8,22.4,70.4,0.0,0,0.0,rain,0,0,38.9,30.4,71.6,1020.1,58.0,16.0,218.3,18.9,10,100,2022-06-20T06:28:23,2022-06-20T20:25:59,0.72,Partially cloudy,Partly cloudy throughout the day.,partly-cloudy-day,"72205312841,72205712854,D4166,72205012815,KISM,KORL,KMCO",784
42,"Orlando, FL, United States",2022-06-21,32.1,24.8,27.9,32.6,24.8,28.4,19.4,61.7,0.0,0,0.0,,0,0,40.7,24.4,73.3,1021.3,14.2,16.0,256.6,22.1,9,30,2022-06-21T06:28:35,2022-06-21T20:26:12,0.77,Clear,Clear conditions throughout the day.,clear-day,"72205312841,72205712854,D4166,72205012815,KISM,KORL,KMCO",784
43,"Orlando, FL, United States",2022-06-22,32.7,23.8,28.0,34.4,23.8,28.6,18.4,56.9,0.0,0,0.0,,0,0,26.3,18.3,97.9,1017.4,40.9,16.0,267.0,23.0,10,10,2022-06-22T06:28:49,2022-06-22T20:26:24,0.82,Partially cloudy,Partly cloudy throughout the day.,partly-cloudy-day,"72205312841,72205712854,D4166,72205012815,KISM,KORL,KMCO",784
44,"Orlando, FL, United States",2022-06-23,36.6,23.1,29.2,40.6,23.1,31.0,20.0,58.9,0.35,100,8.33,rain,0,0,56.8,18.2,228.6,1012.6,8.0,16.0,265.1,22.8,9,60,2022-06-23T06:29:03,2022-06-23T20:26:35,0.87,Rain,Clear conditions throughout the day with late afternoon rain.,rain,"72205312841,72205712854,D4166,F5421,72205012815,KISM,KORL,KMCO",784
45,"Orlando, FL, United States",2022-06-24,36.1,25.0,29.2,43.2,25.0,33.1,23.8,74.0,5.34,100,20.83,rain,0,0,47.7,27.4,222.8,1013.1,28.3,15.3,174.4,15.0,10,100,2022-06-24T06:29:19,2022-06-24T20:26:44,0.91,"Rain, Partially cloudy",Becoming cloudy in the afternoon with rain.,rain,"72205312841,72205712854,D4166,72205012815,KISM,KORL,KMCO",784
46,"Orlando, FL, United States",2022-06-25,32.7,24.3,28.1,37.5,24.3,30.6,22.7,73.2,0.01,100,4.17,rain,0,0,32.0,23.6,105.5,1016.3,34.1,16.0,204.2,17.6,10,75,2022-06-25T06:29:36,2022-06-25T20:26:52,0.95,"Rain, Partially cloudy",Partly cloudy throughout the day with afternoon rain.,rain,"72205312841,72205712854,D4166,72205012815,KISM,KORL,KMCO",784
47,"Orlando, FL, United States",2022-06-26,31.7,25.5,28.2,35.2,25.5,30.4,22.2,70.7,0.56,100,8.33,rain,0,0,38.9,27.8,57.0,1017.4,60.2,16.0,131.6,11.5,9,60,2022-06-26T06:29:54,2022-06-26T20:26:59,0.97,"Rain, Partially cloudy",Partly cloudy throughout the day with late afternoon rain.,rain,"72205312841,72205712854,D4166,72205012815,KISM,KORL,KMCO",784
48,"Orlando, FL, United States",2022-06-27,34.1,23.8,28.4,39.0,23.8,31.0,22.6,72.2,1.56,100,12.5,rain,0,0,40.7,27.1,96.1,1016.9,27.8,16.0,253.3,21.9,9,75,2022-06-27T06:30:12,2022-06-27T20:27:05,0.99,"Rain, Partially cloudy",Partly cloudy throughout the day with rain.,rain,"72205312841,72205712854,D4166,72205012815,KISM,KORL,KMCO",784
49,"Orlando, FL, United States",2022-06-28,33.8,24.9,28.5,38.4,24.9,31.0,22.7,72.1,3.37,100,12.5,rain,0,0,34.9,27.3,124.8,1018.6,34.4,16.0,237.5,20.7,10,60,2022-06-28T06:30:32,2022-06-28T20:27:09,1.0,"Rain, Partially cloudy",Becoming cloudy in the afternoon with rain.,rain,"72205312841,72205712854,D4166,72205012815,KISM,KORL,KMCO",784
50,"Orlando, FL, United States",2022-06-29,34.3,24.9,29.3,38.8,24.9,31.7,22.4,67.9,0.0,0,0.0,,0,0,35.3,21.8,64.9,1020.7,14.9,16.0,240.0,20.8,10,60,2022-06-29T06:30:52,2022-06-29T20:27:12,0.0,Clear,Clear conditions throughout the day.,clear-day,"72205312841,72205712854,D4166,72205012815,KISM,KORL,KMCO",784
51,"Orlando, FL, United States",2022-06-30,33.8,24.4,27.8,37.5,24.4,29.5,22.8,75.4,7.24,100,20.83,rain,0,0,55.4,35.2,169.9,1020.0,48.9,15.7,212.8,18.3,10,60,2022-06-30T06:31:14,2022-06-30T20:27:14,0.01,"Rain, Partially cloudy",Partly cloudy throughout the day with rain.,rain,"72205312841,72205712854,D4166,72205012815,KISM,KORL,KMCO,1342W",784
52,"Orlando, FL, United States",2022-07-01,33.3,24.3,27.7,38.6,24.3,29.4,22.8,75.5,1.75,100,16.67,rain,0,0,51.3,28.7,143.6,1019.0,35.1,15.8,165.8,14.3,8,60,2022-07-01T06:31:36,2022-07-01T20:27:14,0.03,"Rain, Partially cloudy",Becoming cloudy in the afternoon with rain.,rain,"72205312841,72205712854,D4166,72205012815,KISM,KORL,KMCO",784
53,"Orlando, FL, United States",2022-07-02,32.6,25.5,27.3,37.3,25.5,29.5,23.5,80.2,2.96,100,25.0,rain,0,0,16.6,15.8,161.0,1018.4,37.7,15.8,158.7,13.8,10,75,2022-07-02T06:31:59,2022-07-02T20:27:13,0.05,"Rain, Partially cloudy",Partly cloudy throughout the day with rain.,rain,"72205312841,72205712854,D4166,72205012815,KISM,KORL,KMCO",784
54,"Orlando, FL, United States",2022-07-03,33.3,25.6,27.4,38.9,25.6,29.2,23.4,79.1,3.57,100,29.17,rain,0,0,31.7,19.7,141.0,1019.4,27.8,15.4,129.6,11.2,7,75,2022-07-03T06:32:22,2022-07-03T20:27:11,0.08,"Rain, Partially cloudy",Partly cloudy throughout the day with rain.,rain,"72205312841,1341W,72205712854,F5421,72205012815,KISM,KORL,KMCO",784
55,"Orlando, FL, United States",2022-07-04,34.8,25.4,29.5,40.5,25.4,31.9,22.7,69.3,0.0,0,0.0,rain,0,0,28.8,23.7,60.3,1019.5,12.3,15.8,233.2,20.1,9,60,2022-07-04T06:32:47,2022-07-04T20:27:08,0.12,Clear,Clear conditions throughout the day.,clear-day,"72205312841,1341W,72205712854,D4166,F5421,72205012815,KISM,KORL,KMCO",784
56,"Orlando, FL, United States",2022-07-05,35.5,26.0,29.9,40.3,26.0,33.0,22.8,67.4,0.05,100,4.17,rain,0,0,31.7,23.0,111.4,1018.5,19.0,16.0,239.4,20.8,9,60,2022-07-05T06:33:12,2022-07-05T20:27:03,0.17,Rain,Clear conditions throughout the day with afternoon rain.,rain,"72205312841,1341W,72205712854,F5421,72205012815,KISM,KORL,KMCO",784
57,"Orlando, FL, United States",2022-07-06,35.4,25.6,28.3,41.0,25.6,31.0,23.5,76.3,12.24,100,16.67,rain,0,0,47.9,28.8,141.9,1017.2,29.8,15.5,221.2,19.2,10,75,2022-07-06T06:33:38,2022-07-06T20:26:56,0.22,"Rain, Partially cloudy",Partly cloudy throughout the day with rain.,rain,"72205312841,1341W,72205712854,F5421,72205012815,KISM,KORL,KMCO",784
58,"Orlando, FL, United States",2022-07-07,35.0,25.4,29.0,40.9,25.4,31.9,23.5,73.5,17.11,100,16.67,rain,0,0,46.0,31.1,147.2,1017.2,31.1,15.4,270.0,23.3,9,60,2022-07-07T06:34:04,2022-07-07T20:26:49,0.27,"Rain, Partially cloudy",Becoming cloudy in the afternoon with rain.,rain,"72205312841,1341W,72205712854,72205012815,KISM,KORL,KMCO",784
59,"Orlando, FL, United States",2022-07-08,35.6,25.5,30.1,39.5,25.5,32.6,22.6,66.5,0.0,0,0.0,,0,0,27.0,22.8,156.6,1018.6,15.0,16.0,278.5,24.2,9,60,2022-07-08T06:34:32,2022-07-08T20:26:40,0.33,Clear,Clear conditions throughout the day.,clear-day,"72205312841,1341W,72205712854,F5421,72205012815,KISM,KORL,KMCO",784
60,"Orlando, FL, United States",2022-07-09,35.7,25.0,30.0,40.5,25.0,33.9,23.4,69.3,1.8,100,12.5,rain,0,0,59.0,37.5,185.7,1018.6,33.1,15.9,242.2,20.9,9,60,2022-07-09T06:34:59,2022-07-09T20:26:29,0.38,"Rain, Partially cloudy",Partly cloudy throughout the day with late afternoon rain.,rain,"72205312841,1341W,72205712854,72205012815,KISM,KORL,KMCO",784
61,"Orlando, FL, United States",2022-07-10,34.3,24.9,28.5,40.0,24.9,31.2,23.7,76.6,6.79,100,16.67,rain,0,0,53.6,21.3,199.6,1015.8,35.5,15.5,206.1,17.9,9,75,2022-07-10T06:35:28,2022-07-10T20:26:17,0.42,"Rain, Partially cloudy",Partly cloudy throughout the day with rain.,rain,"72205312841,1341W,72205712854,72205012815,KISM,KORL,KMCO",784
62,"Orlando, FL, United States",2022-07-11,33.8,25.0,29.3,39.5,25.0,32.6,23.6,72.8,12.67,100,8.33,rain,0,0,66.6,34.9,194.6,1014.0,21.9,15.5,210.5,18.2,9,75,2022-07-11T06:35:56,2022-07-11T20:26:04,0.46,"Rain, Partially cloudy",Partly cloudy throughout the day with afternoon rain.,rain,"72205312841,1341W,72205712854,F5421,72205012815,KISM,KORL,KMCO",784
63,"Orlando, FL, United States",2022-07-12,35.5,26.5,31.0,40.4,26.5,34.9,23.0,64.2,0.0,0,0.0,rain,0,0,29.5,21.2,210.3,1015.6,23.5,16.0,295.0,25.5,10,75,2022-07-12T06:36:26,2022-07-12T20:25:50,0.49,Partially cloudy,Becoming cloudy in the afternoon.,partly-cloudy-day,"72205312841,1341W,72205712854,72205012815,KISM,KORL,KMCO",784
64,"Orlando, FL, United States",2022-07-13,36.1,24.9,30.2,41.1,24.9,34.3,23.2,67.5,20.49,100,20.83,rain,0,0,51.8,25.3,213.3,1018.3,44.8,15.6,237.5,20.5,10,75,2022-07-13T06:36:55,2022-07-13T20:25:33,0.5,"Rain, Partially cloudy",Becoming cloudy in the afternoon with late afternoon rain.,rain,"72205312841,1341W,72205712854,72205012815,KISM,KORL,KMCO,1342W",784
65,"Orlando, FL, United States",2022-07-14,35.0,25.0,28.4,40.0,25.0,30.3,22.8,73.6,4.22,100,4.17,rain,0,0,64.6,26.8,184.7,1019.5,27.4,15.9,272.7,23.4,10,75,2022-07-14T06:37:26,2022-07-14T20:25:16,0.51,"Rain, Partially cloudy",Partly cloudy throughout the day with late afternoon rain.,rain,"72205312841,1341W,72205712854,72205012815,KISM,KORL,KMCO,1342W",784
66,"Orlando, FL, United States",2022-07-15,34.3,23.8,28.8,36.7,23.8,30.5,21.3,66.4,0.0,0,0.0,rain,0,0,39.0,22.0,95.8,1019.8,16.1,16.0,285.8,24.7,10,75,2022-07-15T06:37:56,2022-07-15T20:24:57,0.53,Clear,Clear conditions throughout the day.,clear-day,"72205312841,1341W,72205712854,F5421,72205012815,KISM,KORL,KMCO",784
67,"Orlando, FL, United States",2022-07-16,31.9,24.3,27.2,36.5,24.3,28.9,22.6,76.4,48.03,100,41.67,rain,0,0,47.5,24.9,70.5,1018.1,38.9,14.5,204.9,17.7,10,60,2022-07-16T06:38:27,2022-07-16T20:24:37,0.55,"Rain, Partially cloudy",Partly cloudy throughout the day with rain.,rain,"72205312841,1341W,72205712854,F5421,72205012815,KISM,KORL,KMCO",784
68,"Orlando, FL, United States",2022-07-17,33.4,23.8,27.7,39.6,23.8,30.2,22.8,75.9,0.52,100,8.33,rain,0,0,37.1,23.3,101.1,1016.9,29.8,16.0,166.3,14.2,9,75,2022-07-17T06:38:59,2022-07-17T20:24:15,0.6,"Rain, Partially cloudy",Becoming cloudy in the afternoon with late afternoon rain.,rain,"72205312841,1341W,72205712854,F5421,72205012815,KISM,KORL,KMCO",784
69,"Orlando, FL, United States",2022-07-18,35.0,24.9,29.1,40.8,24.9,32.5,23.2,71.6,1.57,100,4.17,rain,0,0,60.8,21.8,198.1,1018.6,27.3,16.0,235.6,20.4,10,60,2022-07-18T06:39:30,2022-07-18T20:23:52,0.65,"Rain, Partially cloudy",Becoming cloudy in the afternoon with afternoon rain.,rain,"72205312841,1341W,72205712854,72205012815,KISM,KORL,KMCO",784
70,"Orlando, FL, United States",2022-07-19,34.3,23.9,28.3,41.2,23.9,31.1,23.5,76.1,35.54,100,12.5,rain,0,0,81.2,12.4,179.3,1019.3,28.1,15.6,142.2,12.2,9,75,2022-07-19T06:40:02,2022-07-19T20:23:28,0.7,"Rain, Partially cloudy",Partly cloudy throughout the day with afternoon rain.,rain,"72205312841,1341W,72205712854,72205012815,KISM,KORL,KMCO",784
71,"Orlando, FL, United States",2022-07-20,34.9,25.6,28.9,40.7,25.6,31.2,23.1,72.6,3.71,100,16.67,rain,0,0,37.1,20.3,156.0,1018.1,33.8,15.9,261.3,22.5,10,100,2022-07-20T06:40:34,2022-07-20T20:23:02,0.75,"Rain, Partially cloudy",Becoming cloudy in the afternoon with late afternoon rain.,rain,"72205312841,1341W,72205712854,72205012815,KISM,KORL,KMCO",784
72,"Orlando, FL, United States",2022-07-21,35.5,25.4,29.7,38.4,25.4,32.2,22.2,66.1,0.0,0,0.0,rain,0,0,30.2,25.6,120.0,1017.4,11.6,16.0,272.0,23.6,9,100,2022-07-21T06:41:07,2022-07-21T20:22:35,0.8,Clear,Clear conditions throughout the day.,clear-day,"72205312841,1341W,72205712854,72205012815,KISM,KORL,KMCO",784
73,"Orlando, FL, United States",2022-07-22,34.8,26.4,29.6,39.8,26.4,33.3,23.3,69.8,9.07,100,4.17,rain,0,0,33.7,20.7,154.7,1018.8,21.0,15.9,262.2,22.7,9,100,2022-07-22T06:41:40,2022-07-22T20:22:07,0.85,"Rain, Partially cloudy",Becoming cloudy in the afternoon with afternoon rain.,rain,"72205312841,1341W,72205712854,F5421,72205012815,KISM,KORL,KMCO",784
74,"Orlando, FL, United States",2022-07-23,33.7,24.9,28.3,38.8,24.9,31.4,23.7,77.3,11.35,100,16.67,rain,0,0,51.0,22.6,170.9,1020.4,28.5,15.8,167.9,14.5,10,75,2022-07-23T06:42:12,2022-07-23T20:21:37,0.89,"Rain, Partially cloudy",Partly cloudy throughout the day with rain.,rain,"72205312841,1341W,72205712854,F5421,72205012815,KISM,KORL,KMCO",784
75,"Orlando, FL, United States",2022-07-24,34.7,25.9,29.7,39.1,25.9,32.4,22.7,68.3,0.13,100,4.17,rain,0,0,32.0,20.7,93.5,1020.2,25.2,16.0,265.2,23.0,10,75,2022-07-24T06:42:45,2022-07-24T20:21:06,0.93,"Rain, Partially cloudy",Becoming cloudy in the afternoon with morning rain.,rain,"72205312841,1341W,72205712854,F5421,72205012815,KISM,KORL,KMCO",784
76,"Orlando, FL, United States",2022-07-25,32.6,25.6,28.8,37.8,25.6,31.5,22.9,71.4,0.35,100,4.17,rain,0,0,22.0,16.4,126.4,1019.9,22.5,16.0,166.2,14.2,8,75,2022-07-25T06:43:19,2022-07-25T20:20:34,0.96,"Rain, Partially cloudy",Becoming cloudy in the afternoon with afternoon rain.,rain,"72205312841,1341W,72205712854,F5421,72205012815,KISM,KORL,KMCO",784
77,"Orlando, FL, United States",2022-07-26,33.5,24.9,27.7,39.5,24.9,29.7,23.2,77.0,1.81,100,29.17,rain,0,0,47.8,22.9,109.1,1020.4,30.2,15.8,165.6,14.2,10,75,2022-07-26T06:43:52,2022-07-26T20:20:00,0.98,"Rain, Partially cloudy",Partly cloudy throughout the day with rain.,rain,"72205312841,1341W,72205712854,F5421,72205012815,KISM,KORL,KMCO",784
78,"Orlando, FL, United States",2022-07-27,34.9,23.8,28.4,38.3,23.8,30.2,21.9,70.1,0.52,100,8.33,rain,0,0,33.5,20.2,123.6,1020.3,22.0,15.9,268.9,23.2,9,75,2022-07-27T06:44:25,2022-07-27T20:19:25,1.0,"Rain, Partially cloudy",Becoming cloudy in the afternoon with late afternoon rain.,rain,"72205312841,1341W,72205712854,72205012815,KISM,KORL,KMCO",784
79,"Orlando, FL, United States",2022-07-28,35.4,25.9,30.1,39.5,25.9,32.8,22.6,66.6,0.0,0,0.0,,0,0,28.4,19.6,170.4,1019.7,9.9,16.0,266.6,23.0,9,75,2022-07-28T06:44:59,2022-07-28T20:18:49,1.0,Clear,Clear conditions throughout the day.,clear-day,"72205312841,1341W,72205712854,F5421,72205012815,KISM,KORL,KMCO",784
80,"Orlando, FL, United States",2022-07-29,35.6,26.4,30.2,41.3,26.4,33.5,22.5,64.9,0.0,0,0.0,,0,0,30.2,22.1,127.9,1020.1,13.4,16.0,275.4,23.9,10,75,2022-07-29T06:45:32,2022-07-29T20:18:11,0.0,Clear,Clear conditions throughout the day.,clear-day,"72205312841,1341W,72205712854,F5421,72205012815,KISM,KORL,KMCO",784
81,"Orlando, FL, United States",2022-07-30,35.6,24.9,29.9,38.3,24.9,32.2,22.1,65.6,0.0,0,0.0,rain,0,0,35.3,22.2,103.0,1021.5,7.3,16.0,260.5,22.4,9,75,2022-07-30T06:46:06,2022-07-30T20:17:33,0.01,Clear,Clear conditions throughout the day.,clear-day,"72205312841,1341W,72205712854,F5421,72205012815,KISM,KORL,KMCO",784
82,"Orlando, FL, United States",2022-07-31,35.4,25.0,29.7,41.0,25.0,33.0,23.1,69.2,0.08,100,12.5,rain,0,0,27.4,22.1,115.5,1022.6,24.2,16.0,242.3,21.1,10,75,2022-07-31T06:46:39,2022-07-31T20:16:53,0.04,"Rain, Partially cloudy",Becoming cloudy in the afternoon with rain.,rain,"72205312841,1341W,72205712854,F5421,72205012815,KISM,KORL,KMCO",784
83,"Orlando, FL, United States",2022-08-01,35.7,23.6,30.1,39.3,23.6,33.1,22.8,67.1,8.37,100,8.33,rain,0,0,77.8,25.8,133.5,1021.5,23.3,15.9,294.3,25.5,10,100,2022-08-01T06:47:13,2022-08-01T20:16:12,0.07,"Rain, Partially cloudy",Becoming cloudy in the afternoon with late afternoon rain.,rain,"72205312841,1341W,72205712854,F5421,72205012815,KISM,KORL,KMCO",784
84,"Orlando, FL, United States",2022-08-02,34.8,23.8,28.2,41.1,23.8,30.8,22.5,72.3,1.5,100,20.83,rain,0,0,50.0,21.7,191.2,1019.0,26.7,15.9,200.4,17.3,8,100,2022-08-02T06:47:47,2022-08-02T20:15:29,0.1,"Rain, Partially cloudy",Becoming cloudy in the afternoon with rain.,rain,"72205312841,1341W,72205712854,72205012815,KISM,KORL,KMCO",784
85,"Orlando, FL, United States",2022-08-03,35.4,24.7,28.4,39.1,24.7,30.6,22.0,69.6,0.17,100,8.33,rain,0,0,49.9,25.6,172.0,1017.7,21.4,16.0,248.3,21.2,10,75,2022-08-03T06:48:20,2022-08-03T20:14:46,0.14,"Rain, Partially cloudy",Becoming cloudy in the afternoon with rain.,rain,"72205312841,1341W,72205712854,72205012815,KISM,KORL,KMCO",784
86,"Orlando, FL, United States",2022-08-04,34.8,25.5,29.6,38.8,25.5,32.3,22.5,67.4,0.26,100,4.17,rain,0,0,40.7,22.3,123.1,1018.6,20.8,15.9,226.0,19.4,10,75,2022-08-04T06:48:54,2022-08-04T20:14:01,0.2,"Rain, Partially cloudy",Becoming cloudy in the afternoon with afternoon rain.,rain,"72205312841,1341W,72205712854,72205012815,KISM,KORL,KMCO",784
87,"Orlando, FL, United States",2022-08-05,34.2,26.1,29.6,39.4,26.1,32.9,23.4,70.5,0.11,100,8.33,rain,0,0,38.9,31.3,82.4,1019.7,24.9,15.9,184.1,15.9,8,75,2022-08-05T06:49:27,2022-08-05T20:13:15,0.25,"Rain, Partially cloudy",Partly cloudy throughout the day with afternoon rain.,rain,"72205312841,1341W,72205712854,72205012815,KISM,KORL,KMCO",784
88,"Orlando, FL, United States",2022-08-06,32.0,26.6,29.0,37.0,26.6,32.3,23.4,72.8,5.83,100,25.0,rain,0,0,50.0,20.9,114.5,1021.1,19.4,15.9,174.5,15.1,10,100,2022-08-06T06:50:00,2022-08-06T20:12:28,0.31,Rain,Clear conditions throughout the day with afternoon rain.,rain,"72205312841,1341W,72205712854,72205012815,KISM,KORL,KMCO",784
89,"Orlando, FL, United States",2022-08-07,34.1,26.1,29.3,39.1,26.1,32.1,23.0,70.5,4.44,100,8.33,rain,0,0,50.0,28.4,87.9,1021.0,24.8,15.9,205.5,17.7,8,75,2022-08-07T06:50:34,2022-08-07T20:11:40,0.36,"Rain, Partially cloudy",Becoming cloudy in the afternoon with rain.,rain,"72205312841,1341W,72205712854,72205012815,KISM,KORL,KMCO",784
90,"Orlando, FL, United States",2022-08-08,31.3,26.0,28.0,36.3,26.0,30.8,23.7,77.6,2.81,100,16.67,rain,0,0,22.0,14.6,62.7,1019.9,34.8,16.0,135.2,11.7,8,100,2022-08-08T06:51:07,2022-08-08T20:10:51,0.41,"Rain, Partially cloudy",Partly cloudy throughout the day with rain.,rain,"72205312841,1341W,72205712854,72205012815,KISM,KORL,KMCO",784
91,"Orlando, FL, United States",2022-08-09,32.1,25.6,28.2,37.1,25.6,31.1,23.7,77.5,4.45,100,12.5,rain,0,0,31.7,18.1,91.6,1020.4,19.1,15.9,141.5,12.3,6,75,2022-08-09T06:51:40,2022-08-09T20:10:01,0.45,Rain,Clear conditions throughout the day with afternoon rain.,rain,"72205312841,1341W,72205712854,72205012815,KISM,KORL,KMCO",784
92,"Orlando, FL, United States",2022-08-10,34.8,26.1,30.0,41.4,26.1,34.0,23.6,70.2,0.0,0,0.0,rain,0,0,33.5,21.4,108.2,1021.2,34.4,15.5,220.9,19.2,9,100,2022-08-10T06:52:13,2022-08-10T20:09:10,0.48,Partially cloudy,Becoming cloudy in the afternoon.,partly-cloudy-day,"72205312841,1341W,72205712854,72205012815,KISM,KORL,KMCO",784
93,"Orlando, FL, United States",2022-08-11,33.6,24.9,28.4,38.7,24.9,31.2,23.1,74.0,2.18,100,8.33,rain,0,0,53.6,31.8,140.0,1019.9,34.0,15.6,145.3,12.6,7,100,2022-08-11T06:52:46,2022-08-11T20:08:18,0.5,"Rain, Partially cloudy",Partly cloudy throughout the day with rain.,rain,"72205312841,1341W,72205712854,72205012815,KISM,KORL,KMCO",784
94,"Orlando, FL, United States",2022-08-12,33.8,25.6,29.0,37.5,25.6,31.4,22.4,68.8,0.27,100,8.33,rain,0,0,23.4,19.9,177.3,1017.9,30.2,16.0,181.3,15.5,9,75,2022-08-12T06:53:18,2022-08-12T20:07:25,0.5,"Rain, Partially cloudy",Becoming cloudy in the afternoon with late afternoon rain.,rain,"72205312841,1341W,72205712854,72205012815,KISM,KORL,KMCO",784
95,"Orlando, FL, United States",2022-08-13,34.2,24.2,28.4,38.7,24.2,30.0,22.2,71.4,4.08,100,25.0,rain,0,0,37.1,25.3,197.3,1016.7,50.9,15.6,195.2,16.7,9,75,2022-08-13T06:53:51,2022-08-13T20:06:31,0.52,"Rain, Partially cloudy",Partly cloudy throughout the day with rain.,rain,"72205312841,1341W,72205712854,72205012815,KISM,KORL,KMCO",784
96,"Orlando, FL, United States",2022-08-14,34.1,24.3,27.3,39.2,24.3,28.8,22.6,76.5,11.17,100,8.33,rain,0,0,31.7,17.4,201.4,1015.5,47.4,15.9,160.6,13.8,9,100,2022-08-14T06:54:23,2022-08-14T20:05:36,0.54,"Rain, Partially cloudy",Partly cloudy throughout the day with rain.,rain,"72205312841,1341W,72205712854,72205012815,KISM,KORL,KMCO",784
97,"Orlando, FL, United States",2022-08-15,34.1,25.5,29.1,36.7,25.5,31.0,22.2,68.7,0.0,0,0.0,rain,0,0,21.6,18.0,203.8,1013.8,59.7,16.0,289.0,24.9,9,75,2022-08-15T06:54:56,2022-08-15T20:04:40,0.58,Partially cloudy,Partly cloudy throughout the day.,partly-cloudy-day,"72205312841,1341W,72205712854,72205012815,KISM,KORL,KMCO",784
98,"Orlando, FL, United States",2022-08-16,35.4,26.0,30.5,39.6,26.0,33.6,22.6,64.8,0.0,0,0.0,rain,0,0,31.3,23.2,224.7,1013.0,30.5,16.0,227.0,19.6,9,75,2022-08-16T06:55:28,2022-08-16T20:03:43,0.62,Partially cloudy,Becoming cloudy in the afternoon.,partly-cloudy-day,"72205312841,1341W,72205712854,72205012815,KISM,KORL,KMCO",784
99,"Orlando, FL, United States",2022-08-17,34.1,26.5,30.1,40.6,26.5,33.9,22.9,66.4,0.0,0,0.0,rain,0,0,47.9,28.6,251.9,1013.8,15.8,16.0,206.3,17.8,9,100,2022-08-17T06:56:00,2022-08-17T20:02:45,0.67,Clear,Clear conditions throughout the day.,clear-day,"72205312841,1341W,72205712854,72205012815,KISM,KORL,KMCO",784
100,"Orlando, FL, United States",2022-08-18,34.9,25.4,28.2,40.9,25.4,31.0,23.2,74.8,15.32,100,16.67,rain,0,0,45.9,27.9,218.8,1014.6,25.2,15.1,129.2,11.2,8,100,2022-08-18T06:56:31,2022-08-18T20:01:47,0.72,"Rain, Partially cloudy",Becoming cloudy in the afternoon with afternoon rain.,rain,"72205312841,1341W,72205712854,72205012815,KISM,KORL,KMCO",784
101,"Orlando, FL, United States",2022-08-19,35.5,23.8,28.1,41.6,23.8,30.2,22.5,73.3,36.46,100,20.83,rain,0,0,73.1,27.1,179.4,1016.8,27.2,15.2,217.4,18.7,10,75,2022-08-19T06:57:03,2022-08-19T20:00:47,0.77,"Rain, Partially cloudy",Partly cloudy throughout the day with late afternoon rain.,rain,"72205312841,1341W,72205712854,72205012815,KISM,KORL,KMCO,1342W",784
102,"Orlando, FL, United States",2022-08-20,35.6,24.3,28.8,42.7,24.3,32.3,23.4,73.7,0.49,100,8.33,rain,0,0,24.1,22.3,109.7,1019.6,17.7,16.0,216.3,18.8,9,100,2022-08-20T06:57:35,2022-08-20T19:59:47,0.82,Rain,Clear conditions throughout the day with late afternoon rain.,rain,"72205312841,1341W,72205712854,72205012815,KISM,KORL,KMCO",784
103,"Orlando, FL, United States",2022-08-21,34.9,26.7,29.6,40.7,29.5,34.6,24.4,74.6,1.02,100,4.17,rain,0,0,24.8,30.6,94.3,1019.0,19.8,15.9,217.3,18.7,9,100,2022-08-21T06:58:06,2022-08-21T19:58:46,0.86,Rain,Clear conditions throughout the day with afternoon rain.,rain,"72205312841,1341W,72205712854,72205012815,KISM,KORL,KMCO",784
104,"Orlando, FL, United States",2022-08-22,35.5,26.4,29.8,38.6,26.4,33.0,23.0,68.8,0.19,100,8.33,rain,0,0,64.8,19.9,136.1,1016.4,28.1,16.0,246.1,21.2,9,100,2022-08-22T06:58:37,2022-08-22T19:57:44,0.9,"Rain, Partially cloudy",Partly cloudy throughout the day with late afternoon rain.,rain,"72205312841,1341W,72205712854,72205012815,KISM,KMCO,1342W",784
105,"Orlando, FL, United States",2022-08-23,34.2,26.1,28.6,40.0,26.1,31.2,23.2,73.6,9.4,100,12.5,rain,0,0,51.8,21.9,129.2,1014.4,35.1,16.0,161.7,14.0,8,60,2022-08-23T06:59:08,2022-08-23T19:56:42,0.94,"Rain, Partially cloudy",Becoming cloudy in the afternoon with rain.,rain,"72205312841,1341W,72205712854,72205012815,KISM,KMCO",784
106,"Orlando, FL, United States",2022-08-24,34.3,25.5,29.1,39.7,25.5,32.3,23.7,73.7,0.26,100,8.33,rain,0,0,40.7,21.4,52.7,1015.6,25.0,16.0,235.2,20.2,9,75,2022-08-24T06:59:39,2022-08-24T19:55:39,0.97,"Rain, Partially cloudy",Becoming cloudy in the afternoon with afternoon rain.,rain,"72205312841,1341W,72205712854,72205012815,KISM,KMCO,KORL",784
107,"Orlando, FL, United States",2022-08-25,33.4,25.6,29.1,39.3,25.6,32.8,23.8,73.7,2.51,100,16.67,rain,0,0,101.9,21.8,116.2,1017.1,32.8,15.9,209.6,18.2,9,75,2022-08-25T07:00:10,2022-08-25T19:54:35,0.99,"Rain, Partially cloudy",Partly cloudy throughout the day with rain.,rain,"72205312841,1341W,72205712854,72205012815,KISM,KORL,KMCO",784
108,"Orlando, FL, United States",2022-08-26,32.3,23.9,26.8,38.7,23.9,28.5,23.9,85.2,14.31,100,37.5,rain,0,0,37.1,16.3,147.3,1016.4,38.4,15.0,155.4,13.1,9,75,2022-08-26T07:00:40,2022-08-26T19:53:31,1.0,"Rain, Partially cloudy",Partly cloudy throughout the day with rain.,rain,"72205312841,1341W,72205712854,F5421,72205012815,KISM,KORL,KMCO",784
109,"Orlando, FL, United States",2022-08-27,33.4,24.0,26.8,38.3,24.0,28.2,23.5,83.2,14.7,100,20.83,rain,0,0,101.9,18.9,117.6,1014.9,36.8,15.9,166.1,14.3,9,60,2022-08-27T07:01:11,2022-08-27T19:52:26,0.0,"Rain, Partially cloudy",Partly cloudy throughout the day with rain.,rain,"72205312841,1341W,72205712854,72205012815,KISM,KORL,KMCO",784
110,"Orlando, FL, United States",2022-08-28,30.8,24.4,26.7,36.4,24.4,28.8,23.9,84.8,5.13,100,25.0,rain,0,0,59.0,25.0,116.5,1014.7,54.9,15.9,185.2,16.1,10,75,2022-08-28T07:01:41,2022-08-28T19:51:20,0.01,"Rain, Partially cloudy",Partly cloudy throughout the day with rain.,rain,"72205312841,1341W,72205712854,72205012815,KISM,KORL,KMCO",784
111,"Orlando, FL, United States",2022-08-29,32.7,24.4,27.3,36.4,24.4,29.0,23.6,81.7,27.32,100,16.67,rain,0,0,32.4,16.5,90.8,1015.3,31.4,16.0,204.5,17.7,10,75,2022-08-29T07:02:11,2022-08-29T19:50:14,0.02,"Rain, Partially cloudy",Becoming cloudy in the afternoon with rain.,rain,"72205312841,1341W,72205712854,72205012815,KISM,KORL,KMCO",784
112,"Orlando, FL, United States",2022-08-30,33.6,25.1,28.7,39.2,25.1,31.7,23.6,75.3,0.05,100,4.17,rain,0,0,27.4,21.6,153.1,1015.5,40.8,16.0,212.2,18.4,9,75,2022-08-30T07:02:41,2022-08-30T19:49:07,0.05,"Rain, Partially cloudy",Becoming cloudy in the afternoon with late afternoon rain.,rain,"72205312841,1341W,72205712854,72205012815,KISM,KORL,KMCO",784
113,"Orlando, FL, United States",2022-08-31,33.9,25.6,28.3,39.0,25.6,30.7,23.7,77.3,6.01,100,25.0,rain,0,0,79.6,17.5,220.4,1015.5,33.7,15.5,213.3,18.5,10,75,2022-08-31T07:03:11,2022-08-31T19:48:00,0.09,"Rain, Partially cloudy",Becoming cloudy in the afternoon with rain.,rain,"72205312841,1341W,72205712854,72205012815,KISM,KORL,KMCO",784
114,"Orlando, FL, United States",2022-09-01,34.3,24.3,27.3,38.9,24.3,28.9,23.0,79.0,25.97,100,16.67,rain,0,0,100.1,51.8,94.2,1015.6,23.3,15.5,224.9,19.3,10,75,2022-09-01T07:03:41,2022-09-01T19:46:53,0.13,"Rain, Partially cloudy",Becoming cloudy in the afternoon with rain.,rain,"72205312841,1341W,72205712854,72205012815,KISM,KORL,KMCO,1342W",784
115,"Orlando, FL, United States",2022-09-02,32.9,24.0,27.6,39.2,24.0,29.8,23.2,78.1,0.26,100,4.17,rain,0,0,45.4,27.9,117.1,1017.2,29.2,16.0,232.3,20.1,9,60,2022-09-02T07:04:10,2022-09-02T19:45:44,0.18,"Rain, Partially cloudy",Becoming cloudy in the afternoon with late afternoon rain.,rain,"72205312841,1341W,72205712854,F5421,72205012815,KISM,KORL,KMCO",784
116,"Orlando, FL, United States",2022-09-03,33.8,24.4,28.5,39.5,24.4,31.4,23.2,74.3,0.0,0,0.0,rain,0,0,35.3,18.0,120.7,1017.8,20.6,16.0,261.5,22.7,10,75,2022-09-03T07:04:40,2022-09-03T19:44:36,0.24,Partially cloudy,Becoming cloudy in the afternoon.,partly-cloudy-day,"72205312841,1341W,72205712854,F5421,72205012815,KISM,KORL,KMCO",784
117,"Orlando, FL, United States",2022-09-04,32.1,25.7,28.5,37.3,25.7,31.8,23.9,77.3,7.76,100,12.5,rain,0,0,27.7,10.7,90.0,1016.2,48.6,16.0,196.6,17.1,10,75,2022-09-04T07:05:10,2022-09-04T19:43:27,0.29,"Rain, Partially cloudy",Partly cloudy throughout the day with rain.,rain,"72205312841,1341W,72205712854,72205012815,KISM,KORL,KMCO",784
118,"Orlando, FL, United States",2022-09-05,34.3,25.6,29.3,38.7,25.6,32.6,23.5,72.5,0.0,0,0.0,rain,0,0,29.9,17.2,89.1,1016.2,26.7,16.0,236.3,20.5,9,75,2022-09-05T07:05:39,2022-09-05T19:42:17,0.35,Partially cloudy,Partly cloudy throughout the day.,partly-cloudy-day,"72205312841,1341W,72205712854,72205012815,KISM,KORL,KMCO",784
119,"Orlando, FL, United States",2022-09-06,35.0,26.1,29.6,40.2,26.1,33.2,23.7,72.0,0.0,0,0.0,rain,0,0,59.4,16.0,137.1,1016.9,32.9,16.0,147.5,12.8,9,100,2022-09-06T07:06:08,2022-09-06T19:41:08,0.4,Partially cloudy,Partly cloudy throughout the day.,partly-cloudy-day,"72205312841,1341W,72205712854,72205012815,KISM,KORL,KMCO",784
120,"Orlando, FL, United States",2022-09-07,33.9,26.1,28.5,39.6,26.1,31.3,23.0,73.1,0.5,100,4.17,rain,0,0,46.4,19.2,225.7,1013.9,22.4,16.0,212.3,18.3,9,100,2022-09-07T07:06:38,2022-09-07T19:39:58,0.44,"Rain, Partially cloudy",Becoming cloudy in the afternoon with afternoon rain.,rain,"72205312841,1341W,72205712854,72205012815,KISM,KORL,KMCO",784
121,"Orlando, FL, United States",2022-09-08,31.7,22.9,26.0,36.3,22.9,27.1,22.5,82.4,23.14,100,20.83,rain,0,0,51.8,36.0,157.3,1008.9,37.5,15.5,118.8,10.2,9,75,2022-09-08T07:07:07,2022-09-08T19:38:47,0.47,"Rain, Partially cloudy",Partly cloudy throughout the day with rain.,rain,"72205312841,1341W,72205712854,72205012815,KISM,KORL,KMCO",784
122,"Orlando, FL, United States",2022-09-09,31.7,22.8,25.5,37.3,22.8,26.5,22.8,85.8,4.66,100,16.67,rain,0,0,49.0,34.2,160.9,1009.8,33.0,15.4,155.9,13.4,9,60,2022-09-09T07:07:36,2022-09-09T19:37:36,0.49,"Rain, Partially cloudy",Becoming cloudy in the afternoon with rain.,rain,"72205312841,1341W,72205712854,72205012815,KISM,KORL,KMCO",784
123,"Orlando, FL, United States",2022-09-10,32.8,23.9,26.6,38.9,23.9,28.0,23.5,84.5,1.4,100,12.5,rain,0,0,50.0,26.5,124.8,1016.3,26.5,15.6,168.3,14.4,10,100,2022-09-10T07:08:05,2022-09-10T19:36:26,0.5,"Rain, Partially cloudy",Becoming cloudy in the afternoon with rain.,rain,"72205312841,1341W,72205712854,72205012815,KISM,KORL,KMCO",784
124,"Orlando, FL, United States",2022-09-11,34.4,23.9,27.8,37.9,23.9,30.1,22.9,76.9,0.0,0,0.0,rain,0,0,33.7,21.3,141.2,1018.4,13.0,16.0,255.2,22.1,9,60,2022-09-11T07:08:34,2022-09-11T19:35:14,0.51,Clear,Clear conditions throughout the day.,clear-day,"72205312841,1341W,72205712854,72205012815,KISM,KORL,KMCO",784
125,"Orlando, FL, United States",2022-09-12,33.2,24.2,27.4,38.1,24.2,29.2,22.7,76.3,1.72,100,20.83,rain,0,0,48.5,20.5,209.4,1015.1,20.1,16.0,200.4,17.2,9,75,2022-09-12T07:09:03,2022-09-12T19:34:03,0.53,"Rain, Partially cloudy",Becoming cloudy in the afternoon with rain.,rain,"72205312841,1341W,72205712854,F5421,72205012815,KISM,KORL,KMCO",784
126,"Orlando, FL, United States",2022-09-13,32.2,23.8,27.4,36.2,23.8,29.0,22.6,76.4,0.04,100,4.17,rain,0,0,50.0,20.8,227.3,1013.4,18.4,16.0,212.7,18.5,9,60,2022-09-13T07:09:32,2022-09-13T19:32:51,0.56,Rain,Clear conditions throughout the day with afternoon rain.,rain,"72205312841,1341W,72205712854,72205012815,KISM,KORL,KMCO",784
127,"Orlando, FL, United States",2022-09-14,32.8,23.4,26.2,36.9,23.4,27.2,22.4,81.0,22.45,100,33.33,rain,0,0,31.7,16.2,168.0,1014.7,46.6,14.6,160.4,13.6,9,75,2022-09-14T07:10:01,2022-09-14T19:31:40,0.6,"Rain, Partially cloudy",Becoming cloudy in the afternoon with rain.,rain,"72205312841,1341W,72205712854,F5421,72205012815,KISM,KORL,KMCO",784
128,"Orlando, FL, United States",2022-09-15,32.0,23.3,26.3,35.9,23.3,27.5,22.4,80.5,24.21,100,25.0,rain,0,0,55.4,15.1,122.5,1016.9,36.4,15.4,249.2,21.4,10,60,2022-09-15T07:10:30,2022-09-15T19:30:28,0.64,"Rain, Partially cloudy",Partly cloudy throughout the day with late afternoon rain.,rain,"72205312841,1341W,72205712854,72205012815,KISM,KORL,KMCO",784
129,"Orlando, FL, United States",2022-09-16,31.5,23.9,25.7,35.9,23.9,26.5,23.0,85.9,8.04,100,37.5,rain,0,0,42.3,31.0,84.6,1018.0,43.1,15.2,143.1,12.3,9,60,2022-09-16T07:11:00,2022-09-16T19:29:16,0.69,"Rain, Partially cloudy",Partly cloudy throughout the day with rain.,rain,"72205312841,1341W,72205712854,72205012815,KISM,KORL,KMCO",784
130,"Orlando, FL, United States",2022-09-17,30.5,23.4,25.0,34.7,23.4,25.7,22.6,87.3,6.99,100,12.5,rain,0,0,47.8,29.0,93.4,1017.7,48.9,15.4,127.5,11.0,9,60,2022-09-17T07:11:29,2022-09-17T19:28:04,0.74,"Rain, Partially cloudy",Becoming cloudy in the afternoon with afternoon rain.,rain,"72205312841,1341W,72205712854,72205012815,KISM,KORL,KMCO",784
131,"Orlando, FL, United States",2022-09-18,30.7,22.8,26.1,33.4,22.8,27.1,21.7,78.2,0.0,0,0.0,rain,0,0,19.8,14.5,194.9,1014.8,37.5,16.0,182.3,15.7,9,30,2022-09-18T07:11:58,2022-09-18T19:26:52,0.78,Partially cloudy,Partly cloudy throughout the day.,partly-cloudy-day,"72205312841,1341W,72205712854,72205012815,KISM,KORL,KMCO",784
132,"Orlando, FL, United States",2022-09-19,31.7,23.4,26.4,35.4,23.4,27.8,22.3,79.1,9.32,100,16.67,rain,0,0,48.6,20.1,88.6,1013.6,38.9,15.9,168.4,14.7,8,60,2022-09-19T07:12:27,2022-09-19T19:25:40,0.83,"Rain, Partially cloudy",Partly cloudy throughout the day with late afternoon rain.,rain,"72205312841,1341W,72205712854,72205012815,KISM,KORL,KMCO",784
133,"Orlando, FL, United States",2022-09-20,32.2,24.3,26.4,37.2,24.3,27.5,23.0,82.8,24.8,100,16.67,rain,0,0,68.4,26.2,117.1,1014.0,31.4,15.4,169.8,14.7,9,75,2022-09-20T07:12:57,2022-09-20T19:24:28,0.87,"Rain, Partially cloudy",Partly cloudy throughout the day with rain.,rain,"72205312841,1341W,72205712854,72205012815,KISM,KORL,KMCO",784
134,"Orlando, FL, United States",2022-09-21,29.6,24.3,26.7,33.5,24.3,28.1,22.9,80.7,2.15,100,20.83,rain,0,0,38.9,26.8,135.4,1012.6,39.2,15.9,196.4,17.1,10,60,2022-09-21T07:13:26,2022-09-21T19:23:16,0.91,"Rain, Partially cloudy",Partly cloudy throughout the day with rain.,rain,"72205312841,1341W,72205712854,72205012815,KISM,KORL,KMCO,1342W",784
135,"Orlando, FL, United States",2022-09-22,33.2,24.3,28.0,35.6,24.3,29.5,21.9,71.8,0.5,100,4.17,rain,0,0,22.0,20.6,169.0,1011.2,18.0,16.0,189.1,16.2,9,30,2022-09-22T07:13:56,2022-09-22T19:22:04,0.95,Rain,Clear conditions throughout the day with morning rain.,rain,"72205312841,1341W,72205712854,72205012815,KISM,KORL,KMCO",784
136,"Orlando, FL, United States",2022-09-23,31.8,23.8,27.5,38.0,23.8,29.9,23.1,77.3,1.43,100,12.5,rain,0,0,35.3,22.3,146.0,1013.3,33.1,15.8,157.8,13.7,6,60,2022-09-23T07:14:26,2022-09-23T19:20:52,0.97,"Rain, Partially cloudy",Partly cloudy throughout the day with afternoon rain.,rain,"72205312841,1341W,72205712854,F5421,72205012815,KISM,KORL,KMCO",784
137,"Orlando, FL, United States",2022-09-24,31.1,24.3,27.1,31.9,24.3,27.5,19.7,65.5,0.0,0,0.0,rain,0,0,32.8,22.4,46.9,1016.0,40.8,16.0,227.2,19.6,9,10,2022-09-24T07:14:55,2022-09-24T19:19:40,0.99,Partially cloudy,Becoming cloudy in the afternoon.,partly-cloudy-day,"72205312841,1341W,72205712854,F5421,72205012815,KISM,KORL,KMCO",784
138,"Orlando, FL, United States",2022-09-25,31.2,23.9,27.2,35.0,23.9,28.7,21.5,71.9,0.0,0,0.0,rain,0,0,25.9,22.1,47.2,1013.5,66.4,16.0,149.5,13.0,9,30,2022-09-25T07:15:25,2022-09-25T19:18:29,1.0,Partially cloudy,Partly cloudy throughout the day.,partly-cloudy-day,"72205312841,1341W,72205712854,F5421,72205012815,KISM,KORL,KMCO",784
139,"Orlando, FL, United States",2022-09-26,33.2,24.4,27.9,38.0,24.4,29.9,22.5,73.9,5.32,100,8.33,rain,0,0,29.5,23.1,61.0,1012.2,36.6,15.8,196.3,16.9,9,75,2022-09-26T07:15:56,2022-09-26T19:17:17,0.0,"Rain, Partially cloudy",Partly cloudy throughout the day with late afternoon rain.,rain,"72205312841,1341W,72205712854,72205012815,KISM,KORL,KMCO",784
140,"Orlando, FL, United States",2022-09-27,28.8,24.3,26.1,31.9,24.3,26.9,22.6,81.3,0.47,100,8.33,rain,0,0,33.1,21.6,82.8,1012.7,46.9,16.0,80.2,6.8,4,30,2022-09-27T07:16:26,2022-09-27T19:16:06,0.01,"Rain, Partially cloudy",Partly cloudy throughout the day with rain.,rain,"72205312841,1341W,72205712854,72205012815,KISM,KORL,KMCO",784
141,"Orlando, FL, United States",2022-09-28,24.4,22.1,23.3,24.4,22.1,23.3,21.9,91.8,129.1,100,100.0,rain,0,0,77.6,56.2,47.3,1008.2,88.7,9.2,35.3,3.0,2,10,2022-09-28T07:16:56,2022-09-28T19:14:55,0.04,"Rain, Partially cloudy",Partly cloudy throughout the day with a chance of rain throughout the day.,rain,"72205312841,1341W,72205712854,72205012815,KISM,KORL,KMCO",784
142,"Orlando, FL, United States",2022-09-29,23.3,17.9,21.0,23.3,17.9,21.0,19.7,92.5,158.63,100,62.5,rain,0,0,89.0,66.0,243.7,1000.2,95.9,10.0,45.2,4.0,3,10,2022-09-29T07:17:27,2022-09-29T19:13:44,0.07,"Rain, Overcast",Cloudy skies throughout the day with a chance of rain throughout the day.,rain,"72205312841,1341W,72205712854,72205012815,KISM,KORL,KMCO",784
143,"Orlando, FL, United States",2022-09-30,26.1,17.8,20.8,26.1,17.8,20.8,15.9,74.3,0.0,0,0.0,rain,0,0,51.5,26.0,283.5,1008.8,58.2,16.5,230.6,20.0,8,10,2022-09-30T07:17:58,2022-09-30T19:12:34,0.12,Partially cloudy,Partly cloudy throughout the day.,partly-cloudy-day,"1341W,KISM,KORL,KMCO",784
