,name,datetime,tempmax,tempmin,temp,feelslikemax,feelslikemin,feelslike,dew,humidity,precip,precipprob,precipcover,preciptype,snow,snowdepth,windgust,windspeed,winddir,sealevelpressure,cloudcover,visibility,solarradiation,solarenergy,uvindex,severerisk,sunrise,sunset,moonphase,conditions,description,icon,stations,skey
0,"Woodbridge, NJ, United States",2022-05-10,23.1,10.5,16.3,23.1,10.5,16.3,-4.4,24.9,0.02,100.0,4.17,rain,0,0,53.8,26.7,63.5,1026.5,24.9,16.0,254.7,22.1,9,10,2022-05-10T05:45:29,2022-05-10T20:02:14,0.32,"Rain, Partially cloudy",Partly cloudy throughout the day with late afternoon rain.,rain,"72224754785,KEWR,72055399999,72502014734,72058100178,KJRB,E5922,KSMQ",819
1,"Woodbridge, NJ, United States",2022-05-11,24.6,12.4,16.9,24.6,12.4,16.9,2.6,40.1,0.0,0.0,0.0,,0,0,46.4,25.6,83.0,1024.8,48.3,16.0,181.1,15.5,9,10,2022-05-11T05:44:26,2022-05-11T20:03:13,0.37,Partially cloudy,Partly cloudy throughout the day.,partly-cloudy-day,"72224754785,KEWR,72502014734,72058100178,KJRB,E5922,KNYC,KSMQ",819
2,"Woodbridge, NJ, United States",2022-05-12,22.2,13.1,17.1,22.2,13.1,17.1,12.2,73.6,0.0,0.0,0.0,rain,0,0,33.5,15.4,120.4,1025.3,67.0,14.4,196.3,17.0,7,10,2022-05-12T05:43:24,2022-05-12T20:04:12,0.41,Partially cloudy,Partly cloudy throughout the day.,partly-cloudy-day,"72224754785,KEWR,72502014734,72058100178,KJRB,E5922,KNYC,KSMQ",819
3,"Woodbridge, NJ, United States",2022-05-13,22.0,14.3,16.8,22.0,14.3,16.8,15.1,89.8,1.4,100.0,20.83,rain,0,0,26.3,13.6,106.0,1024.3,98.9,9.0,111.3,9.6,6,10,2022-05-13T05:42:24,2022-05-13T20:05:11,0.45,"Rain, Overcast",Cloudy skies throughout the day with rain.,rain,"72224754785,KEWR,72055399999,72502014734,72058100178,KJRB,E5922,KNYC,KSMQ",819
4,"Woodbridge, NJ, United States",2022-05-14,20.0,14.6,16.8,20.0,14.6,16.8,16.0,94.9,3.36,100.0,29.17,rain,0,0,28.8,10.8,107.0,1018.4,98.3,8.4,84.9,7.2,4,10,2022-05-14T05:41:25,2022-05-14T20:06:09,0.48,"Rain, Overcast",Cloudy skies throughout the day with rain.,rain,"72224754785,KEWR,72502014734,72058100178,KJRB,E5922,KNYC,KSMQ",819
5,"Woodbridge, NJ, United States",2022-05-15,25.7,15.3,20.1,25.7,15.3,20.1,16.5,81.8,2.58,100.0,20.83,rain,0,0,25.2,15.4,143.4,1011.4,80.7,10.0,113.2,9.9,4,30,2022-05-15T05:40:28,2022-05-15T20:07:07,0.5,"Rain, Partially cloudy",Partly cloudy throughout the day with early morning rain.,rain,"72224754785,KEWR,72502014734,72058100178,KJRB,E5922,KSMQ",819
6,"Woodbridge, NJ, United States",2022-05-16,26.6,18.6,21.5,26.6,18.6,21.5,17.0,76.4,4.12,100.0,25.0,rain,0,0,50.0,29.4,221.8,1004.9,57.8,15.8,126.1,10.8,6,30,2022-05-16T05:39:33,2022-05-16T20:08:04,0.5,"Rain, Partially cloudy",Partly cloudy throughout the day with rain.,rain,"72224754785,D5872,KEWR,72502014734,72058100178,KJRB,E5922,KSMQ",819
7,"Woodbridge, NJ, United States",2022-05-17,25.8,13.4,19.7,25.8,13.4,19.7,6.7,46.7,0.0,0.0,0.0,,0,0,58.9,37.3,293.8,1007.7,19.6,16.0,275.3,23.9,10,10,2022-05-17T05:38:39,2022-05-17T20:09:01,0.52,Clear,Clear conditions throughout the day.,clear-day,"72224754785,KEWR,72502014734,72058100178,KJRB,E5922",819
8,"Woodbridge, NJ, United States",2022-05-18,22.5,12.7,18.0,22.5,12.7,18.0,4.0,40.8,0.0,0.0,0.0,,0,0,37.1,17.6,278.8,1013.6,20.2,16.0,268.0,23.2,8,10,2022-05-18T05:37:47,2022-05-18T20:09:57,0.54,Partially cloudy,Partly cloudy throughout the day.,partly-cloudy-day,"72224754785,KEWR,72502014734,72058100178,KJRB,E5922,KSMQ",819
9,"Woodbridge, NJ, United States",2022-05-19,20.5,12.8,15.6,20.5,12.8,15.6,11.9,79.9,21.07,100.0,41.67,rain,0,0,30.6,12.5,162.9,1008.4,82.7,13.3,108.4,9.5,6,10,2022-05-19T05:36:56,2022-05-19T20:10:53,0.58,"Rain, Partially cloudy",Partly cloudy throughout the day with a chance of rain throughout the day.,rain,"72224754785,KEWR,72502014734,72058100178,KJRB,E5922,KNYC",819
10,"Woodbridge, NJ, United States",2022-05-20,20.3,13.1,16.7,20.3,13.1,16.7,14.3,86.3,9.02,100.0,12.5,rain,0,0,37.1,16.7,115.3,1013.1,74.0,11.0,138.3,11.9,8,10,2022-05-20T05:36:07,2022-05-20T20:11:48,0.63,"Rain, Partially cloudy",Partly cloudy throughout the day with rain.,rain,"72224754785,D5872,KEWR,72502014734,72058100178,KJRB,E5922,KNYC,KSMQ",819
11,"Woodbridge, NJ, United States",2022-05-21,34.2,16.7,25.1,34.9,16.7,25.6,17.9,70.2,0.0,0.0,0.0,rain,0,0,38.9,15.4,212.3,1015.1,44.6,9.8,259.2,22.4,9,100,2022-05-21T05:35:20,2022-05-21T20:12:42,0.68,Partially cloudy,Clearing in the afternoon.,partly-cloudy-day,"72224754785,KEWR,72502014734,72058100178,KJRB,E5922,KSMQ",819
12,"Woodbridge, NJ, United States",2022-05-22,33.4,23.2,27.9,33.8,23.2,28.4,18.3,57.5,0.06,100.0,12.5,rain,0,0,46.4,21.8,244.4,1015.3,23.9,15.8,204.7,17.6,8,60,2022-05-22T05:34:35,2022-05-22T20:13:35,0.74,"Rain, Partially cloudy",Partly cloudy throughout the day with rain in the morning and afternoon.,rain,"72224754785,KEWR,72502014734,72058100178,KJRB,E5922",819
13,"Woodbridge, NJ, United States",2022-05-23,24.3,16.2,20.8,24.3,16.2,20.8,7.7,44.7,0.01,100.0,4.17,rain,0,0,44.6,24.7,177.0,1020.9,28.9,16.0,267.3,23.2,8,10,2022-05-23T05:33:52,2022-05-23T20:14:28,0.79,"Rain, Partially cloudy",Partly cloudy throughout the day with afternoon rain.,rain,"72224754785,KEWR,72502014734,72058100178,KJRB,E5922",819
14,"Woodbridge, NJ, United States",2022-05-24,19.0,14.9,17.2,19.0,14.9,17.2,8.5,57.1,0.16,100.0,20.83,rain,0,0,76.0,17.8,121.7,1025.2,85.1,16.0,140.2,12.1,7,10,2022-05-24T05:33:10,2022-05-24T20:15:20,0.85,"Rain, Partially cloudy",Partly cloudy throughout the day with afternoon rain.,rain,"72224754785,KEWR,72502014734,72058100178,KJRB,E5922",819
15,"Woodbridge, NJ, United States",2022-05-25,19.8,13.0,16.2,19.8,13.0,16.2,6.8,54.8,0.02,100.0,4.17,rain,0,0,27.7,17.1,125.4,1028.1,19.5,16.0,290.2,25.1,9,10,2022-05-25T05:32:30,2022-05-25T20:16:11,0.89,Rain,Clear conditions throughout the day with afternoon rain.,rain,"72224754785,KEWR,72502014734,72058100178,KJRB,E5922,KSMQ",819
16,"Woodbridge, NJ, United States",2022-05-26,20.5,13.0,17.5,20.5,13.0,17.5,11.3,67.2,0.0,0.0,0.0,rain,0,0,59.4,19.7,131.4,1024.4,64.7,16.0,193.9,16.7,7,10,2022-05-26T05:31:52,2022-05-26T20:17:01,0.93,Partially cloudy,Partly cloudy throughout the day.,partly-cloudy-day,"72224754785,KEWR,72055399999,72502014734,72058100178,KJRB,E5922,KSMQ",819
17,"Woodbridge, NJ, United States",2022-05-27,27.1,18.7,21.6,28.3,18.7,21.7,18.1,80.9,7.35,100.0,8.33,rain,0,0,50.0,21.6,150.8,1013.0,82.7,13.4,154.9,13.3,10,30,2022-05-27T05:31:16,2022-05-27T20:17:50,0.96,"Rain, Partially cloudy",Partly cloudy throughout the day with rain.,rain,"F7777,72224754785,KEWR,72055399999,72502014734,KJRB,E5922,KNYC,KSMQ",819
18,"Woodbridge, NJ, United States",2022-05-28,24.2,19.2,21.5,24.2,19.2,21.5,17.3,77.6,9.05,100.0,33.33,rain,0,0,70.2,23.1,244.9,1007.3,72.4,15.2,223.4,19.3,10,30,2022-05-28T05:30:42,2022-05-28T20:18:39,0.99,"Rain, Partially cloudy",Partly cloudy throughout the day with rain.,rain,"72224754785,KEWR,72055399999,72502014734,KJRB,E5922,KNYC,72409454743,KSMQ",819
19,"Woodbridge, NJ, United States",2022-05-29,26.2,16.3,21.2,26.2,16.3,21.2,12.8,60.0,0.0,0.0,0.0,,0,0,22.7,14.7,217.9,1016.7,36.0,15.8,211.1,18.3,7,10,2022-05-29T05:30:10,2022-05-29T20:19:26,1.0,Partially cloudy,Partly cloudy throughout the day.,partly-cloudy-day,"72502594741,72224754785,72505394728,KEWR,72055399999,72502014734,KJRB,E5922,72409454743,KSMQ",819
20,"Woodbridge, NJ, United States",2022-05-30,31.8,16.7,24.8,31.9,16.7,24.9,15.8,59.8,0.0,0.0,0.0,,0,0,42.0,18.1,234.4,1018.3,22.7,15.8,282.7,24.4,9,30,2022-05-30T05:29:39,2022-05-30T20:20:12,0.0,Partially cloudy,Partly cloudy throughout the day.,partly-cloudy-day,"72224754785,KEWR,72055399999,72502014734,KJRB,E5922,KSMQ",819
21,"Woodbridge, NJ, United States",2022-05-31,35.4,23.1,29.3,35.5,23.1,29.3,17.1,51.0,0.0,0.0,0.0,,0,0,59.0,23.7,282.0,1014.1,44.3,15.7,285.4,24.3,9,30,2022-05-31T05:29:11,2022-05-31T20:20:57,0.0,Partially cloudy,Partly cloudy throughout the day.,partly-cloudy-day,"72224754785,KEWR,72055399999,72502014734,KJRB,E5922,KNYC,72409454743,KSMQ",819
22,"Woodbridge, NJ, United States",2022-06-01,22.2,16.8,18.8,22.2,16.8,18.8,14.5,76.1,11.27,100.0,25.0,rain,0,0,33.5,21.7,92.2,1013.8,87.9,14.7,130.1,11.2,5,10,2022-06-01T05:28:44,2022-06-01T20:21:41,0.02,"Rain, Partially cloudy",Partly cloudy throughout the day with rain.,rain,"F7777,72224754785,D5872,KEWR,72055399999,72502014734,E5816,KJRB,E5922,KNYC,72409454743,KSMQ",819
23,"Woodbridge, NJ, United States",2022-06-02,28.3,16.7,21.8,29.5,16.7,22.0,18.1,80.6,7.58,100.0,33.33,rain,0,0,38.9,22.3,202.3,1007.3,85.5,14.2,200.7,17.4,8,60,2022-06-02T05:28:19,2022-06-02T20:22:24,0.04,"Rain, Partially cloudy",Partly cloudy throughout the day with a chance of rain throughout the day.,rain,"72224754785,KEWR,72502014734,E5922,KNYC,72409454743,KSMQ",819
24,"Woodbridge, NJ, United States",2022-06-03,26.5,19.4,22.4,26.5,19.4,22.4,15.7,68.2,0.16,100.0,8.33,rain,0,0,22.3,13.4,126.8,1007.6,78.6,12.9,190.0,16.6,8,10,2022-06-03T05:27:57,2022-06-03T20:23:05,0.07,"Rain, Partially cloudy",Partly cloudy throughout the day with morning rain.,rain,"72224754785,KEWR,72502014734,KCDW,72058100178,E5922,KNYC,72409454743,KSMQ",819
25,"Woodbridge, NJ, United States",2022-06-04,28.9,15.0,22.8,27.5,15.0,22.6,8.0,41.9,0.0,0.0,0.0,,0,0,38.9,17.5,243.7,1011.0,12.5,16.0,283.4,24.4,9,10,2022-06-04T05:27:36,2022-06-04T20:23:45,0.11,Clear,Clear conditions throughout the day.,clear-day,"72224754785,KEWR,72502014734,72058100178,E5922,KJRB,KNYC,72409454743,KSMQ",819
26,"Woodbridge, NJ, United States",2022-06-05,25.2,15.5,20.8,25.2,15.5,20.8,3.5,32.8,0.02,100.0,4.17,rain,0,0,74.2,16.7,95.3,1015.0,14.6,16.0,298.7,25.9,9,10,2022-06-05T05:27:17,2022-06-05T20:24:24,0.14,Rain,Clear conditions throughout the day with afternoon rain.,rain,"72224754785,D5872,KEWR,72502014734,72058100178,KJRB,E5922,KSMQ",819
27,"Woodbridge, NJ, United States",2022-06-06,27.7,14.6,21.8,26.8,14.6,21.7,7.1,39.8,0.0,0.0,0.0,,0,0,66.6,19.6,240.1,1016.8,10.0,16.0,293.9,25.2,9,10,2022-06-06T05:27:00,2022-06-06T20:25:02,0.19,Clear,Clear conditions throughout the day.,clear-day,"72224754785,KEWR,72055399999,72502014734,72058100178,KJRB,E5922,KSMQ",819
28,"Woodbridge, NJ, United States",2022-06-07,26.9,16.1,21.5,27.2,16.1,21.5,12.9,59.1,0.6,100.0,16.67,rain,0,0,43.0,24.2,198.4,1016.3,55.0,15.6,210.1,18.2,8,10,2022-06-07T05:26:46,2022-06-07T20:25:38,0.24,"Rain, Partially cloudy",Partly cloudy throughout the day with rain.,rain,"72224754785,KEWR,72055399999,72502014734,E5816,72058100178,KJRB,E5922,KSMQ",819
29,"Woodbridge, NJ, United States",2022-06-08,29.3,20.1,24.5,28.4,20.1,24.3,16.5,65.3,1.26,100.0,25.0,rain,0,0,40.3,26.4,238.8,1011.2,60.4,15.9,296.0,25.4,9,30,2022-06-08T05:26:33,2022-06-08T20:26:13,0.29,"Rain, Partially cloudy",Partly cloudy throughout the day with a chance of rain throughout the day.,rain,"72224754785,KEWR,72055399999,72502014734,72058100178,KJRB,E5922,KSMQ",819
30,"Woodbridge, NJ, United States",2022-06-09,27.9,21.0,24.1,27.8,21.0,24.1,16.0,64.2,16.33,100.0,41.67,rain,0,0,68.4,32.6,241.3,1004.4,74.3,14.4,223.9,19.6,9,30,2022-06-09T05:26:22,2022-06-09T20:26:46,0.35,"Rain, Partially cloudy",Partly cloudy throughout the day with a chance of rain throughout the day.,rain,"72224754785,KEWR,72055399999,72502014734,72058100178,KJRB,E5922,KNYC,KSMQ",819
31,"Woodbridge, NJ, United States",2022-06-10,27.6,16.1,22.0,26.9,16.1,21.9,9.3,46.4,0.01,100.0,4.17,rain,0,0,39.0,21.9,288.8,1010.3,21.0,16.0,290.3,25.3,9,10,2022-06-10T05:26:13,2022-06-10T20:27:17,0.39,"Rain, Partially cloudy",Partly cloudy throughout the day with late afternoon rain.,rain,"72224754785,D5872,KEWR,72055399999,72502014734,72058100178,KJRB,E5922,KSMQ",819
32,"Woodbridge, NJ, United States",2022-06-11,24.9,18.9,22.0,24.9,18.9,22.0,11.5,52.0,0.0,0.0,0.0,,0,0,35.3,12.8,176.1,1012.8,53.2,16.0,119.1,10.2,6,30,2022-06-11T05:26:06,2022-06-11T20:27:48,0.44,Partially cloudy,Becoming cloudy in the afternoon.,partly-cloudy-day,"F7777,72224754785,KEWR,72055399999,72502014734,E5816,72058100178,KJRB,E5922,KSMQ",819
33,"Woodbridge, NJ, United States",2022-06-12,23.3,17.0,20.1,23.3,17.0,20.1,16.0,77.9,1.61,100.0,25.0,rain,0,0,32.8,16.8,184.6,1014.3,76.2,15.8,112.5,9.6,6,30,2022-06-12T05:26:01,2022-06-12T20:28:16,0.47,"Rain, Partially cloudy",Partly cloudy throughout the day with rain in the morning and afternoon.,rain,"F7777,72224754785,D5872,KEWR,72502014734,72058100178,KJRB,E5922,KSMQ",819
34,"Woodbridge, NJ, United States",2022-06-13,31.5,19.9,25.6,31.5,19.9,25.7,17.3,63.9,0.02,100.0,8.33,rain,0,0,28.1,20.1,211.1,1012.3,45.5,14.9,306.1,26.4,10,60,2022-06-13T05:25:58,2022-06-13T20:28:43,0.49,"Rain, Partially cloudy",Partly cloudy throughout the day with rain.,rain,"72224754785,KEWR,72055399999,72502014734,72058100178,KJRB,E5922,KSMQ",819
35,"Woodbridge, NJ, United States",2022-06-14,28.9,20.5,24.5,27.9,20.5,24.3,10.1,41.0,0.0,0.0,0.0,,0,0,38.9,17.3,107.0,1012.8,24.7,15.9,239.2,20.7,9,10,2022-06-14T05:25:57,2022-06-14T20:29:08,0.5,Partially cloudy,Partly cloudy throughout the day.,partly-cloudy-day,"72224754785,D5872,KEWR,72502014734,72058100178,KJRB,E5922,KSMQ",819
36,"Woodbridge, NJ, United States",2022-06-15,26.9,19.1,22.9,26.8,19.1,22.9,14.1,58.7,0.0,0.0,0.0,,0,0,33.5,20.1,175.2,1018.2,15.2,16.0,283.5,24.7,8,10,2022-06-15T05:25:58,2022-06-15T20:29:32,0.51,Clear,Clear conditions throughout the day.,clear-day,"F7777,72224754785,D5872,KEWR,72055399999,72502014734,E5816,72058100178,KJRB,E5922,KNYC,KSMQ",819
37,"Woodbridge, NJ, United States",2022-06-16,23.4,17.8,20.9,23.4,17.8,20.9,16.1,74.3,13.03,100.0,20.83,rain,0,0,35.6,19.4,202.0,1019.3,88.1,15.7,132.1,11.4,9,10,2022-06-16T05:26:01,2022-06-16T20:29:54,0.53,"Rain, Partially cloudy",Partly cloudy throughout the day with rain in the morning and afternoon.,rain,"72224754785,KEWR,72502014734,E5816,72058100178,KJRB,E5922,KSMQ",819
38,"Woodbridge, NJ, United States",2022-06-17,32.8,20.8,26.5,32.4,20.8,26.4,16.4,58.4,0.01,100.0,4.17,rain,0,0,68.4,33.4,268.3,1006.5,57.0,16.0,221.6,19.1,9,75,2022-06-17T05:26:06,2022-06-17T20:30:14,0.57,"Rain, Partially cloudy",Clearing in the afternoon with afternoon rain.,rain,"72224754785,KEWR,72502014734,72058100178,E5922,KJRB,KNYC,KSMQ",819
39,"Woodbridge, NJ, United States",2022-06-18,23.9,15.0,19.7,23.9,15.0,19.7,8.3,47.9,0.0,0.0,0.0,,0,0,57.4,34.9,319.7,1006.5,47.9,16.0,183.9,15.9,10,10,2022-06-18T05:26:12,2022-06-18T20:30:32,0.62,Partially cloudy,Partly cloudy throughout the day.,partly-cloudy-day,"72224754785,KEWR,72502014734,72058100178,E5922,KNYC,KSMQ",819
40,"Woodbridge, NJ, United States",2022-06-19,23.5,12.5,17.9,23.5,12.5,17.9,3.4,39.8,0.0,0.0,0.0,,0,0,54.6,30.7,328.5,1014.1,14.1,16.0,301.4,26.2,9,10,2022-06-19T05:26:21,2022-06-19T20:30:49,0.67,Clear,Clear conditions throughout the day.,clear-day,"72224754785,KEWR,72502014734,72058100178,E5922,KNYC,KSMQ",819
41,"Woodbridge, NJ, United States",2022-06-20,27.0,14.0,21.0,26.6,14.0,20.9,5.1,37.2,0.0,0.0,0.0,,0,0,40.7,24.1,310.0,1019.3,28.3,16.0,258.8,22.4,8,10,2022-06-20T05:26:31,2022-06-20T20:31:03,0.72,Partially cloudy,Partly cloudy throughout the day.,partly-cloudy-day,"72224754785,KEWR,72502014734,72058100178,E5922,KNYC,72409454743,KSMQ",819
42,"Woodbridge, NJ, United States",2022-06-21,26.3,15.8,21.4,26.3,15.8,21.4,10.7,52.5,1.72,100.0,12.5,rain,0,0,24.8,13.4,128.9,1019.3,48.3,15.9,140.1,12.2,5,10,2022-06-21T05:26:43,2022-06-21T20:31:16,0.77,"Rain, Partially cloudy",Partly cloudy throughout the day with late afternoon rain.,rain,"72224754785,KEWR,72502014734,72058100178,E5922,KNYC,72409454743,KSMQ",819
43,"Woodbridge, NJ, United States",2022-06-22,20.3,17.1,19.1,20.3,17.1,19.1,16.1,83.2,0.86,100.0,16.67,rain,0,0,33.5,18.3,125.1,1016.5,98.3,12.6,54.0,4.5,3,10,2022-06-22T05:26:57,2022-06-22T20:31:27,0.82,"Rain, Overcast",Cloudy skies throughout the day with late afternoon rain.,rain,"72224754785,KEWR,72502014734,E5816,72058100178,E5922,KNYC,KSMQ",819
44,"Woodbridge, NJ, United States",2022-06-23,23.0,17.2,19.9,23.0,17.2,19.9,15.2,75.7,0.75,100.0,29.17,rain,0,0,32.4,16.4,117.6,1014.8,77.1,15.8,199.3,17.2,7,10,2022-06-23T05:27:13,2022-06-23T20:31:36,0.87,"Rain, Partially cloudy",Partly cloudy throughout the day with rain.,rain,"72224754785,KEWR,72502014734,KCDW,72058100178,E5922,KNYC,72409454743,KSMQ",819
45,"Woodbridge, NJ, United States",2022-06-24,28.5,18.0,23.3,28.8,18.0,23.5,16.3,66.5,0.0,0.0,0.0,,0,0,25.2,14.2,257.4,1016.1,55.1,15.9,296.9,25.6,10,30,2022-06-24T05:27:30,2022-06-24T20:31:43,0.91,Partially cloudy,Partly cloudy throughout the day.,partly-cloudy-day,"72224754785,KEWR,72502014734,72058100178,E5922,KNYC,KSMQ",819
46,"Woodbridge, NJ, United States",2022-06-25,33.0,20.1,27.1,32.6,20.1,26.9,16.1,54.5,0.0,0.0,0.0,,0,0,29.9,14.0,225.2,1018.4,13.8,15.8,293.4,25.3,9,60,2022-06-25T05:27:50,2022-06-25T20:31:48,0.95,Clear,Clear conditions throughout the day.,clear-day,"72224754785,KEWR,72502014734,72058100178,E5922,KNYC,KSMQ",819
47,"Woodbridge, NJ, United States",2022-06-26,32.6,22.2,27.3,31.9,22.2,27.2,15.8,51.8,0.0,0.0,0.0,,0,0,41.4,19.8,229.7,1017.8,31.5,15.8,304.0,26.2,9,10,2022-06-26T05:28:10,2022-06-26T20:31:52,0.97,Partially cloudy,Partly cloudy throughout the day.,partly-cloudy-day,"72224754785,KEWR,72502014734,72058100178,E5922,KNYC,KSMQ",819
48,"Woodbridge, NJ, United States",2022-06-27,25.8,21.5,23.6,25.8,21.5,23.6,19.0,75.8,5.15,100.0,33.33,rain,0,0,44.3,13.4,249.5,1014.3,73.4,15.1,77.6,6.8,3,30,2022-06-27T05:28:33,2022-06-27T20:31:53,0.99,"Rain, Partially cloudy",Partly cloudy throughout the day with rain in the morning and afternoon.,rain,"72224754785,KEWR,72502014734,72058100178,E5922,KSMQ",819
49,"Woodbridge, NJ, United States",2022-06-28,27.7,19.3,22.9,27.0,19.3,22.9,10.9,48.6,0.02,100.0,4.17,rain,0,0,31.7,16.6,210.2,1019.9,53.3,16.0,317.3,27.3,9,10,2022-06-28T05:28:57,2022-06-28T20:31:52,1.0,"Rain, Partially cloudy",Partly cloudy throughout the day with early morning rain.,rain,"72224754785,KEWR,72502014734,72058100178,E5922,KNYC,72409454743,KSMQ",819
50,"Woodbridge, NJ, United States",2022-06-29,30.0,17.2,23.9,28.7,17.2,23.6,13.0,53.5,0.03,100.0,12.5,rain,0,0,29.5,16.3,232.0,1022.4,26.1,16.0,301.1,25.9,9,30,2022-06-29T05:29:23,2022-06-29T20:31:49,0.0,"Rain, Partially cloudy",Partly cloudy throughout the day with afternoon rain.,rain,"72224754785,KEWR,72502014734,72058100178,E5922,KJRB,KNYC,KSMQ",819
51,"Woodbridge, NJ, United States",2022-06-30,31.4,20.1,26.2,30.3,20.1,25.8,14.2,50.4,0.06,100.0,25.0,rain,0,0,64.8,20.9,246.8,1021.3,20.8,16.0,290.8,25.3,9,10,2022-06-30T05:29:50,2022-06-30T20:31:45,0.01,"Rain, Partially cloudy",Partly cloudy throughout the day with rain in the morning and afternoon.,rain,"72224754785,KEWR,72502014734,72058100178,KJRB,E5922,KNYC,72409454743,KSMQ",819
52,"Woodbridge, NJ, United States",2022-07-01,34.7,21.4,27.8,34.4,21.4,28.6,18.1,57.7,0.92,100.0,4.17,rain,0,0,70.4,18.8,245.1,1016.6,28.8,15.5,242.3,20.9,9,100,2022-07-01T05:30:19,2022-07-01T20:31:38,0.03,"Rain, Partially cloudy",Partly cloudy throughout the day with afternoon rain.,rain,"72224754785,KEWR,72055399999,72502014734,72058100178,KJRB,E5922,KSMQ",819
53,"Woodbridge, NJ, United States",2022-07-02,33.0,25.4,28.9,34.6,25.4,29.7,19.4,58.2,0.05,100.0,4.17,rain,0,0,40.7,20.6,267.9,1012.4,36.8,16.0,222.9,19.2,9,75,2022-07-02T05:30:50,2022-07-02T20:31:29,0.05,"Rain, Partially cloudy",Becoming cloudy in the afternoon with afternoon rain.,rain,"72224754785,KEWR,72055399999,72502014734,72058100178,KJRB,E5922,KSMQ",819
54,"Woodbridge, NJ, United States",2022-07-03,31.6,24.7,27.7,29.8,24.7,27.2,13.1,43.7,0.0,0.0,0.0,rain,0,0,40.7,18.0,234.9,1015.6,43.6,16.0,235.1,20.4,10,10,2022-07-03T05:31:22,2022-07-03T20:31:18,0.08,Partially cloudy,Partly cloudy throughout the day.,partly-cloudy-day,"72224754785,KEWR,72055399999,72502014734,72058100178,KJRB,E5922,KSMQ",819
55,"Woodbridge, NJ, United States",2022-07-04,30.3,18.0,25.4,28.8,18.0,24.8,8.4,35.2,0.02,100.0,4.17,rain,0,0,37.1,14.4,265.3,1020.0,17.0,16.0,289.4,25.1,9,10,2022-07-04T05:31:55,2022-07-04T20:31:05,0.12,Rain,Clear conditions throughout the day with afternoon rain.,rain,"72224754785,KEWR,72055399999,72502014734,72058100178,KJRB,E5922,KSMQ",819
56,"Woodbridge, NJ, United States",2022-07-05,31.7,21.4,25.6,30.7,21.4,25.6,14.8,52.6,0.67,100.0,25.0,rain,0,0,44.3,16.5,224.4,1015.8,50.8,15.9,180.0,15.7,9,10,2022-07-05T05:32:29,2022-07-05T20:30:51,0.17,"Rain, Partially cloudy",Becoming cloudy in the afternoon with rain.,rain,"72224754785,KEWR,72055399999,72502014734,72058100178,KJRB,E5922,KSMQ",819
57,"Woodbridge, NJ, United States",2022-07-06,30.5,24.1,27.2,30.8,24.1,27.4,18.3,60.9,0.0,0.0,0.0,,0,0,46.4,21.9,286.5,1010.4,51.5,15.9,236.3,20.3,9,30,2022-07-06T05:33:05,2022-07-06T20:30:34,0.22,Partially cloudy,Partly cloudy throughout the day.,partly-cloudy-day,"72224754785,KEWR,72055399999,72502014734,72058100178,KJRB,E5922,KNYC,KSMQ",819
58,"Woodbridge, NJ, United States",2022-07-07,27.8,21.8,25.0,28.2,21.8,25.1,16.4,59.4,0.02,100.0,8.33,rain,0,0,37.8,19.4,120.0,1015.1,65.0,16.0,182.0,15.6,7,10,2022-07-07T05:33:43,2022-07-07T20:30:15,0.27,"Rain, Partially cloudy",Partly cloudy throughout the day with rain.,rain,"72224754785,KEWR,72055399999,72502014734,72058100178,KJRB,E5922,KSMQ",819
59,"Woodbridge, NJ, United States",2022-07-08,29.9,20.0,24.1,31.2,20.0,24.5,18.8,73.9,2.04,100.0,20.83,rain,0,0,77.8,13.9,184.3,1015.4,50.3,15.7,173.4,15.1,6,10,2022-07-08T05:34:21,2022-07-08T20:29:54,0.33,"Rain, Partially cloudy",Partly cloudy throughout the day with rain.,rain,"72224754785,KEWR,72055399999,72502014734,E5816,72058100178,KJRB,E5922,KSMQ",819
60,"Woodbridge, NJ, United States",2022-07-09,30.5,22.7,25.7,29.8,22.7,25.5,15.9,57.6,0.02,100.0,4.17,rain,0,0,57.6,17.2,150.3,1016.2,38.1,15.9,269.3,23.4,8,10,2022-07-09T05:35:01,2022-07-09T20:29:31,0.38,"Rain, Partially cloudy",Partly cloudy throughout the day with late afternoon rain.,rain,"72224754785,KEWR,72055399999,72502014734,72058100178,KJRB,E5922,KSMQ",819
61,"Woodbridge, NJ, United States",2022-07-10,28.0,19.9,23.8,27.5,19.9,23.7,11.2,46.4,0.0,0.0,0.0,,0,0,50.0,17.0,132.9,1017.5,13.4,16.0,290.2,25.2,9,10,2022-07-10T05:35:42,2022-07-10T20:29:06,0.42,Clear,Clear conditions throughout the day.,clear-day,"72224754785,KEWR,72502014734,72058100178,KJRB,E5922,KNYC,KSMQ",819
62,"Woodbridge, NJ, United States",2022-07-11,30.1,18.5,24.3,29.1,18.5,24.1,14.2,56.1,0.0,0.0,0.0,,0,0,37.1,17.7,216.5,1013.7,26.8,16.0,295.0,25.5,9,10,2022-07-11T05:36:24,2022-07-11T20:28:40,0.46,Partially cloudy,Partly cloudy throughout the day.,partly-cloudy-day,"72224754785,KEWR,72055399999,72502014734,72058100178,KJRB,E5922,KSMQ",819
63,"Woodbridge, NJ, United States",2022-07-12,34.4,20.4,27.4,35.9,20.4,28.1,17.8,58.0,0.0,0.0,0.0,rain,0,0,48.0,20.2,238.8,1007.9,32.6,16.0,272.0,23.5,9,60,2022-07-12T05:37:07,2022-07-12T20:28:11,0.49,Partially cloudy,Partly cloudy throughout the day.,partly-cloudy-day,"72224754785,KEWR,72502014734,72058100178,KJRB,E5922,KSMQ",819
64,"Woodbridge, NJ, United States",2022-07-13,33.9,23.3,28.5,32.9,23.3,28.5,16.4,50.6,0.0,0.0,0.0,,0,0,61.2,17.9,264.0,1010.8,29.5,16.0,238.8,20.7,9,30,2022-07-13T05:37:51,2022-07-13T20:27:40,0.5,Partially cloudy,Partly cloudy throughout the day.,partly-cloudy-day,"72224754785,KEWR,72502014734,72058100178,KJRB,E5922,KNYC,72409454743,KSMQ",819
65,"Woodbridge, NJ, United States",2022-07-14,32.7,22.8,27.9,31.9,22.8,27.6,15.8,50.2,0.01,100.0,4.17,rain,0,0,50.0,18.6,203.6,1014.1,41.6,16.0,262.8,22.7,8,30,2022-07-14T05:38:36,2022-07-14T20:27:07,0.51,"Rain, Partially cloudy",Partly cloudy throughout the day with morning rain.,rain,"72224754785,KEWR,72502014734,72058100178,KJRB,E5922,KSMQ",819
66,"Woodbridge, NJ, United States",2022-07-15,28.9,22.9,25.5,28.0,22.9,25.4,14.5,52.1,0.0,0.0,0.0,,0,0,31.7,16.4,92.8,1019.8,59.7,16.0,254.6,21.9,9,60,2022-07-15T05:39:22,2022-07-15T20:26:33,0.53,Partially cloudy,Partly cloudy throughout the day.,partly-cloudy-day,"72224754785,KEWR,72055399999,72502014734,72058100178,KJRB,E5922,KSMQ",819
67,"Woodbridge, NJ, United States",2022-07-16,27.1,22.4,24.7,28.4,22.4,24.8,19.9,75.5,6.3,100.0,20.83,rain,0,0,44.6,18.2,136.5,1018.7,65.2,15.6,201.1,17.3,9,60,2022-07-16T05:40:09,2022-07-16T20:25:56,0.55,"Rain, Partially cloudy",Partly cloudy throughout the day with rain.,rain,"72224754785,D5872,KEWR,72502014734,72058100178,KJRB,E5922,KNYC,KSMQ",819
68,"Woodbridge, NJ, United States",2022-07-17,29.2,21.3,25.4,31.0,21.3,26.1,20.1,73.2,1.66,100.0,25.0,rain,0,0,26.3,15.1,171.5,1016.2,71.3,15.7,188.9,16.4,10,60,2022-07-17T05:40:57,2022-07-17T20:25:18,0.6,"Rain, Partially cloudy",Partly cloudy throughout the day with rain clearing later.,rain,"72224754785,KEWR,72055399999,72502014734,72058100178,KJRB,E5922,KSMQ",819
69,"Woodbridge, NJ, United States",2022-07-18,32.7,24.4,27.5,35.1,24.4,28.8,21.9,72.9,1.54,100.0,20.83,rain,0,0,52.9,17.0,190.0,1011.7,78.4,15.8,158.0,13.7,7,75,2022-07-18T05:41:46,2022-07-18T20:24:37,0.65,"Rain, Partially cloudy",Partly cloudy throughout the day with rain.,rain,"72224754785,D5872,KEWR,72502014734,E5816,72058100178,KJRB,E5922,KNYC,KSMQ",819
70,"Woodbridge, NJ, United States",2022-07-19,33.6,23.1,28.6,33.9,23.1,28.9,18.3,56.7,0.0,0.0,0.0,,0,0,38.9,23.2,276.9,1008.0,24.8,16.0,265.7,22.8,9,30,2022-07-19T05:42:35,2022-07-19T20:23:55,0.7,Partially cloudy,Partly cloudy throughout the day.,partly-cloudy-day,"72224754785,KEWR,72055399999,72502014734,72058100178,KJRB,E5922,KSMQ",819
71,"Woodbridge, NJ, United States",2022-07-20,36.2,24.3,30.7,37.2,24.3,31.4,17.8,47.7,0.01,100.0,4.17,rain,0,0,44.6,15.0,251.2,1007.4,17.4,15.9,235.7,20.4,9,60,2022-07-20T05:43:26,2022-07-20T20:23:11,0.75,Rain,Clear conditions throughout the day with late afternoon rain.,rain,"72224754785,KEWR,72055399999,72502014734,72058100178,KJRB,E5922,KSMQ",819
72,"Woodbridge, NJ, United States",2022-07-21,36.9,25.4,31.0,38.8,25.4,32.4,19.6,53.4,0.13,100.0,8.33,rain,0,0,48.1,26.0,244.4,1004.6,24.5,15.9,268.1,23.0,9,100,2022-07-21T05:44:17,2022-07-21T20:22:25,0.8,"Rain, Partially cloudy",Partly cloudy throughout the day with rain.,rain,"72224754785,KEWR,72502014734,72058100178,KJRB,E5922,KSMQ",819
73,"Woodbridge, NJ, United States",2022-07-22,35.9,24.8,30.5,35.1,24.8,30.5,16.3,44.7,0.0,0.0,0.0,,0,0,66.6,15.1,217.3,1010.6,19.0,16.0,229.0,19.8,9,10,2022-07-22T05:45:08,2022-07-22T20:21:38,0.85,Clear,Clear conditions throughout the day.,clear-day,"72224754785,KEWR,72502014734,72058100178,KJRB,E5922,KSMQ",819
74,"Woodbridge, NJ, United States",2022-07-23,36.9,25.5,30.9,35.4,25.5,31.0,16.5,44.7,0.0,0.0,0.0,,0,0,27.7,17.2,227.1,1015.2,11.0,15.9,286.6,24.5,8,60,2022-07-23T05:46:01,2022-07-23T20:20:48,0.89,Clear,Clear conditions throughout the day.,clear-day,"F7777,72224754785,KEWR,72502014734,72058100178,KJRB,E5922,KSMQ",819
75,"Woodbridge, NJ, United States",2022-07-24,37.5,25.3,31.7,37.2,25.3,31.9,16.6,42.8,0.03,100.0,8.33,rain,0,0,59.0,20.4,246.2,1014.9,25.1,16.0,260.0,22.5,8,100,2022-07-24T05:46:53,2022-07-24T20:19:57,0.93,"Rain, Partially cloudy",Partly cloudy throughout the day with afternoon rain.,rain,"F7777,72224754785,KEWR,72502014734,72058100178,KJRB,E5922,KNYC,KSMQ",819
76,"Woodbridge, NJ, United States",2022-07-25,32.6,26.9,29.4,34.1,29.1,32.1,21.6,63.6,0.87,100.0,25.0,rain,0,0,61.2,18.4,248.5,1011.3,32.7,15.9,112.0,9.7,4,75,2022-07-25T05:47:47,2022-07-25T20:19:04,0.96,"Rain, Partially cloudy",Becoming cloudy in the afternoon with rain in the morning and afternoon.,rain,"72224754785,KEWR,72502014734,72058100178,KJRB,E5922,72409454743,KSMQ",819
77,"Woodbridge, NJ, United States",2022-07-26,28.8,22.3,25.7,27.9,22.3,25.5,14.1,50.5,0.01,100.0,4.17,rain,0,0,70.6,17.7,231.5,1014.9,27.3,16.0,132.1,11.4,4,60,2022-07-26T05:48:41,2022-07-26T20:18:10,0.98,"Rain, Partially cloudy",Partly cloudy throughout the day with afternoon rain.,rain,"72224754785,KEWR,72055399999,72502014734,72058100178,KJRB,E5922,KSMQ",819
78,"Woodbridge, NJ, United States",2022-07-27,30.0,20.8,25.7,29.5,20.8,25.7,15.0,53.3,0.05,100.0,8.33,rain,0,0,74.2,17.3,178.4,1013.4,38.7,16.0,262.5,22.6,9,10,2022-07-27T05:49:35,2022-07-27T20:17:14,1.0,"Rain, Partially cloudy",Partly cloudy throughout the day with rain in the morning and afternoon.,rain,"72224754785,KEWR,72055399999,72502014734,72058100178,KJRB,E5922,KSMQ",819
79,"Woodbridge, NJ, United States",2022-07-28,31.9,23.3,27.5,34.8,23.3,28.9,21.1,69.7,2.56,100.0,12.5,rain,0,0,50.0,25.9,214.3,1010.0,66.7,15.8,171.8,14.7,7,60,2022-07-28T05:50:30,2022-07-28T20:16:16,1.0,"Rain, Partially cloudy",Partly cloudy throughout the day with rain.,rain,"72224754785,KEWR,72502014734,72058100178,KJRB,E5922,KNYC,72409454743,KSMQ",819
80,"Woodbridge, NJ, United States",2022-07-29,30.2,22.9,26.7,30.5,22.9,26.9,18.7,63.5,0.14,100.0,4.17,rain,0,0,28.8,16.9,272.4,1012.0,51.3,15.7,113.0,9.6,4,10,2022-07-29T05:51:26,2022-07-29T20:15:16,0.0,"Rain, Partially cloudy",Becoming cloudy in the afternoon with late afternoon rain.,rain,"72224754785,KEWR,72502014734,72058100178,E5922,KNYC,72409454743,KSMQ",819
81,"Woodbridge, NJ, United States",2022-07-30,31.8,23.0,27.6,30.4,23.0,27.0,13.8,45.6,0.0,0.0,0.0,rain,0,0,46.2,30.2,311.3,1016.0,40.9,16.0,286.6,24.9,9,10,2022-07-30T05:52:21,2022-07-30T20:14:15,0.01,Partially cloudy,Becoming cloudy in the afternoon.,partly-cloudy-day,"72224754785,KEWR,72502014734,72058100178,E5922,KNYC,72409454743,KSMQ",819
82,"Woodbridge, NJ, United States",2022-07-31,29.9,20.5,25.9,29.3,20.5,26.0,15.0,52.0,0.0,0.0,0.0,,0,0,31.3,18.4,89.6,1020.4,30.3,16.0,224.4,19.5,8,10,2022-07-31T05:53:17,2022-07-31T20:13:13,0.04,Partially cloudy,Clearing in the afternoon.,partly-cloudy-day,"72224754785,KEWR,72502014734,72058100178,E5922,KNYC,KSMQ",819
83,"Woodbridge, NJ, United States",2022-08-01,25.2,20.0,22.6,25.2,20.0,22.6,19.0,80.6,10.04,100.0,25.0,rain,0,0,29.2,10.8,190.2,1014.4,83.9,14.7,54.2,4.9,2,10,2022-08-01T05:54:14,2022-08-01T20:12:09,0.07,"Rain, Partially cloudy",Partly cloudy throughout the day with rain clearing later.,rain,"72224754785,KEWR,72502014734,E5816,72058100178,E5922,KNYC,72409454743,KSMQ",819
84,"Woodbridge, NJ, United States",2022-08-02,33.7,20.9,27.2,34.3,20.9,27.8,18.7,63.4,0.0,0.0,0.0,,0,0,37.1,17.2,255.1,1009.6,36.7,15.7,199.5,17.3,8,30,2022-08-02T05:55:10,2022-08-02T20:11:03,0.1,Partially cloudy,Partly cloudy throughout the day.,partly-cloudy-day,"72224754785,KEWR,72502014734,72058100178,E5922,KNYC,KSMQ",819
85,"Woodbridge, NJ, United States",2022-08-03,33.4,22.4,27.6,32.2,22.4,27.5,15.8,50.7,0.0,0.0,0.0,,0,0,29.5,16.1,252.6,1014.5,7.0,16.0,282.3,24.7,9,10,2022-08-03T05:56:07,2022-08-03T20:09:56,0.14,Clear,Clear conditions throughout the day.,clear-day,"72224754785,KEWR,72502014734,72058100178,E5922,KNYC,KSMQ",819
86,"Woodbridge, NJ, United States",2022-08-04,35.8,22.3,29.4,37.7,22.3,30.3,18.7,55.4,0.0,0.0,0.0,rain,0,0,29.5,13.9,235.2,1016.6,35.4,16.0,209.5,18.0,9,30,2022-08-04T05:57:05,2022-08-04T20:08:47,0.2,Partially cloudy,Partly cloudy throughout the day.,partly-cloudy-day,"72224754785,KEWR,72502014734,KCDW,72058100178,E5922,KNYC,72409454743,KSMQ",819
87,"Woodbridge, NJ, United States",2022-08-05,33.0,24.5,28.0,34.7,24.5,29.0,19.7,61.6,0.0,0.0,0.0,,0,0,35.3,15.8,242.7,1019.6,26.7,16.0,147.4,12.9,7,30,2022-08-05T05:58:02,2022-08-05T20:07:37,0.25,Partially cloudy,Partly cloudy throughout the day.,partly-cloudy-day,"72224754785,KEWR,72502014734,72058100178,E5922,KNYC,KSMQ",819
88,"Woodbridge, NJ, United States",2022-08-06,33.9,23.4,28.8,35.1,23.4,30.0,19.8,60.4,0.02,100.0,4.17,rain,0,0,42.4,19.9,235.0,1021.9,42.6,15.9,284.3,24.5,9,60,2022-08-06T05:59:00,2022-08-06T20:06:26,0.31,"Rain, Partially cloudy",Becoming cloudy in the afternoon with early morning rain.,rain,"72224754785,KEWR,72502014734,72058100178,E5922,KJRB,KNYC,KSMQ",819
89,"Woodbridge, NJ, United States",2022-08-07,33.8,25.8,29.5,36.7,25.8,31.3,21.3,63.4,4.74,100.0,16.67,rain,0,0,72.4,21.8,242.5,1020.3,36.9,15.7,177.6,15.2,9,60,2022-08-07T05:59:58,2022-08-07T20:05:13,0.36,"Rain, Partially cloudy",Partly cloudy throughout the day with afternoon rain.,rain,"72224754785,KEWR,72502014734,72058100178,KJRB,E5922,KSMQ",819
90,"Woodbridge, NJ, United States",2022-08-08,36.0,25.6,30.5,38.3,25.6,32.7,21.2,59.9,0.01,100.0,4.17,rain,0,0,53.3,21.2,250.1,1015.3,40.3,16.0,192.1,16.5,8,60,2022-08-08T06:00:56,2022-08-08T20:04:00,0.41,"Rain, Partially cloudy",Partly cloudy throughout the day with afternoon rain.,rain,"72224754785,KEWR,72055399999,72502014734,72058100178,KJRB,E5922,KSMQ",819
91,"Woodbridge, NJ, United States",2022-08-09,36.9,26.8,31.4,40.6,29.8,34.6,21.8,58.7,0.01,100.0,4.17,rain,0,0,46.7,24.3,274.0,1012.6,38.5,16.0,260.2,22.6,9,75,2022-08-09T06:01:54,2022-08-09T20:02:44,0.45,"Rain, Partially cloudy",Partly cloudy throughout the day with afternoon rain.,rain,"72224754785,KEWR,72055399999,72502014734,72058100178,KJRB,E5922,KSMQ",819
92,"Woodbridge, NJ, United States",2022-08-10,31.0,24.6,27.6,32.0,24.6,28.2,17.8,55.7,0.01,100.0,4.17,rain,0,0,55.4,18.1,159.5,1016.0,62.8,16.0,176.8,15.4,10,30,2022-08-10T06:02:52,2022-08-10T20:01:28,0.48,"Rain, Partially cloudy",Partly cloudy throughout the day with afternoon rain.,rain,"72224754785,KEWR,72055399999,72502014734,72058100178,KJRB,E5922,KSMQ",819
93,"Woodbridge, NJ, United States",2022-08-11,32.5,22.2,27.3,31.1,22.2,27.0,17.0,57.8,3.9,100.0,8.33,rain,0,0,42.5,21.0,218.8,1012.1,59.4,15.6,169.6,14.7,9,30,2022-08-11T06:03:50,2022-08-11T20:00:10,0.5,"Rain, Partially cloudy",Partly cloudy throughout the day with morning rain.,rain,"72224754785,KEWR,72502014734,72058100178,KJRB,E5922,KNYC,72409454743,KSMQ",819
94,"Woodbridge, NJ, United States",2022-08-12,30.4,22.1,25.9,28.7,22.1,25.4,8.5,35.3,0.0,0.0,0.0,,0,0,44.6,20.8,166.0,1014.8,39.2,16.0,264.6,22.9,9,10,2022-08-12T06:04:49,2022-08-12T19:58:51,0.5,Partially cloudy,Partly cloudy throughout the day.,partly-cloudy-day,"72224754785,KEWR,72502014734,72058100178,E5922,KNYC,72409454743,KSMQ",819
95,"Woodbridge, NJ, United States",2022-08-13,27.3,17.3,22.9,26.5,17.3,22.7,7.8,39.0,0.0,0.0,0.0,,0,0,47.8,17.3,120.9,1018.3,18.7,16.0,263.8,22.9,9,10,2022-08-13T06:05:47,2022-08-13T19:57:31,0.52,Clear,Clear conditions throughout the day.,clear-day,"F7777,72224754785,KEWR,72502014734,72058100178,E5922,KNYC,KSMQ",819
96,"Woodbridge, NJ, United States",2022-08-14,28.0,17.0,23.0,27.3,17.0,22.8,10.9,48.0,0.0,0.0,0.0,,0,0,35.3,23.0,201.1,1017.2,17.2,16.0,200.0,17.3,7,10,2022-08-14T06:06:46,2022-08-14T19:56:10,0.54,Clear,Clear conditions throughout the day.,clear-day,"72224754785,KEWR,72502014734,72058100178,E5922,D8569,KSMQ",819
97,"Woodbridge, NJ, United States",2022-08-15,27.8,19.3,23.5,27.2,19.3,23.4,11.8,48.9,0.0,0.0,0.0,,0,0,31.7,20.0,172.8,1015.4,25.7,16.0,260.8,22.6,9,10,2022-08-15T06:07:44,2022-08-15T19:54:48,0.58,Partially cloudy,Partly cloudy throughout the day.,partly-cloudy-day,"72224754785,72505394728,KEWR,72502014734,72058100178,E5922,D8569,KNYC,72409454743,KSMQ",819
98,"Woodbridge, NJ, United States",2022-08-16,28.1,19.0,23.6,27.3,19.0,23.5,13.1,53.9,0.0,0.0,0.0,,0,0,39.3,25.7,97.0,1015.7,21.9,16.0,241.9,20.9,8,10,2022-08-16T06:08:43,2022-08-16T19:53:24,0.62,Partially cloudy,Partly cloudy throughout the day.,partly-cloudy-day,"F7777,72224754785,KEWR,72502014734,72058100178,E5922,KNYC,KSMQ",819
99,"Woodbridge, NJ, United States",2022-08-17,26.6,18.3,23.0,26.6,18.3,23.0,13.3,57.2,4.16,100.0,16.67,rain,0,0,29.5,17.9,176.7,1015.3,73.7,16.0,121.1,10.4,5,10,2022-08-17T06:09:41,2022-08-17T19:52:00,0.67,"Rain, Partially cloudy",Partly cloudy throughout the day with a chance of rain throughout the day.,rain,"72224754785,KEWR,72502014734,72058100178,E5922,KSMQ",819
100,"Woodbridge, NJ, United States",2022-08-18,31.3,17.9,24.7,29.6,17.9,24.2,11.0,45.5,0.0,0.0,0.0,,0,0,33.5,19.6,277.3,1012.6,32.1,15.9,183.3,15.9,8,10,2022-08-18T06:10:40,2022-08-18T19:50:35,0.72,Partially cloudy,Becoming cloudy in the afternoon.,partly-cloudy-day,"72224754785,KEWR,72502014734,72058100178,E5922,KSMQ",819
101,"Woodbridge, NJ, United States",2022-08-19,32.4,19.1,26.0,31.0,19.1,25.7,13.1,46.6,0.0,0.0,0.0,,0,0,35.6,24.6,194.0,1016.9,16.0,15.9,165.1,14.1,9,10,2022-08-19T06:11:38,2022-08-19T19:49:09,0.77,Clear,Clear conditions throughout the day.,clear-day,"72224754785,KEWR,72502014734,72058100178,E5922,KNYC,KSMQ",819
102,"Woodbridge, NJ, United States",2022-08-20,31.6,22.2,27.0,32.2,22.2,27.0,16.6,54.4,0.0,0.0,0.0,,0,0,35.3,20.5,193.3,1020.2,27.3,16.0,238.6,20.6,8,60,2022-08-20T06:12:37,2022-08-20T19:47:41,0.82,Partially cloudy,Partly cloudy throughout the day.,partly-cloudy-day,"72224754785,KEWR,72502014734,72058100178,E5922,KSMQ",819
103,"Woodbridge, NJ, United States",2022-08-21,27.7,21.5,24.6,29.1,21.5,24.8,19.3,73.3,0.0,0.0,0.0,rain,0,0,32.6,19.2,149.7,1019.1,45.0,16.0,166.1,14.5,7,60,2022-08-21T06:13:36,2022-08-21T19:46:13,0.86,Partially cloudy,Partly cloudy throughout the day.,partly-cloudy-day,"72224754785,KEWR,72502014734,72058100178,KJRB,E5922,KNYC,KSMQ",819
104,"Woodbridge, NJ, United States",2022-08-22,27.2,21.9,23.8,29.2,21.9,23.9,21.3,86.0,40.72,100.0,70.83,rain,0,0,24.8,15.4,113.5,1012.9,80.6,14.6,115.0,9.8,7,60,2022-08-22T06:14:34,2022-08-22T19:44:44,0.9,"Rain, Partially cloudy",Partly cloudy throughout the day with a chance of rain throughout the day.,rain,"72224754785,KEWR,72502014734,KCDW,72058100178,E5922,KNYC,72409454743,KSMQ",819
105,"Woodbridge, NJ, United States",2022-08-23,30.4,21.3,25.3,30.2,21.3,25.5,19.2,72.2,0.86,100.0,8.33,rain,0,0,42.5,20.6,259.8,1009.6,57.9,12.3,207.3,17.9,9,60,2022-08-23T06:15:33,2022-08-23T19:43:14,0.94,"Rain, Partially cloudy",Partly cloudy throughout the day with rain.,rain,"72224754785,KEWR,72502014734,72058100178,E5922,KNYC,72409454743,KSMQ",819
106,"Woodbridge, NJ, United States",2022-08-24,32.1,20.5,26.3,31.3,20.5,26.1,15.6,56.1,0.0,0.0,0.0,,0,0,31.7,18.9,288.5,1013.8,16.7,15.8,242.0,21.1,8,10,2022-08-24T06:16:31,2022-08-24T19:41:44,0.97,Clear,Clear conditions throughout the day.,clear-day,"72224754785,KEWR,72502014734,72058100178,E5922,KNYC,KSMQ",819
107,"Woodbridge, NJ, United States",2022-08-25,32.2,20.4,26.7,31.2,20.4,26.4,14.8,50.4,0.0,0.0,0.0,,0,0,25.6,15.6,232.9,1016.3,23.0,15.9,211.6,18.3,8,10,2022-08-25T06:17:29,2022-08-25T19:40:12,0.99,Partially cloudy,Partly cloudy throughout the day.,partly-cloudy-day,"72224754785,KEWR,72502014734,72058100178,E5922,KNYC,72409454743,KSMQ",819
108,"Woodbridge, NJ, United States",2022-08-26,32.4,22.4,27.4,32.7,22.4,27.9,18.0,58.2,0.49,100.0,8.33,rain,0,0,47.9,20.5,224.5,1013.2,45.6,15.8,155.2,13.4,9,75,2022-08-26T06:18:28,2022-08-26T19:38:40,1.0,"Rain, Partially cloudy",Partly cloudy throughout the day with afternoon rain.,rain,"72224754785,KEWR,72502014734,72058100178,E5922,KNYC,72409454743,KSMQ",819
109,"Woodbridge, NJ, United States",2022-08-27,31.9,23.3,27.1,31.1,23.3,27.1,17.3,56.9,0.0,0.0,0.0,,0,0,23.0,16.3,169.2,1015.0,45.9,15.8,171.6,14.8,8,30,2022-08-27T06:19:26,2022-08-27T19:37:07,0.0,Partially cloudy,Partly cloudy throughout the day.,partly-cloudy-day,"72224754785,KEWR,72502014734,72058100178,E5922,KNYC,KSMQ",819
110,"Woodbridge, NJ, United States",2022-08-28,26.7,23.8,24.8,28.1,23.8,24.8,20.2,76.2,0.0,0.0,0.0,rain,0,0,30.2,16.6,126.0,1020.1,79.8,15.8,149.1,12.8,6,75,2022-08-28T06:20:24,2022-08-28T19:35:34,0.01,Partially cloudy,Partly cloudy throughout the day.,partly-cloudy-day,"72224754785,KEWR,72502014734,KCDW,72058100178,E5922,KNYC,KSMQ",819
111,"Woodbridge, NJ, United States",2022-08-29,30.3,23.2,26.4,32.5,23.2,27.2,20.9,73.4,0.07,100.0,4.17,rain,0,0,34.2,19.3,190.9,1018.8,54.8,15.3,209.8,18.2,8,30,2022-08-29T06:21:23,2022-08-29T19:34:00,0.02,"Rain, Partially cloudy",Partly cloudy throughout the day with early morning rain.,rain,"72224754785,KEWR,72502014734,72058100178,E5922,KNYC,72409454743,KSMQ",819
112,"Woodbridge, NJ, United States",2022-08-30,32.2,22.8,27.1,34.0,22.8,28.1,20.7,70.3,8.12,100.0,12.5,rain,0,0,59.0,27.3,214.6,1011.7,60.0,15.5,240.3,20.8,9,60,2022-08-30T06:22:21,2022-08-30T19:32:25,0.05,"Rain, Partially cloudy",Partly cloudy throughout the day with late afternoon rain.,rain,"72224754785,KEWR,72502014734,72058100178,E5922,D8569,KNYC,KSMQ",819
113,"Woodbridge, NJ, United States",2022-08-31,28.9,20.9,24.6,28.3,20.9,24.4,15.7,62.4,3.15,100.0,12.5,rain,0,0,40.7,27.0,294.5,1009.0,31.9,15.8,187.1,16.2,9,10,2022-08-31T06:23:19,2022-08-31T19:30:49,0.09,"Rain, Partially cloudy",Partly cloudy throughout the day with early morning rain.,rain,"72224754785,KEWR,72502014734,72058100178,E5922,KNYC,72409454743,KSMQ",819
114,"Woodbridge, NJ, United States",2022-09-01,29.9,19.1,24.4,28.6,19.1,24.0,10.3,43.4,0.0,0.0,0.0,,0,0,42.5,22.2,267.5,1013.3,6.3,16.0,221.3,19.2,8,10,2022-09-01T06:24:17,2022-09-01T19:29:13,0.13,Clear,Clear conditions throughout the day.,clear-day,"72224754785,KEWR,72502014734,72058100178,E5922,KNYC,KSMQ",819
115,"Woodbridge, NJ, United States",2022-09-02,25.1,16.2,21.2,25.1,16.2,21.2,10.8,52.2,0.0,0.0,0.0,,0,0,29.2,15.2,92.0,1023.0,8.3,16.0,225.6,19.5,8,10,2022-09-02T06:25:15,2022-09-02T19:27:37,0.18,Clear,Clear conditions throughout the day.,clear-day,"72224754785,KEWR,72502014734,72058100178,E5922,KNYC,KSMQ",819
116,"Woodbridge, NJ, United States",2022-09-03,26.9,17.6,22.4,27.3,17.6,22.4,15.7,66.8,0.0,0.0,0.0,rain,0,0,25.6,15.0,130.3,1024.0,33.6,16.0,173.8,15.3,8,10,2022-09-03T06:26:13,2022-09-03T19:26:00,0.24,Partially cloudy,Partly cloudy throughout the day.,partly-cloudy-day,"72224754785,KEWR,72502014734,72058100178,E5922,D8569,KNYC,KSMQ",819
117,"Woodbridge, NJ, United States",2022-09-04,31.6,20.8,25.5,32.6,20.8,25.8,18.4,66.9,1.46,100.0,8.33,rain,0,0,29.5,13.8,220.9,1019.5,65.1,15.8,190.6,16.5,8,30,2022-09-04T06:27:11,2022-09-04T19:24:22,0.29,"Rain, Partially cloudy",Partly cloudy throughout the day with late afternoon rain.,rain,"72224754785,KEWR,72502014734,E5816,72058100178,E5922,KNYC,72409454743,KSMQ",819
118,"Woodbridge, NJ, United States",2022-09-05,29.7,22.1,25.4,30.6,22.1,25.8,19.9,73.4,0.39,100.0,12.5,rain,0,0,31.3,18.2,143.2,1017.9,66.7,15.8,155.5,13.5,8,30,2022-09-05T06:28:09,2022-09-05T19:22:44,0.35,"Rain, Partially cloudy",Partly cloudy throughout the day with rain.,rain,"72224754785,KEWR,72502014734,E5816,72058100178,E5922,KNYC,KSMQ",819
119,"Woodbridge, NJ, United States",2022-09-06,23.5,20.4,22.0,23.5,20.4,22.0,20.3,90.1,14.65,100.0,95.83,rain,0,0,30.6,19.2,151.0,1015.6,98.0,11.6,33.8,3.0,2,30,2022-09-06T06:29:07,2022-09-06T19:21:06,0.4,"Rain, Overcast",Cloudy skies throughout the day with a chance of rain throughout the day.,rain,"72224754785,KEWR,72502014734,E5816,72058100178,E5922,KNYC,72409454743,KSMQ",819
120,"Woodbridge, NJ, United States",2022-09-07,22.9,18.6,20.6,22.9,18.6,20.6,16.7,78.9,0.07,100.0,4.17,rain,0,0,40.3,23.4,55.1,1015.3,97.7,15.1,80.1,6.9,6,10,2022-09-07T06:30:05,2022-09-07T19:19:27,0.44,"Rain, Overcast",Cloudy skies throughout the day with morning rain.,rain,"72224754785,KEWR,72502014734,E5816,72058100178,E5922,KNYC,72409454743,KSMQ",819
121,"Woodbridge, NJ, United States",2022-09-08,25.9,18.2,21.6,25.9,18.2,21.6,14.3,64.7,0.0,0.0,0.0,,0,0,25.6,17.6,73.8,1013.1,51.1,16.0,108.6,9.4,7,10,2022-09-08T06:31:03,2022-09-08T19:17:48,0.47,Partially cloudy,Partly cloudy throughout the day.,partly-cloudy-day,"72224754785,KEWR,72502014734,72058100178,E5922,KNYC,72409454743,KSMQ",819
122,"Woodbridge, NJ, United States",2022-09-09,27.2,16.6,21.5,26.5,16.6,21.4,12.4,61.5,0.0,0.0,0.0,,0,0,20.5,13.9,120.2,1017.5,7.2,16.0,180.8,15.6,7,10,2022-09-09T06:32:01,2022-09-09T19:16:09,0.49,Clear,Clear conditions throughout the day.,clear-day,"72224754785,KEWR,72502014734,KCDW,E5816,72058100178,E5922,KNYC,72409454743,KSMQ",819
123,"Woodbridge, NJ, United States",2022-09-10,29.4,15.5,22.5,28.1,15.5,22.3,13.5,61.5,0.0,0.0,0.0,,0,0,16.9,12.6,178.6,1022.8,14.1,16.0,195.6,16.9,8,10,2022-09-10T06:32:59,2022-09-10T19:14:29,0.5,Clear,Clear conditions throughout the day.,clear-day,"72224754785,KEWR,72502014734,E5816,72058100178,E5922,KSMQ",819
124,"Woodbridge, NJ, United States",2022-09-11,23.2,20.4,21.7,23.2,20.4,21.7,18.2,81.3,6.93,100.0,50.0,rain,0,0,26.6,10.5,209.7,1019.8,81.6,13.5,56.0,4.7,2,10,2022-09-11T06:33:57,2022-09-11T19:12:49,0.51,"Rain, Partially cloudy",Partly cloudy throughout the day with a chance of rain throughout the day.,rain,"72224754785,KEWR,72502014734,E5816,72058100178,E5922,KNYC,72409454743,KSMQ",819
125,"Woodbridge, NJ, United States",2022-09-12,27.9,20.0,23.4,29.4,20.0,23.7,20.0,82.4,5.39,100.0,33.33,rain,0,0,23.8,12.1,188.0,1010.6,79.0,12.7,132.1,11.5,7,30,2022-09-12T06:34:55,2022-09-12T19:11:09,0.53,"Rain, Partially cloudy",Partly cloudy throughout the day with rain.,rain,"72224754785,KEWR,72502014734,E5816,72058100178,E5922,KNYC,72409454743,KSMQ",819
126,"Woodbridge, NJ, United States",2022-09-13,28.6,21.0,24.1,29.8,21.0,24.3,18.5,73.6,26.53,100.0,33.33,rain,0,0,40.5,19.1,221.8,1007.3,70.8,14.7,111.3,9.7,7,60,2022-09-13T06:35:53,2022-09-13T19:09:28,0.56,"Rain, Partially cloudy",Partly cloudy throughout the day with rain clearing later.,rain,"72224754785,KEWR,72502014734,KCDW,E5816,72058100178,E5922,KNYC,72409454743,KSMQ",819
127,"Woodbridge, NJ, United States",2022-09-14,27.1,15.7,21.5,27.0,15.7,21.5,12.7,58.6,0.0,0.0,0.0,,0,0,38.9,22.9,292.3,1013.6,9.5,15.9,192.6,16.6,8,10,2022-09-14T06:36:51,2022-09-14T19:07:48,0.6,Clear,Clear conditions throughout the day.,clear-day,"72224754785,KEWR,72502014734,E5816,72058100178,E5922,KNYC,KSMQ",819
128,"Woodbridge, NJ, United States",2022-09-15,23.5,17.3,20.2,23.5,17.3,20.2,9.0,50.7,0.0,0.0,0.0,,0,0,40.7,26.7,287.8,1020.1,10.3,15.9,199.0,17.1,8,10,2022-09-15T06:37:49,2022-09-15T19:06:07,0.64,Clear,Clear conditions throughout the day.,clear-day,"72224754785,KEWR,72502014734,E5816,72058100178,E5922,KNYC,72409454743,KSMQ",819
129,"Woodbridge, NJ, United States",2022-09-16,25.2,11.1,18.5,25.2,11.1,18.5,7.4,50.9,0.0,0.0,0.0,,0,0,31.7,12.5,313.7,1021.8,15.5,16.0,176.6,15.2,7,10,2022-09-16T06:38:47,2022-09-16T19:04:26,0.69,Clear,Clear conditions throughout the day.,clear-day,"72224754785,KEWR,72502014734,72058100178,E5922,KNYC,KSMQ",819
130,"Woodbridge, NJ, United States",2022-09-17,23.6,18.2,21.1,23.6,18.2,21.1,12.7,59.2,0.0,0.0,0.0,,0,0,47.9,14.8,113.1,1023.4,48.3,16.0,209.0,18.0,10,10,2022-09-17T06:39:46,2022-09-17T19:02:45,0.74,Partially cloudy,Clearing in the afternoon.,partly-cloudy-day,"72224754785,KEWR,72502014734,E5816,72058100178,E5922,KSMQ",819
131,"Woodbridge, NJ, United States",2022-09-18,28.7,17.3,23.0,28.7,17.3,23.0,15.5,65.4,0.0,0.0,0.0,,0,0,50.1,18.4,249.3,1017.9,21.0,15.9,168.8,14.7,7,10,2022-09-18T06:40:44,2022-09-18T19:01:04,0.78,Partially cloudy,Partly cloudy throughout the day.,partly-cloudy-day,"72224754785,KEWR,72502014734,E5816,72058100178,E5922,KNYC,72409454743,KSMQ",819
132,"Woodbridge, NJ, United States",2022-09-19,29.9,19.9,23.3,29.4,19.9,23.2,16.3,67.5,2.03,100.0,12.5,rain,0,0,68.4,29.6,263.0,1012.7,51.5,15.4,145.8,12.5,7,10,2022-09-19T06:41:43,2022-09-19T18:59:23,0.83,"Rain, Partially cloudy",Partly cloudy throughout the day with rain.,rain,"72224754785,KEWR,72502014734,E5816,72058100178,E5922,KNYC,KSMQ",819
133,"Woodbridge, NJ, United States",2022-09-20,26.1,18.6,22.1,26.1,18.6,22.1,15.0,67.1,0.0,0.0,0.0,rain,0,0,39.5,24.4,303.3,1011.8,32.1,15.5,138.6,12.0,8,10,2022-09-20T06:42:41,2022-09-20T18:57:42,0.87,Partially cloudy,Becoming cloudy in the afternoon.,partly-cloudy-day,"72224754785,KEWR,72502014734,E5816,72058100178,E5922,KNYC,72409454743,KSMQ",819
134,"Woodbridge, NJ, United States",2022-09-21,27.6,15.9,21.7,27.5,15.9,21.7,14.2,63.9,0.0,0.0,0.0,,0,0,24.1,17.5,258.8,1012.8,20.6,16.0,174.0,15.2,7,10,2022-09-21T06:43:40,2022-09-21T18:56:01,0.91,Partially cloudy,Partly cloudy throughout the day.,partly-cloudy-day,"72502594741,72224754785,72505394728,KEWR,72502014734,E5816,72058100178,E5922,KNYC,72409454743,KSMQ",819
135,"Woodbridge, NJ, United States",2022-09-22,24.3,14.5,19.8,24.3,14.5,19.8,14.0,70.8,7.33,100.0,29.17,rain,0,0,55.4,30.9,277.3,1004.5,45.1,15.0,52.6,4.5,4,30,2022-09-22T06:44:38,2022-09-22T18:54:20,0.95,"Rain, Partially cloudy",Partly cloudy throughout the day with rain in the morning and afternoon.,rain,"72224754785,KEWR,72502014734,E5816,72058100178,D8569,E5922,KNYC,72409454743,KSMQ",819
136,"Woodbridge, NJ, United States",2022-09-23,17.7,10.1,13.4,17.7,10.1,13.4,2.5,49.1,2.43,100.0,4.17,rain,0,0,54.4,33.1,328.4,1012.9,7.8,16.0,164.0,14.1,7,10,2022-09-23T06:45:37,2022-09-23T18:52:39,0.97,Rain,Clear conditions throughout the day with morning rain.,rain,"72224754785,KEWR,72502014734,E5816,72058100178,E5922,KNYC,72409454743,KSMQ",819
137,"Woodbridge, NJ, United States",2022-09-24,21.4,7.8,14.4,21.4,6.3,13.9,4.1,51.7,0.0,0.0,0.0,,0,0,34.6,18.7,291.9,1015.3,13.0,16.0,148.3,12.9,7,10,2022-09-24T06:46:36,2022-09-24T18:50:58,0.99,Clear,Clear conditions throughout the day.,clear-day,"72224754785,KEWR,72502014734,E5816,72058100178,E5922,KNYC,72409454743,KSMQ",819
138,"Woodbridge, NJ, United States",2022-09-25,22.3,14.2,17.4,22.3,14.2,17.4,11.3,68.4,17.91,100.0,25.0,rain,0,0,36.0,14.8,254.3,1007.2,74.8,15.2,79.3,6.7,4,10,2022-09-25T06:47:36,2022-09-25T18:49:17,1.0,"Rain, Partially cloudy",Partly cloudy throughout the day with rain.,rain,"72224754785,KEWR,72502014734,E5816,72058100178,E5922,KNYC,72409454743,KSMQ",819
139,"Woodbridge, NJ, United States",2022-09-26,24.3,14.0,18.5,24.3,14.0,18.5,10.7,64.5,0.03,100.0,4.17,rain,0,0,49.2,18.8,262.3,1005.4,40.8,15.8,123.7,10.5,7,10,2022-09-26T06:48:35,2022-09-26T18:47:37,0.0,"Rain, Partially cloudy",Becoming cloudy in the afternoon with early morning rain.,rain,"72224754785,KEWR,72502014734,72058100178,E5922,KNYC,72409454743,KSMQ",819
140,"Woodbridge, NJ, United States",2022-09-27,20.6,12.6,17.1,20.6,12.6,17.1,7.8,55.2,0.0,0.0,0.0,,0,0,38.9,22.0,272.7,1010.9,37.5,15.8,158.0,13.6,7,10,2022-09-27T06:49:35,2022-09-27T18:45:56,0.01,Partially cloudy,Partly cloudy throughout the day.,partly-cloudy-day,"72224754785,KEWR,72502014734,72058100178,E5922,KNYC,72409454743,KSMQ",819
141,"Woodbridge, NJ, United States",2022-09-28,21.3,9.9,15.7,21.3,8.5,15.6,8.1,61.7,0.0,0.0,0.0,rain,0,0,36.0,17.7,299.9,1019.0,36.1,15.9,215.3,18.5,8,10,2022-09-28T06:50:34,2022-09-28T18:44:16,0.04,Partially cloudy,Becoming cloudy in the afternoon.,partly-cloudy-day,"72224754785,KEWR,72502014734,KCDW,72058100178,E5922,D8569,KNYC,72409454743,KSMQ",819
142,"Woodbridge, NJ, United States",2022-09-29,19.2,10.0,15.1,19.2,9.4,15.1,7.2,60.4,0.0,0.0,0.0,,0,0,37.5,23.5,160.7,1026.8,31.4,16.0,196.2,16.9,8,10,2022-09-29T06:51:34,2022-09-29T18:42:36,0.07,Partially cloudy,Partly cloudy throughout the day.,partly-cloudy-day,"72502594741,F7777,72224754785,KEWR,72502014734,KCDW,72058100178,D8569,KNYC,72409454743,KSMQ",819
143,"Woodbridge, NJ, United States",2022-09-30,18.1,9.8,13.6,18.1,7.8,13.5,7.0,64.6,0.0,52.4,0.0,rain,0,0,37.4,15.7,47.7,1025.2,67.8,19.3,96.7,8.5,4,10,2022-09-30T06:52:34,2022-09-30T18:40:57,0.12,"Rain, Partially cloudy",Partly cloudy throughout the day with a chance of rain.,rain,"KEWR,KCDW,D8569,E5922,KNYC,KSMQ",819
