,name,datetime,tempmax,tempmin,temp,feelslikemax,feelslikemin,feelslike,dew,humidity,precip,precipprob,precipcover,preciptype,snow,snowdepth,windgust,windspeed,winddir,sealevelpressure,cloudcover,visibility,solarradiation,solarenergy,uvindex,severerisk,sunrise,sunset,moonphase,conditions,description,icon,stations,skey
0,"Hackensack, NJ, United States",2022-05-10,21.7,8.8,15.5,21.7,7.0,15.4,-4.8,25.1,0.0,0.0,0.0,,0,0,44.4,23.9,72.2,1026.5,23.7,16.0,270.1,23.4,10,10,2022-05-10T05:43:46,2022-05-10T20:02:06,0.32,Partially cloudy,Becoming cloudy in the afternoon.,partly-cloudy-day,"72502594741,KTEB,72505394728,KLGA,KNYC,D8219,72503014732",825
1,"Hackensack, NJ, United States",2022-05-11,23.7,11.8,17.1,23.7,11.8,17.1,2.6,38.8,0.0,0.0,0.0,,0,0,51.8,16.7,59.0,1024.6,48.8,16.0,193.5,16.8,9,10,2022-05-11T05:42:42,2022-05-11T20:03:06,0.37,Partially cloudy,Partly cloudy throughout the day.,partly-cloudy-day,"72502594741,KTEB,72505394728,KLGA,KNYC,D8219,72503014732",825
2,"Hackensack, NJ, United States",2022-05-12,23.7,13.0,17.9,23.7,13.0,17.9,12.8,72.5,0.0,0.0,0.0,,0,0,27.7,15.0,81.7,1025.0,43.7,16.0,226.5,19.7,9,10,2022-05-12T05:41:39,2022-05-12T20:04:06,0.41,Partially cloudy,Partly cloudy throughout the day.,partly-cloudy-day,"72502594741,KTEB,72505394728,KLGA,KNYC,D8219,72503014732",825
3,"Hackensack, NJ, United States",2022-05-13,22.5,14.9,17.8,22.5,14.9,17.8,15.7,88.2,0.06,100.0,8.33,rain,0,0,27.7,15.0,104.7,1024.1,99.8,7.9,110.5,9.6,5,10,2022-05-13T05:40:38,2022-05-13T20:05:05,0.45,"Rain, Overcast",Cloudy skies throughout the day with late afternoon rain.,rain,"72502594741,KTEB,72505394728,KLGA,KNYC,D8219,72503014732",825
4,"Hackensack, NJ, United States",2022-05-14,22.8,15.7,18.8,22.8,15.7,18.8,16.8,88.6,4.05,100.0,25.0,rain,0,0,33.5,18.2,124.9,1018.1,93.9,10.8,110.8,9.5,4,10,2022-05-14T05:39:39,2022-05-14T20:06:04,0.48,"Rain, Overcast",Cloudy skies throughout the day with rain.,rain,"72502594741,KTEB,72505394728,KLGA,KNYC,D8219,72503014732",825
5,"Hackensack, NJ, United States",2022-05-15,25.8,15.6,19.8,25.8,15.6,19.8,16.6,83.2,8.39,100.0,20.83,rain,0,0,46.4,27.0,188.1,1011.1,72.0,9.5,213.6,18.4,10,30,2022-05-15T05:38:41,2022-05-15T20:07:03,0.5,"Rain, Partially cloudy",Partly cloudy throughout the day with early morning rain.,rain,"72502594741,KTEB,72505394728,KLGA,KNYC,D8219,72503014732",825
6,"Hackensack, NJ, United States",2022-05-16,26.1,17.5,20.9,26.1,17.5,20.9,16.8,78.1,1.8,100.0,20.83,rain,0,0,57.2,30.0,172.0,1004.5,43.8,15.8,190.0,16.3,10,30,2022-05-16T05:37:44,2022-05-16T20:08:01,0.5,"Rain, Partially cloudy",Partly cloudy throughout the day with rain.,rain,"72502594741,KTEB,72505394728,KLGA,KNYC,D8219,72503014732",825
7,"Hackensack, NJ, United States",2022-05-17,24.4,12.5,18.8,24.4,12.5,18.8,7.2,49.9,0.0,0.0,0.0,rain,0,0,62.8,34.2,288.1,1007.3,14.5,16.0,317.8,27.5,10,10,2022-05-17T05:36:50,2022-05-17T20:08:58,0.52,Clear,Clear conditions throughout the day.,clear-day,"72502594741,KTEB,72505394728,KLGA,KNYC,D8219,72503014732",825
8,"Hackensack, NJ, United States",2022-05-18,22.8,11.9,17.3,22.8,11.9,17.3,4.6,44.7,0.0,0.0,0.0,,0,0,36.7,20.5,294.1,1013.2,7.2,16.0,273.3,23.6,10,10,2022-05-18T05:35:57,2022-05-18T20:09:55,0.54,Clear,Clear conditions throughout the day.,clear-day,"72502594741,KTEB,72505394728,KLGA,KNYC,D8219,72503014732",825
9,"Hackensack, NJ, United States",2022-05-19,18.8,12.8,15.3,18.8,12.8,15.3,11.7,80.0,16.49,100.0,41.67,rain,0,0,30.2,13.1,127.0,1008.2,86.3,12.7,82.4,7.1,3,10,2022-05-19T05:35:06,2022-05-19T20:10:52,0.58,"Rain, Partially cloudy",Partly cloudy throughout the day with rain clearing later.,rain,"72502594741,KTEB,72505394728,KLGA,KNYC,D8219,72503014732",825
10,"Hackensack, NJ, United States",2022-05-20,21.1,11.9,16.6,21.1,11.9,16.6,14.0,85.0,9.72,100.0,12.5,rain,0,0,48.1,22.3,82.9,1013.0,61.9,10.1,96.7,8.3,5,10,2022-05-20T05:34:16,2022-05-20T20:11:47,0.63,"Rain, Partially cloudy",Partly cloudy throughout the day with late afternoon rain.,rain,"72502594741,KTEB,72505394728,KLGA,KNYC,D8219,72503014732",825
11,"Hackensack, NJ, United States",2022-05-21,34.2,16.6,24.4,35.8,16.6,25.1,18.3,73.6,0.0,0.0,0.0,rain,0,0,42.6,23.4,168.2,1014.8,47.4,9.3,263.1,22.8,9,100,2022-05-21T05:33:29,2022-05-21T20:12:42,0.68,Partially cloudy,Clearing in the afternoon.,partly-cloudy-day,"72502594741,KTEB,72505394728,KLGA,KNYC,D8219,72503014732",825
12,"Hackensack, NJ, United States",2022-05-22,32.6,21.5,26.7,33.2,21.5,27.3,19.1,64.5,0.7,100.0,4.17,rain,0,0,37.1,22.8,254.7,1014.9,11.5,15.9,268.2,23.4,10,75,2022-05-22T05:32:43,2022-05-22T20:13:36,0.74,Rain,Clear conditions throughout the day with late afternoon rain.,rain,"72502594741,KTEB,72505394728,C9476,KLGA,KNYC,D8219,72503014732",825
13,"Hackensack, NJ, United States",2022-05-23,22.8,15.7,19.6,22.8,15.7,19.6,8.0,49.0,0.0,0.0,0.0,,0,0,42.5,21.5,172.0,1020.8,14.7,16.0,246.8,21.5,10,10,2022-05-23T05:31:59,2022-05-23T20:14:29,0.79,Clear,Clear conditions throughout the day.,clear-day,"72502594741,KTEB,72505394728,KLGA,KNYC,D8219,72503014732",825
14,"Hackensack, NJ, United States",2022-05-24,19.2,14.9,17.0,19.2,14.9,17.0,8.4,57.3,0.0,0.0,0.0,rain,0,0,31.7,20.9,92.3,1025.0,88.4,16.0,136.0,11.7,5,10,2022-05-24T05:31:16,2022-05-24T20:15:22,0.85,Partially cloudy,Partly cloudy throughout the day.,partly-cloudy-day,"72502594741,KTEB,72505394728,KLGA,KNYC,D8219,72503014732",825
15,"Hackensack, NJ, United States",2022-05-25,21.5,12.2,16.0,21.5,12.2,16.0,7.8,59.3,0.0,0.0,0.0,,0,0,37.1,19.5,104.5,1027.8,12.3,16.0,272.4,23.5,9,10,2022-05-25T05:30:36,2022-05-25T20:16:14,0.89,Clear,Clear conditions throughout the day.,clear-day,"72502594741,KTEB,72505394728,KLGA,KNYC,D8219,72503014732",825
16,"Hackensack, NJ, United States",2022-05-26,22.9,12.8,17.1,22.9,12.8,17.1,10.2,64.1,0.0,0.0,0.0,,0,0,44.6,21.9,133.3,1024.2,58.9,16.0,196.5,17.0,10,10,2022-05-26T05:29:57,2022-05-26T20:17:04,0.93,Partially cloudy,Partly cloudy throughout the day.,partly-cloudy-day,"72502594741,KTEB,72505394728,KLGA,KNYC,D8219,72503014732",825
17,"Hackensack, NJ, United States",2022-05-27,26.6,17.9,20.8,26.6,17.9,20.8,17.8,84.0,10.29,100.0,20.83,rain,0,0,44.6,22.4,177.1,1012.8,92.9,12.1,156.2,13.4,9,30,2022-05-27T05:29:21,2022-05-27T20:17:54,0.96,"Rain, Overcast",Cloudy skies throughout the day with rain.,rain,"72502594741,KTEB,72505394728,C9476,KLGA,KNYC,D8219,72503014732",825
18,"Hackensack, NJ, United States",2022-05-28,23.7,17.3,20.1,23.7,17.3,20.1,17.2,84.1,10.73,100.0,25.0,rain,0,0,68.4,15.0,238.8,1007.1,72.6,13.5,149.3,12.8,10,30,2022-05-28T05:28:46,2022-05-28T20:18:43,0.99,"Rain, Partially cloudy",Partly cloudy throughout the day with a chance of rain throughout the day.,rain,"72502594741,KTEB,72505394728,C9476,KLGA,KNYC,D8219,72503014732",825
19,"Hackensack, NJ, United States",2022-05-29,25.6,14.1,20.0,25.6,14.1,20.0,12.5,64.4,0.0,0.0,0.0,,0,0,21.2,15.9,229.8,1016.5,11.7,16.0,237.6,20.6,10,10,2022-05-29T05:28:13,2022-05-29T20:19:31,1.0,Clear,Clear conditions throughout the day.,clear-day,"72502594741,KTEB,72505394728,KLGA,KNYC,D8219,72503014732",825
20,"Hackensack, NJ, United States",2022-05-30,30.3,16.0,23.7,30.7,16.0,23.9,15.6,62.5,0.0,0.0,0.0,,0,0,35.3,17.8,217.7,1018.0,7.0,16.0,289.0,24.9,10,60,2022-05-30T05:27:42,2022-05-30T20:20:17,0.0,Clear,Clear conditions throughout the day.,clear-day,"72502594741,KTEB,72505394728,KLGA,KNYC,D8219,72503014732",825
21,"Hackensack, NJ, United States",2022-05-31,33.8,21.4,28.2,34.0,21.4,28.3,17.2,53.6,0.0,0.0,0.0,rain,0,0,44.6,25.5,273.5,1013.7,17.5,16.0,292.4,25.2,9,30,2022-05-31T05:27:13,2022-05-31T20:21:03,0.0,Clear,Clear conditions throughout the day.,clear-day,"72502594741,KTEB,72505394728,KLGA,KNYC,D8219,72503014732",825
22,"Hackensack, NJ, United States",2022-06-01,21.5,14.5,17.3,21.5,14.5,17.3,13.7,79.7,26.07,100.0,29.17,rain,0,0,35.3,17.3,110.2,1013.8,85.7,14.3,153.2,13.2,10,10,2022-06-01T05:26:46,2022-06-01T20:21:47,0.02,"Rain, Partially cloudy",Partly cloudy throughout the day with rain.,rain,"72502594741,KTEB,72505394728,KLGA,KNYC,D8219,72503014732",825
23,"Hackensack, NJ, United States",2022-06-02,26.1,16.2,20.4,26.1,16.2,20.4,18.0,86.9,11.87,100.0,33.33,rain,0,0,23.8,19.3,176.3,1007.1,77.0,11.2,132.3,11.6,10,30,2022-06-02T05:26:21,2022-06-02T20:22:30,0.04,"Rain, Partially cloudy",Partly cloudy throughout the day with rain.,rain,"72502594741,KTEB,72505394728,D6004,KLGA,KNYC,D8219,72503014732",825
24,"Hackensack, NJ, United States",2022-06-03,24.8,17.1,20.9,24.8,17.1,20.9,15.9,75.7,0.0,0.0,0.0,rain,0,0,25.6,17.6,163.2,1007.4,68.9,11.4,159.8,13.8,8,10,2022-06-03T05:25:58,2022-06-03T20:23:12,0.07,Partially cloudy,Partly cloudy throughout the day.,partly-cloudy-day,"72502594741,KTEB,72505394728,D6004,KLGA,KNYC,D8219,72503014732",825
25,"Hackensack, NJ, United States",2022-06-04,27.4,13.9,21.6,26.4,13.9,21.5,8.4,46.1,0.0,0.0,0.0,,0,0,37.1,18.7,217.5,1010.7,5.8,16.0,308.6,26.5,10,10,2022-06-04T05:25:37,2022-06-04T20:23:53,0.11,Clear,Clear conditions throughout the day.,clear-day,"72502594741,KTEB,72505394728,KLGA,KNYC,D8219,72503014732",825
26,"Hackensack, NJ, United States",2022-06-05,25.4,13.1,19.5,25.4,13.1,19.5,5.4,40.5,0.0,0.0,0.0,,0,0,29.5,17.6,106.4,1014.8,6.1,16.0,299.6,25.8,10,10,2022-06-05T05:25:17,2022-06-05T20:24:32,0.14,Clear,Clear conditions throughout the day.,clear-day,"72502594741,KTEB,72505394728,KLGA,KNYC,D8219,72503014732",825
27,"Hackensack, NJ, United States",2022-06-06,26.7,14.4,21.0,26.7,14.4,21.0,8.3,45.7,0.0,0.0,0.0,,0,0,38.9,20.9,216.1,1016.5,1.8,16.0,286.2,24.7,9,10,2022-06-06T05:25:00,2022-06-06T20:25:10,0.19,Clear,Clear conditions throughout the day.,clear-day,"72502594741,KTEB,72505394728,C9476,KLGA,KNYC,D8219,72503014732",825
28,"Hackensack, NJ, United States",2022-06-07,26.3,15.3,20.9,26.3,15.3,20.9,12.9,60.6,0.43,100.0,12.5,rain,0,0,59.2,28.3,202.4,1016.1,30.7,16.0,178.0,15.2,10,10,2022-06-07T05:24:45,2022-06-07T20:25:46,0.24,"Rain, Partially cloudy",Partly cloudy throughout the day with late afternoon rain.,rain,"72502594741,KTEB,72505394728,KLGA,KNYC,D8219,72503014732",825
29,"Hackensack, NJ, United States",2022-06-08,28.3,19.3,23.8,27.7,19.3,23.7,15.6,64.4,2.91,100.0,25.0,rain,0,0,47.2,17.9,232.8,1010.9,40.1,14.8,294.0,25.4,9,30,2022-06-08T05:24:32,2022-06-08T20:26:21,0.29,"Rain, Partially cloudy",Clearing in the afternoon with early morning rain.,rain,"72502594741,KTEB,72505394728,C9476,KLGA,KNYC,D8219,72503014732",825
30,"Hackensack, NJ, United States",2022-06-09,27.8,19.6,23.6,27.8,19.6,23.7,16.2,66.2,13.04,100.0,25.0,rain,0,0,50.1,30.9,230.5,1004.0,68.6,13.5,249.2,21.5,10,30,2022-06-09T05:24:21,2022-06-09T20:26:55,0.35,"Rain, Partially cloudy",Partly cloudy throughout the day with rain clearing later.,rain,"72502594741,KTEB,72505394728,KLGA,KNYC,D8219,72503014732",825
31,"Hackensack, NJ, United States",2022-06-10,26.0,15.3,20.9,26.0,15.3,20.9,10.0,51.1,0.0,0.0,0.0,,0,0,38.7,22.7,286.4,1009.9,5.5,16.0,248.0,21.4,10,10,2022-06-10T05:24:12,2022-06-10T20:27:27,0.39,Clear,Clear conditions throughout the day.,clear-day,"72502594741,KTEB,72505394728,D6004,KLGA,KNYC,D8219,72503014732",825
32,"Hackensack, NJ, United States",2022-06-11,28.0,17.5,21.5,27.5,17.5,21.5,11.9,55.3,0.28,100.0,8.33,rain,0,0,40.1,18.7,122.1,1012.6,39.6,15.9,97.4,8.4,3,10,2022-06-11T05:24:05,2022-06-11T20:27:57,0.44,"Rain, Partially cloudy",Becoming cloudy in the afternoon with afternoon rain.,rain,"72502594741,KTEB,72505394728,KLGA,KNYC,D8219,72503014732",825
33,"Hackensack, NJ, United States",2022-06-12,23.0,17.4,19.7,23.0,17.4,19.7,15.6,77.2,0.8,100.0,20.83,rain,0,0,38.9,17.9,192.8,1014.1,72.4,15.8,90.5,7.8,4,10,2022-06-12T05:23:59,2022-06-12T20:28:26,0.47,"Rain, Partially cloudy",Partly cloudy throughout the day with rain in the morning and afternoon.,rain,"72502594741,KTEB,72505394728,KLGA,KNYC,D8219,72503014732",825
34,"Hackensack, NJ, United States",2022-06-13,29.3,19.5,24.6,31.0,19.5,24.9,17.9,69.2,0.91,100.0,8.33,rain,0,0,29.5,19.6,206.6,1012.0,49.6,14.9,185.5,16.1,10,60,2022-06-13T05:23:56,2022-06-13T20:28:53,0.49,"Rain, Partially cloudy",Partly cloudy throughout the day with early morning rain.,rain,"72502594741,KTEB,72505394728,KLGA,KNYC,D8219,72503014732",825
35,"Hackensack, NJ, United States",2022-06-14,27.8,18.7,23.1,27.5,18.7,23.0,11.7,49.4,0.0,0.0,0.0,,0,0,30.2,15.9,77.6,1012.7,4.6,16.0,278.8,23.9,10,10,2022-06-14T05:23:55,2022-06-14T20:29:19,0.5,Clear,Clear conditions throughout the day.,clear-day,"72502594741,KTEB,72505394728,KLGA,KNYC,D8219,72503014732",825
36,"Hackensack, NJ, United States",2022-06-15,27.7,18.1,22.4,27.5,18.1,22.4,14.4,61.8,0.0,0.0,0.0,,0,0,46.7,23.1,119.8,1017.9,3.6,16.0,255.8,22.2,10,10,2022-06-15T05:23:56,2022-06-15T20:29:42,0.51,Clear,Clear conditions throughout the day.,clear-day,"72502594741,KTEB,72505394728,KLGA,KNYC,D8219,72503014732",825
37,"Hackensack, NJ, United States",2022-06-16,23.1,17.2,20.2,23.1,17.2,20.2,15.7,75.7,5.26,100.0,12.5,rain,0,0,61.0,25.1,179.3,1019.2,87.7,15.2,124.6,10.9,10,10,2022-06-16T05:23:58,2022-06-16T20:30:04,0.53,"Rain, Partially cloudy",Partly cloudy throughout the day with morning rain.,rain,"72502594741,KTEB,72505394728,D6004,KLGA,KNYC,D8219,72503014732",825
38,"Hackensack, NJ, United States",2022-06-17,31.7,20.7,25.6,32.7,20.7,25.8,16.8,61.7,0.0,0.0,0.0,,0,0,49.1,31.5,250.0,1006.2,56.2,15.1,278.8,24.1,10,60,2022-06-17T05:24:03,2022-06-17T20:30:24,0.57,Partially cloudy,Partly cloudy throughout the day.,partly-cloudy-day,"72502594741,KTEB,72505394728,KLGA,KNYC,D8219,72503014732",825
39,"Hackensack, NJ, United States",2022-06-18,23.1,14.1,18.7,23.1,14.1,18.7,8.8,52.4,0.0,0.0,0.0,,0,0,53.6,32.7,319.5,1006.1,45.9,16.0,126.8,11.2,7,10,2022-06-18T05:24:09,2022-06-18T20:30:43,0.62,Partially cloudy,Partly cloudy throughout the day.,partly-cloudy-day,"72502594741,KTEB,72505394728,D6004,KLGA,KNYC,D8219,72503014732",825
40,"Hackensack, NJ, United States",2022-06-19,23.2,11.4,17.1,23.2,11.4,17.1,4.2,44.4,0.0,0.0,0.0,,0,0,55.0,30.7,314.2,1013.6,8.4,16.0,300.3,25.9,10,10,2022-06-19T05:24:18,2022-06-19T20:30:59,0.67,Clear,Clear conditions throughout the day.,clear-day,"72502594741,KTEB,72505394728,KLGA,KNYC,D8219,72503014732",825
41,"Hackensack, NJ, United States",2022-06-20,26.5,12.6,19.9,26.5,12.6,19.9,6.3,43.0,0.0,0.0,0.0,,0,0,33.5,22.5,306.2,1019.0,3.1,16.0,282.5,24.5,10,10,2022-06-20T05:24:28,2022-06-20T20:31:14,0.72,Clear,Clear conditions throughout the day.,clear-day,"72502594741,KTEB,72505394728,KLGA,KNYC,D8219,72503014732",825
42,"Hackensack, NJ, United States",2022-06-21,26.0,14.8,20.6,26.0,14.8,20.6,10.9,55.4,0.42,100.0,16.67,rain,0,0,22.3,11.2,139.7,1019.2,30.8,15.7,105.6,9.3,4,10,2022-06-21T05:24:40,2022-06-21T20:31:27,0.77,"Rain, Partially cloudy",Partly cloudy throughout the day with late afternoon rain.,rain,"72502594741,KTEB,72505394728,C9476,KLGA,KNYC,D8219,72503014732",825
43,"Hackensack, NJ, United States",2022-06-22,20.4,16.8,18.7,20.4,16.8,18.7,15.5,82.0,0.59,100.0,20.83,rain,0,0,42.5,20.1,127.4,1016.6,99.2,13.3,45.6,3.8,2,10,2022-06-22T05:24:54,2022-06-22T20:31:38,0.82,"Rain, Overcast",Cloudy skies throughout the day with rain.,rain,"72502594741,KTEB,72505394728,KLGA,KNYC,D8219,72503014732",825
44,"Hackensack, NJ, United States",2022-06-23,23.5,16.2,19.3,23.5,16.2,19.3,15.1,77.4,1.35,100.0,16.67,rain,0,0,31.7,16.1,112.2,1014.7,96.8,14.9,97.6,8.4,7,10,2022-06-23T05:25:10,2022-06-23T20:31:47,0.87,"Rain, Overcast",Cloudy skies throughout the day with rain.,rain,"72502594741,KTEB,72505394728,KLGA,KNYC,D8219,72503014732",825
45,"Hackensack, NJ, United States",2022-06-24,28.5,16.4,22.1,28.8,16.4,22.2,16.8,74.5,0.87,100.0,4.17,rain,0,0,37.1,19.6,177.3,1015.9,54.8,14.5,248.4,21.6,10,30,2022-06-24T05:25:27,2022-06-24T20:31:54,0.91,"Rain, Partially cloudy",Partly cloudy throughout the day with late afternoon rain.,rain,"72502594741,KTEB,72505394728,KLGA,KNYC,D8219,72503014732",825
46,"Hackensack, NJ, United States",2022-06-25,32.7,18.7,26.2,31.5,18.7,25.9,16.0,59.0,0.0,0.0,0.0,rain,0,0,27.7,14.3,231.4,1018.2,1.8,15.7,296.2,25.6,10,30,2022-06-25T05:25:47,2022-06-25T20:31:59,0.95,Clear,Clear conditions throughout the day.,clear-day,"72502594741,KTEB,72505394728,KLGA,KNYC,D8219,72503014732",825
47,"Hackensack, NJ, United States",2022-06-26,31.2,20.9,26.4,31.2,20.9,26.5,16.5,56.4,0.0,0.0,0.0,,0,0,44.2,22.2,187.5,1017.6,9.5,16.0,257.7,22.1,10,10,2022-06-26T05:26:08,2022-06-26T20:32:02,0.97,Clear,Clear conditions throughout the day.,clear-day,"72502594741,KTEB,72505394728,KLGA,KNYC,D8219,72503014732",825
48,"Hackensack, NJ, United States",2022-06-27,25.9,20.8,23.3,25.9,20.8,23.3,18.7,75.7,11.38,100.0,33.33,rain,0,0,39.6,20.8,205.1,1014.0,65.5,14.8,68.2,6.0,3,30,2022-06-27T05:26:30,2022-06-27T20:32:03,0.99,"Rain, Partially cloudy",Partly cloudy throughout the day with a chance of rain throughout the day.,rain,"72502594741,KTEB,72505394728,KLGA,KNYC,D8219,72503014732",825
49,"Hackensack, NJ, United States",2022-06-28,26.0,18.5,22.1,26.0,18.5,22.1,11.0,50.9,0.0,0.0,0.0,rain,0,0,33.1,17.4,236.3,1019.7,50.4,16.0,316.0,27.4,10,10,2022-06-28T05:26:55,2022-06-28T20:32:02,1.0,Partially cloudy,Partly cloudy throughout the day.,partly-cloudy-day,"72502594741,KTEB,72505394728,KLGA,KNYC,D8219,72503014732",825
50,"Hackensack, NJ, United States",2022-06-29,29.1,16.5,23.2,28.2,16.5,23.0,13.2,56.6,0.0,0.0,0.0,,0,0,38.9,24.5,156.4,1022.1,9.6,16.0,305.5,26.6,10,30,2022-06-29T05:27:21,2022-06-29T20:31:59,0.0,Clear,Clear conditions throughout the day.,clear-day,"72502594741,KTEB,72505394728,KLGA,KNYC,D8219,72503014732",825
51,"Hackensack, NJ, United States",2022-06-30,30.5,18.7,24.9,29.7,18.7,24.7,14.6,55.7,0.0,0.0,0.0,,0,0,34.2,18.1,206.3,1020.9,15.1,16.0,293.5,25.2,9,10,2022-06-30T05:27:48,2022-06-30T20:31:54,0.01,Clear,Clear conditions throughout the day.,clear-day,"72502594741,KTEB,72505394728,KLGA,KNYC,D8219,72503014732",825
52,"Hackensack, NJ, United States",2022-07-01,34.1,20.5,27.7,34.1,20.5,28.4,18.0,58.0,0.0,0.0,0.0,,0,0,50.0,28.9,248.0,1016.2,8.9,15.8,233.1,20.1,9,75,2022-07-01T05:28:18,2022-07-01T20:31:47,0.03,Clear,Clear conditions throughout the day.,clear-day,"72502594741,KTEB,72505394728,KLGA,KNYC,D8219,72503014732",825
53,"Hackensack, NJ, United States",2022-07-02,32.5,24.9,28.4,34.0,24.9,29.1,19.1,58.4,0.0,0.0,0.0,rain,0,0,49.0,29.2,239.1,1012.1,29.3,15.9,219.8,18.9,8,60,2022-07-02T05:28:48,2022-07-02T20:31:38,0.05,Partially cloudy,Partly cloudy throughout the day.,partly-cloudy-day,"72502594741,KTEB,72505394728,KLGA,KNYC,D8219,72503014732",825
54,"Hackensack, NJ, United States",2022-07-03,30.6,23.1,26.4,29.0,23.1,26.0,13.9,49.5,0.0,0.0,0.0,rain,0,0,29.5,20.1,188.3,1015.4,32.0,16.0,282.8,24.4,9,10,2022-07-03T05:29:20,2022-07-03T20:31:27,0.08,Partially cloudy,Clearing in the afternoon.,partly-cloudy-day,"72502594741,KTEB,72505394728,KLGA,KNYC,D8219,72503014732",825
55,"Hackensack, NJ, United States",2022-07-04,29.3,17.0,24.3,28.0,17.0,24.0,9.1,39.1,0.0,0.0,0.0,,0,0,35.3,19.0,219.5,1019.6,5.3,16.0,267.1,23.0,10,10,2022-07-04T05:29:54,2022-07-04T20:31:14,0.12,Clear,Clear conditions throughout the day.,clear-day,"72502594741,KTEB,72505394728,KLGA,KNYC,D8219,72503014732",825
56,"Hackensack, NJ, United States",2022-07-05,30.6,21.0,25.2,30.0,21.0,25.3,15.4,55.4,0.29,100.0,12.5,rain,0,0,46.4,22.7,194.1,1015.4,31.7,15.3,172.0,14.9,10,10,2022-07-05T05:30:29,2022-07-05T20:30:59,0.17,"Rain, Partially cloudy",Becoming cloudy in the afternoon with late afternoon rain.,rain,"72502594741,KTEB,72505394728,C9476,KLGA,KNYC,D8219,72503014732",825
57,"Hackensack, NJ, United States",2022-07-06,29.2,22.8,26.4,29.7,22.8,26.7,18.5,64.0,0.0,0.0,0.0,rain,0,0,46.0,21.8,279.0,1010.1,36.9,15.3,199.1,17.3,10,10,2022-07-06T05:31:05,2022-07-06T20:30:42,0.22,Partially cloudy,Partly cloudy throughout the day.,partly-cloudy-day,"72502594741,KTEB,72505394728,KLGA,KNYC,D8219,72503014732",825
58,"Hackensack, NJ, United States",2022-07-07,26.9,21.2,24.3,27.3,21.2,24.4,16.1,60.7,0.0,0.0,0.0,,0,0,35.3,22.8,99.4,1015.0,76.1,16.0,140.6,12.2,8,10,2022-07-07T05:31:43,2022-07-07T20:30:22,0.27,Partially cloudy,Partly cloudy throughout the day.,partly-cloudy-day,"72502594741,KTEB,72505394728,KLGA,KNYC,D8219,72503014732",825
59,"Hackensack, NJ, United States",2022-07-08,28.3,19.0,23.2,29.7,19.0,23.3,19.0,78.1,5.72,100.0,12.5,rain,0,0,20.2,15.7,150.0,1015.2,49.2,15.6,104.8,8.9,6,30,2022-07-08T05:32:22,2022-07-08T20:30:01,0.33,"Rain, Partially cloudy",Partly cloudy throughout the day with afternoon rain.,rain,"72502594741,KTEB,72505394728,C9476,KLGA,KNYC,D8219,72503014732",825
60,"Hackensack, NJ, United States",2022-07-09,28.9,21.4,24.8,28.0,21.4,24.5,14.6,56.6,0.0,0.0,0.0,,0,0,33.5,15.9,80.7,1016.0,8.0,16.0,256.3,22.1,9,10,2022-07-09T05:33:02,2022-07-09T20:29:38,0.38,Clear,Clear conditions throughout the day.,clear-day,"72502594741,KTEB,72505394728,KLGA,KNYC,D8219,72503014732",825
61,"Hackensack, NJ, United States",2022-07-10,27.2,18.1,22.8,27.2,18.1,22.7,11.2,49.1,0.0,0.0,0.0,,0,0,27.7,23.0,90.5,1017.3,6.7,16.0,279.2,23.9,9,10,2022-07-10T05:33:43,2022-07-10T20:29:13,0.42,Clear,Clear conditions throughout the day.,clear-day,"72502594741,KTEB,72505394728,KLGA,KNYC,D8219,72503014732",825
62,"Hackensack, NJ, United States",2022-07-11,28.7,18.5,23.6,28.6,18.5,23.6,14.5,58.5,0.0,0.0,0.0,,0,0,47.3,24.9,204.6,1013.4,8.9,16.0,286.3,24.8,10,10,2022-07-11T05:34:26,2022-07-11T20:28:45,0.46,Clear,Clear conditions throughout the day.,clear-day,"72502594741,KTEB,72505394728,KLGA,KNYC,D8219,72503014732",825
63,"Hackensack, NJ, United States",2022-07-12,33.5,20.2,26.7,35.5,20.2,27.6,18.0,60.2,0.0,0.0,0.0,rain,0,0,48.7,31.3,216.5,1007.5,24.8,16.0,159.2,13.6,9,100,2022-07-12T05:35:09,2022-07-12T20:28:16,0.49,Partially cloudy,Partly cloudy throughout the day.,partly-cloudy-day,"72502594741,KTEB,72505394728,D6004,KLGA,KNYC,D8219,72503014732",825
64,"Hackensack, NJ, United States",2022-07-13,32.2,22.4,27.6,31.4,22.4,27.6,17.0,54.9,0.0,0.0,0.0,,0,0,31.7,17.8,249.0,1010.5,11.7,15.9,270.8,23.3,9,30,2022-07-13T05:35:54,2022-07-13T20:27:45,0.5,Clear,Clear conditions throughout the day.,clear-day,"72502594741,KTEB,72505394728,KLGA,KNYC,D8219,72503014732",825
65,"Hackensack, NJ, United States",2022-07-14,31.5,21.3,26.6,31.4,21.3,26.5,16.4,55.9,0.0,0.0,0.0,rain,0,0,29.5,19.2,176.1,1013.9,27.0,16.0,196.3,16.9,10,30,2022-07-14T05:36:39,2022-07-14T20:27:11,0.51,Partially cloudy,Becoming cloudy in the afternoon.,partly-cloudy-day,"72502594741,KTEB,72505394728,KLGA,KNYC,D8219,72503014732",825
66,"Hackensack, NJ, United States",2022-07-15,29.3,19.8,25.0,29.1,19.8,24.9,14.7,53.9,0.0,0.0,0.0,,0,0,35.3,15.7,163.6,1019.5,49.5,16.0,192.9,16.6,10,10,2022-07-15T05:37:26,2022-07-15T20:26:36,0.53,Partially cloudy,Partly cloudy throughout the day.,partly-cloudy-day,"72502594741,KTEB,72505394728,D6004,KLGA,KNYC,D8219,72503014732",825
67,"Hackensack, NJ, United States",2022-07-16,27.3,21.3,24.0,28.5,21.3,24.1,19.2,75.2,13.91,100.0,16.67,rain,0,0,54.5,19.0,123.5,1018.6,57.0,15.8,124.8,10.7,7,60,2022-07-16T05:38:14,2022-07-16T20:25:59,0.55,"Rain, Partially cloudy",Partly cloudy throughout the day with rain in the morning and afternoon.,rain,"72502594741,KTEB,72505394728,KLGA,KNYC,D8219,72503014732",825
68,"Hackensack, NJ, United States",2022-07-17,29.7,21.0,25.3,31.3,21.0,25.7,19.8,72.4,0.28,100.0,8.33,rain,0,0,27.7,17.6,208.5,1015.9,64.2,16.0,189.5,16.3,9,60,2022-07-17T05:39:02,2022-07-17T20:25:20,0.6,"Rain, Partially cloudy",Partly cloudy throughout the day with early morning rain.,rain,"72502594741,KTEB,72505394728,KLGA,KNYC,D8219,72503014732",825
69,"Hackensack, NJ, United States",2022-07-18,27.0,23.2,24.8,29.7,23.2,25.1,22.4,86.6,58.66,100.0,62.5,rain,0,0,47.3,19.0,138.6,1011.6,73.2,13.2,70.3,6.1,5,75,2022-07-18T05:39:51,2022-07-18T20:24:39,0.65,"Rain, Partially cloudy",Partly cloudy throughout the day with rain.,rain,"72502594741,KTEB,72505394728,KLGA,KNYC,D8219,72503014732",825
70,"Hackensack, NJ, United States",2022-07-19,32.3,21.9,27.4,33.5,21.9,28.1,19.1,62.9,0.35,100.0,4.17,rain,0,0,45.2,19.6,259.4,1007.5,12.6,16.0,280.5,24.2,9,10,2022-07-19T05:40:42,2022-07-19T20:23:56,0.7,Rain,Clear conditions throughout the day with early morning rain.,rain,"72502594741,KTEB,72505394728,KLGA,KNYC,D8219,72503014732",825
71,"Hackensack, NJ, United States",2022-07-20,35.5,23.7,29.9,37.3,23.7,31.3,19.3,54.4,0.0,0.0,0.0,,0,0,31.7,19.7,248.6,1007.0,11.8,16.0,216.2,18.7,9,60,2022-07-20T05:41:32,2022-07-20T20:23:12,0.75,Clear,Clear conditions throughout the day.,clear-day,"72502594741,KTEB,72505394728,D6004,KLGA,KNYC,D8219,72503014732",825
72,"Hackensack, NJ, United States",2022-07-21,33.5,25.7,29.3,38.2,25.7,31.3,21.0,62.5,19.97,100.0,12.5,rain,0,0,57.2,31.2,200.8,1004.3,18.7,15.2,213.5,18.4,10,100,2022-07-21T05:42:24,2022-07-21T20:22:25,0.8,Rain,Clear conditions throughout the day with afternoon rain.,rain,"72502594741,KTEB,72505394728,D6004,KLGA,KNYC,D8219,72503014732",825
73,"Hackensack, NJ, United States",2022-07-22,34.2,23.7,28.9,34.6,23.7,29.3,17.9,53.3,0.17,100.0,4.17,rain,0,0,55.7,21.3,265.1,1010.3,18.4,16.0,250.3,21.6,9,10,2022-07-22T05:43:16,2022-07-22T20:21:37,0.85,Rain,Clear conditions throughout the day with morning rain.,rain,"72502594741,KTEB,72505394728,C9476,KLGA,KNYC,D8219,72503014732",825
74,"Hackensack, NJ, United States",2022-07-23,36.0,27.3,30.6,36.7,28.1,31.2,17.0,45.4,0.0,0.0,0.0,,0,0,29.5,19.7,246.5,1014.8,4.0,16.0,268.1,23.1,9,30,2022-07-23T05:44:09,2022-07-23T20:20:47,0.89,Clear,Clear conditions throughout the day.,clear-day,"72502594741,KTEB,72505394728,KLGA,KNYC,D8219,72503014732",825
75,"Hackensack, NJ, United States",2022-07-24,35.7,25.3,30.5,36.8,25.3,31.1,18.1,50.0,0.0,0.0,0.0,,0,0,40.7,25.9,242.0,1014.3,6.4,16.0,253.4,21.9,9,30,2022-07-24T05:45:03,2022-07-24T20:19:55,0.93,Clear,Clear conditions throughout the day.,clear-day,"72502594741,KTEB,72505394728,KLGA,KNYC,D8219,72503014732",825
76,"Hackensack, NJ, United States",2022-07-25,30.5,25.0,28.4,34.1,25.0,31.2,22.0,68.7,7.51,100.0,8.33,rain,0,0,42.5,21.7,232.7,1011.0,18.1,15.1,106.5,9.1,5,100,2022-07-25T05:45:57,2022-07-25T20:19:02,0.96,Rain,Clear conditions throughout the day with afternoon rain.,rain,"72502594741,KTEB,72505394728,KLGA,KNYC,D8219,72503014732",825
77,"Hackensack, NJ, United States",2022-07-26,27.2,21.8,24.6,29.2,21.8,24.8,14.7,54.7,0.0,0.0,0.0,,0,0,28.1,21.6,208.5,1014.8,12.6,16.0,129.3,11.0,5,30,2022-07-26T05:46:52,2022-07-26T20:18:06,0.98,Clear,Clear conditions throughout the day.,clear-day,"72502594741,KTEB,72505394728,C9476,KLGA,KNYC,D8219,72503014732",825
78,"Hackensack, NJ, United States",2022-07-27,30.7,18.8,24.7,30.2,18.8,24.7,15.6,58.6,0.0,0.0,0.0,,0,0,35.3,14.5,156.4,1013.3,17.8,16.0,224.3,19.3,9,10,2022-07-27T05:47:47,2022-07-27T20:17:09,1.0,Clear,Clear conditions throughout the day.,clear-day,"72502594741,KTEB,72505394728,KLGA,KNYC,D8219,72503014732",825
79,"Hackensack, NJ, United States",2022-07-28,31.5,23.4,27.2,35.3,23.4,29.0,21.5,72.1,0.06,100.0,8.33,rain,0,0,35.3,19.7,174.5,1009.8,62.1,16.0,181.1,15.6,8,75,2022-07-28T05:48:42,2022-07-28T20:16:11,1.0,"Rain, Partially cloudy",Partly cloudy throughout the day with early morning rain.,rain,"72502594741,KTEB,72505394728,KLGA,KNYC,D8219,72503014732",825
80,"Hackensack, NJ, United States",2022-07-29,29.4,22.4,26.5,30.0,22.4,26.9,18.8,63.8,0.23,100.0,8.33,rain,0,0,35.3,20.6,271.9,1011.8,41.7,16.0,94.8,8.3,3,10,2022-07-29T05:49:39,2022-07-29T20:15:11,0.0,"Rain, Partially cloudy",Becoming cloudy in the afternoon with late afternoon rain.,rain,"72502594741,KTEB,72505394728,KLGA,KNYC,D8219,72503014732",825
81,"Hackensack, NJ, United States",2022-07-30,30.6,22.9,26.5,29.8,22.9,26.2,15.1,51.4,0.0,0.0,0.0,,0,0,38.1,24.7,324.2,1015.8,39.2,16.0,227.5,19.7,10,10,2022-07-30T05:50:35,2022-07-30T20:14:09,0.01,Partially cloudy,Becoming cloudy in the afternoon.,partly-cloudy-day,"72502594741,KTEB,72505394728,KLGA,KNYC,D8219,72503014732",825
82,"Hackensack, NJ, United States",2022-07-31,29.4,19.7,25.0,29.3,19.7,25.0,15.7,57.5,0.0,0.0,0.0,,0,0,31.7,17.0,139.3,1020.3,12.4,16.0,210.1,18.0,10,10,2022-07-31T05:51:32,2022-07-31T20:13:05,0.04,Clear,Clear conditions throughout the day.,clear-day,"72502594741,KTEB,72505394728,KLGA,KNYC,D8219,72503014732",825
83,"Hackensack, NJ, United States",2022-08-01,25.6,20.1,22.3,25.6,20.1,22.3,19.5,84.4,9.69,100.0,33.33,rain,0,0,31.7,12.7,153.8,1014.5,78.8,13.2,63.5,5.5,2,10,2022-08-01T05:52:29,2022-08-01T20:12:01,0.07,"Rain, Partially cloudy",Partly cloudy throughout the day with a chance of rain throughout the day.,rain,"72502594741,KTEB,72505394728,D6004,KLGA,KNYC,D8219,72503014732",825
84,"Hackensack, NJ, United States",2022-08-02,33.2,20.3,27.0,35.0,20.3,28.0,19.5,66.0,0.0,0.0,0.0,rain,0,0,33.5,22.1,242.2,1009.6,31.6,16.0,174.2,15.0,9,30,2022-08-02T05:53:26,2022-08-02T20:10:54,0.1,Partially cloudy,Partly cloudy throughout the day.,partly-cloudy-day,"72502594741,72505394728,KTEB,KLGA,KNYC,D8219,72503014732",825
85,"Hackensack, NJ, United States",2022-08-03,32.7,21.2,26.8,32.1,21.2,26.8,17.0,57.2,0.0,0.0,0.0,,0,0,25.9,16.8,196.0,1014.7,6.7,16.0,257.7,22.3,9,30,2022-08-03T05:54:24,2022-08-03T20:09:46,0.14,Clear,Clear conditions throughout the day.,clear-day,"72502594741,KTEB,72505394728,KLGA,KNYC,D8219,72503014732",825
86,"Hackensack, NJ, United States",2022-08-04,33.8,23.3,28.4,36.7,23.3,29.8,20.1,62.6,0.0,0.0,0.0,rain,0,0,44.6,20.2,201.0,1016.5,17.8,16.0,184.0,15.9,9,60,2022-08-04T05:55:22,2022-08-04T20:08:37,0.2,Clear,Clear conditions throughout the day.,clear-day,"72502594741,KTEB,72505394728,KLGA,KNYC,D8219,72503014732",825
87,"Hackensack, NJ, United States",2022-08-05,32.8,25.7,28.3,35.0,25.7,29.6,19.7,60.0,0.0,0.0,0.0,,0,0,33.5,15.6,218.2,1019.3,8.8,16.0,188.8,16.4,8,60,2022-08-05T05:56:21,2022-08-05T20:07:26,0.25,Clear,Clear conditions throughout the day.,clear-day,"72502594741,KTEB,72505394728,KLGA,KNYC,D8219,72503014732",825
88,"Hackensack, NJ, United States",2022-08-06,33.3,24.1,28.8,35.6,24.1,30.3,20.4,61.6,0.0,0.0,0.0,,0,0,38.5,24.6,215.3,1021.6,23.3,16.0,137.0,11.9,8,60,2022-08-06T05:57:19,2022-08-06T20:06:14,0.31,Partially cloudy,Becoming cloudy in the afternoon.,partly-cloudy-day,"72502594741,KTEB,72505394728,D6004,KLGA,KNYC,D8219,72503014732",825
89,"Hackensack, NJ, United States",2022-08-07,33.7,26.2,29.9,37.1,26.2,32.4,21.6,62.5,0.95,100.0,12.5,rain,0,0,53.6,27.3,222.4,1019.9,38.2,16.0,193.6,16.6,9,60,2022-08-07T05:58:18,2022-08-07T20:05:01,0.36,"Rain, Partially cloudy",Partly cloudy throughout the day with afternoon rain.,rain,"72502594741,KTEB,72505394728,D6004,KLGA,KNYC,D8219,72503014732",825
90,"Hackensack, NJ, United States",2022-08-08,35.4,25.7,30.4,38.9,25.7,33.0,21.5,60.7,0.0,0.0,0.0,,0,0,39.7,26.7,220.9,1015.0,31.6,16.0,178.1,15.4,9,75,2022-08-08T05:59:16,2022-08-08T20:03:46,0.41,Partially cloudy,Partly cloudy throughout the day.,partly-cloudy-day,"72502594741,KTEB,72505394728,D6004,KLGA,KNYC,D8219,72503014732",825
91,"Hackensack, NJ, United States",2022-08-09,36.1,27.2,30.7,40.4,29.9,34.4,22.5,63.3,4.24,100.0,8.33,rain,0,0,60.8,28.0,247.0,1012.2,48.5,15.4,201.3,17.3,10,60,2022-08-09T06:00:15,2022-08-09T20:02:30,0.45,"Rain, Partially cloudy",Partly cloudy throughout the day with late afternoon rain.,rain,"72502594741,KTEB,72505394728,D6004,KLGA,KNYC,D8219,72503014732",825
92,"Hackensack, NJ, United States",2022-08-10,30.9,23.9,26.6,31.4,23.9,27.0,17.7,58.9,0.0,0.0,0.0,rain,0,0,29.9,18.2,115.0,1015.9,68.1,16.0,169.3,14.8,7,10,2022-08-10T06:01:14,2022-08-10T20:01:12,0.48,Partially cloudy,Partly cloudy throughout the day.,partly-cloudy-day,"72502594741,72505394728,KTEB,D6004,KLGA,KNYC,D8219,72503014732",825
93,"Hackensack, NJ, United States",2022-08-11,32.2,21.4,26.6,30.7,21.4,26.4,16.7,58.2,1.52,100.0,12.5,rain,0,0,31.7,16.1,191.5,1012.0,44.3,15.5,244.0,21.2,10,10,2022-08-11T06:02:14,2022-08-11T19:59:54,0.5,"Rain, Partially cloudy",Clearing in the afternoon with morning rain.,rain,"72502594741,KTEB,72505394728,D6004,KLGA,KNYC,D8219,72503014732",825
94,"Hackensack, NJ, United States",2022-08-12,29.3,21.8,25.2,28.0,21.8,24.9,9.8,39.7,0.0,0.0,0.0,rain,0,0,43.9,19.3,132.4,1014.8,34.6,16.0,205.7,17.9,10,10,2022-08-12T06:03:13,2022-08-12T19:58:34,0.5,Partially cloudy,Partly cloudy throughout the day.,partly-cloudy-day,"72502594741,KTEB,72505394728,D6004,KLGA,KNYC,D8219,72503014732",825
95,"Hackensack, NJ, United States",2022-08-13,26.2,17.0,22.0,26.2,17.0,22.0,9.0,44.5,0.0,0.0,0.0,,0,0,35.6,16.8,175.0,1018.2,28.4,16.0,197.5,17.1,10,10,2022-08-13T06:04:12,2022-08-13T19:57:13,0.52,Partially cloudy,Partly cloudy throughout the day.,partly-cloudy-day,"72502594741,KTEB,72505394728,KLGA,KNYC,D8219,72503014732",825
96,"Hackensack, NJ, United States",2022-08-14,27.2,16.6,22.4,26.9,16.6,22.4,11.5,51.5,0.0,0.0,0.0,,0,0,40.5,21.0,198.3,1017.2,3.4,16.0,219.5,19.0,9,10,2022-08-14T06:05:12,2022-08-14T19:55:51,0.54,Clear,Clear conditions throughout the day.,clear-day,"72502594741,KTEB,72505394728,D6004,KLGA,KNYC,D8219,72503014732",825
97,"Hackensack, NJ, United States",2022-08-15,28.6,18.6,23.2,28.1,18.6,23.1,13.0,53.8,0.0,0.0,0.0,,0,0,31.7,19.9,171.6,1015.3,17.6,16.0,264.9,22.8,9,10,2022-08-15T06:06:11,2022-08-15T19:54:28,0.58,Clear,Clear conditions throughout the day.,clear-day,"72502594741,KTEB,72505394728,C9476,KLGA,KNYC,D8219,72503014732",825
98,"Hackensack, NJ, United States",2022-08-16,28.4,18.1,23.1,27.6,18.1,23.0,13.5,56.8,0.0,0.0,0.0,,0,0,35.1,24.1,86.7,1015.7,9.4,16.0,219.9,19.0,9,10,2022-08-16T06:07:10,2022-08-16T19:53:04,0.62,Clear,Clear conditions throughout the day.,clear-day,"72502594741,KTEB,72505394728,C9476,KLGA,KNYC,D8219,72503014732",825
99,"Hackensack, NJ, United States",2022-08-17,26.1,18.5,22.3,26.1,18.5,22.3,13.3,57.5,1.35,100.0,12.5,rain,0,0,29.5,15.5,144.6,1015.2,63.8,15.9,103.2,9.0,8,10,2022-08-17T06:08:10,2022-08-17T19:51:39,0.67,"Rain, Partially cloudy",Partly cloudy throughout the day with rain.,rain,"72502594741,KTEB,72505394728,KLGA,KNYC,D8219,72503014732",825
100,"Hackensack, NJ, United States",2022-08-18,30.0,17.0,23.6,28.8,17.0,23.3,12.8,53.9,0.0,0.0,0.0,,0,0,31.7,19.2,260.9,1012.3,28.5,15.9,177.8,15.3,9,30,2022-08-18T06:09:09,2022-08-18T19:50:13,0.72,Partially cloudy,Becoming cloudy in the afternoon.,partly-cloudy-day,"72502594741,KTEB,72505394728,KLGA,KNYC,D8219,72503014732",825
101,"Hackensack, NJ, United States",2022-08-19,31.3,18.4,25.2,30.4,18.4,25.0,14.4,53.1,0.0,0.0,0.0,,0,0,42.5,23.3,242.3,1016.8,5.3,15.6,176.9,15.1,9,10,2022-08-19T06:10:09,2022-08-19T19:48:45,0.77,Clear,Clear conditions throughout the day.,clear-day,"72502594741,KTEB,72505394728,KLGA,KNYC,D8219,72503014732",825
102,"Hackensack, NJ, United States",2022-08-20,31.2,22.1,26.4,31.8,22.1,26.7,17.3,58.4,0.0,0.0,0.0,rain,0,0,35.3,19.4,179.4,1020.1,21.7,15.8,162.5,13.9,8,30,2022-08-20T06:11:08,2022-08-20T19:47:17,0.82,Partially cloudy,Partly cloudy throughout the day.,partly-cloudy-day,"72502594741,KTEB,72505394728,KLGA,KNYC,D8219,72503014732",825
103,"Hackensack, NJ, United States",2022-08-21,28.6,20.3,24.6,29.8,20.3,24.9,18.7,70.2,0.0,0.0,0.0,,0,0,43.5,22.1,175.0,1019.0,16.3,16.0,133.5,11.5,6,30,2022-08-21T06:12:08,2022-08-21T19:45:48,0.86,Clear,Clear conditions throughout the day.,clear-day,"72502594741,KTEB,72505394728,KLGA,KNYC,D8219,72503014732",825
104,"Hackensack, NJ, United States",2022-08-22,25.5,22.9,23.9,25.5,22.9,23.9,21.1,84.5,11.58,100.0,33.33,rain,0,0,31.7,14.2,98.4,1012.8,76.1,15.3,50.3,4.2,2,60,2022-08-22T06:13:07,2022-08-22T19:44:18,0.9,"Rain, Partially cloudy",Partly cloudy throughout the day with a chance of rain throughout the day.,rain,"72502594741,KTEB,72505394728,D6004,KLGA,KNYC,D8219,72503014732",825
105,"Hackensack, NJ, United States",2022-08-23,29.9,21.6,25.2,31.0,21.6,25.5,19.6,73.7,0.48,100.0,4.17,rain,0,0,37.1,19.8,203.3,1009.2,58.3,11.8,204.4,17.6,10,60,2022-08-23T06:14:07,2022-08-23T19:42:48,0.94,"Rain, Partially cloudy",Partly cloudy throughout the day with early morning rain.,rain,"72502594741,KTEB,72505394728,D6004,KLGA,KNYC,D8219,72503014732",825
106,"Hackensack, NJ, United States",2022-08-24,32.1,19.7,25.9,31.2,19.7,25.7,15.7,57.3,0.0,0.0,0.0,,0,0,29.5,19.3,289.1,1013.5,14.6,16.0,158.7,13.6,7,10,2022-08-24T06:15:06,2022-08-24T19:41:16,0.97,Clear,Clear conditions throughout the day.,clear-day,"72502594741,KTEB,72505394728,KLGA,KNYC,D8219,72503014732",825
107,"Hackensack, NJ, United States",2022-08-25,32.7,20.4,26.8,31.4,20.4,26.6,15.0,50.7,0.0,0.0,0.0,,0,0,29.9,20.7,227.4,1016.1,10.2,16.0,200.1,17.3,9,10,2022-08-25T06:16:05,2022-08-25T19:39:44,0.99,Clear,Clear conditions throughout the day.,clear-day,"72502594741,KTEB,72505394728,KLGA,KNYC,D8219,72503014732",825
108,"Hackensack, NJ, United States",2022-08-26,31.2,21.6,26.8,32.8,21.6,27.7,18.6,61.4,0.98,100.0,16.67,rain,0,0,57.2,20.0,223.3,1013.0,36.7,15.9,157.9,13.8,9,75,2022-08-26T06:17:05,2022-08-26T19:38:11,1.0,"Rain, Partially cloudy",Partly cloudy throughout the day with rain.,rain,"72502594741,KTEB,72505394728,D6004,KLGA,KNYC,D8219,72503014732",825
109,"Hackensack, NJ, United States",2022-08-27,31.2,22.4,26.7,30.8,22.4,26.8,17.6,58.7,0.26,100.0,4.17,rain,0,0,19.4,20.4,209.1,1014.8,47.6,16.0,128.0,11.2,9,60,2022-08-27T06:18:04,2022-08-27T19:36:37,0.0,"Rain, Partially cloudy",Becoming cloudy in the afternoon with early morning rain.,rain,"72502594741,KTEB,72505394728,KLGA,KNYC,D8219,72503014732",825
110,"Hackensack, NJ, United States",2022-08-28,27.7,22.9,24.7,29.3,22.9,24.9,19.3,72.7,0.0,0.0,0.0,rain,0,0,35.3,17.4,101.2,1020.2,78.1,16.0,119.6,10.5,7,30,2022-08-28T06:19:03,2022-08-28T19:35:02,0.01,Partially cloudy,Partly cloudy throughout the day.,partly-cloudy-day,"72502594741,KTEB,72505394728,KLGA,KNYC,D8219,72503014732",825
111,"Hackensack, NJ, United States",2022-08-29,30.5,23.4,26.1,32.9,23.4,26.8,20.9,74.0,0.0,0.0,0.0,rain,0,0,42.5,19.9,172.8,1018.8,50.9,16.0,175.6,15.1,8,30,2022-08-29T06:20:02,2022-08-29T19:33:27,0.02,Partially cloudy,Partly cloudy throughout the day.,partly-cloudy-day,"72502594741,KTEB,72505394728,KLGA,KNYC,D8219,72503014732",825
112,"Hackensack, NJ, United States",2022-08-30,31.1,22.9,26.6,34.7,22.9,27.7,21.2,73.5,2.53,100.0,8.33,rain,0,0,45.1,25.5,197.3,1011.5,41.5,15.5,188.2,16.3,8,60,2022-08-30T06:21:01,2022-08-30T19:31:52,0.05,"Rain, Partially cloudy",Partly cloudy throughout the day with late afternoon rain.,rain,"72502594741,KTEB,72505394728,KLGA,KNYC,D8219,72503014732",825
113,"Hackensack, NJ, United States",2022-08-31,28.5,20.2,24.3,28.0,20.2,24.2,15.1,61.5,1.02,100.0,8.33,rain,0,0,37.1,22.8,296.3,1008.7,24.5,15.9,205.6,17.7,9,10,2022-08-31T06:22:00,2022-08-31T19:30:15,0.09,"Rain, Partially cloudy",Becoming cloudy in the afternoon with early morning rain.,rain,"72502594741,KTEB,72505394728,D6004,KLGA,KNYC,D8219,72503014732",825
114,"Hackensack, NJ, United States",2022-09-01,29.4,18.7,24.0,28.0,18.7,23.7,10.1,43.8,0.0,0.0,0.0,,0,0,40.7,22.1,300.1,1013.0,0.6,16.0,218.5,18.8,8,10,2022-09-01T06:22:59,2022-09-01T19:28:38,0.13,Clear,Clear conditions throughout the day.,clear-day,"72502594741,KTEB,72505394728,D6004,KLGA,KNYC,D8219,72503014732",825
115,"Hackensack, NJ, United States",2022-09-02,25.5,14.7,20.5,25.5,14.7,20.5,10.9,54.7,0.0,0.0,0.0,,0,0,22.0,12.7,101.4,1023.0,5.0,16.0,202.4,17.3,8,10,2022-09-02T06:23:58,2022-09-02T19:27:01,0.18,Clear,Clear conditions throughout the day.,clear-day,"72502594741,KTEB,72505394728,D6004,KLGA,KNYC,D8219,72503014732",825
116,"Hackensack, NJ, United States",2022-09-03,27.1,16.1,21.8,27.6,16.1,21.9,15.4,68.5,0.0,0.0,0.0,,0,0,25.9,14.4,132.6,1024.0,10.7,16.0,163.6,14.2,8,10,2022-09-03T06:24:57,2022-09-03T19:25:23,0.24,Clear,Clear conditions throughout the day.,clear-day,"72502594741,KTEB,72505394728,D6004,KLGA,KNYC,D8219,72503014732",825
117,"Hackensack, NJ, United States",2022-09-04,30.7,20.9,25.2,32.2,20.9,25.7,18.7,68.4,0.0,0.0,0.0,rain,0,0,16.9,13.2,197.8,1019.4,51.3,16.0,132.5,11.6,8,30,2022-09-04T06:25:56,2022-09-04T19:23:45,0.29,Partially cloudy,Partly cloudy throughout the day.,partly-cloudy-day,"72502594741,KTEB,72505394728,KLGA,KNYC,D8219,72503014732",825
118,"Hackensack, NJ, United States",2022-09-05,30.9,22.4,25.3,32.2,22.4,25.7,20.1,74.3,0.32,100.0,8.33,rain,0,0,43.9,23.1,116.1,1017.8,59.3,15.8,105.1,9.0,7,30,2022-09-05T06:26:55,2022-09-05T19:22:06,0.35,"Rain, Partially cloudy",Becoming cloudy in the afternoon with late afternoon rain.,rain,"72502594741,KTEB,72505394728,KLGA,KNYC,D8219,72503014732",825
119,"Hackensack, NJ, United States",2022-09-06,23.5,20.0,21.8,23.5,20.0,21.8,20.1,90.1,17.06,100.0,87.5,rain,0,0,40.7,17.6,110.3,1015.6,98.4,11.2,19.0,1.5,1,10,2022-09-06T06:27:54,2022-09-06T19:20:26,0.4,"Rain, Overcast",Cloudy skies throughout the day with a chance of rain throughout the day.,rain,"72502594741,KTEB,72505394728,D6004,KLGA,KNYC,D8219,72503014732",825
120,"Hackensack, NJ, United States",2022-09-07,21.8,18.5,20.1,21.8,18.5,20.1,16.3,79.3,0.26,100.0,4.17,rain,0,0,37.4,15.3,41.8,1015.3,92.9,14.5,41.2,3.6,2,10,2022-09-07T06:28:53,2022-09-07T19:18:47,0.44,"Rain, Overcast",Cloudy skies throughout the day with afternoon rain.,rain,"72502594741,KTEB,72505394728,KLGA,KNYC,D8219,72503014732",825
121,"Hackensack, NJ, United States",2022-09-08,26.0,17.4,21.3,26.0,17.4,21.3,14.6,67.0,0.0,0.0,0.0,,0,0,33.5,13.8,47.0,1012.9,35.6,16.0,146.8,12.7,9,10,2022-09-08T06:29:52,2022-09-08T19:17:07,0.47,Partially cloudy,Partly cloudy throughout the day.,partly-cloudy-day,"72502594741,KTEB,72505394728,KLGA,KNYC,D8219,72503014732",825
122,"Hackensack, NJ, United States",2022-09-09,26.2,15.9,21.2,26.2,15.9,21.2,12.3,61.2,0.0,0.0,0.0,,0,0,31.7,14.4,67.0,1017.4,1.1,16.0,170.3,14.6,8,10,2022-09-09T06:30:51,2022-09-09T19:15:26,0.49,Clear,Clear conditions throughout the day.,clear-day,"72502594741,KTEB,72505394728,KLGA,KNYC,D8219,72503014732",825
123,"Hackensack, NJ, United States",2022-09-10,28.9,15.0,22.3,27.6,15.0,22.1,13.2,61.1,0.0,0.0,0.0,,0,0,18.7,14.2,221.0,1022.5,2.5,16.0,191.0,16.4,8,10,2022-09-10T06:31:50,2022-09-10T19:13:46,0.5,Clear,Clear conditions throughout the day.,clear-day,"72502594741,KTEB,72505394728,KLGA,KNYC,D8219,72503014732",825
124,"Hackensack, NJ, United States",2022-09-11,24.3,19.4,21.2,24.3,19.4,21.2,17.9,81.6,4.45,100.0,41.67,rain,0,0,23.4,11.0,172.7,1019.6,74.1,13.2,37.1,3.3,1,10,2022-09-11T06:32:49,2022-09-11T19:12:05,0.51,"Rain, Partially cloudy",Partly cloudy throughout the day with rain.,rain,"72502594741,KTEB,72505394728,KLGA,KNYC,D8219,72503014732",825
125,"Hackensack, NJ, United States",2022-09-12,27.7,19.4,22.9,29.1,19.4,23.1,19.4,81.6,5.92,100.0,29.17,rain,0,0,35.3,12.6,114.2,1010.5,82.4,11.4,74.0,6.3,2,30,2022-09-12T06:33:48,2022-09-12T19:10:24,0.53,"Rain, Partially cloudy",Partly cloudy throughout the day with rain.,rain,"72502594741,KTEB,72505394728,KLGA,KNYC,D8219,72503014732",825
126,"Hackensack, NJ, United States",2022-09-13,28.7,21.4,24.1,30.8,21.4,24.5,18.9,75.1,38.71,100.0,37.5,rain,0,0,46.4,24.4,160.2,1007.1,68.8,14.0,127.5,11.1,8,60,2022-09-13T06:34:47,2022-09-13T19:08:42,0.56,"Rain, Partially cloudy",Partly cloudy throughout the day with rain clearing later.,rain,"72502594741,KTEB,72505394728,D6004,KLGA,KNYC,D8219,72503014732",825
127,"Hackensack, NJ, United States",2022-09-14,26.7,14.8,21.4,26.7,14.8,21.4,12.8,59.0,0.0,0.0,0.0,,0,0,38.9,21.2,297.8,1013.2,10.2,16.0,175.0,15.1,8,10,2022-09-14T06:35:46,2022-09-14T19:07:01,0.6,Clear,Clear conditions throughout the day.,clear-day,"72502594741,KTEB,72505394728,KLGA,KNYC,D8219,72503014732",825
128,"Hackensack, NJ, United States",2022-09-15,23.0,16.5,20.0,23.0,16.5,20.0,8.8,50.0,0.0,0.0,0.0,,0,0,34.6,24.5,275.6,1019.8,12.6,16.0,176.3,15.2,8,10,2022-09-15T06:36:45,2022-09-15T19:05:19,0.64,Clear,Clear conditions throughout the day.,clear-day,"72502594741,KTEB,72505394728,KLGA,KNYC,D8219,72503014732",825
129,"Hackensack, NJ, United States",2022-09-16,24.3,11.2,17.9,24.3,11.2,17.9,6.7,50.3,0.0,0.0,0.0,,0,0,20.2,11.5,174.0,1021.7,7.9,16.0,160.6,14.1,7,10,2022-09-16T06:37:44,2022-09-16T19:03:37,0.69,Clear,Clear conditions throughout the day.,clear-day,"72502594741,KTEB,72505394728,KLGA,KNYC,D8219,72503014732",825
130,"Hackensack, NJ, United States",2022-09-17,23.3,17.4,20.2,23.3,17.4,20.2,12.7,62.6,0.0,0.0,0.0,,0,0,37.1,17.2,93.4,1023.4,48.4,16.0,168.6,14.6,9,10,2022-09-17T06:38:43,2022-09-17T19:01:55,0.74,Partially cloudy,Clearing in the afternoon.,partly-cloudy-day,"72502594741,KTEB,72505394728,D6004,KLGA,KNYC,D8219,72503014732",825
131,"Hackensack, NJ, United States",2022-09-18,29.7,17.6,22.5,30.8,17.6,22.6,16.3,69.8,0.0,0.0,0.0,rain,0,0,37.1,26.6,239.5,1017.5,5.2,16.0,156.5,13.6,7,10,2022-09-18T06:39:42,2022-09-18T19:00:13,0.78,Clear,Clear conditions throughout the day.,clear-day,"72502594741,KTEB,72505394728,KLGA,KNYC,D8219,72503014732",825
132,"Hackensack, NJ, United States",2022-09-19,30.8,18.3,23.4,31.0,18.3,23.4,16.6,68.2,0.38,100.0,8.33,rain,0,0,62.6,26.0,207.9,1012.4,28.9,15.9,74.1,6.3,6,30,2022-09-19T06:40:42,2022-09-19T18:58:31,0.83,"Rain, Partially cloudy",Partly cloudy throughout the day with late afternoon rain.,rain,"72502594741,KTEB,72505394728,KLGA,KNYC,D8219,72503014732",825
133,"Hackensack, NJ, United States",2022-09-20,25.6,16.7,22.0,25.6,16.7,22.0,15.9,70.9,0.0,0.0,0.0,,0,0,47.9,21.6,314.3,1011.6,26.9,16.0,169.8,14.7,9,10,2022-09-20T06:41:41,2022-09-20T18:56:49,0.87,Partially cloudy,Becoming cloudy in the afternoon.,partly-cloudy-day,"72502594741,KTEB,72505394728,D6004,KLGA,KNYC,D8219,72503014732",825
134,"Hackensack, NJ, United States",2022-09-21,26.9,14.4,20.7,27.3,14.4,20.8,14.7,69.9,0.0,0.0,0.0,,0,0,27.7,25.4,235.4,1012.6,2.3,16.0,156.7,13.6,7,10,2022-09-21T06:42:41,2022-09-21T18:55:07,0.91,Clear,Clear conditions throughout the day.,clear-day,"72502594741,KTEB,72505394728,KLGA,KNYC,D8219,72503014732",825
135,"Hackensack, NJ, United States",2022-09-22,23.4,15.1,20.1,23.4,15.1,20.1,14.5,71.4,1.21,100.0,20.83,rain,0,0,58.1,30.8,283.7,1004.1,44.3,15.6,54.3,4.6,4,30,2022-09-22T06:43:40,2022-09-22T18:53:25,0.95,"Rain, Partially cloudy",Partly cloudy throughout the day with rain in the morning and afternoon.,rain,"72502594741,KTEB,72505394728,KLGA,KNYC,D8219,72503014732",825
136,"Hackensack, NJ, United States",2022-09-23,17.8,10.7,13.5,17.8,10.7,13.5,2.9,50.0,0.0,0.0,0.0,,0,0,54.4,41.7,313.8,1012.5,1.2,16.0,161.4,14.0,8,10,2022-09-23T06:44:40,2022-09-23T18:51:43,0.97,Clear,Clear conditions throughout the day.,clear-day,"72502594741,KTEB,72505394728,KLGA,KNYC,D8219,72503014732",825
137,"Hackensack, NJ, United States",2022-09-24,21.1,6.3,13.9,21.1,6.3,13.5,4.5,54.9,0.0,0.0,0.0,,0,0,40.7,25.2,283.8,1014.9,8.3,16.0,161.1,13.7,7,10,2022-09-24T06:45:40,2022-09-24T18:50:01,0.99,Clear,Clear conditions throughout the day.,clear-day,"72502594741,KTEB,72505394728,KLGA,KNYC,D8219,72503014732",825
138,"Hackensack, NJ, United States",2022-09-25,21.8,10.9,15.7,21.8,10.9,15.7,10.9,73.8,3.26,100.0,8.33,rain,0,0,33.5,22.4,226.0,1007.0,79.2,15.2,76.0,6.5,3,10,2022-09-25T06:46:40,2022-09-25T18:48:20,1.0,"Rain, Partially cloudy",Partly cloudy throughout the day with late afternoon rain.,rain,"72502594741,KTEB,72505394728,KLGA,KNYC,D8219,72503014732",825
139,"Hackensack, NJ, United States",2022-09-26,23.7,13.1,17.9,23.7,13.1,17.9,11.7,70.7,0.02,100.0,4.17,rain,0,0,44.6,47.0,265.5,1005.0,22.7,16.0,108.8,9.2,6,10,2022-09-26T06:47:41,2022-09-26T18:46:38,0.0,"Rain, Partially cloudy",Partly cloudy throughout the day with early morning rain.,rain,"72502594741,KTEB,72505394728,KLGA,KNYC,D8219,72503014732",825
140,"Hackensack, NJ, United States",2022-09-27,20.5,12.4,16.6,20.5,12.4,16.6,8.6,60.3,0.0,0.0,0.0,,0,0,40.7,29.3,277.0,1010.6,30.0,16.0,158.9,13.7,8,10,2022-09-27T06:48:41,2022-09-27T18:44:57,0.01,Partially cloudy,Partly cloudy throughout the day.,partly-cloudy-day,"72502594741,KTEB,72505394728,KLGA,KNYC,D8219,72503014732",825
141,"Hackensack, NJ, United States",2022-09-28,21.1,8.9,15.8,21.1,8.6,15.7,8.1,62.0,0.0,0.0,0.0,,0,0,36.7,23.1,295.6,1018.7,36.2,16.0,161.9,14.0,9,10,2022-09-28T06:49:42,2022-09-28T18:43:16,0.04,Partially cloudy,Becoming cloudy in the afternoon.,partly-cloudy-day,"72502594741,KTEB,72505394728,KLGA,KNYC,D8219,72503014732",825
142,"Hackensack, NJ, United States",2022-09-29,19.3,10.3,15.0,19.3,10.3,15.0,6.8,59.5,0.0,0.0,0.0,,0,0,45.0,21.4,132.8,1026.7,5.2,16.0,165.1,14.2,7,10,2022-09-29T06:50:43,2022-09-29T18:41:35,0.07,Clear,Clear conditions throughout the day.,clear-day,"72502594741,KTEB,72505394728,KLGA,KNYC,D8219,72503014732",825
143,"Hackensack, NJ, United States",2022-09-30,17.4,10.2,13.5,17.4,10.2,13.5,6.2,61.8,0.0,14.3,0.0,,0,0,25.9,16.6,35.7,1025.3,38.9,20.2,97.5,8.3,4,10,2022-09-30T06:51:44,2022-09-30T18:39:55,0.12,Partially cloudy,Partly cloudy throughout the day.,partly-cloudy-day,"KTEB,KLGA,KNYC,D8219",825
