,name,datetime,tempmax,tempmin,temp,feelslikemax,feelslikemin,feelslike,dew,humidity,precip,precipprob,precipcover,preciptype,snow,snowdepth,windgust,windspeed,winddir,sealevelpressure,cloudcover,visibility,solarradiation,solarenergy,uvindex,severerisk,sunrise,sunset,moonphase,conditions,description,icon,stations,skey
0,"Howell, NJ, United States",2022-05-10,19.9,10.5,14.3,19.9,10.5,14.3,-3.3,30.4,0.0,0.0,0.0,,0,0,54.7,34.4,42.4,1026.2,30.8,16.0,303.5,26.3,10,10,2022-05-10T05:46:14,2022-05-10T20:01:05,0.32,Partially cloudy,Becoming cloudy in the afternoon.,partly-cloudy-day,"KWRI,D8086,KNEL,72408454760,KBLM,72409614706,72409014780",888
1,"Howell, NJ, United States",2022-05-11,19.4,12.0,14.8,19.4,12.0,14.8,4.2,51.9,0.0,0.0,0.0,,0,0,41.3,24.4,47.1,1024.6,57.5,16.0,164.3,14.3,5,10,2022-05-11T05:45:12,2022-05-11T20:02:03,0.37,Partially cloudy,Partly cloudy throughout the day.,partly-cloudy-day,"KWRI,D8086,KNEL,72408454760,KBLM,72409614706,72409014780",888
2,"Howell, NJ, United States",2022-05-12,15.8,11.8,13.7,15.8,11.8,13.7,12.9,95.0,0.0,0.0,0.0,rain,0,0,35.3,19.9,64.6,1025.6,88.5,11.4,191.3,16.5,7,10,2022-05-12T05:44:11,2022-05-12T20:03:02,0.41,Partially cloudy,Partly cloudy throughout the day.,partly-cloudy-day,"KWRI,D8086,KNEL,72408454760,KBLM,72409614706,72409014780",888
3,"Howell, NJ, United States",2022-05-13,16.3,12.1,14.1,16.3,12.1,14.1,14.5,99.7,3.67,100.0,20.83,rain,0,0,27.4,19.1,54.5,1024.4,66.3,3.7,106.4,9.4,4,10,2022-05-13T05:43:12,2022-05-13T20:03:59,0.45,"Rain, Partially cloudy",Partly cloudy throughout the day with rain in the morning and afternoon.,rain,"KWRI,D8086,KNEL,72408454760,KBLM,72409614706,72409014780",888
4,"Howell, NJ, United States",2022-05-14,18.9,13.5,15.9,18.9,13.5,15.9,16.4,99.1,17.27,100.0,50.0,rain,0,0,23.8,13.0,96.2,1018.5,70.6,5.1,75.2,6.5,3,10,2022-05-14T05:42:14,2022-05-14T20:04:57,0.48,"Rain, Partially cloudy",Partly cloudy throughout the day with rain.,rain,"KWRI,D8086,KNEL,72408454760,KBLM,72409614706,72409014780",888
5,"Howell, NJ, United States",2022-05-15,24.3,16.0,19.4,24.3,16.0,19.4,17.3,88.8,0.0,0.0,0.0,rain,0,0,41.4,17.0,212.2,1012.1,66.9,11.8,196.0,16.9,7,30,2022-05-15T05:41:18,2022-05-15T20:05:54,0.5,Partially cloudy,Partly cloudy throughout the day.,partly-cloudy-day,"KWRI,D8086,KNEL,72408454760,KBLM,72409614706,72409014780",888
6,"Howell, NJ, United States",2022-05-16,25.7,16.4,20.5,25.7,16.4,20.5,17.3,82.7,0.76,100.0,4.17,rain,0,0,64.0,24.2,225.7,1005.7,43.4,15.4,171.2,14.7,7,75,2022-05-16T05:40:23,2022-05-16T20:06:50,0.5,"Rain, Partially cloudy",Partly cloudy throughout the day with late afternoon rain.,rain,"KWRI,D8086,KNEL,72408454760,KBLM,72409614706,72409014780",888
7,"Howell, NJ, United States",2022-05-17,26.2,11.8,19.7,26.2,11.8,19.7,7.9,51.9,0.0,0.0,0.0,,0,0,54.8,37.2,274.4,1008.5,10.0,16.0,269.3,23.3,10,10,2022-05-17T05:39:30,2022-05-17T20:07:46,0.52,Clear,Clear conditions throughout the day.,clear-day,"KWRI,D8086,KNEL,72408454760,KBLM,72409614706,72409014780",888
8,"Howell, NJ, United States",2022-05-18,22.1,9.8,16.6,22.1,8.4,16.6,6.4,53.0,0.0,0.0,0.0,,0,0,33.5,20.0,262.8,1014.3,8.0,15.8,296.4,25.6,9,10,2022-05-18T05:38:39,2022-05-18T20:08:41,0.54,Clear,Clear conditions throughout the day.,clear-day,"KWRI,D8086,KNEL,72408454760,KBLM,72409614706,72409014780",888
9,"Howell, NJ, United States",2022-05-19,22.0,11.9,15.0,22.0,11.9,15.0,13.2,90.1,16.75,100.0,41.67,rain,0,0,32.4,15.2,167.8,1008.7,72.9,13.7,143.6,12.6,6,10,2022-05-19T05:37:49,2022-05-19T20:09:36,0.58,"Rain, Partially cloudy",Partly cloudy throughout the day with rain clearing later.,rain,"KWRI,D8086,KNEL,72408454760,KBLM,72409614706,72409014780",888
10,"Howell, NJ, United States",2022-05-20,24.7,12.0,17.6,24.7,12.0,17.6,16.5,92.1,1.33,100.0,4.17,rain,0,0,47.5,25.6,103.9,1013.2,27.9,10.9,175.8,15.1,8,30,2022-05-20T05:37:01,2022-05-20T20:10:30,0.63,"Rain, Partially cloudy",Becoming cloudy in the afternoon with late afternoon rain.,rain,"KWRI,D8086,KNEL,72408454760,KBLM,72409614706,72409014780",888
11,"Howell, NJ, United States",2022-05-21,32.3,15.3,24.2,34.9,15.3,25.4,19.1,75.2,0.0,0.0,0.0,,0,0,32.4,16.2,159.0,1015.9,25.4,11.0,310.0,26.9,9,100,2022-05-21T05:36:15,2022-05-21T20:11:24,0.68,Partially cloudy,Clearing in the afternoon.,partly-cloudy-day,"KWRI,D8086,KNEL,72408454760,KBLM,72409614706,72409014780",888
12,"Howell, NJ, United States",2022-05-22,33.3,22.8,27.2,36.6,22.8,28.5,20.4,68.1,0.0,0.0,0.0,rain,0,0,42.5,18.0,227.5,1016.2,7.1,16.0,284.8,24.8,9,75,2022-05-22T05:35:31,2022-05-22T20:12:16,0.74,Clear,Clear conditions throughout the day.,clear-day,"KWRI,D8086,KNEL,72408454760,KBLM,72409614706,72409014780",888
13,"Howell, NJ, United States",2022-05-23,23.9,16.5,20.3,23.9,16.5,20.3,10.5,54.9,0.0,0.0,0.0,,0,0,41.0,23.4,227.2,1021.1,6.2,15.8,303.3,26.3,9,10,2022-05-23T05:34:48,2022-05-23T20:13:08,0.79,Clear,Clear conditions throughout the day.,clear-day,"KWRI,D8086,KNEL,72408454760,KBLM,72409614706,72409014780",888
14,"Howell, NJ, United States",2022-05-24,17.7,13.3,15.8,17.7,13.3,15.8,10.6,72.0,0.0,0.0,0.0,rain,0,0,38.9,28.2,82.3,1025.4,95.2,16.0,189.3,16.3,7,10,2022-05-24T05:34:07,2022-05-24T20:13:59,0.85,Overcast,Cloudy skies throughout the day.,cloudy,"KWRI,D8086,KNEL,72408454760,KBLM,72409614706,72409014780",888
15,"Howell, NJ, United States",2022-05-25,17.9,10.9,14.4,17.9,10.9,14.4,8.4,69.5,0.0,0.0,0.0,,0,0,29.5,20.1,75.7,1028.3,7.3,16.0,328.4,28.1,10,10,2022-05-25T05:33:28,2022-05-25T20:14:50,0.89,Clear,Clear conditions throughout the day.,clear-day,"KWRI,D8086,KNEL,72408454760,KBLM,72409614706,72409014780",888
16,"Howell, NJ, United States",2022-05-26,21.1,10.1,16.2,21.1,10.1,16.2,13.0,82.6,0.0,0.0,0.0,rain,0,0,29.5,22.1,111.0,1024.7,61.4,15.9,238.3,20.6,10,10,2022-05-26T05:32:51,2022-05-26T20:15:39,0.93,Partially cloudy,Partly cloudy throughout the day.,partly-cloudy-day,"KWRI,D8086,KNEL,72408454760,KBLM,72409614706,72409014780",888
17,"Howell, NJ, United States",2022-05-27,26.7,18.0,20.4,28.4,18.0,20.5,19.1,92.7,4.57,100.0,12.5,rain,0,0,47.0,23.3,162.5,1013.8,84.3,11.0,200.0,17.2,8,60,2022-05-27T05:32:15,2022-05-27T20:16:28,0.96,"Rain, Partially cloudy",Partly cloudy throughout the day with rain.,rain,"KWRI,D8086,KNEL,72408454760,KBLM,72409614706,72409014780",888
18,"Howell, NJ, United States",2022-05-28,26.0,18.0,21.0,26.0,18.0,21.0,17.3,81.5,8.05,100.0,25.0,rain,0,0,48.0,36.2,245.8,1007.9,71.6,15.8,236.2,20.3,10,30,2022-05-28T05:31:42,2022-05-28T20:17:15,0.99,"Rain, Partially cloudy",Partly cloudy throughout the day with rain.,rain,"KWRI,D8086,KNEL,72408454760,KBLM,72409614706,72409014780",888
19,"Howell, NJ, United States",2022-05-29,24.4,13.9,19.5,24.4,13.9,19.5,14.6,75.6,0.0,0.0,0.0,,0,0,23.4,16.3,210.3,1017.3,4.1,16.0,301.2,26.0,10,10,2022-05-29T05:31:10,2022-05-29T20:18:02,1.0,Clear,Clear conditions throughout the day.,clear-day,"KWRI,D8086,KNEL,72408454760,KBLM,72409614706,72409014780",888
20,"Howell, NJ, United States",2022-05-30,29.4,15.1,23.0,30.2,15.1,23.5,17.4,73.1,0.0,0.0,0.0,,0,0,28.4,18.4,198.2,1019.3,2.9,15.5,306.4,26.5,10,30,2022-05-30T05:30:40,2022-05-30T20:18:47,0.0,Clear,Clear conditions throughout the day.,clear-day,"KWRI,D8086,KNEL,72408454760,KBLM,72409614706,72409014780",888
21,"Howell, NJ, United States",2022-05-31,35.0,20.8,28.1,36.0,20.8,28.7,18.9,61.9,0.0,0.0,0.0,,0,0,35.3,23.8,262.0,1015.1,3.2,16.0,323.6,28.1,9,60,2022-05-31T05:30:12,2022-05-31T20:19:32,0.0,Clear,Clear conditions throughout the day.,clear-day,"KWRI,D8086,KNEL,72408454760,KBLM,72409614706,72409014780",888
22,"Howell, NJ, United States",2022-06-01,25.8,15.2,17.3,25.8,15.2,17.3,16.0,92.5,0.96,100.0,4.17,rain,0,0,35.3,20.4,80.9,1014.0,93.0,13.1,124.8,10.7,5,10,2022-06-01T05:29:46,2022-06-01T20:20:15,0.02,"Rain, Overcast",Cloudy skies throughout the day with late afternoon rain.,rain,"KWRI,D8086,KNEL,72408454760,KBLM,72409614706,72409014780",888
23,"Howell, NJ, United States",2022-06-02,28.3,16.6,21.0,30.5,16.6,21.2,19.4,91.1,19.54,100.0,45.83,rain,0,0,25.9,17.9,184.2,1007.8,76.9,13.8,257.2,22.4,10,60,2022-06-02T05:29:22,2022-06-02T20:20:57,0.04,"Rain, Partially cloudy",Partly cloudy throughout the day with rain.,rain,"KWRI,D8086,KNEL,72408454760,KBLM,72409614706,72409014780",888
24,"Howell, NJ, United States",2022-06-03,24.0,17.1,19.8,24.0,17.1,19.8,18.6,92.2,0.05,100.0,4.17,rain,0,0,20.9,13.1,103.6,1008.0,70.1,11.3,159.3,13.6,5,30,2022-06-03T05:29:00,2022-06-03T20:21:38,0.07,"Rain, Partially cloudy",Partly cloudy throughout the day with afternoon rain.,rain,"KWRI,D8086,KNEL,72408454760,KBLM,72409614706,72409014780",888
25,"Howell, NJ, United States",2022-06-04,25.8,12.9,19.8,25.8,12.9,19.8,14.1,73.4,0.0,0.0,0.0,,0,0,25.9,16.4,168.4,1011.8,6.1,16.0,332.7,28.6,10,10,2022-06-04T05:28:40,2022-06-04T20:22:18,0.11,Clear,Clear conditions throughout the day.,clear-day,"KWRI,D8086,KNEL,72408454760,KBLM,72409614706,72409014780",888
26,"Howell, NJ, United States",2022-06-05,23.0,13.1,18.3,23.0,13.1,18.3,7.3,51.6,0.0,0.0,0.0,,0,0,33.5,16.2,130.9,1015.6,0.0,16.0,351.2,30.4,10,10,2022-06-05T05:28:22,2022-06-05T20:22:57,0.14,Clear,Clear conditions throughout the day.,clear-day,"KWRI,D8086,KNEL,72408454760,KBLM,72409614706,72409014780",888
27,"Howell, NJ, United States",2022-06-06,26.7,10.8,19.5,26.4,10.8,19.5,8.2,51.6,0.0,0.0,0.0,,0,0,33.7,19.7,213.3,1017.5,0.1,16.0,338.5,29.3,10,10,2022-06-06T05:28:05,2022-06-06T20:23:34,0.19,Clear,Clear conditions throughout the day.,clear-day,"KWRI,D8086,KNEL,72408454760,KBLM,72409614706,72409014780",888
28,"Howell, NJ, United States",2022-06-07,25.1,13.5,20.0,25.1,13.5,20.0,15.4,76.2,0.0,0.0,0.0,rain,0,0,49.0,29.1,175.4,1017.0,30.5,15.9,222.6,19.2,8,10,2022-06-07T05:27:51,2022-06-07T20:24:09,0.24,Partially cloudy,Becoming cloudy in the afternoon.,partly-cloudy-day,"KWRI,D8086,KNEL,72408454760,72409614706,KBLM,72409014780",888
29,"Howell, NJ, United States",2022-06-08,30.0,20.0,24.5,30.9,20.0,24.9,20.1,79.3,1.26,100.0,12.5,rain,0,0,49.0,22.9,213.4,1011.8,62.6,16.0,270.2,23.2,10,60,2022-06-08T05:27:38,2022-06-08T20:24:44,0.29,"Rain, Partially cloudy",Partly cloudy throughout the day with early morning rain.,rain,"KWRI,D8086,KNEL,72408454760,KBLM,72409614706,72409014780",888
30,"Howell, NJ, United States",2022-06-09,28.8,20.7,24.1,29.6,20.7,24.2,18.0,71.8,10.4,100.0,29.17,rain,0,0,55.2,36.3,224.1,1005.2,61.0,15.6,317.6,27.5,10,60,2022-06-09T05:27:28,2022-06-09T20:25:17,0.35,"Rain, Partially cloudy",Clearing in the afternoon with rain clearing later.,rain,"KWRI,D8086,KNEL,72408454760,KBLM,72409614706,72409014780",888
31,"Howell, NJ, United States",2022-06-10,26.7,14.0,21.1,26.6,14.0,21.1,11.1,55.6,0.0,0.0,0.0,,0,0,33.5,22.1,270.3,1011.0,8.7,16.0,338.0,29.3,10,10,2022-06-10T05:27:19,2022-06-10T20:25:48,0.39,Clear,Clear conditions throughout the day.,clear-day,"KWRI,D8086,KNEL,72408454760,KBLM,72409614706,72409014780",888
32,"Howell, NJ, United States",2022-06-11,25.6,16.3,20.2,25.6,16.3,20.2,15.0,73.3,0.38,100.0,4.17,rain,0,0,23.8,16.4,221.4,1013.5,30.2,16.0,162.8,14.0,6,30,2022-06-11T05:27:13,2022-06-11T20:26:18,0.44,"Rain, Partially cloudy",Becoming cloudy in the afternoon with afternoon rain.,rain,"KWRI,D8086,KNEL,72408454760,KBLM,72409614706,72409014780",888
33,"Howell, NJ, United States",2022-06-12,22.2,15.6,18.5,22.2,15.6,18.5,17.9,95.9,23.58,100.0,50.0,rain,0,0,33.5,16.9,147.8,1015.0,84.5,14.8,112.6,9.8,6,10,2022-06-12T05:27:08,2022-06-12T20:26:46,0.47,"Rain, Partially cloudy",Partly cloudy throughout the day with rain.,rain,"KWRI,D8086,KNEL,72408454760,KBLM,72409614706,72409014780",888
34,"Howell, NJ, United States",2022-06-13,30.0,17.9,24.4,32.6,17.9,25.5,20.6,80.8,0.31,100.0,4.17,rain,0,0,24.5,14.3,222.1,1012.7,39.1,15.2,279.0,24.2,9,75,2022-06-13T05:27:05,2022-06-13T20:27:13,0.49,"Rain, Partially cloudy",Partly cloudy throughout the day with early morning rain.,rain,"KWRI,D8086,KNEL,72408454760,KBLM,72409614706,72409014780",888
35,"Howell, NJ, United States",2022-06-14,27.7,19.6,22.5,27.4,19.6,22.5,13.9,59.3,0.02,100.0,4.17,rain,0,0,38.9,15.1,129.0,1013.1,15.1,15.9,300.0,26.0,10,10,2022-06-14T05:27:05,2022-06-14T20:27:38,0.5,Rain,Clear conditions throughout the day with morning rain.,rain,"KWRI,D8086,KNEL,72408454760,KBLM,72409614706,72409014780",888
36,"Howell, NJ, United States",2022-06-15,24.6,15.6,20.6,24.6,15.6,20.6,15.9,76.2,0.0,0.0,0.0,,0,0,32.4,19.6,172.8,1018.7,6.1,16.0,330.6,28.5,10,10,2022-06-15T05:27:06,2022-06-15T20:28:01,0.51,Clear,Clear conditions throughout the day.,clear-day,"KWRI,D8086,KNEL,72408454760,KBLM,72409614706,72409014780",888
37,"Howell, NJ, United States",2022-06-16,23.1,17.2,19.8,23.1,17.2,19.8,17.7,88.2,10.59,100.0,20.83,rain,0,0,42.5,22.9,142.2,1019.9,89.2,15.5,107.4,9.2,4,10,2022-06-16T05:27:09,2022-06-16T20:28:23,0.53,"Rain, Partially cloudy",Partly cloudy throughout the day with rain.,rain,"KWRI,D8086,KNEL,72408454760,KBLM,72409614706,72409014780",888
38,"Howell, NJ, United States",2022-06-17,33.5,20.6,26.4,35.6,20.6,27.0,18.7,67.8,0.0,0.0,0.0,rain,0,0,49.6,32.7,244.0,1007.3,43.4,16.0,299.4,25.9,9,75,2022-06-17T05:27:14,2022-06-17T20:28:43,0.57,Partially cloudy,Clearing in the afternoon.,partly-cloudy-day,"KWRI,D8086,KNEL,72408454760,KBLM,72409614706,72409014780",888
39,"Howell, NJ, United States",2022-06-18,22.4,14.1,19.8,22.4,14.1,19.8,10.2,54.2,0.0,0.0,0.0,rain,0,0,53.8,36.7,299.9,1006.9,40.5,16.0,218.4,18.8,10,10,2022-06-18T05:27:20,2022-06-18T20:29:01,0.62,Partially cloudy,Partly cloudy throughout the day.,partly-cloudy-day,"KWRI,D8086,KNEL,72408454760,KBLM,72409614706,72409014780",888
40,"Howell, NJ, United States",2022-06-19,23.2,10.8,17.1,23.2,10.8,17.1,4.9,47.2,0.0,0.0,0.0,,0,0,52.7,34.7,304.6,1014.5,4.5,16.0,345.5,29.9,10,10,2022-06-19T05:27:29,2022-06-19T20:29:18,0.67,Clear,Clear conditions throughout the day.,clear-day,"KWRI,D8086,KNEL,72408454760,KBLM,72409614706,72409014780",888
41,"Howell, NJ, United States",2022-06-20,26.1,9.7,18.9,26.1,8.2,18.9,7.4,50.9,0.0,0.0,0.0,,0,0,35.3,21.5,272.9,1020.0,0.7,16.0,337.3,29.2,10,10,2022-06-20T05:27:39,2022-06-20T20:29:32,0.72,Clear,Clear conditions throughout the day.,clear-day,"KWRI,D8086,KNEL,72408454760,KBLM,72409614706,72409014780",888
42,"Howell, NJ, United States",2022-06-21,27.2,13.5,20.6,27.1,13.5,20.6,13.8,67.3,2.07,100.0,8.33,rain,0,0,25.6,14.6,209.1,1019.9,28.2,14.1,190.8,16.5,7,10,2022-06-21T05:27:51,2022-06-21T20:29:45,0.77,"Rain, Partially cloudy",Becoming cloudy in the afternoon with late afternoon rain.,rain,"KWRI,D8086,KNEL,72408454760,KBLM,72409614706,72409014780",888
43,"Howell, NJ, United States",2022-06-22,19.5,17.2,18.5,19.5,17.2,18.5,17.3,93.0,1.71,100.0,20.83,rain,0,0,35.6,22.0,125.4,1016.6,96.9,13.8,52.1,4.6,2,10,2022-06-22T05:28:05,2022-06-22T20:29:56,0.82,"Rain, Overcast",Cloudy skies throughout the day with rain.,rain,"KWRI,D8086,KNEL,72408454760,KBLM,72409614706,72409014780",888
44,"Howell, NJ, United States",2022-06-23,21.8,16.6,19.1,21.8,16.6,19.1,17.1,88.4,1.48,100.0,12.5,rain,0,0,33.5,20.2,80.9,1014.6,73.2,15.7,202.6,17.5,10,10,2022-06-23T05:28:21,2022-06-23T20:30:05,0.87,"Rain, Partially cloudy",Partly cloudy throughout the day with early morning rain.,rain,"KWRI,D8086,KNEL,72408454760,72409614706,KBLM,72409014780",888
45,"Howell, NJ, United States",2022-06-24,26.2,17.0,21.3,26.2,17.0,21.3,17.7,81.1,0.0,0.0,0.0,rain,0,0,29.5,14.7,198.4,1016.9,52.6,16.0,266.2,22.8,10,30,2022-06-24T05:28:38,2022-06-24T20:30:12,0.91,Partially cloudy,Partly cloudy throughout the day.,partly-cloudy-day,"KWRI,D8086,KNEL,72408454760,KBLM,72409614706,72409014780",888
46,"Howell, NJ, United States",2022-06-25,30.5,18.3,24.9,31.7,18.3,25.5,18.8,71.5,0.0,0.0,0.0,,0,0,27.7,16.7,219.0,1019.2,12.2,16.0,265.3,22.8,10,60,2022-06-25T05:28:57,2022-06-25T20:30:18,0.95,Clear,Clear conditions throughout the day.,clear-day,"KWRI,D8086,KNEL,72408454760,KBLM,72409614706,72409014780",888
47,"Howell, NJ, United States",2022-06-26,31.2,20.2,25.4,31.5,20.2,25.5,17.7,66.2,0.0,0.0,0.0,,0,0,40.7,21.8,207.2,1018.9,12.7,16.0,324.7,28.1,9,10,2022-06-26T05:29:18,2022-06-26T20:30:21,0.97,Clear,Clear conditions throughout the day.,clear-day,"KWRI,D8086,KNEL,72408454760,KBLM,72409614706,72409014780",888
48,"Howell, NJ, United States",2022-06-27,27.4,21.0,23.2,29.7,21.0,23.4,21.3,88.8,28.11,100.0,37.5,rain,0,0,51.1,21.4,191.8,1015.1,75.8,14.7,71.8,6.1,3,30,2022-06-27T05:29:41,2022-06-27T20:30:22,0.99,"Rain, Partially cloudy",Partly cloudy throughout the day with rain.,rain,"KWRI,D8086,KNEL,72408454760,KBLM,72409614706,72409014780",888
49,"Howell, NJ, United States",2022-06-28,25.2,17.3,21.3,25.2,17.3,21.3,15.1,70.8,0.22,100.0,4.17,rain,0,0,35.6,14.8,223.1,1020.3,42.3,13.7,284.3,24.5,10,10,2022-06-28T05:30:05,2022-06-28T20:30:22,1.0,"Rain, Partially cloudy",Partly cloudy throughout the day with early morning rain.,rain,"KWRI,D8086,KNEL,72408454760,72409614706,KBLM,72409014780",888
50,"Howell, NJ, United States",2022-06-29,28.1,14.1,22.1,27.9,14.1,22.0,15.2,68.9,0.59,100.0,4.17,rain,0,0,35.3,19.9,229.1,1023.1,11.0,16.0,352.6,30.6,10,30,2022-06-29T05:30:30,2022-06-29T20:30:19,0.0,Rain,Clear conditions throughout the day with late afternoon rain.,rain,"KWRI,D8086,KNEL,72408454760,KBLM,72409614706,72409014780",888
51,"Howell, NJ, United States",2022-06-30,29.1,17.8,24.1,29.3,17.8,24.2,17.3,68.9,0.0,0.0,0.0,,0,0,29.5,15.2,215.6,1022.0,6.7,16.0,341.1,29.5,10,10,2022-06-30T05:30:57,2022-06-30T20:30:15,0.01,Clear,Clear conditions throughout the day.,clear-day,"KWRI,D8086,KNEL,72408454760,KBLM,72409614706,72409014780",888
52,"Howell, NJ, United States",2022-07-01,34.1,20.3,26.6,36.3,20.3,28.2,20.9,73.4,0.0,0.0,0.0,rain,0,0,45.7,22.8,216.7,1017.6,11.8,15.9,287.1,24.6,10,100,2022-07-01T05:31:26,2022-07-01T20:30:08,0.03,Clear,Clear conditions throughout the day.,clear-day,"KWRI,D8086,KNEL,72408454760,KBLM,72409614706,72409014780",888
53,"Howell, NJ, United States",2022-07-02,33.0,23.8,27.1,37.0,23.8,28.6,23.3,81.3,1.53,100.0,8.33,rain,0,0,42.5,17.0,231.3,1013.3,41.6,16.0,195.3,16.8,10,75,2022-07-02T05:31:56,2022-07-02T20:30:00,0.05,"Rain, Partially cloudy",Becoming cloudy in the afternoon with late afternoon rain.,rain,"KWRI,D8086,KNEL,72408454760,KBLM,72409614706,72409014780",888
54,"Howell, NJ, United States",2022-07-03,28.0,20.3,24.3,28.0,20.3,24.4,18.7,74.3,1.38,100.0,8.33,rain,0,0,32.4,15.1,191.4,1016.1,34.5,16.0,245.7,21.2,10,30,2022-07-03T05:32:27,2022-07-03T20:29:49,0.08,"Rain, Partially cloudy",Clearing in the afternoon with morning rain.,rain,"KWRI,D8086,KNEL,72408454760,KBLM,72409614706,72409014780",888
55,"Howell, NJ, United States",2022-07-04,27.7,14.9,22.3,27.0,14.9,22.2,11.7,54.7,0.0,0.0,0.0,,0,0,27.0,14.4,186.5,1020.7,0.4,16.0,338.4,29.2,9,10,2022-07-04T05:33:00,2022-07-04T20:29:37,0.12,Clear,Clear conditions throughout the day.,clear-day,"KWRI,D8086,KNEL,72408454760,KBLM,72409614706,72409014780",888
56,"Howell, NJ, United States",2022-07-05,29.3,19.1,23.7,29.8,19.1,23.8,17.2,67.9,0.0,0.0,0.0,rain,0,0,47.5,22.6,202.0,1016.7,29.6,16.0,221.9,19.3,9,10,2022-07-05T05:33:35,2022-07-05T20:29:23,0.17,Partially cloudy,Partly cloudy throughout the day.,partly-cloudy-day,"KWRI,D8086,KNEL,72408454760,KBLM,72409614706,72409014780",888
57,"Howell, NJ, United States",2022-07-06,31.1,21.7,26.4,34.1,21.7,27.5,20.4,72.0,0.0,0.0,0.0,,0,0,39.6,25.6,258.6,1011.0,42.9,15.6,245.8,21.1,8,30,2022-07-06T05:34:10,2022-07-06T20:29:06,0.22,Partially cloudy,Partly cloudy throughout the day.,partly-cloudy-day,"KWRI,D8086,KNEL,72408454760,KBLM,72409614706,72409014780",888
58,"Howell, NJ, United States",2022-07-07,24.3,20.6,22.4,24.3,20.6,22.4,20.5,89.6,1.61,100.0,33.33,rain,0,0,24.5,17.6,63.6,1015.2,88.4,15.6,94.5,8.4,3,10,2022-07-07T05:34:47,2022-07-07T20:28:48,0.27,"Rain, Partially cloudy",Partly cloudy throughout the day with a chance of rain throughout the day.,rain,"KWRI,D8086,KNEL,72408454760,KBLM,72409614706,72409014780",888
59,"Howell, NJ, United States",2022-07-08,30.0,17.4,23.4,32.0,17.4,24.0,19.3,79.2,2.08,100.0,4.17,rain,0,0,42.5,15.8,185.8,1015.9,37.3,15.8,280.9,24.2,9,10,2022-07-08T05:35:25,2022-07-08T20:28:28,0.33,"Rain, Partially cloudy",Partly cloudy throughout the day with late afternoon rain.,rain,"KWRI,D8086,KNEL,72408454760,KBLM,72409614706,72409014780",888
60,"Howell, NJ, United States",2022-07-09,25.4,18.8,22.4,25.4,18.8,22.4,18.3,79.5,2.04,100.0,33.33,rain,0,0,42.5,15.9,146.7,1016.6,46.9,16.0,146.3,12.4,5,10,2022-07-09T05:36:04,2022-07-09T20:28:05,0.38,"Rain, Partially cloudy",Partly cloudy throughout the day with rain.,rain,"KWRI,D8086,KNEL,72408454760,KBLM,72409614706,72409014780",888
61,"Howell, NJ, United States",2022-07-10,24.6,16.1,20.9,24.6,16.1,20.9,17.3,82.1,0.0,0.0,0.0,rain,0,0,25.9,18.5,100.7,1017.9,16.8,15.8,326.8,28.3,10,10,2022-07-10T05:36:45,2022-07-10T20:27:41,0.42,Clear,Clear conditions throughout the day.,clear-day,"KWRI,D8086,KNEL,72408454760,KBLM,72409614706,72409014780",888
62,"Howell, NJ, United States",2022-07-11,28.2,14.7,21.7,27.8,14.7,21.7,14.8,68.4,0.0,0.0,0.0,,0,0,32.9,19.6,170.8,1014.7,1.8,16.0,340.3,29.5,9,10,2022-07-11T05:37:26,2022-07-11T20:27:15,0.46,Clear,Clear conditions throughout the day.,clear-day,"KWRI,D8086,KNEL,72408454760,KBLM,72409614706,72409014780",888
63,"Howell, NJ, United States",2022-07-12,32.9,18.9,25.6,36.5,18.9,27.1,20.3,74.8,0.0,0.0,0.0,rain,0,0,49.3,22.4,217.9,1009.2,28.9,16.0,306.3,26.3,10,75,2022-07-12T05:38:09,2022-07-12T20:26:46,0.49,Partially cloudy,Partly cloudy throughout the day.,partly-cloudy-day,"KWRI,D8086,KNEL,72408454760,KBLM,72409614706,72409014780",888
64,"Howell, NJ, United States",2022-07-13,31.2,21.1,26.4,32.2,21.1,27.0,20.4,71.6,0.0,0.0,0.0,,0,0,42.1,16.3,222.8,1011.7,12.8,16.0,243.4,21.2,9,30,2022-07-13T05:38:52,2022-07-13T20:26:16,0.5,Clear,Clear conditions throughout the day.,clear-day,"KWRI,D8086,KNEL,72408454760,KBLM,72409614706,72409014780",888
65,"Howell, NJ, United States",2022-07-14,30.3,21.6,26.0,32.3,21.6,27.2,21.3,76.8,0.0,0.0,0.0,rain,0,0,20.5,17.3,149.8,1014.4,39.2,16.0,290.8,25.1,10,75,2022-07-14T05:39:37,2022-07-14T20:25:44,0.51,Partially cloudy,Partly cloudy throughout the day.,partly-cloudy-day,"KWRI,D8086,KNEL,72408454760,KBLM,72409614706,72409014780",888
66,"Howell, NJ, United States",2022-07-15,27.2,20.7,23.9,28.5,20.7,24.1,18.4,72.2,0.0,0.0,0.0,rain,0,0,27.7,19.0,94.3,1020.1,41.0,16.0,245.1,21.1,9,30,2022-07-15T05:40:22,2022-07-15T20:25:10,0.53,Partially cloudy,Partly cloudy throughout the day.,partly-cloudy-day,"KWRI,D8086,KNEL,72408454760,KBLM,72409614706,72409014780",888
67,"Howell, NJ, United States",2022-07-16,29.0,19.3,24.3,31.6,19.3,24.8,21.4,84.9,0.28,100.0,4.17,rain,0,0,33.5,20.0,90.8,1019.1,52.2,14.4,216.4,18.7,8,60,2022-07-16T05:41:08,2022-07-16T20:24:34,0.55,"Rain, Partially cloudy",Partly cloudy throughout the day with late afternoon rain.,rain,"KWRI,D8086,KNEL,72408454760,KBLM,72409614706,72409014780",888
68,"Howell, NJ, United States",2022-07-17,29.5,20.8,25.1,33.0,20.8,26.3,22.0,84.0,0.11,100.0,8.33,rain,0,0,29.5,16.4,172.5,1016.9,64.7,15.8,252.5,21.7,9,60,2022-07-17T05:41:56,2022-07-17T20:23:57,0.6,"Rain, Partially cloudy",Partly cloudy throughout the day with early morning rain.,rain,"KWRI,D8086,72408454760,KBLM,72409614706",888
69,"Howell, NJ, United States",2022-07-18,32.1,23.1,26.9,37.7,23.1,29.6,24.1,85.5,1.01,100.0,8.33,rain,0,0,40.7,24.9,183.7,1012.6,42.7,15.7,185.3,16.3,8,100,2022-07-18T05:42:44,2022-07-18T20:23:17,0.65,"Rain, Partially cloudy",Partly cloudy throughout the day with rain.,rain,"KWRI,D8086,KNEL,72408454760,KBLM,72409614706,72409014780",888
70,"Howell, NJ, United States",2022-07-19,33.8,22.0,27.9,34.6,22.0,28.6,20.2,67.7,0.09,100.0,12.5,rain,0,0,47.9,22.2,253.3,1009.1,8.2,16.0,310.1,26.8,10,10,2022-07-19T05:43:33,2022-07-19T20:22:36,0.7,Rain,Clear conditions throughout the day with early morning rain.,rain,"KWRI,D8086,C1341,KNEL,72408454760,KBLM,72409614706,72409014780",888
71,"Howell, NJ, United States",2022-07-20,36.4,23.1,29.3,38.3,23.1,31.2,21.3,64.6,0.0,0.0,0.0,,0,0,32.4,17.6,227.2,1008.4,6.3,15.9,314.4,27.1,9,30,2022-07-20T05:44:22,2022-07-20T20:21:52,0.75,Clear,Clear conditions throughout the day.,clear-day,"KWRI,D8086,C1341,KNEL,72408454760,KBLM,72409614706,72409014780",888
72,"Howell, NJ, United States",2022-07-21,35.3,24.5,29.9,42.8,24.5,33.1,23.2,69.8,0.0,0.0,0.0,,0,0,44.6,21.0,212.5,1005.6,8.6,15.9,247.1,21.4,9,75,2022-07-21T05:45:12,2022-07-21T20:21:07,0.8,Clear,Clear conditions throughout the day.,clear-day,"KWRI,D8086,C1341,KNEL,72408454760,KBLM,72409614706,72409014780",888
73,"Howell, NJ, United States",2022-07-22,34.7,23.1,29.6,35.9,23.1,30.6,20.2,61.2,0.0,0.0,0.0,,0,0,33.8,22.5,237.5,1011.4,2.9,16.0,327.3,28.1,10,30,2022-07-22T05:46:03,2022-07-22T20:20:20,0.85,Clear,Clear conditions throughout the day.,clear-day,"KWRI,D8086,C1341,KNEL,72408454760,KBLM,72409614706,72409014780",888
74,"Howell, NJ, United States",2022-07-23,35.5,23.5,29.6,36.4,23.5,30.9,20.0,59.5,0.0,0.0,0.0,,0,0,37.1,20.5,218.9,1015.9,2.6,16.0,321.0,27.9,9,60,2022-07-23T05:46:55,2022-07-23T20:19:32,0.89,Clear,Clear conditions throughout the day.,clear-day,"KWRI,D8086,KNEL,72408454760,KBLM,72409614706,72409014780",888
75,"Howell, NJ, United States",2022-07-24,36.8,23.1,29.9,39.1,23.1,31.7,20.8,63.5,0.0,0.0,0.0,,0,0,42.5,21.9,219.0,1016.0,4.0,15.9,300.8,26.0,9,100,2022-07-24T05:47:47,2022-07-24T20:18:41,0.93,Clear,Clear conditions throughout the day.,clear-day,"KWRI,D8086,KNEL,72408454760,KBLM,72409614706,72409014780",888
76,"Howell, NJ, United States",2022-07-25,32.9,25.2,28.6,38.2,25.2,31.8,23.6,75.6,0.41,100.0,8.33,rain,0,0,43.3,25.1,216.5,1012.6,11.6,15.9,147.0,12.8,5,60,2022-07-25T05:48:39,2022-07-25T20:17:49,0.96,Rain,Clear conditions throughout the day with rain.,rain,"KWRI,D8086,KNEL,72408454760,KBLM,72409614706,72409014780",888
77,"Howell, NJ, United States",2022-07-26,25.9,21.4,23.9,25.9,21.4,23.9,19.4,77.2,0.06,100.0,4.17,rain,0,0,25.2,13.0,186.9,1015.5,7.1,15.9,132.1,11.4,5,30,2022-07-26T05:49:32,2022-07-26T20:16:56,0.98,Rain,Clear conditions throughout the day with afternoon rain.,rain,"KWRI,D8086,KNEL,72408454760,KBLM,72409614706,72409014780",888
78,"Howell, NJ, United States",2022-07-27,28.9,20.7,24.9,29.6,20.7,25.2,19.1,72.3,0.0,0.0,0.0,,0,0,29.5,17.4,164.3,1014.0,53.5,16.0,195.8,17.0,10,10,2022-07-27T05:50:26,2022-07-27T20:16:00,1.0,Partially cloudy,Partly cloudy throughout the day.,partly-cloudy-day,"KWRI,D8086,KNEL,72408454760,KBLM,72409614706,72409014780",888
79,"Howell, NJ, United States",2022-07-28,31.6,23.0,27.0,36.5,23.0,29.3,23.2,80.9,10.48,100.0,16.67,rain,0,0,42.5,17.6,218.3,1010.9,60.7,14.4,209.1,18.0,10,75,2022-07-28T05:51:20,2022-07-28T20:15:03,1.0,"Rain, Partially cloudy",Partly cloudy throughout the day with rain.,rain,"KWRI,D8086,KNEL,72408454760,KBLM,72409614706,72409014780",888
80,"Howell, NJ, United States",2022-07-29,30.9,21.8,25.9,32.5,21.8,26.7,21.8,79.5,0.0,0.0,0.0,rain,0,0,30.6,15.5,234.4,1012.8,27.3,15.9,128.3,11.1,5,30,2022-07-29T05:52:15,2022-07-29T20:14:05,0.0,Partially cloudy,Becoming cloudy in the afternoon.,partly-cloudy-day,"KWRI,D8086,KNEL,72408454760,KBLM,72409614706,72409014780",888
81,"Howell, NJ, United States",2022-07-30,32.1,22.2,26.5,31.1,22.2,26.4,17.5,62.2,0.0,0.0,0.0,rain,0,0,36.7,28.6,260.9,1016.7,38.2,16.0,322.7,27.8,9,10,2022-07-30T05:53:09,2022-07-30T20:13:05,0.01,Partially cloudy,Clearing in the afternoon.,partly-cloudy-day,"KWRI,D8086,KNEL,72408454760,KBLM,72409614706,72409014780",888
82,"Howell, NJ, United States",2022-07-31,28.8,18.4,24.5,29.9,18.4,24.8,17.9,68.1,0.0,0.0,0.0,rain,0,0,38.5,17.9,133.1,1020.9,24.4,16.0,287.1,24.7,10,10,2022-07-31T05:54:05,2022-07-31T20:12:03,0.04,Partially cloudy,Partly cloudy throughout the day.,partly-cloudy-day,"KWRI,D8086,KNEL,72408454760,KBLM,72409614706,72409014780",888
83,"Howell, NJ, United States",2022-08-01,23.4,20.7,21.7,23.4,20.7,21.7,20.4,92.4,4.3,100.0,33.33,rain,0,0,23.0,12.3,168.3,1014.7,86.1,12.6,58.4,5.1,2,10,2022-08-01T05:55:00,2022-08-01T20:11:00,0.07,"Rain, Partially cloudy",Partly cloudy throughout the day with a chance of rain throughout the day.,rain,"KWRI,D8086,KNEL,72408454760,KBLM,72409614706,72409014780",888
84,"Howell, NJ, United States",2022-08-02,32.9,20.1,26.5,36.0,20.1,28.0,20.9,74.3,0.06,100.0,4.17,rain,0,0,33.5,20.2,227.5,1010.4,27.3,14.7,232.5,20.1,10,60,2022-08-02T05:55:56,2022-08-02T20:09:55,0.1,"Rain, Partially cloudy",Partly cloudy throughout the day with early morning rain.,rain,"KWRI,D8086,JACN4,KNEL,72408454760,72409614706,KBLM,72409014780",888
85,"Howell, NJ, United States",2022-08-03,32.3,20.6,26.3,32.2,20.6,26.9,19.6,69.0,0.0,0.0,0.0,,0,0,35.3,20.6,229.6,1015.1,5.1,16.0,313.2,26.8,9,30,2022-08-03T05:56:52,2022-08-03T20:08:49,0.14,Clear,Clear conditions throughout the day.,clear-day,"KWRI,D8086,KNEL,72408454760,KBLM,72409614706,72409014780",888
86,"Howell, NJ, United States",2022-08-04,34.2,21.3,28.2,38.1,21.3,30.3,21.4,69.1,0.0,0.0,0.0,rain,0,0,37.1,23.9,205.9,1017.4,6.8,15.9,282.6,24.4,9,100,2022-08-04T05:57:48,2022-08-04T20:07:41,0.2,Clear,Clear conditions throughout the day.,clear-day,"KWRI,D8086,KNEL,72408454760,KBLM,72409614706,72409014780",888
87,"Howell, NJ, United States",2022-08-05,32.3,22.8,25.8,36.9,22.8,26.9,21.8,80.2,7.38,100.0,16.67,rain,0,0,41.4,21.3,249.4,1020.5,16.8,15.5,175.0,15.0,7,75,2022-08-05T05:58:45,2022-08-05T20:06:32,0.25,Rain,Clear conditions throughout the day with late afternoon rain.,rain,"KWRI,D8086,KNEL,72408454760,72409614706,KBLM,72409014780",888
88,"Howell, NJ, United States",2022-08-06,33.4,22.1,27.3,36.3,22.1,29.2,22.4,77.1,0.0,0.0,0.0,,0,0,36.7,23.8,221.2,1022.8,17.4,15.9,267.8,23.3,9,60,2022-08-06T05:59:41,2022-08-06T20:05:22,0.31,Clear,Clear conditions throughout the day.,clear-day,"KWRI,D8086,KNEL,72408454760,KBLM,72409614706,72409014780",888
89,"Howell, NJ, United States",2022-08-07,34.3,24.2,28.8,38.3,24.2,31.1,23.1,74.2,0.0,0.0,0.0,,0,0,38.9,24.2,215.8,1021.3,9.3,16.0,240.3,20.8,9,75,2022-08-07T06:00:38,2022-08-07T20:04:10,0.36,Clear,Clear conditions throughout the day.,clear-day,"KWRI,D8086,KNEL,72408454760,KBLM,72409614706,72409014780",888
90,"Howell, NJ, United States",2022-08-08,34.4,24.3,28.9,41.2,24.3,32.7,24.4,78.3,0.0,0.0,0.0,,0,0,37.4,22.4,210.4,1016.6,17.8,16.0,258.9,22.3,9,75,2022-08-08T06:01:35,2022-08-08T20:02:58,0.41,Clear,Clear conditions throughout the day.,clear-day,"KWRI,D8086,KNEL,72408454760,KBLM,72409614706,72409014780",888
91,"Howell, NJ, United States",2022-08-09,36.8,25.6,30.3,43.1,25.6,34.5,24.6,75.0,0.07,100.0,4.17,rain,0,0,44.6,20.3,238.7,1013.8,21.3,15.5,247.0,21.2,8,75,2022-08-09T06:02:32,2022-08-09T20:01:43,0.45,"Rain, Partially cloudy",Partly cloudy throughout the day with late afternoon rain.,rain,"KWRI,D8086,KNEL,72408454760,KBLM,72409614706,72409014780",888
92,"Howell, NJ, United States",2022-08-10,29.2,23.8,26.2,30.5,23.8,26.8,21.6,77.4,0.22,100.0,4.17,rain,0,0,20.2,15.6,167.6,1016.4,52.8,15.5,193.8,16.7,7,30,2022-08-10T06:03:29,2022-08-10T20:00:28,0.48,"Rain, Partially cloudy",Becoming cloudy in the afternoon with early morning rain.,rain,"KWRI,D8086,KNEL,72408454760,KBLM,72409614706,72409014780",888
93,"Howell, NJ, United States",2022-08-11,29.7,21.7,25.2,31.5,21.7,25.7,21.7,82.9,15.07,100.0,16.67,rain,0,0,38.9,15.5,260.3,1012.7,51.7,14.8,237.5,20.5,10,60,2022-08-11T06:04:27,2022-08-11T19:59:11,0.5,"Rain, Partially cloudy",Partly cloudy throughout the day with rain clearing later.,rain,"KWRI,D8086,KNEL,72408454760,KBLM,72409614706,72409014780",888
94,"Howell, NJ, United States",2022-08-12,28.0,19.2,24.0,27.5,19.2,23.9,14.9,58.8,0.0,0.0,0.0,rain,0,0,37.1,20.9,236.3,1014.9,36.6,16.0,265.1,23.0,10,60,2022-08-12T06:05:24,2022-08-12T19:57:53,0.5,Partially cloudy,Partly cloudy throughout the day.,partly-cloudy-day,"KWRI,D8086,KNEL,72408454760,KBLM,72409614706,72409014780",888
95,"Howell, NJ, United States",2022-08-13,26.3,14.6,21.2,26.3,14.6,21.2,10.8,54.0,0.0,0.0,0.0,,0,0,34.6,17.0,260.5,1018.6,1.0,16.0,300.1,26.0,9,10,2022-08-13T06:06:22,2022-08-13T19:56:34,0.52,Clear,Clear conditions throughout the day.,clear-day,"KWRI,D8086,KNEL,72408454760,KBLM,72409614706,72409014780",888
96,"Howell, NJ, United States",2022-08-14,26.5,15.0,21.1,26.5,15.0,21.1,13.2,63.7,0.0,0.0,0.0,,0,0,25.9,17.6,176.1,1018.0,2.4,16.0,284.9,24.6,10,10,2022-08-14T06:07:19,2022-08-14T19:55:14,0.54,Clear,Clear conditions throughout the day.,clear-day,"KWRI,D8086,KNEL,72408454760,KBLM,72409614706,72409014780",888
97,"Howell, NJ, United States",2022-08-15,25.4,16.1,20.9,25.4,16.1,20.9,15.0,70.8,0.0,0.0,0.0,,0,0,23.4,21.2,79.1,1016.0,9.6,16.0,254.3,22.0,8,10,2022-08-15T06:08:17,2022-08-15T19:53:53,0.58,Clear,Clear conditions throughout the day.,clear-day,"KWRI,D8086,KNEL,72408454760,KBLM,72409614706,72409014780",888
98,"Howell, NJ, United States",2022-08-16,25.4,16.1,21.1,25.4,16.1,21.1,15.6,73.6,0.0,0.0,0.0,,0,0,36.7,25.9,109.4,1016.0,0.0,16.0,287.3,24.7,9,10,2022-08-16T06:09:14,2022-08-16T19:52:31,0.62,Clear,Clear conditions throughout the day.,clear-day,"KWRI,D8086,KNEL,72408454760,KBLM,72409614706,72409014780",888
99,"Howell, NJ, United States",2022-08-17,26.7,16.6,21.8,26.9,16.6,21.8,15.8,70.9,0.0,0.0,0.0,rain,0,0,20.2,15.3,145.2,1015.7,64.6,16.0,181.6,15.7,8,10,2022-08-17T06:10:12,2022-08-17T19:51:07,0.67,Partially cloudy,Partly cloudy throughout the day.,partly-cloudy-day,"KWRI,D8086,KNEL,72408454760,KBLM,72409614706,72409014780",888
100,"Howell, NJ, United States",2022-08-18,29.8,15.7,23.2,28.8,15.7,23.0,14.7,63.3,0.0,0.0,0.0,,0,0,34.9,16.6,242.5,1013.5,14.3,16.0,275.0,23.9,9,30,2022-08-18T06:11:09,2022-08-18T19:49:43,0.72,Clear,Clear conditions throughout the day.,clear-day,"KWRI,D8086,KNEL,72408454760,KBLM,72409614706,72409014780",888
101,"Howell, NJ, United States",2022-08-19,30.7,17.6,24.7,30.4,17.6,24.8,16.5,63.1,0.0,0.0,0.0,,0,0,35.3,18.9,187.6,1017.9,5.1,16.0,267.6,23.2,10,10,2022-08-19T06:12:07,2022-08-19T19:48:18,0.77,Clear,Clear conditions throughout the day.,clear-day,"KWRI,D8086,KNEL,72408454760,KBLM,72409614706,72409014780",888
102,"Howell, NJ, United States",2022-08-20,31.4,20.5,25.4,32.4,20.5,25.9,19.0,70.2,0.0,0.0,0.0,rain,0,0,35.3,20.1,189.1,1021.0,4.8,16.0,284.2,24.6,10,30,2022-08-20T06:13:04,2022-08-20T19:46:52,0.82,Clear,Clear conditions throughout the day.,clear-day,"KWRI,D8086,KNEL,72408454760,KBLM,72409614706,72409014780",888
103,"Howell, NJ, United States",2022-08-21,27.0,18.6,23.1,28.8,18.6,23.2,20.8,87.4,0.0,0.0,0.0,rain,0,0,27.7,16.6,79.5,1019.6,48.9,14.2,215.9,18.7,10,60,2022-08-21T06:14:02,2022-08-21T19:45:25,0.86,Partially cloudy,Partly cloudy throughout the day.,partly-cloudy-day,"KWRI,D8086,KNEL,72408454760,KBLM,72409614706,72409014780",888
104,"Howell, NJ, United States",2022-08-22,27.3,21.9,24.0,29.9,21.9,24.3,22.0,89.3,1.78,100.0,37.5,rain,0,0,29.5,16.0,129.0,1013.0,66.8,15.6,225.8,19.6,10,60,2022-08-22T06:14:59,2022-08-22T19:43:57,0.9,"Rain, Partially cloudy",Partly cloudy throughout the day with a chance of rain throughout the day.,rain,"KWRI,D8086,KNEL,72408454760,KBLM,72409614706,72409014780",888
105,"Howell, NJ, United States",2022-08-23,30.4,18.6,24.3,32.5,18.6,24.8,20.0,79.3,0.0,0.0,0.0,rain,0,0,33.5,19.3,245.4,1010.1,55.4,12.7,187.4,16.2,8,60,2022-08-23T06:15:57,2022-08-23T19:42:28,0.94,Partially cloudy,Partly cloudy throughout the day.,partly-cloudy-day,"KWRI,D8086,KNEL,72408454760,KBLM,72409614706,72409014780",888
106,"Howell, NJ, United States",2022-08-24,32.2,18.9,25.3,31.8,18.9,25.3,18.6,72.1,0.0,0.0,0.0,,0,0,25.9,16.4,253.1,1014.7,4.6,16.0,263.4,23.0,10,60,2022-08-24T06:16:54,2022-08-24T19:40:59,0.97,Clear,Clear conditions throughout the day.,clear-day,"KWRI,D8086,KNEL,72408454760,KBLM,72409614706,72409014780",888
107,"Howell, NJ, United States",2022-08-25,30.8,18.8,24.9,30.7,18.8,25.0,17.3,65.9,0.0,0.0,0.0,,0,0,27.4,17.2,166.3,1017.2,3.3,16.0,276.8,23.9,10,10,2022-08-25T06:17:51,2022-08-25T19:39:28,0.99,Clear,Clear conditions throughout the day.,clear-day,"KWRI,D8086,KNEL,72408454760,KBLM,72409014780",888
108,"Howell, NJ, United States",2022-08-26,31.9,21.2,26.3,34.6,21.2,27.7,21.3,75.8,0.0,0.0,0.0,rain,0,0,37.8,24.0,202.4,1014.1,24.8,16.0,250.2,21.5,10,100,2022-08-26T06:18:49,2022-08-26T19:37:57,1.0,Partially cloudy,Partly cloudy throughout the day.,partly-cloudy-day,"KWRI,D8086,KNEL,72408454760,KBLM,72409014780",888
109,"Howell, NJ, United States",2022-08-27,30.1,21.1,25.5,31.7,21.1,26.0,20.8,77.8,0.0,0.0,0.0,rain,0,0,23.4,18.3,153.3,1015.5,21.3,15.9,252.2,21.8,9,60,2022-08-27T06:19:46,2022-08-27T19:36:25,0.0,Partially cloudy,Partly cloudy throughout the day.,partly-cloudy-day,"KWRI,D8086,JACN4,KNEL,72408454760,KBLM,72409614706,72409014780",888
110,"Howell, NJ, United States",2022-08-28,25.5,23.1,24.0,25.5,23.1,24.0,22.6,92.2,0.0,0.0,0.0,rain,0,0,32.4,20.6,76.6,1020.4,97.8,14.7,104.0,8.8,4,75,2022-08-28T06:20:43,2022-08-28T19:34:53,0.01,Overcast,Cloudy skies throughout the day.,cloudy,"KWRI,D8086,JACN4,KNEL,72408454760,KBLM,72409614706,72409014780",888
111,"Howell, NJ, United States",2022-08-29,29.9,19.6,24.9,33.5,19.6,26.0,22.2,85.6,0.0,0.0,0.0,rain,0,0,30.8,22.6,118.4,1019.5,42.4,12.6,227.8,19.6,8,60,2022-08-29T06:21:40,2022-08-29T19:33:20,0.02,Partially cloudy,Partly cloudy throughout the day.,partly-cloudy-day,"KWRI,D8086,KNEL,72408454760,KBLM,72409614706,72409014780",888
112,"Howell, NJ, United States",2022-08-30,31.2,22.6,26.0,35.7,22.6,27.3,22.8,84.0,0.99,100.0,8.33,rain,0,0,41.8,26.6,201.9,1012.7,53.3,15.5,247.9,21.4,9,60,2022-08-30T06:22:37,2022-08-30T19:31:46,0.05,"Rain, Partially cloudy",Clearing in the afternoon with late afternoon rain.,rain,"KWRI,D8086,KNEL,72408454760,KBLM,72409614706,72409014780",888
113,"Howell, NJ, United States",2022-08-31,29.8,20.1,24.5,29.4,20.1,24.5,17.5,69.4,0.61,100.0,8.33,rain,0,0,36.7,24.4,278.2,1009.6,22.9,15.5,276.5,23.9,10,30,2022-08-31T06:23:34,2022-08-31T19:30:12,0.09,"Rain, Partially cloudy",Becoming cloudy in the afternoon with rain clearing later.,rain,"KWRI,D8086,KNEL,72408454760,KBLM,72409614706,72409014780",888
114,"Howell, NJ, United States",2022-09-01,31.0,16.3,23.4,29.8,16.3,23.1,12.8,55.4,0.0,0.0,0.0,,0,0,35.1,24.1,274.2,1014.1,0.0,16.0,271.8,23.5,8,10,2022-09-01T06:24:31,2022-09-01T19:28:37,0.13,Clear,Clear conditions throughout the day.,clear-day,"KWRI,D8086,KNEL,72408454760,KBLM,72409014780",888
115,"Howell, NJ, United States",2022-09-02,23.9,16.6,20.5,23.9,16.6,20.5,14.4,69.0,0.0,0.0,0.0,,0,0,29.5,18.0,52.2,1023.2,18.6,16.0,274.2,23.9,9,10,2022-09-02T06:25:28,2022-09-02T19:27:01,0.18,Clear,Clear conditions throughout the day.,clear-day,"KWRI,D8086,KNEL,72408454760,KBLM,72409014780",888
116,"Howell, NJ, United States",2022-09-03,25.7,15.6,20.9,25.7,15.6,20.9,17.5,82.3,0.0,0.0,0.0,,0,0,19.4,14.8,66.4,1024.5,10.2,16.0,216.7,18.7,9,10,2022-09-03T06:26:25,2022-09-03T19:25:25,0.24,Clear,Clear conditions throughout the day.,clear-day,"KWRI,D8086,KNEL,72408454760,KBLM,72409014780",888
117,"Howell, NJ, United States",2022-09-04,31.0,19.2,24.5,33.0,19.2,25.2,20.0,77.8,0.0,0.0,0.0,rain,0,0,28.1,17.3,220.3,1020.2,23.1,16.0,231.7,20.1,9,30,2022-09-04T06:27:22,2022-09-04T19:23:49,0.29,Partially cloudy,Partly cloudy throughout the day.,partly-cloudy-day,"KWRI,D8086,KNEL,72408454760,KBLM,72409014780",888
118,"Howell, NJ, United States",2022-09-05,29.0,20.6,24.6,31.3,20.6,25.2,21.0,81.8,0.0,0.0,0.0,rain,0,0,32.8,20.7,195.6,1018.6,25.7,16.0,178.8,15.3,8,30,2022-09-05T06:28:19,2022-09-05T19:22:12,0.35,Partially cloudy,Partly cloudy throughout the day.,partly-cloudy-day,"KWRI,D8086,JACN4,KNEL,72408454760,KBLM,72409014780",888
119,"Howell, NJ, United States",2022-09-06,23.7,20.7,22.0,23.7,20.7,22.0,21.1,94.8,14.99,100.0,50.0,rain,0,0,35.6,14.6,115.5,1015.7,87.6,14.2,32.7,2.8,2,30,2022-09-06T06:29:16,2022-09-06T19:20:35,0.4,"Rain, Partially cloudy",Partly cloudy throughout the day with rain.,rain,"KWRI,D8086,KNEL,72408454760,KBLM,72409614706,72409014780",888
120,"Howell, NJ, United States",2022-09-07,21.2,19.2,20.4,21.2,19.2,20.4,19.2,92.6,3.39,100.0,29.17,rain,0,0,39.6,22.6,35.6,1014.8,99.9,14.0,61.4,5.4,3,10,2022-09-07T06:30:13,2022-09-07T19:18:57,0.44,"Rain, Overcast",Cloudy skies throughout the day with a chance of rain throughout the day.,rain,"KWRI,D8086,KNEL,72408454760,KBLM,72409614706,72409014780",888
121,"Howell, NJ, United States",2022-09-08,24.3,16.7,20.5,24.3,16.7,20.5,16.6,79.6,0.0,0.0,0.0,rain,0,0,40.0,20.0,75.5,1013.2,52.6,16.0,205.6,17.7,9,10,2022-09-08T06:31:09,2022-09-08T19:17:19,0.47,Partially cloudy,Partly cloudy throughout the day.,partly-cloudy-day,"KWRI,D8086,JACN4,KNEL,72408454760,KBLM,72409014780",888
122,"Howell, NJ, United States",2022-09-09,24.3,14.4,19.1,24.3,14.4,19.1,15.3,80.4,0.0,0.0,0.0,,0,0,28.8,19.1,119.3,1017.9,0.9,16.0,248.0,21.6,8,10,2022-09-09T06:32:06,2022-09-09T19:15:41,0.49,Clear,Clear conditions throughout the day.,clear-day,"KWRI,D8086,KNEL,72408454760,KBLM,72409014780",888
123,"Howell, NJ, United States",2022-09-10,27.4,13.0,20.4,27.6,13.0,20.5,15.2,74.1,0.0,0.0,0.0,,0,0,25.6,12.9,150.8,1023.5,1.2,16.0,244.8,21.1,8,10,2022-09-10T06:33:03,2022-09-10T19:14:03,0.5,Clear,Clear conditions throughout the day.,clear-day,"KWRI,D8086,JACN4,KNEL,72408454760,KBLM,72409614706,72409014780",888
124,"Howell, NJ, United States",2022-09-11,25.3,19.3,21.7,25.3,19.3,21.7,20.3,92.4,0.86,100.0,12.5,rain,0,0,34.9,13.5,124.3,1020.0,74.7,14.8,74.7,6.5,4,10,2022-09-11T06:34:00,2022-09-11T19:12:24,0.51,"Rain, Partially cloudy",Partly cloudy throughout the day with rain.,rain,"KWRI,D8086,KNEL,72408454760,KBLM,72409614706,72409014780",888
125,"Howell, NJ, United States",2022-09-12,27.8,22.2,23.8,30.6,22.2,23.9,22.4,91.8,0.07,100.0,8.33,rain,0,0,26.6,13.0,210.5,1010.6,87.0,15.1,122.9,10.5,7,60,2022-09-12T06:34:57,2022-09-12T19:10:45,0.53,"Rain, Partially cloudy",Partly cloudy throughout the day with rain.,rain,"KWRI,D8086,KNEL,72408454760,72409614706,KBLM,72409014780",888
126,"Howell, NJ, United States",2022-09-13,29.3,18.8,24.2,32.0,18.8,24.8,20.7,82.2,0.02,100.0,8.33,rain,0,0,38.5,20.8,213.5,1007.9,58.3,14.6,140.8,12.0,6,60,2022-09-13T06:35:54,2022-09-13T19:09:05,0.56,"Rain, Partially cloudy",Partly cloudy throughout the day with early morning rain.,rain,"KWRI,D8086,JACN4,KNEL,72408454760,KBLM,72409014780",888
127,"Howell, NJ, United States",2022-09-14,27.2,14.1,20.6,27.3,14.1,20.6,14.5,70.7,0.0,0.0,0.0,,0,0,33.5,26.5,274.4,1014.5,1.6,16.0,240.9,20.8,8,10,2022-09-14T06:36:51,2022-09-14T19:07:26,0.6,Clear,Clear conditions throughout the day.,clear-day,"KWRI,D8086,KNEL,72408454760,KBLM,72409014780",888
128,"Howell, NJ, United States",2022-09-15,24.2,12.6,19.3,24.2,12.6,19.3,11.7,66.0,0.0,0.0,0.0,,0,0,38.5,22.3,317.4,1020.4,1.8,16.0,248.0,21.5,8,10,2022-09-15T06:37:48,2022-09-15T19:05:46,0.64,Clear,Clear conditions throughout the day.,clear-day,"KWRI,D8086,KNEL,72408454760,KBLM,72409614706,72409014780",888
129,"Howell, NJ, United States",2022-09-16,25.2,8.8,16.8,25.2,8.5,16.8,9.9,68.4,0.0,0.0,0.0,,0,0,21.2,14.9,261.9,1022.2,0.0,16.0,226.2,19.5,8,10,2022-09-16T06:38:45,2022-09-16T19:04:06,0.69,Clear,Clear conditions throughout the day.,clear-day,"KWRI,D8086,KNEL,72408454760,KBLM,72409614706,72409014780",888
130,"Howell, NJ, United States",2022-09-17,23.8,15.1,20.0,23.8,15.1,20.0,16.0,78.3,0.0,0.0,0.0,,0,0,25.9,16.3,117.7,1023.6,43.5,16.0,199.3,17.2,8,10,2022-09-17T06:39:42,2022-09-17T19:02:26,0.74,Partially cloudy,Partly cloudy throughout the day.,partly-cloudy-day,"KWRI,D8086,KNEL,72408454760,KBLM,72409014780",888
131,"Howell, NJ, United States",2022-09-18,29.3,16.4,22.2,29.3,16.4,22.3,16.8,74.6,0.0,0.0,0.0,,0,0,48.1,18.4,229.7,1018.9,1.8,15.9,220.5,19.0,7,10,2022-09-18T06:40:39,2022-09-18T19:00:46,0.78,Clear,Clear conditions throughout the day.,clear-day,"KWRI,D8086,KNEL,72408454760,KBLM,72409014780",888
132,"Howell, NJ, United States",2022-09-19,31.1,18.6,23.7,31.0,18.6,23.8,18.1,74.6,0.0,0.0,0.0,,0,0,46.8,27.2,248.8,1013.6,30.9,16.0,191.1,16.5,8,30,2022-09-19T06:41:37,2022-09-19T18:59:06,0.83,Partially cloudy,Becoming cloudy in the afternoon.,partly-cloudy-day,"KWRI,D8086,KNEL,72408454760,KBLM,72409014780",888
133,"Howell, NJ, United States",2022-09-20,26.7,17.8,21.7,26.8,17.8,21.7,16.3,74.4,0.0,0.0,0.0,,0,0,33.5,23.3,281.5,1012.5,28.9,15.8,226.4,19.6,9,10,2022-09-20T06:42:34,2022-09-20T18:57:26,0.87,Partially cloudy,Becoming cloudy in the afternoon.,partly-cloudy-day,"KWRI,D8086,KNEL,72408454760,KBLM,72409014780",888
134,"Howell, NJ, United States",2022-09-21,26.7,14.5,20.5,27.1,14.5,20.6,16.0,77.5,0.0,0.0,0.0,,0,0,29.5,14.8,222.9,1013.5,0.9,16.0,211.0,18.3,7,10,2022-09-21T06:43:32,2022-09-21T18:55:47,0.91,Clear,Clear conditions throughout the day.,clear-day,"KWRI,D8086,KNEL,72408454760,KBLM,72409014780",888
135,"Howell, NJ, United States",2022-09-22,28.2,14.2,20.2,30.5,14.2,20.3,17.1,83.1,2.17,100.0,12.5,rain,0,0,48.6,24.8,251.6,1005.1,32.2,15.8,103.7,9.1,6,30,2022-09-22T06:44:29,2022-09-22T18:54:07,0.95,"Rain, Partially cloudy",Becoming cloudy in the afternoon with afternoon rain.,rain,"KWRI,D8086,KNEL,72408454760,KBLM,72409014780",888
136,"Howell, NJ, United States",2022-09-23,18.3,10.0,13.6,18.3,8.0,13.5,4.1,55.1,0.0,0.0,0.0,,0,0,49.3,37.9,309.3,1013.1,1.4,16.0,231.5,20.1,8,10,2022-09-23T06:45:27,2022-09-23T18:52:27,0.97,Clear,Clear conditions throughout the day.,clear-day,"KWRI,D8086,KNEL,72408454760,KBLM,72409014780",888
137,"Howell, NJ, United States",2022-09-24,20.9,5.5,12.6,20.9,3.7,11.9,5.2,63.8,0.0,0.0,0.0,,0,0,45.7,19.8,267.1,1016.2,0.2,16.0,204.8,17.8,8,10,2022-09-24T06:46:25,2022-09-24T18:50:47,0.99,Clear,Clear conditions throughout the day.,clear-day,"KWRI,D8086,KNEL,72408454760,KBLM,72409614706,72409014780",888
138,"Howell, NJ, United States",2022-09-25,24.4,12.0,17.2,24.4,12.0,17.2,13.4,79.7,1.8,100.0,8.33,rain,0,0,60.8,20.8,181.1,1007.8,57.6,15.9,127.4,11.0,6,30,2022-09-25T06:47:23,2022-09-25T18:49:07,1.0,"Rain, Partially cloudy",Partly cloudy throughout the day with rain.,rain,"KWRI,D8086,KNEL,72408454760,KBLM,72409014780",888
139,"Howell, NJ, United States",2022-09-26,24.6,13.1,18.6,24.6,13.1,18.6,13.2,73.3,0.0,0.0,0.0,,0,0,38.9,19.9,226.5,1006.4,40.6,16.0,158.0,13.8,7,10,2022-09-26T06:48:21,2022-09-26T18:47:28,0.0,Partially cloudy,Becoming cloudy in the afternoon.,partly-cloudy-day,"KWRI,D8086,KNEL,72408454760,KBLM,72409014780",888
140,"Howell, NJ, United States",2022-09-27,22.8,13.1,17.3,22.8,13.1,17.3,8.7,59.5,0.0,0.0,0.0,rain,0,0,34.6,25.8,246.2,1011.7,28.5,16.0,205.4,17.7,8,10,2022-09-27T06:49:20,2022-09-27T18:45:49,0.01,Partially cloudy,Partly cloudy throughout the day.,partly-cloudy-day,"KWRI,D8086,KNEL,72408454760,KBLM,72409614706,72409014780",888
141,"Howell, NJ, United States",2022-09-28,21.3,8.6,14.7,21.3,6.9,14.5,9.1,71.4,0.0,0.0,0.0,,0,0,34.9,19.1,283.9,1019.7,19.3,16.0,200.9,17.3,8,10,2022-09-28T06:50:18,2022-09-28T18:44:10,0.04,Clear,Clear conditions throughout the day.,clear-day,"KWRI,D8086,KNEL,72408454760,KBLM,72409014780",888
142,"Howell, NJ, United States",2022-09-29,19.0,11.0,14.9,19.0,11.0,14.9,9.1,70.2,0.0,0.0,0.0,,0,0,40.7,23.5,148.5,1026.6,7.9,16.0,177.0,15.3,8,10,2022-09-29T06:51:17,2022-09-29T18:42:31,0.07,Clear,Clear conditions throughout the day.,clear-day,"KWRI,D8086,KNEL,72408454760,KBLM,72409014780",888
143,"Howell, NJ, United States",2022-09-30,17.0,12.3,14.6,17.0,12.3,14.6,10.2,75.4,0.3,95.2,12.5,rain,0,0,41.4,21.8,58.1,1024.5,48.6,17.9,106.5,9.3,4,10,2022-09-30T06:52:16,2022-09-30T18:40:53,0.12,"Rain, Partially cloudy",Partly cloudy throughout the day with late afternoon rain.,rain,"KWRI,D8086,KNEL,KBLM",888
