,name,datetime,tempmax,tempmin,temp,feelslikemax,feelslikemin,feelslike,dew,humidity,precip,precipprob,precipcover,preciptype,snow,snowdepth,windgust,windspeed,winddir,sealevelpressure,cloudcover,visibility,solarradiation,solarenergy,uvindex,severerisk,sunrise,sunset,moonphase,conditions,description,icon,stations,skey
0,"Churchville, Southampton, PA, United States",2022-05-10,22.9,10.2,16.2,22.9,10.2,16.2,-3.4,26.4,0.0,0.0,0.0,,0,0,48.6,32.7,59.2,1026.2,24.3,16.0,308.0,26.6,10,10,2022-05-10T05:49:18,2022-05-10T20:04:18,0.32,Partially cloudy,Partly cloudy throughout the day.,partly-cloudy-day,"KTTN,72409514792,72408594732,72511354786,D1306,D5182,KPNE,KDYL",899
1,"Churchville, Southampton, PA, United States",2022-05-11,22.8,10.3,16.6,22.8,10.3,16.6,5.8,50.2,0.0,0.0,0.0,,0,0,46.2,30.2,49.8,1024.7,40.8,16.0,179.3,15.7,6,10,2022-05-11T05:48:16,2022-05-11T20:05:16,0.37,Partially cloudy,Partly cloudy throughout the day.,partly-cloudy-day,"KTTN,72409514792,72408594732,72511354786,D5182,KPNE,KDYL",899
2,"Churchville, Southampton, PA, United States",2022-05-12,24.6,12.0,18.1,24.6,12.0,18.1,14.2,78.8,0.0,0.0,0.0,,0,0,35.3,20.1,65.3,1024.9,57.6,16.0,193.3,16.5,9,10,2022-05-12T05:47:15,2022-05-12T20:06:15,0.41,Partially cloudy,Partly cloudy throughout the day.,partly-cloudy-day,"KTTN,72409514792,72408594732,72511354786,D5182,KPNE,KDYL",899
3,"Churchville, Southampton, PA, United States",2022-05-13,22.7,15.0,18.2,22.7,15.0,18.2,17.3,94.9,7.91,100.0,33.33,rain,0,0,23.4,18.1,68.5,1023.6,99.9,11.4,103.1,8.9,8,30,2022-05-13T05:46:16,2022-05-13T20:07:12,0.45,"Rain, Overcast",Cloudy skies throughout the day with rain.,rain,"KTTN,72409514792,72408594732,72511354786,D5182,KPNE,KDYL",899
4,"Churchville, Southampton, PA, United States",2022-05-14,20.2,17.4,18.7,20.2,17.4,18.7,18.3,97.5,5.68,100.0,37.5,rain,0,0,19.1,9.6,86.5,1017.9,86.5,7.8,50.8,4.4,2,10,2022-05-14T05:45:18,2022-05-14T20:08:10,0.48,"Rain, Partially cloudy",Partly cloudy throughout the day with rain.,rain,"KTTN,72409514792,72408594732,72511354786,D5182,KPNE,KDYL",899
5,"Churchville, Southampton, PA, United States",2022-05-15,25.2,17.3,21.1,25.2,17.3,21.1,17.7,82.4,0.0,0.0,0.0,rain,0,0,20.5,13.8,192.0,1011.8,69.4,12.0,133.3,11.6,5,10,2022-05-15T05:44:21,2022-05-15T20:09:07,0.5,Partially cloudy,Partly cloudy throughout the day.,partly-cloudy-day,"KTTN,72409514792,72408594732,72511354786,D1306,D5182,KPNE,KDYL",899
6,"Churchville, Southampton, PA, United States",2022-05-16,25.2,16.6,20.6,25.2,16.6,20.6,17.6,83.5,9.9,100.0,20.83,rain,0,0,55.8,22.1,178.4,1005.6,46.8,14.9,103.3,8.9,5,60,2022-05-16T05:43:27,2022-05-16T20:10:03,0.5,"Rain, Partially cloudy",Partly cloudy throughout the day with rain.,rain,"KTTN,72409514792,72408594732,C1708,72511354786,D5182,KPNE,KDYL",899
7,"Churchville, Southampton, PA, United States",2022-05-17,26.0,11.9,19.4,26.0,11.9,19.4,8.4,54.3,0.0,0.0,0.0,,0,0,55.3,38.3,269.0,1008.8,6.5,16.0,308.8,26.6,10,10,2022-05-17T05:42:34,2022-05-17T20:10:59,0.52,Clear,Clear conditions throughout the day.,clear-day,"KTTN,72409514792,72408594732,72511354786,D5182,KPNE,KDYL",899
8,"Churchville, Southampton, PA, United States",2022-05-18,22.4,11.1,17.2,22.4,11.1,17.2,6.6,51.1,0.0,0.0,0.0,,0,0,37.1,16.6,286.7,1014.4,11.0,16.0,270.8,23.5,9,10,2022-05-18T05:41:42,2022-05-18T20:11:55,0.54,Clear,Clear conditions throughout the day.,clear-day,"KTTN,72409514792,72408594732,72511354786,D5182,KPNE,KDYL",899
9,"Churchville, Southampton, PA, United States",2022-05-19,24.6,12.7,17.3,24.6,12.7,17.3,14.2,83.1,10.93,100.0,29.17,rain,0,0,34.9,14.0,180.7,1008.2,74.3,14.2,88.6,7.5,6,30,2022-05-19T05:40:53,2022-05-19T20:12:50,0.58,"Rain, Partially cloudy",Partly cloudy throughout the day with rain clearing later.,rain,"KTTN,72409514792,72408594732,72511354786,D5182,KPNE,KDYL",899
10,"Churchville, Southampton, PA, United States",2022-05-20,29.2,13.9,19.8,30.0,13.9,19.9,17.5,87.9,12.81,100.0,20.83,rain,0,0,63.3,14.8,72.8,1012.1,35.3,13.1,166.3,14.5,10,10,2022-05-20T05:40:05,2022-05-20T20:13:44,0.63,"Rain, Partially cloudy",Partly cloudy throughout the day with rain.,rain,"KTTN,72409514792,72408594732,72511354786,D5182,KPNE,KDYL",899
11,"Churchville, Southampton, PA, United States",2022-05-21,33.7,18.2,26.0,35.6,18.2,27.1,19.6,72.4,0.0,0.0,0.0,rain,0,0,25.9,16.8,181.2,1015.5,24.8,11.0,270.8,23.4,9,100,2022-05-21T05:39:18,2022-05-21T20:14:37,0.68,Partially cloudy,Partly cloudy throughout the day.,partly-cloudy-day,"KTTN,72409514792,72408594732,72511354786,D5182,KPNE,KDYL",899
12,"Churchville, Southampton, PA, United States",2022-05-22,32.0,22.9,26.5,34.0,22.9,27.3,20.2,69.7,2.34,100.0,12.5,rain,0,0,57.4,20.7,237.0,1016.0,13.8,16.0,226.2,19.4,9,75,2022-05-22T05:38:34,2022-05-22T20:15:30,0.74,Rain,Clear conditions throughout the day with rain.,rain,"KTTN,72409514792,72408594732,72511354786,D1306,D5182,KPNE,KDYL",899
13,"Churchville, Southampton, PA, United States",2022-05-23,23.7,14.9,20.2,23.7,14.9,20.2,10.4,54.9,0.0,0.0,0.0,,0,0,45.7,30.1,208.0,1021.4,31.7,16.0,294.2,25.3,10,10,2022-05-23T05:37:51,2022-05-23T20:16:22,0.79,Partially cloudy,Partly cloudy throughout the day.,partly-cloudy-day,"KTTN,72409514792,72408594732,72511354786,D5182,KPNE,KDYL",899
14,"Churchville, Southampton, PA, United States",2022-05-24,19.8,14.5,17.6,19.8,14.5,17.6,9.8,61.3,0.8,100.0,12.5,rain,0,0,33.5,20.3,94.8,1024.6,94.1,16.0,133.8,11.6,7,10,2022-05-24T05:37:10,2022-05-24T20:17:13,0.85,"Rain, Overcast",Cloudy skies throughout the day with rain clearing later.,rain,"KTTN,72409514792,72408594732,72511354786,D5182,KPNE,KDYL",899
15,"Churchville, Southampton, PA, United States",2022-05-25,22.5,10.9,16.4,22.5,10.9,16.4,9.2,64.7,0.0,0.0,0.0,,0,0,33.5,18.8,82.1,1027.6,35.6,16.0,222.3,19.4,8,10,2022-05-25T05:36:31,2022-05-25T20:18:04,0.89,Partially cloudy,Partly cloudy throughout the day.,partly-cloudy-day,"KTTN,72409514792,72408594732,72511354786,D5182,KPNE,KDYL",899
16,"Churchville, Southampton, PA, United States",2022-05-26,22.5,11.4,17.3,22.5,11.4,17.3,12.6,74.6,0.0,0.0,0.0,,0,0,26.6,14.7,116.5,1024.0,84.3,15.9,139.5,12.0,6,10,2022-05-26T05:35:54,2022-05-26T20:18:53,0.93,Partially cloudy,Partly cloudy throughout the day.,partly-cloudy-day,"KTTN,72409514792,72408594732,72511354786,D5182,KPNE,KDYL",899
17,"Churchville, Southampton, PA, United States",2022-05-27,25.0,18.5,20.4,25.0,18.5,20.4,19.2,93.2,6.18,100.0,16.67,rain,0,0,38.5,15.0,175.5,1013.0,87.2,11.9,62.5,5.5,3,30,2022-05-27T05:35:18,2022-05-27T20:19:42,0.96,"Rain, Partially cloudy",Partly cloudy throughout the day with rain.,rain,"KTTN,72409514792,72408594732,72511354786,D5182,KPNE,KDYL",899
18,"Churchville, Southampton, PA, United States",2022-05-28,25.0,18.7,21.3,25.0,18.7,21.3,17.4,80.1,5.69,100.0,20.83,rain,0,0,35.5,21.9,274.0,1008.0,69.1,15.4,228.2,19.8,10,30,2022-05-28T05:34:45,2022-05-28T20:20:29,0.99,"Rain, Partially cloudy",Partly cloudy throughout the day with rain.,rain,"KTTN,72409514792,72408594732,72511354786,D5182,KPNE,KDYL",899
19,"Churchville, Southampton, PA, United States",2022-05-29,26.5,15.1,21.6,26.5,15.1,21.6,14.2,65.8,0.0,0.0,0.0,,0,0,19.8,10.6,220.8,1016.9,26.0,16.0,267.2,23.0,10,10,2022-05-29T05:34:13,2022-05-29T20:21:16,1.0,Partially cloudy,Partly cloudy throughout the day.,partly-cloudy-day,"KTTN,72409514792,72408594732,72511354786,D5182,E1527,KPNE,KDYL",899
20,"Churchville, Southampton, PA, United States",2022-05-30,31.1,15.7,24.3,32.6,15.7,25.0,18.1,70.5,0.0,0.0,0.0,rain,0,0,31.7,13.9,172.6,1018.7,6.5,15.9,258.6,22.3,9,30,2022-05-30T05:33:43,2022-05-30T20:22:01,0.0,Clear,Clear conditions throughout the day.,clear-day,"KTTN,72409514792,72408594732,72511354786,D5182,KPNE,KDYL",899
21,"Churchville, Southampton, PA, United States",2022-05-31,34.2,22.1,28.5,35.0,22.1,29.2,19.0,59.9,0.0,0.0,0.0,,0,0,33.5,20.0,278.8,1015.1,5.6,16.0,296.8,25.7,9,30,2022-05-31T05:33:15,2022-05-31T20:22:46,0.0,Clear,Clear conditions throughout the day.,clear-day,"KTTN,72409514792,72408594732,72511354786,D5182,E1527,KPNE,KDYL",899
22,"Churchville, Southampton, PA, United States",2022-06-01,27.3,16.7,21.9,28.5,16.7,21.9,17.2,75.8,0.15,100.0,4.17,rain,0,0,28.8,20.5,115.8,1012.8,37.0,15.6,264.0,22.8,8,10,2022-06-01T05:32:49,2022-06-01T20:23:29,0.02,"Rain, Partially cloudy",Clearing in the afternoon with late afternoon rain.,rain,"KTTN,72409514792,72408594732,72511354786,D5182,KPNE,KDYL",899
23,"Churchville, Southampton, PA, United States",2022-06-02,27.8,16.4,21.5,29.1,16.4,21.7,18.2,82.3,12.97,100.0,45.83,rain,0,0,60.8,12.4,186.6,1007.7,68.9,14.7,188.3,16.3,9,30,2022-06-02T05:32:25,2022-06-02T20:24:12,0.04,"Rain, Partially cloudy",Partly cloudy throughout the day with a chance of rain throughout the day.,rain,"KTTN,72409514792,72408594732,72511354786,D5182,KPNE,KDYL",899
24,"Churchville, Southampton, PA, United States",2022-06-03,26.2,18.0,21.8,26.2,18.0,21.8,15.0,68.7,2.23,100.0,8.33,rain,0,0,27.7,15.6,195.9,1007.9,36.8,13.7,205.5,17.8,8,10,2022-06-03T05:32:03,2022-06-03T20:24:53,0.07,"Rain, Partially cloudy",Partly cloudy throughout the day with morning rain.,rain,"KTTN,72409514792,72408594732,72511354786,D5182,KPNE,KDYL",899
25,"Churchville, Southampton, PA, United States",2022-06-04,28.1,14.0,22.0,27.0,14.0,21.7,8.7,47.4,0.0,0.0,0.0,,0,0,38.9,18.7,240.5,1011.5,1.4,16.0,302.7,26.3,10,10,2022-06-04T05:31:42,2022-06-04T20:25:32,0.11,Clear,Clear conditions throughout the day.,clear-day,"KTTN,72409514792,72408594732,72511354786,D1306,D5182,KPNE,KDYL",899
26,"Churchville, Southampton, PA, United States",2022-06-05,25.2,13.2,19.9,25.2,13.2,19.9,4.8,38.3,0.0,0.0,0.0,,0,0,25.6,17.1,89.7,1015.2,0.0,16.0,300.6,26.0,10,10,2022-06-05T05:31:24,2022-06-05T20:26:11,0.14,Clear,Clear conditions throughout the day.,clear-day,"KTTN,72409514792,72408594732,72511354786,D1306,D5182,KPNE,KDYL",899
27,"Churchville, Southampton, PA, United States",2022-06-06,26.6,12.1,20.5,26.6,12.1,20.5,7.2,45.0,0.0,0.0,0.0,,0,0,31.0,13.6,162.7,1017.1,0.0,16.0,313.9,27.1,9,10,2022-06-06T05:31:08,2022-06-06T20:26:48,0.19,Clear,Clear conditions throughout the day.,clear-day,"KTTN,72409514792,72408594732,72511354786,D1306,D5182,KPNE,KDYL",899
28,"Churchville, Southampton, PA, United States",2022-06-07,25.4,15.0,21.0,25.4,15.0,21.0,13.8,64.6,3.36,100.0,12.5,rain,0,0,42.8,21.4,177.7,1015.9,44.6,15.9,181.4,15.7,7,10,2022-06-07T05:30:53,2022-06-07T20:27:24,0.24,"Rain, Partially cloudy",Partly cloudy throughout the day with late afternoon rain.,rain,"KTTN,72409514792,72408594732,72511354786,D5182,KPNE,KDYL",899
29,"Churchville, Southampton, PA, United States",2022-06-08,29.2,19.5,24.5,29.0,19.5,24.4,16.5,64.6,0.24,100.0,4.17,rain,0,0,41.4,19.8,235.8,1011.4,53.8,15.8,292.3,25.2,10,30,2022-06-08T05:30:41,2022-06-08T20:27:58,0.29,"Rain, Partially cloudy",Clearing in the afternoon with early morning rain.,rain,"KTTN,72409514792,72408594732,72511354786,D5182,KPNE,KDYL",899
30,"Churchville, Southampton, PA, United States",2022-06-09,27.0,19.6,23.4,27.8,19.6,23.5,16.0,66.1,13.16,100.0,33.33,rain,0,0,51.8,29.9,234.1,1005.2,56.7,15.1,120.8,10.6,7,30,2022-06-09T05:30:30,2022-06-09T20:28:31,0.35,"Rain, Partially cloudy",Partly cloudy throughout the day with rain clearing later.,rain,"KTTN,72409514792,72408594732,72511354786,D1306,D5182,KPNE,KDYL",899
31,"Churchville, Southampton, PA, United States",2022-06-10,26.0,15.8,21.2,26.0,15.8,21.2,10.3,51.5,0.0,0.0,0.0,,0,0,34.2,18.6,282.7,1011.1,3.8,16.0,312.8,27.0,10,10,2022-06-10T05:30:22,2022-06-10T20:29:02,0.39,Clear,Clear conditions throughout the day.,clear-day,"KTTN,72409514792,72408594732,72511354786,D5182,KPNE,KDYL",899
32,"Churchville, Southampton, PA, United States",2022-06-11,22.0,17.2,20.2,22.0,17.2,20.2,13.0,63.7,2.8,100.0,16.67,rain,0,0,22.3,10.3,154.8,1013.3,42.6,16.0,89.8,7.6,4,10,2022-06-11T05:30:15,2022-06-11T20:29:32,0.44,"Rain, Partially cloudy",Partly cloudy throughout the day with afternoon rain.,rain,"KTTN,72409514792,72408594732,72511354786,D1306,D5182,KPNE,KDYL",899
33,"Churchville, Southampton, PA, United States",2022-06-12,25.0,15.8,19.6,25.0,15.8,19.6,17.0,85.3,7.12,100.0,29.17,rain,0,0,23.8,16.0,87.3,1014.1,79.1,14.2,82.7,7.2,4,60,2022-06-12T05:30:11,2022-06-12T20:30:00,0.47,"Rain, Partially cloudy",Partly cloudy throughout the day with rain.,rain,"KTTN,72409514792,72408594732,D7364,72511354786,E1527,D5182,KPNE,KDYL",899
34,"Churchville, Southampton, PA, United States",2022-06-13,31.2,19.7,25.5,32.4,19.7,26.1,19.2,70.7,0.38,100.0,16.67,rain,0,0,32.4,16.9,237.9,1012.6,24.7,14.5,242.0,20.8,10,60,2022-06-13T05:30:08,2022-06-13T20:30:27,0.49,"Rain, Partially cloudy",Partly cloudy throughout the day with rain.,rain,"KTTN,72409514792,72408594732,72511354786,D1306,D5182,KPNE,KDYL",899
35,"Churchville, Southampton, PA, United States",2022-06-14,28.4,19.6,23.6,27.9,19.6,23.5,13.3,53.5,1.89,100.0,8.33,rain,0,0,27.0,12.4,88.7,1012.9,8.9,16.0,226.6,19.7,8,10,2022-06-14T05:30:07,2022-06-14T20:30:52,0.5,Rain,Clear conditions throughout the day with morning rain.,rain,"KTTN,72409514792,72408594732,72511354786,D1306,D5182,KPNE,KDYL",899
36,"Churchville, Southampton, PA, United States",2022-06-15,29.0,17.4,23.2,28.7,17.4,23.2,14.9,61.9,0.0,0.0,0.0,,0,0,31.8,19.4,154.0,1018.0,9.9,16.0,276.5,24.0,9,10,2022-06-15T05:30:08,2022-06-15T20:31:16,0.51,Clear,Clear conditions throughout the day.,clear-day,"KTTN,72409514792,72408594732,72511354786,D5182,KPNE,KDYL",899
37,"Churchville, Southampton, PA, United States",2022-06-16,24.5,17.6,21.0,24.5,17.6,21.0,16.8,77.2,13.56,100.0,25.0,rain,0,0,33.9,19.3,154.4,1019.2,91.9,15.4,137.1,12.0,7,10,2022-06-16T05:30:11,2022-06-16T20:31:37,0.53,"Rain, Overcast",Cloudy skies throughout the day with morning rain.,rain,"KTTN,72409514792,72408594732,72511354786,D5182,E1527,KPNE,KDYL",899
38,"Churchville, Southampton, PA, United States",2022-06-17,33.1,20.7,26.7,33.8,20.7,26.9,16.9,59.7,0.0,0.0,0.0,rain,0,0,45.6,32.2,240.4,1007.3,47.3,15.7,298.5,25.9,10,75,2022-06-17T05:30:16,2022-06-17T20:31:57,0.57,Partially cloudy,Partly cloudy throughout the day.,partly-cloudy-day,"KTTN,72409514792,72408594732,72511354786,D5182,KPNE,KDYL",899
39,"Churchville, Southampton, PA, United States",2022-06-18,24.3,16.3,20.1,24.3,16.3,20.1,8.7,47.9,0.0,0.0,0.0,,0,0,53.4,32.7,320.3,1007.8,42.4,16.0,151.8,13.0,10,10,2022-06-18T05:30:23,2022-06-18T20:32:15,0.62,Partially cloudy,Partly cloudy throughout the day.,partly-cloudy-day,"KTTN,72409514792,72408594732,72511354786,D5182,KPNE,KDYL",899
40,"Churchville, Southampton, PA, United States",2022-06-19,23.0,13.1,17.9,23.0,13.1,17.9,3.6,39.5,0.0,0.0,0.0,,0,0,49.8,32.2,297.2,1015.4,1.4,16.0,311.2,26.7,10,10,2022-06-19T05:30:31,2022-06-19T20:32:32,0.67,Clear,Clear conditions throughout the day.,clear-day,"KTTN,72409514792,72408594732,72511354786,D1306,D5182,KPNE,KDYL",899
41,"Churchville, Southampton, PA, United States",2022-06-20,26.2,12.1,19.5,26.2,12.1,19.5,5.4,41.4,0.0,0.0,0.0,,0,0,29.2,15.6,294.2,1020.3,0.0,16.0,269.5,22.9,10,10,2022-06-20T05:30:41,2022-06-20T20:32:47,0.72,Clear,Clear conditions throughout the day.,clear-day,"KTTN,72409514792,72408594732,72511354786,D5182,KPNE,KDYL",899
42,"Churchville, Southampton, PA, United States",2022-06-21,26.4,14.3,21.2,26.4,14.3,21.2,11.4,54.5,0.0,0.0,0.0,rain,0,0,22.3,12.1,170.3,1019.6,25.5,16.0,155.6,13.3,7,10,2022-06-21T05:30:54,2022-06-21T20:32:59,0.77,Partially cloudy,Becoming cloudy in the afternoon.,partly-cloudy-day,"KTTN,72409514792,72408594732,72511354786,D1306,D5182,KPNE,KDYL",899
43,"Churchville, Southampton, PA, United States",2022-06-22,22.8,17.6,19.7,22.8,17.6,19.7,16.1,79.8,0.0,0.0,0.0,rain,0,0,29.5,20.0,104.2,1015.5,69.9,15.0,88.0,7.6,5,10,2022-06-22T05:31:08,2022-06-22T20:33:10,0.82,Partially cloudy,Partly cloudy throughout the day.,partly-cloudy-day,"KTTN,72409514792,72408594732,72511354786,D5182,KPNE,KDYL",899
44,"Churchville, Southampton, PA, United States",2022-06-23,22.4,17.2,19.1,22.4,17.2,19.1,16.3,84.3,5.1,100.0,41.67,rain,0,0,39.2,14.3,67.1,1014.5,88.5,15.2,59.2,5.3,4,10,2022-06-23T05:31:23,2022-06-23T20:33:19,0.87,"Rain, Partially cloudy",Partly cloudy throughout the day with a chance of rain throughout the day.,rain,"KTTN,72409514792,72408594732,72511354786,D5182,KPNE,KDYL",899
45,"Churchville, Southampton, PA, United States",2022-06-24,28.2,16.7,22.0,28.8,16.7,22.1,16.6,73.8,0.0,0.0,0.0,rain,0,0,17.6,11.2,183.0,1016.8,53.6,13.8,173.0,15.0,10,30,2022-06-24T05:31:41,2022-06-24T20:33:27,0.91,Partially cloudy,Partly cloudy throughout the day.,partly-cloudy-day,"KTTN,72409514792,72408594732,72511354786,D5182,KPNE,KDYL",899
46,"Churchville, Southampton, PA, United States",2022-06-25,31.7,19.1,26.2,31.7,19.1,26.4,17.3,61.3,0.0,0.0,0.0,,0,0,21.2,13.8,260.6,1019.0,5.6,16.0,261.1,22.6,10,60,2022-06-25T05:32:00,2022-06-25T20:33:32,0.95,Clear,Clear conditions throughout the day.,clear-day,"KTTN,72409514792,72408594732,72511354786,D1306,D5182,KPNE,KDYL",899
47,"Churchville, Southampton, PA, United States",2022-06-26,31.3,21.3,26.6,31.3,21.3,26.7,17.1,58.0,0.0,0.0,0.0,rain,0,0,34.2,19.6,215.0,1018.3,9.8,16.0,290.8,25.2,10,10,2022-06-26T05:32:21,2022-06-26T20:33:35,0.97,Clear,Clear conditions throughout the day.,clear-day,"KTTN,72409514792,72408594732,72511354786,D1306,D5182,KPNE,KDYL",899
48,"Churchville, Southampton, PA, United States",2022-06-27,25.8,20.0,23.6,25.8,20.0,23.6,19.5,78.0,5.87,100.0,20.83,rain,0,0,48.2,17.4,175.6,1014.7,76.2,15.6,62.0,5.3,2,30,2022-06-27T05:32:43,2022-06-27T20:33:37,0.99,"Rain, Partially cloudy",Partly cloudy throughout the day with rain.,rain,"KTTN,72409514792,72408594732,72511354786,D1306,D5182,KPNE,KDYL",899
49,"Churchville, Southampton, PA, United States",2022-06-28,26.4,18.0,22.2,26.4,18.0,22.2,12.1,55.2,0.0,0.0,0.0,rain,0,0,35.3,21.0,230.2,1020.4,26.3,15.8,278.8,23.8,10,10,2022-06-28T05:33:07,2022-06-28T20:33:36,1.0,Partially cloudy,Partly cloudy throughout the day.,partly-cloudy-day,"KTTN,72409514792,72408594732,72511354786,D5182,KPNE,KDYL",899
50,"Churchville, Southampton, PA, United States",2022-06-29,29.3,15.5,23.4,28.6,15.5,23.2,13.7,57.7,0.0,0.0,0.0,,0,0,31.7,15.7,161.8,1022.7,13.0,16.0,314.3,27.0,10,30,2022-06-29T05:33:33,2022-06-29T20:33:34,0.0,Clear,Clear conditions throughout the day.,clear-day,"KTTN,72409514792,72408594732,72511354786,D5182,KPNE,KDYL",899
51,"Churchville, Southampton, PA, United States",2022-06-30,31.2,18.6,25.8,30.4,18.6,25.5,14.9,54.1,0.0,0.0,0.0,,0,0,25.9,13.3,245.4,1021.7,6.0,16.0,256.4,22.0,10,10,2022-06-30T05:34:00,2022-06-30T20:33:29,0.01,Clear,Clear conditions throughout the day.,clear-day,"KTTN,72409514792,72408594732,72511354786,D5182,KPNE,KDYL",899
52,"Churchville, Southampton, PA, United States",2022-07-01,32.7,21.1,27.1,34.9,21.1,28.4,19.7,65.9,0.0,0.0,0.0,rain,0,0,38.0,17.5,197.2,1017.1,14.7,15.7,258.3,22.3,10,100,2022-07-01T05:34:28,2022-07-01T20:33:23,0.03,Clear,Clear conditions throughout the day.,clear-day,"KTTN,72409514792,72408594732,72511354786,D5182,KPNE,KDYL",899
53,"Churchville, Southampton, PA, United States",2022-07-02,32.5,25.0,28.0,34.8,25.0,29.1,20.6,65.4,0.0,0.0,0.0,,0,0,49.0,16.6,239.0,1013.1,31.0,16.0,189.1,16.4,9,75,2022-07-02T05:34:59,2022-07-02T20:33:14,0.05,Partially cloudy,Partly cloudy throughout the day.,partly-cloudy-day,"KTTN,72409514792,72408594732,72511354786,D1306,D5182,KPNE,KDYL",899
54,"Churchville, Southampton, PA, United States",2022-07-03,30.9,23.0,26.4,30.0,23.0,26.1,15.3,54.4,0.46,100.0,8.33,rain,0,0,32.8,18.1,213.8,1015.9,29.1,16.0,236.5,20.4,9,30,2022-07-03T05:35:30,2022-07-03T20:33:04,0.08,"Rain, Partially cloudy",Partly cloudy throughout the day with morning rain.,rain,"KTTN,72409514792,72408594732,72511354786,D1306,D5182,KPNE,KDYL",899
55,"Churchville, Southampton, PA, United States",2022-07-04,29.9,16.9,24.4,28.5,16.9,24.0,10.0,41.6,0.0,0.0,0.0,,0,0,20.2,12.4,183.3,1020.5,1.2,16.0,316.5,27.3,9,10,2022-07-04T05:36:03,2022-07-04T20:32:51,0.12,Clear,Clear conditions throughout the day.,clear-day,"KTTN,72409514792,72408594732,72511354786,D1306,D5182,KPNE,KDYL",899
56,"Churchville, Southampton, PA, United States",2022-07-05,29.9,21.0,25.0,30.4,21.0,25.3,17.3,63.3,2.34,100.0,4.17,rain,0,0,48.8,21.1,200.5,1016.0,41.3,16.0,171.2,14.8,9,10,2022-07-05T05:36:37,2022-07-05T20:32:37,0.17,"Rain, Partially cloudy",Becoming cloudy in the afternoon with late afternoon rain.,rain,"KTTN,72409514792,72408594732,72511354786,D5182,KPNE,KDYL",899
57,"Churchville, Southampton, PA, United States",2022-07-06,30.4,23.5,27.0,32.8,23.5,27.7,19.8,66.7,0.0,0.0,0.0,rain,0,0,34.6,19.9,181.3,1011.0,45.7,15.9,192.3,16.6,10,30,2022-07-06T05:37:13,2022-07-06T20:32:20,0.22,Partially cloudy,Partly cloudy throughout the day.,partly-cloudy-day,"KTTN,72409514792,72408594732,72511354786,D5182,KPNE,KDYL",899
58,"Churchville, Southampton, PA, United States",2022-07-07,26.9,21.3,24.1,28.2,21.3,24.1,18.9,73.1,1.48,100.0,16.67,rain,0,0,33.8,14.3,72.8,1014.7,87.7,16.0,106.2,9.1,5,10,2022-07-07T05:37:50,2022-07-07T20:32:02,0.27,"Rain, Partially cloudy",Partly cloudy throughout the day with rain clearing later.,rain,"KTTN,72409514792,72408594732,72511354786,D1306,E1527,D5182,KPNE,KDYL",899
59,"Churchville, Southampton, PA, United States",2022-07-08,30.4,17.8,24.4,32.5,17.8,25.1,18.9,73.2,8.23,100.0,8.33,rain,0,0,33.5,17.3,146.4,1015.6,34.3,15.7,133.4,11.6,4,30,2022-07-08T05:38:28,2022-07-08T20:31:42,0.33,"Rain, Partially cloudy",Partly cloudy throughout the day with late afternoon rain.,rain,"KTTN,72409514792,72408594732,72511354786,D1306,D5182,KPNE,KDYL",899
60,"Churchville, Southampton, PA, United States",2022-07-09,25.4,20.3,22.8,25.4,20.3,22.8,18.4,76.9,3.27,100.0,20.83,rain,0,0,29.5,12.0,138.2,1016.5,52.5,15.6,93.2,8.1,3,10,2022-07-09T05:39:07,2022-07-09T20:31:19,0.38,"Rain, Partially cloudy",Partly cloudy throughout the day with rain clearing later.,rain,"KTTN,72409514792,72408594732,72511354786,D1306,D5182,KPNE,KDYL",899
61,"Churchville, Southampton, PA, United States",2022-07-10,28.6,18.0,22.9,28.2,18.0,22.9,15.4,64.8,0.0,0.0,0.0,,0,0,23.4,14.0,85.6,1017.3,18.5,16.0,273.3,23.7,10,10,2022-07-10T05:39:47,2022-07-10T20:30:55,0.42,Clear,Clear conditions throughout the day.,clear-day,"KTTN,72409514792,72408594732,72511354786,D5182,KPNE,KDYL",899
62,"Churchville, Southampton, PA, United States",2022-07-11,28.9,16.3,23.3,28.2,16.3,23.2,13.8,59.0,0.0,0.0,0.0,,0,0,29.5,15.7,179.0,1014.1,5.8,16.0,298.3,25.7,9,10,2022-07-11T05:40:29,2022-07-11T20:30:29,0.46,Clear,Clear conditions throughout the day.,clear-day,"KTTN,72409514792,72408594732,72511354786,D1306,D5182,KPNE,KDYL",899
63,"Churchville, Southampton, PA, United States",2022-07-12,33.0,20.5,26.3,35.6,20.5,27.1,18.7,65.0,0.0,0.0,0.0,rain,0,0,44.6,23.1,217.0,1008.6,20.6,16.0,290.8,25.0,9,60,2022-07-12T05:41:11,2022-07-12T20:30:00,0.49,Partially cloudy,Partly cloudy throughout the day.,partly-cloudy-day,"KTTN,72409514792,72408594732,72511354786,D5182,KPNE,KDYL",899
64,"Churchville, Southampton, PA, United States",2022-07-13,32.3,21.8,27.4,32.0,21.8,27.4,17.0,55.6,0.0,0.0,0.0,,0,0,37.4,16.9,244.6,1011.4,10.9,15.8,242.0,20.9,10,30,2022-07-13T05:41:55,2022-07-13T20:29:30,0.5,Clear,Clear conditions throughout the day.,clear-day,"KTTN,72409514792,72408594732,72511354786,D1306,D5182,KPNE,KDYL",899
65,"Churchville, Southampton, PA, United States",2022-07-14,32.2,22.4,27.3,32.3,22.4,27.3,16.4,53.4,0.0,0.0,0.0,rain,0,0,22.7,15.2,288.3,1014.4,22.7,16.0,271.7,23.6,9,30,2022-07-14T05:42:40,2022-07-14T20:28:58,0.51,Partially cloudy,Partly cloudy throughout the day.,partly-cloudy-day,"KTTN,72409514792,72408594732,72511354786,D1306,D5182,KPNE,KDYL",899
66,"Churchville, Southampton, PA, United States",2022-07-15,30.2,20.0,24.7,29.7,20.0,24.6,15.2,57.1,2.17,100.0,8.33,rain,0,0,28.4,22.1,86.1,1019.5,37.0,16.0,239.3,20.7,9,10,2022-07-15T05:43:25,2022-07-15T20:28:24,0.53,"Rain, Partially cloudy",Becoming cloudy in the afternoon with late afternoon rain.,rain,"KTTN,72409514792,72408594732,72511354786,D5182,KPNE,KDYL",899
67,"Churchville, Southampton, PA, United States",2022-07-16,30.5,22.2,25.5,30.7,22.2,25.8,19.0,70.0,0.24,100.0,8.33,rain,0,0,24.1,16.4,131.6,1018.5,69.7,15.7,238.2,20.4,9,30,2022-07-16T05:44:12,2022-07-16T20:27:48,0.55,"Rain, Partially cloudy",Clearing in the afternoon with late afternoon rain.,rain,"KTTN,72409514792,72408594732,72511354786,D5182,KPNE,KDYL",899
68,"Churchville, Southampton, PA, United States",2022-07-17,30.1,21.5,25.7,31.4,21.5,26.5,19.8,71.6,3.98,100.0,16.67,rain,0,0,27.4,12.7,137.1,1016.4,64.8,15.2,171.0,14.8,9,60,2022-07-17T05:44:59,2022-07-17T20:27:10,0.6,"Rain, Partially cloudy",Partly cloudy throughout the day with early morning rain.,rain,"KTTN,72409514792,72408594732,72511354786,E1527,D5182,KPNE,KDYL",899
69,"Churchville, Southampton, PA, United States",2022-07-18,32.7,23.9,27.7,36.2,23.9,29.3,22.0,72.5,3.23,100.0,20.83,rain,0,0,48.5,30.5,183.2,1011.8,54.3,16.0,173.5,14.9,7,100,2022-07-18T05:45:47,2022-07-18T20:26:30,0.65,"Rain, Partially cloudy",Partly cloudy throughout the day with late afternoon rain.,rain,"KTTN,72409514792,72408594732,72511354786,D5182,KPNE,KDYL",899
70,"Churchville, Southampton, PA, United States",2022-07-19,33.6,23.4,28.2,34.3,23.4,28.7,18.7,59.0,0.0,0.0,0.0,,0,0,36.4,18.8,269.7,1009.2,10.3,16.0,250.9,21.5,10,10,2022-07-19T05:46:36,2022-07-19T20:25:49,0.7,Clear,Clear conditions throughout the day.,clear-day,"KTTN,72409514792,72408594732,72511354786,D1306,D5182,KPNE,KDYL",899
71,"Churchville, Southampton, PA, United States",2022-07-20,35.2,22.8,29.6,36.4,22.8,30.6,18.6,53.4,0.0,0.0,0.0,,0,0,29.5,16.1,226.8,1008.2,10.4,16.0,283.0,24.4,10,30,2022-07-20T05:47:25,2022-07-20T20:25:06,0.75,Clear,Clear conditions throughout the day.,clear-day,"KTTN,72409514792,72408594732,72511354786,D1306,D5182,KPNE,KDYL",899
72,"Churchville, Southampton, PA, United States",2022-07-21,35.8,25.3,30.5,38.8,25.3,32.3,20.6,58.2,1.31,100.0,8.33,rain,0,0,38.0,22.9,224.1,1005.2,11.1,16.0,303.3,26.1,10,75,2022-07-21T05:48:16,2022-07-21T20:24:21,0.8,Rain,Clear conditions throughout the day with afternoon rain.,rain,"KTTN,72409514792,72408594732,72511354786,D1306,D5182,KPNE,KDYL",899
73,"Churchville, Southampton, PA, United States",2022-07-22,36.1,24.4,30.5,35.6,24.4,30.7,17.3,48.6,0.0,0.0,0.0,,0,0,33.5,20.6,267.8,1011.3,4.6,16.0,280.1,24.1,10,30,2022-07-22T05:49:07,2022-07-22T20:23:34,0.85,Clear,Clear conditions throughout the day.,clear-day,"KTTN,72409514792,72408594732,72511354786,D1306,D5182,E1527,KPNE,KDYL",899
74,"Churchville, Southampton, PA, United States",2022-07-23,36.3,24.7,30.9,36.0,24.7,31.5,18.0,49.0,0.0,0.0,0.0,,0,0,29.5,14.6,269.7,1015.6,0.3,16.0,293.6,25.4,9,60,2022-07-23T05:49:58,2022-07-23T20:22:45,0.89,Clear,Clear conditions throughout the day.,clear-day,"KTTN,72409514792,72408594732,72511354786,D5182,E1527,KPNE,KDYL",899
75,"Churchville, Southampton, PA, United States",2022-07-24,36.3,24.4,30.9,36.9,24.4,31.7,18.2,49.9,0.0,0.0,0.0,,0,0,42.5,23.6,238.0,1015.6,0.8,16.0,268.2,23.3,8,75,2022-07-24T05:50:50,2022-07-24T20:21:55,0.93,Clear,Clear conditions throughout the day.,clear-day,"KTTN,72409514792,72408594732,72511354786,D5182,E1527,KPNE,KDYL",899
76,"Churchville, Southampton, PA, United States",2022-07-25,31.9,27.4,29.5,35.3,30.1,32.8,22.3,65.7,5.74,100.0,8.33,rain,0,0,46.8,21.5,226.1,1012.1,16.5,15.9,144.5,12.4,8,75,2022-07-25T05:51:43,2022-07-25T20:21:03,0.96,Rain,Clear conditions throughout the day with afternoon rain.,rain,"KTTN,72409514792,72408594732,72511354786,D1306,D5182,KPNE,KDYL",899
77,"Churchville, Southampton, PA, United States",2022-07-26,26.9,22.0,24.7,29.3,22.0,24.9,15.7,58.1,0.0,0.0,0.0,,0,0,44.6,14.4,230.2,1015.5,10.7,16.0,117.2,10.1,5,60,2022-07-26T05:52:36,2022-07-26T20:20:09,0.98,Clear,Clear conditions throughout the day.,clear-day,"KTTN,72409514792,72408594732,72511354786,D5182,KPNE,KDYL",899
78,"Churchville, Southampton, PA, United States",2022-07-27,30.5,21.4,26.1,31.2,21.4,26.5,17.5,60.7,0.18,100.0,8.33,rain,0,0,22.3,16.0,168.3,1013.7,63.7,16.0,235.0,20.4,9,30,2022-07-27T05:53:30,2022-07-27T20:19:13,1.0,"Rain, Partially cloudy",Partly cloudy throughout the day with early morning rain.,rain,"KTTN,72409514792,72408594732,72511354786,D5182,KPNE,KDYL",899
79,"Churchville, Southampton, PA, United States",2022-07-28,33.1,23.1,27.3,36.0,23.1,28.4,21.6,73.4,9.71,100.0,33.33,rain,0,0,37.1,17.6,228.8,1010.7,59.1,14.5,168.8,14.5,8,30,2022-07-28T05:54:24,2022-07-28T20:18:16,1.0,"Rain, Partially cloudy",Partly cloudy throughout the day with rain.,rain,"KTTN,72409514792,72408594732,72511354786,D1306,D5182,KPNE,KDYL",899
80,"Churchville, Southampton, PA, United States",2022-07-29,29.9,22.7,25.5,31.2,22.7,26.0,20.1,73.5,0.63,100.0,4.17,rain,0,0,27.0,16.0,270.8,1012.8,41.0,15.9,79.4,6.8,3,30,2022-07-29T05:55:18,2022-07-29T20:17:18,0.0,"Rain, Partially cloudy",Becoming cloudy in the afternoon with late afternoon rain.,rain,"KTTN,72409514792,72408594732,72511354786,D5182,E1527,KPNE,KDYL",899
81,"Churchville, Southampton, PA, United States",2022-07-30,31.5,21.6,26.7,30.5,21.6,26.4,15.4,53.1,0.0,0.0,0.0,,0,0,35.2,21.6,308.4,1016.9,31.6,16.0,307.0,26.3,10,10,2022-07-30T05:56:13,2022-07-30T20:16:17,0.01,Partially cloudy,Partly cloudy throughout the day.,partly-cloudy-day,"KTTN,72409514792,72408594732,72511354786,D5182,KPNE,KDYL",899
82,"Churchville, Southampton, PA, United States",2022-07-31,31.3,19.5,25.4,30.5,19.5,25.3,15.6,56.6,1.95,100.0,8.33,rain,0,0,29.5,11.3,184.9,1020.5,34.6,16.0,213.3,18.4,9,10,2022-07-31T05:57:09,2022-07-31T20:15:16,0.04,"Rain, Partially cloudy",Partly cloudy throughout the day with late afternoon rain.,rain,"KTTN,72409514792,72408594732,72511354786,D5182,KPNE,KDYL",899
83,"Churchville, Southampton, PA, United States",2022-08-01,25.7,19.4,21.9,25.7,19.4,21.9,18.9,83.6,6.42,100.0,37.5,rain,0,0,18.4,13.0,176.5,1014.6,81.7,14.6,66.2,5.8,3,10,2022-08-01T05:58:04,2022-08-01T20:14:12,0.07,"Rain, Partially cloudy",Partly cloudy throughout the day with rain clearing later.,rain,"KTTN,72409514792,72408594732,72511354786,D5182,KPNE,KDYL",899
84,"Churchville, Southampton, PA, United States",2022-08-02,33.3,20.7,26.9,34.3,20.7,27.7,19.1,65.3,0.57,100.0,4.17,rain,0,0,33.0,20.6,236.3,1010.4,14.2,15.8,233.8,20.3,10,60,2022-08-02T05:59:00,2022-08-02T20:13:08,0.1,Rain,Clear conditions throughout the day with early morning rain.,rain,"KTTN,72409514792,72408594732,72511354786,D5182,KPNE,KDYL",899
85,"Churchville, Southampton, PA, United States",2022-08-03,32.4,21.2,27.3,32.2,21.2,27.2,15.8,51.2,0.0,0.0,0.0,,0,0,27.7,15.0,274.2,1015.1,0.7,16.0,306.0,26.5,9,10,2022-08-03T05:59:56,2022-08-03T20:12:01,0.14,Clear,Clear conditions throughout the day.,clear-day,"KTTN,72409514792,72408594732,72511354786,D5182,KPNE,KDYL",899
86,"Churchville, Southampton, PA, United States",2022-08-04,35.5,21.8,28.8,38.9,21.8,30.5,20.1,61.1,2.15,100.0,4.17,rain,0,0,33.5,20.9,180.7,1017.2,19.5,16.0,279.5,24.2,9,60,2022-08-04T06:00:52,2022-08-04T20:10:54,0.2,Rain,Clear conditions throughout the day with late afternoon rain.,rain,"KTTN,72409514792,72408594732,72511354786,D5182,KPNE,KDYL",899
87,"Churchville, Southampton, PA, United States",2022-08-05,32.3,22.7,27.0,34.0,22.7,28.1,20.6,69.6,4.55,100.0,20.83,rain,0,0,55.4,18.0,244.8,1020.3,20.7,15.6,183.3,15.9,8,60,2022-08-05T06:01:49,2022-08-05T20:09:45,0.25,"Rain, Partially cloudy",Partly cloudy throughout the day with rain.,rain,"KTTN,72409514792,72408594732,72511354786,D5182,KPNE,KDYL",899
88,"Churchville, Southampton, PA, United States",2022-08-06,31.9,22.5,27.3,35.0,22.5,28.9,21.4,72.3,3.96,100.0,12.5,rain,0,0,35.3,21.5,223.6,1022.5,30.2,15.7,257.0,22.4,9,60,2022-08-06T06:02:46,2022-08-06T20:08:34,0.31,"Rain, Partially cloudy",Partly cloudy throughout the day with early morning rain.,rain,"KTTN,72409514792,72408594732,72511354786,D5182,KPNE,KDYL",899
89,"Churchville, Southampton, PA, United States",2022-08-07,33.3,25.3,29.4,36.3,25.3,31.5,21.8,65.5,1.3,100.0,4.17,rain,0,0,40.7,26.8,217.9,1020.9,33.2,16.0,203.6,17.6,10,75,2022-08-07T06:03:43,2022-08-07T20:07:23,0.36,"Rain, Partially cloudy",Partly cloudy throughout the day with afternoon rain.,rain,"KTTN,72409514792,72408594732,72511354786,D5182,KPNE,KDYL",899
90,"Churchville, Southampton, PA, United States",2022-08-08,33.8,26.0,29.9,37.6,26.0,32.7,22.5,66.3,0.44,100.0,4.17,rain,0,0,39.9,37.9,223.0,1016.2,29.9,16.0,228.5,19.7,10,75,2022-08-08T06:04:40,2022-08-08T20:06:10,0.41,"Rain, Partially cloudy",Partly cloudy throughout the day with afternoon rain.,rain,"KTTN,72409514792,72408594732,72511354786,D5182,KPNE,KDYL",899
91,"Churchville, Southampton, PA, United States",2022-08-09,36.6,26.4,30.3,41.0,26.4,33.9,22.8,66.1,3.0,100.0,8.33,rain,0,0,55.4,22.8,250.8,1013.7,22.8,15.9,222.0,19.1,9,100,2022-08-09T06:05:37,2022-08-09T20:04:55,0.45,"Rain, Partially cloudy",Partly cloudy throughout the day with late afternoon rain.,rain,"KTTN,72409514792,72408594732,72511354786,D5182,KPNE,KDYL",899
92,"Churchville, Southampton, PA, United States",2022-08-10,32.0,24.1,28.0,33.6,24.1,28.9,20.0,63.2,0.0,0.0,0.0,rain,0,0,27.0,13.6,213.0,1016.2,51.7,16.0,180.0,15.5,8,60,2022-08-10T06:06:34,2022-08-10T20:03:40,0.48,Partially cloudy,Partly cloudy throughout the day.,partly-cloudy-day,"KTTN,72409514792,72408594732,72511354786,D5182,KPNE,KDYL",899
93,"Churchville, Southampton, PA, United States",2022-08-11,31.7,22.3,27.1,31.3,22.3,27.0,18.1,61.5,4.52,100.0,25.0,rain,0,0,38.9,16.1,255.4,1012.6,44.7,15.6,239.3,20.6,9,10,2022-08-11T06:07:32,2022-08-11T20:02:23,0.5,"Rain, Partially cloudy",Clearing in the afternoon with a chance of rain throughout the day.,rain,"KTTN,72409514792,72408594732,72511354786,D5182,KPNE,KDYL",899
94,"Churchville, Southampton, PA, United States",2022-08-12,29.9,21.1,25.3,28.3,21.1,24.9,10.3,40.8,0.07,100.0,4.17,rain,0,0,43.9,20.7,181.1,1015.2,27.7,16.0,222.2,19.2,10,10,2022-08-12T06:08:29,2022-08-12T20:01:05,0.5,"Rain, Partially cloudy",Partly cloudy throughout the day with early morning rain.,rain,"KTTN,72409514792,72408594732,72511354786,D5182,KPNE,KDYL",899
95,"Churchville, Southampton, PA, United States",2022-08-13,28.0,16.4,22.3,27.1,16.4,22.1,8.4,42.6,0.0,0.0,0.0,,0,0,37.8,22.8,135.6,1018.7,0.7,16.0,282.5,24.3,9,10,2022-08-13T06:09:27,2022-08-13T19:59:46,0.52,Clear,Clear conditions throughout the day.,clear-day,"KTTN,72409514792,72408594732,72511354786,D5182,KPNE,KDYL",899
96,"Churchville, Southampton, PA, United States",2022-08-14,28.4,17.5,22.9,27.7,17.5,22.7,12.0,53.1,0.0,0.0,0.0,rain,0,0,27.7,16.7,133.7,1017.3,9.2,16.0,208.2,18.0,9,10,2022-08-14T06:10:24,2022-08-14T19:58:26,0.54,Clear,Clear conditions throughout the day.,clear-day,"KTTN,72409514792,72408594732,72511354786,D5182,KPNE,KDYL",899
97,"Churchville, Southampton, PA, United States",2022-08-15,28.3,17.2,22.7,27.8,17.2,22.6,12.5,55.1,0.0,0.0,0.0,,0,0,34.4,20.9,113.9,1015.3,8.7,16.0,245.0,21.1,9,10,2022-08-15T06:11:22,2022-08-15T19:57:04,0.58,Clear,Clear conditions throughout the day.,clear-day,"KTTN,72409514792,72408594732,72511354786,D1306,D5182,KPNE,KDYL",899
98,"Churchville, Southampton, PA, United States",2022-08-16,28.6,16.3,22.4,27.8,16.3,22.3,12.3,55.8,0.0,0.0,0.0,,0,0,40.5,22.0,118.1,1015.7,4.6,16.0,251.5,21.8,9,10,2022-08-16T06:12:19,2022-08-16T19:55:42,0.62,Clear,Clear conditions throughout the day.,clear-day,"KTTN,72409514792,72408594732,72511354786,D5182,KPNE,KDYL",899
99,"Churchville, Southampton, PA, United States",2022-08-17,27.5,18.2,23.1,27.0,18.2,23.0,13.2,56.5,0.0,0.0,0.0,,0,0,28.8,12.9,127.3,1015.5,53.6,16.0,203.0,17.4,9,10,2022-08-17T06:13:17,2022-08-17T19:54:19,0.67,Partially cloudy,Becoming cloudy in the afternoon.,partly-cloudy-day,"KTTN,72409514792,72408594732,72511354786,D5182,KPNE,KDYL",899
100,"Churchville, Southampton, PA, United States",2022-08-18,30.2,16.3,23.6,29.0,16.3,23.3,12.5,52.9,0.0,0.0,0.0,,0,0,31.7,17.7,295.5,1013.5,5.5,16.0,251.5,21.6,9,10,2022-08-18T06:14:15,2022-08-18T19:52:54,0.72,Clear,Clear conditions throughout the day.,clear-day,"KTTN,72409514792,72408594732,72511354786,D5182,KPNE,KDYL",899
101,"Churchville, Southampton, PA, United States",2022-08-19,32.7,17.5,25.6,31.5,17.5,25.2,14.0,52.3,0.0,0.0,0.0,,0,0,29.5,16.1,157.7,1017.3,11.5,16.0,191.3,16.5,9,10,2022-08-19T06:15:12,2022-08-19T19:51:29,0.77,Clear,Clear conditions throughout the day.,clear-day,"KTTN,72409514792,72408594732,72511354786,D5182,KDYL,KPNE",899
102,"Churchville, Southampton, PA, United States",2022-08-20,32.9,22.2,27.2,32.2,22.2,27.2,16.7,55.4,0.0,0.0,0.0,rain,0,0,27.7,17.8,178.7,1020.3,15.5,16.0,219.5,19.1,9,30,2022-08-20T06:16:10,2022-08-20T19:50:03,0.82,Clear,Clear conditions throughout the day.,clear-day,"KTTN,72409514792,72408594732,72511354786,D5182,KPNE,KDYL",899
103,"Churchville, Southampton, PA, United States",2022-08-21,29.6,20.6,24.7,30.5,20.6,24.9,18.7,70.9,1.31,100.0,4.17,rain,0,0,31.7,14.4,108.8,1018.8,35.1,16.0,150.4,13.0,9,60,2022-08-21T06:17:07,2022-08-21T19:48:36,0.86,"Rain, Partially cloudy",Partly cloudy throughout the day with late afternoon rain.,rain,"KTTN,72409514792,72408594732,72511354786,D5182,KPNE,KDYL",899
104,"Churchville, Southampton, PA, United States",2022-08-22,28.8,21.3,24.3,31.0,21.3,24.8,21.1,83.3,18.67,100.0,66.67,rain,0,0,33.1,15.8,125.9,1012.5,84.8,15.2,143.2,12.3,10,75,2022-08-22T06:18:05,2022-08-22T19:47:08,0.9,"Rain, Partially cloudy",Partly cloudy throughout the day with a chance of rain throughout the day.,rain,"KTTN,72409514792,72408594732,72511354786,D5182,KPNE,KDYL",899
105,"Churchville, Southampton, PA, United States",2022-08-23,29.6,19.4,24.4,30.5,19.4,24.6,18.6,72.5,0.0,0.0,0.0,,0,0,31.7,19.8,249.3,1010.3,42.8,13.9,183.2,15.9,8,60,2022-08-23T06:19:02,2022-08-23T19:45:39,0.94,Partially cloudy,Partly cloudy throughout the day.,partly-cloudy-day,"KTTN,72409514792,72408594732,72511354786,D5182,KPNE,KDYL",899
106,"Churchville, Southampton, PA, United States",2022-08-24,31.7,19.8,25.6,30.8,19.8,25.5,16.1,59.3,0.0,0.0,0.0,,0,0,19.4,15.4,262.3,1014.6,12.5,16.0,212.3,18.5,10,30,2022-08-24T06:20:00,2022-08-24T19:44:09,0.97,Clear,Clear conditions throughout the day.,clear-day,"KTTN,72409514792,72408594732,72511354786,D5182,KPNE,KDYL",899
107,"Churchville, Southampton, PA, United States",2022-08-25,32.6,18.5,25.8,31.8,18.5,25.6,15.1,54.7,0.0,0.0,0.0,,0,0,33.5,10.8,156.5,1016.8,4.7,16.0,223.3,19.4,9,10,2022-08-25T06:20:57,2022-08-25T19:42:39,0.99,Clear,Clear conditions throughout the day.,clear-day,"KTTN,72409514792,72408594732,72511354786,D5182,KPNE,KDYL",899
108,"Churchville, Southampton, PA, United States",2022-08-26,32.7,22.5,27.6,33.5,22.5,28.2,18.8,61.1,0.0,0.0,0.0,rain,0,0,34.2,18.9,203.7,1013.6,23.1,15.9,180.0,15.6,8,75,2022-08-26T06:21:55,2022-08-26T19:41:08,1.0,Partially cloudy,Partly cloudy throughout the day.,partly-cloudy-day,"KTTN,72409514792,72408594732,72511354786,D5182,KPNE,KDYL",899
109,"Churchville, Southampton, PA, United States",2022-08-27,32.2,22.2,27.1,32.3,22.2,27.2,18.0,60.0,0.0,0.0,0.0,rain,0,0,21.2,17.7,142.9,1015.2,29.3,16.0,249.6,21.7,8,30,2022-08-27T06:22:52,2022-08-27T19:39:36,0.0,Partially cloudy,Becoming cloudy in the afternoon.,partly-cloudy-day,"KTTN,72409514792,72408594732,72511354786,D5182,KPNE,KDYL",899
110,"Churchville, Southampton, PA, United States",2022-08-28,29.6,23.0,25.7,31.9,23.0,26.3,21.0,76.4,0.0,0.0,0.0,rain,0,0,38.9,21.3,88.8,1019.6,78.9,15.6,176.6,15.4,8,75,2022-08-28T06:23:49,2022-08-28T19:38:03,0.01,Partially cloudy,Partly cloudy throughout the day.,partly-cloudy-day,"KTTN,72409514792,72408594732,72511354786,D5182,KPNE,KDYL",899
111,"Churchville, Southampton, PA, United States",2022-08-29,32.2,22.9,26.9,33.1,22.9,27.4,20.4,70.7,0.0,0.0,0.0,rain,0,0,34.6,14.4,148.9,1019.0,46.3,14.8,189.7,16.5,9,30,2022-08-29T06:24:46,2022-08-29T19:36:30,0.02,Partially cloudy,Partly cloudy throughout the day.,partly-cloudy-day,"KTTN,72409514792,72408594732,72511354786,D5182,KPNE,KDYL",899
112,"Churchville, Southampton, PA, United States",2022-08-30,33.4,23.1,27.1,35.3,23.1,28.1,21.3,73.1,3.99,100.0,12.5,rain,0,0,50.0,20.7,204.6,1011.9,58.0,15.6,188.3,16.1,8,60,2022-08-30T06:25:44,2022-08-30T19:34:56,0.05,"Rain, Partially cloudy",Clearing in the afternoon with late afternoon rain.,rain,"KTTN,72409514792,72408594732,72511354786,D5182,KPNE,KDYL",899
113,"Churchville, Southampton, PA, United States",2022-08-31,28.7,20.8,24.3,27.7,20.8,24.2,15.7,62.7,0.0,0.0,0.0,,0,0,34.4,20.5,286.0,1010.0,16.7,15.9,178.6,15.6,9,10,2022-08-31T06:26:41,2022-08-31T19:33:22,0.09,Clear,Clear conditions throughout the day.,clear-day,"KTTN,72409514792,72408594732,72511354786,D5182,KPNE,KDYL",899
114,"Churchville, Southampton, PA, United States",2022-09-01,30.4,18.6,24.3,29.0,18.6,24.0,11.4,46.6,0.0,0.0,0.0,,0,0,33.5,19.8,257.3,1014.1,0.8,16.0,204.3,17.5,8,10,2022-09-01T06:27:38,2022-09-01T19:31:47,0.13,Clear,Clear conditions throughout the day.,clear-day,"KTTN,72409514792,72408594732,72511354786,D5182,KPNE,KDYL",899
115,"Churchville, Southampton, PA, United States",2022-09-02,27.6,15.5,21.2,26.9,15.5,21.1,10.5,52.4,0.0,0.0,0.0,,0,0,27.4,17.4,57.6,1022.8,0.0,16.0,210.1,18.1,9,10,2022-09-02T06:28:35,2022-09-02T19:30:11,0.18,Clear,Clear conditions throughout the day.,clear-day,"KTTN,72409514792,72408594732,72511354786,D1306,D5182,KPNE,KDYL",899
116,"Churchville, Southampton, PA, United States",2022-09-03,28.8,16.9,22.6,29.2,16.9,22.6,16.5,70.6,0.0,0.0,0.0,rain,0,0,26.6,12.0,119.9,1023.9,21.6,16.0,153.3,13.3,9,10,2022-09-03T06:29:32,2022-09-03T19:28:35,0.24,Partially cloudy,Clearing in the afternoon.,partly-cloudy-day,"KTTN,72409514792,72408594732,72511354786,D5182,KPNE,KDYL",899
117,"Churchville, Southampton, PA, United States",2022-09-04,31.5,19.8,25.8,32.4,19.8,26.2,18.4,66.5,0.0,0.0,0.0,,0,0,24.5,15.0,183.6,1019.7,23.2,16.0,184.8,15.9,9,30,2022-09-04T06:30:29,2022-09-04T19:26:59,0.29,Partially cloudy,Partly cloudy throughout the day.,partly-cloudy-day,"KTTN,72409514792,72408594732,72511354786,D5182,E1527,KPNE,KDYL",899
118,"Churchville, Southampton, PA, United States",2022-09-05,30.2,22.0,25.8,30.4,22.0,26.0,18.2,64.5,0.38,100.0,12.5,rain,0,0,33.5,16.9,148.1,1018.0,42.0,16.0,143.7,12.3,6,30,2022-09-05T06:31:26,2022-09-05T19:25:22,0.35,"Rain, Partially cloudy",Partly cloudy throughout the day with late afternoon rain.,rain,"KTTN,72409514792,72408594732,72511354786,D5182,KPNE,KDYL",899
119,"Churchville, Southampton, PA, United States",2022-09-06,23.9,20.6,22.1,23.9,20.6,22.1,20.2,89.0,43.54,100.0,62.5,rain,0,0,43.9,19.9,90.4,1015.0,99.8,13.0,30.8,2.6,2,10,2022-09-06T06:32:23,2022-09-06T19:23:45,0.4,"Rain, Overcast",Cloudy skies throughout the day with a chance of rain throughout the day.,rain,"KTTN,72409514792,72408594732,D7364,72511354786,D1306,D5182,KPNE,KDYL",899
120,"Churchville, Southampton, PA, United States",2022-09-07,22.7,19.4,20.6,22.7,19.4,20.6,17.6,82.8,0.15,100.0,12.5,rain,0,0,36.0,17.4,36.0,1015.0,100.0,15.5,42.3,3.6,2,10,2022-09-07T06:33:20,2022-09-07T19:22:07,0.44,"Rain, Overcast",Cloudy skies throughout the day with early morning rain.,rain,"KTTN,72409514792,72408594732,72511354786,D5182,KPNE,KDYL",899
121,"Churchville, Southampton, PA, United States",2022-09-08,26.6,17.2,21.5,26.6,17.2,21.5,14.7,67.4,0.0,0.0,0.0,,0,0,30.1,18.0,23.2,1013.2,45.5,16.0,115.8,9.9,8,10,2022-09-08T06:34:17,2022-09-08T19:20:29,0.47,Partially cloudy,Partly cloudy throughout the day.,partly-cloudy-day,"KTTN,72409514792,72408594732,72511354786,D5182,E1527,KPNE,KDYL",899
122,"Churchville, Southampton, PA, United States",2022-09-09,27.7,15.4,21.0,27.0,15.4,21.0,12.9,64.0,0.0,0.0,0.0,,0,0,19.8,15.1,123.0,1017.6,0.0,16.0,201.5,17.4,8,10,2022-09-09T06:35:14,2022-09-09T19:18:50,0.49,Clear,Clear conditions throughout the day.,clear-day,"KTTN,72409514792,72408594732,72511354786,D1306,D5182,KPNE,KDYL",899
123,"Churchville, Southampton, PA, United States",2022-09-10,27.7,13.4,21.0,27.4,13.4,21.0,13.8,66.3,0.0,0.0,0.0,,0,0,16.6,10.8,135.7,1023.2,0.7,16.0,200.8,17.4,8,10,2022-09-10T06:36:10,2022-09-10T19:17:12,0.5,Clear,Clear conditions throughout the day.,clear-day,"KTTN,72409514792,72408594732,72511354786,D5182,KPNE,KDYL",899
124,"Churchville, Southampton, PA, United States",2022-09-11,22.4,20.7,21.6,22.4,20.7,21.6,18.9,85.1,11.05,100.0,54.17,rain,0,0,19.4,12.0,71.7,1019.5,83.8,13.1,38.8,3.4,2,10,2022-09-11T06:37:07,2022-09-11T19:15:33,0.51,"Rain, Partially cloudy",Partly cloudy throughout the day with rain.,rain,"KTTN,72409514792,72408594732,72511354786,D1306,D5182,KPNE,KDYL",899
125,"Churchville, Southampton, PA, United States",2022-09-12,28.3,21.3,24.2,30.1,21.3,24.6,21.1,83.8,2.34,100.0,37.5,rain,0,0,24.5,9.3,141.3,1010.5,88.7,14.0,114.5,9.8,6,60,2022-09-12T06:38:04,2022-09-12T19:13:54,0.53,"Rain, Partially cloudy",Partly cloudy throughout the day with rain.,rain,"KTTN,72409514792,72408594732,72511354786,D1306,D5182,KPNE,KDYL",899
126,"Churchville, Southampton, PA, United States",2022-09-13,27.6,19.4,23.8,28.5,19.4,24.0,18.0,72.4,3.12,100.0,20.83,rain,0,0,34.4,22.6,238.4,1007.9,65.2,14.9,166.5,14.3,9,30,2022-09-13T06:39:01,2022-09-13T19:12:14,0.56,"Rain, Partially cloudy",Partly cloudy throughout the day with early morning rain.,rain,"KTTN,72409514792,72408594732,72511354786,D5182,KPNE,KDYL",899
127,"Churchville, Southampton, PA, United States",2022-09-14,26.3,15.5,20.9,26.3,15.5,20.9,13.0,61.6,0.0,0.0,0.0,,0,0,31.7,19.4,283.4,1014.8,4.4,16.0,194.0,16.8,8,10,2022-09-14T06:39:58,2022-09-14T19:10:35,0.6,Clear,Clear conditions throughout the day.,clear-day,"KTTN,72409514792,72408594732,72511354786,D5182,KPNE,KDYL",899
128,"Churchville, Southampton, PA, United States",2022-09-15,23.5,15.1,19.8,23.5,15.1,19.8,10.1,56.5,0.0,0.0,0.0,,0,0,36.2,20.6,302.3,1020.7,0.0,16.0,205.5,17.5,8,10,2022-09-15T06:40:56,2022-09-15T19:08:55,0.64,Clear,Clear conditions throughout the day.,clear-day,"KTTN,72409514792,72408594732,72511354786,D5182,KPNE,KDYL",899
129,"Churchville, Southampton, PA, United States",2022-09-16,24.8,11.5,18.0,24.8,11.5,18.0,9.8,60.7,0.0,0.0,0.0,,0,0,16.9,12.2,274.6,1022.3,0.2,16.0,176.0,15.1,7,10,2022-09-16T06:41:53,2022-09-16T19:07:15,0.69,Clear,Clear conditions throughout the day.,clear-day,"KTTN,72409514792,72408594732,72511354786,D1306,D5182,KPNE,KDYL",899
130,"Churchville, Southampton, PA, United States",2022-09-17,26.3,15.5,21.1,26.3,15.5,21.1,14.1,65.2,0.0,0.0,0.0,,0,0,27.4,11.7,139.8,1023.2,27.2,15.9,181.6,15.8,7,10,2022-09-17T06:42:50,2022-09-17T19:05:35,0.74,Partially cloudy,Becoming cloudy in the afternoon.,partly-cloudy-day,"KTTN,72409514792,72408594732,72511354786,D5182,KPNE,KDYL",899
131,"Churchville, Southampton, PA, United States",2022-09-18,28.5,16.9,22.5,28.5,16.9,22.5,15.5,67.2,0.0,0.0,0.0,rain,0,0,31.7,16.8,236.0,1018.6,5.0,15.8,197.0,17.0,7,10,2022-09-18T06:43:47,2022-09-18T19:03:55,0.78,Clear,Clear conditions throughout the day.,clear-day,"KTTN,72409514792,72408594732,72511354786,D5182,KPNE,KDYL",899
132,"Churchville, Southampton, PA, United States",2022-09-19,29.5,19.2,23.1,29.3,19.2,23.1,17.0,70.6,0.69,100.0,4.17,rain,0,0,51.6,23.0,246.8,1013.5,29.7,15.8,140.2,12.2,8,30,2022-09-19T06:44:45,2022-09-19T19:02:15,0.83,"Rain, Partially cloudy",Becoming cloudy in the afternoon with afternoon rain.,rain,"KTTN,72409514792,72408594732,72511354786,E1527,D5182,KPNE,KDYL",899
133,"Churchville, Southampton, PA, United States",2022-09-20,26.7,18.4,21.8,26.7,18.4,21.8,14.9,67.5,0.0,0.0,0.0,,0,0,48.1,18.3,260.8,1012.7,24.5,15.5,161.9,14.1,9,10,2022-09-20T06:45:42,2022-09-20T19:00:35,0.87,Partially cloudy,Becoming cloudy in the afternoon.,partly-cloudy-day,"KTTN,72409514792,72408594732,72511354786,D5182,KPNE,KDYL",899
134,"Churchville, Southampton, PA, United States",2022-09-21,27.6,15.2,21.6,27.6,15.2,21.6,14.2,65.1,0.0,0.0,0.0,,0,0,33.5,16.5,239.5,1013.4,2.7,16.0,190.3,16.4,8,10,2022-09-21T06:46:40,2022-09-21T18:58:55,0.91,Clear,Clear conditions throughout the day.,clear-day,"KTTN,72409514792,72408594732,72511354786,D5182,KPNE,KDYL",899
135,"Churchville, Southampton, PA, United States",2022-09-22,25.8,14.1,20.2,25.8,14.1,20.2,14.6,70.8,2.26,100.0,12.5,rain,0,0,50.0,25.1,262.7,1005.4,38.8,15.7,39.6,3.4,1,30,2022-09-22T06:47:37,2022-09-22T18:57:15,0.95,"Rain, Partially cloudy",Partly cloudy throughout the day with afternoon rain.,rain,"KTTN,72409514792,72408594732,72511354786,D5182,KPNE,KDYL",899
136,"Churchville, Southampton, PA, United States",2022-09-23,18.3,10.5,13.9,18.3,10.5,13.9,2.9,49.2,0.0,0.0,0.0,,0,0,54.5,30.5,315.9,1014.2,20.0,16.0,198.5,16.9,8,10,2022-09-23T06:48:35,2022-09-23T18:55:35,0.97,Clear,Partly cloudy throughout the day.,clear-day,"KTTN,72409514792,72408594732,72511354786,D5182,KPNE,KDYL",899
137,"Churchville, Southampton, PA, United States",2022-09-24,20.4,7.7,13.6,20.4,6.0,13.0,4.5,55.5,0.0,0.0,0.0,,0,0,33.5,19.1,272.3,1016.6,3.8,16.0,184.5,15.7,8,10,2022-09-24T06:49:33,2022-09-24T18:53:55,0.99,Clear,Clear conditions throughout the day.,clear-day,"KTTN,72409514792,72408594732,72511354786,D5182,KPNE,KDYL",899
138,"Churchville, Southampton, PA, United States",2022-09-25,22.6,14.6,17.1,22.6,14.6,17.1,12.5,75.0,7.32,100.0,29.17,rain,0,0,57.1,19.7,171.4,1007.4,63.0,15.8,105.0,9.2,7,10,2022-09-25T06:50:32,2022-09-25T18:52:15,1.0,"Rain, Partially cloudy",Partly cloudy throughout the day with rain.,rain,"KTTN,72409514792,72408594732,72511354786,D5182,KPNE,KDYL",899
139,"Churchville, Southampton, PA, United States",2022-09-26,24.2,13.5,19.0,24.2,13.5,19.0,10.4,61.3,0.13,100.0,4.17,rain,0,0,42.8,27.9,245.7,1006.2,35.9,16.0,139.6,11.9,8,10,2022-09-26T06:51:30,2022-09-26T18:50:36,0.0,"Rain, Partially cloudy",Becoming cloudy in the afternoon with early morning rain.,rain,"KTTN,72409514792,72408594732,72511354786,E1527,D5182,KPNE,KDYL",899
140,"Churchville, Southampton, PA, United States",2022-09-27,21.5,13.0,17.1,21.5,13.0,17.1,6.7,51.4,0.0,0.0,0.0,,0,0,33.5,19.6,254.8,1011.7,22.8,16.0,149.5,12.9,8,10,2022-09-27T06:52:28,2022-09-27T18:48:57,0.01,Partially cloudy,Partly cloudy throughout the day.,partly-cloudy-day,"KTTN,72409514792,72408594732,72511354786,D5182,KPNE,KDYL",899
141,"Churchville, Southampton, PA, United States",2022-09-28,20.7,9.3,15.2,20.7,8.3,15.1,7.8,62.3,0.0,0.0,0.0,rain,0,0,37.1,19.0,296.5,1020.0,28.1,16.0,155.7,13.4,9,10,2022-09-28T06:53:27,2022-09-28T18:47:18,0.04,Partially cloudy,Becoming cloudy in the afternoon.,partly-cloudy-day,"KTTN,72409514792,72408594732,72511354786,D5182,KPNE,KDYL",899
142,"Churchville, Southampton, PA, United States",2022-09-29,19.8,10.2,15.2,19.8,10.2,15.2,7.2,60.2,0.0,0.0,0.0,,0,0,38.2,21.7,114.8,1026.9,3.6,16.0,181.8,15.8,8,10,2022-09-29T06:54:26,2022-09-29T18:45:39,0.07,Clear,Clear conditions throughout the day.,clear-day,"KTTN,72409514792,72408594732,72511354786,D5182,KPNE,KDYL",899
143,"Churchville, Southampton, PA, United States",2022-09-30,17.8,10.2,13.6,17.8,10.2,13.6,7.2,65.9,0.0,71.4,0.0,rain,0,0,34.6,18.0,41.4,1024.5,29.4,19.3,90.0,7.8,4,10,2022-09-30T06:55:25,2022-09-30T18:44:00,0.12,"Rain, Partially cloudy",Becoming cloudy in the afternoon with a chance of rain.,rain,"KTTN,D5182,KPNE,KDYL",899
