,name,datetime,tempmax,tempmin,temp,feelslikemax,feelslikemin,feelslike,dew,humidity,precip,precipprob,precipcover,preciptype,snow,snowdepth,windgust,windspeed,winddir,sealevelpressure,cloudcover,visibility,solarradiation,solarenergy,uvindex,severerisk,sunrise,sunset,moonphase,conditions,description,icon,stations,skey
0,"Bristol, PA, United States",2022-05-10,22.4,10.0,16.0,22.4,10.0,16.0,-3.1,27.6,0.0,0.0,0.0,,0,0,47.9,28.3,59.9,1026.1,27.0,16.0,299.5,25.9,9,10,2022-05-10T05:48:53,2022-05-10T20:03:27,0.32,Partially cloudy,Becoming cloudy in the afternoon.,partly-cloudy-day,"KVAY,KTTN,72409514792,C2398,72408594732,72407493780,KPNE",904
1,"Bristol, PA, United States",2022-05-11,22.5,10.8,16.4,22.5,10.8,16.4,6.0,51.2,0.0,0.0,0.0,,0,0,46.8,26.0,47.4,1024.6,44.7,16.0,186.3,16.2,7,10,2022-05-11T05:47:50,2022-05-11T20:04:26,0.37,Partially cloudy,Partly cloudy throughout the day.,partly-cloudy-day,"KVAY,KTTN,72409514792,C2398,72408594732,72407493780,KPNE",904
2,"Bristol, PA, United States",2022-05-12,24.0,12.0,17.8,24.0,12.0,17.8,14.3,80.6,0.0,0.0,0.0,rain,0,0,35.3,22.5,68.2,1024.9,64.0,15.8,217.2,18.7,10,10,2022-05-12T05:46:50,2022-05-12T20:05:24,0.41,Partially cloudy,Partly cloudy throughout the day.,partly-cloudy-day,"KVAY,KTTN,72409514792,C2398,72408594732,72407493780,KPNE",904
3,"Bristol, PA, United States",2022-05-13,22.4,14.9,18.1,22.4,14.9,18.1,17.3,95.2,8.63,100.0,20.83,rain,0,0,29.2,18.2,70.2,1023.7,99.9,10.6,145.0,12.5,6,10,2022-05-13T05:45:51,2022-05-13T20:06:21,0.45,"Rain, Overcast",Cloudy skies throughout the day with rain in the morning and afternoon.,rain,"KVAY,KTTN,72409514792,C2398,72408594732,72407493780,KPNE",904
4,"Bristol, PA, United States",2022-05-14,20.2,17.3,18.6,20.2,17.3,18.6,18.3,97.9,4.78,100.0,33.33,rain,0,0,17.6,10.3,88.3,1018.0,83.8,7.2,49.8,4.3,2,10,2022-05-14T05:44:53,2022-05-14T20:07:19,0.48,"Rain, Partially cloudy",Partly cloudy throughout the day with rain.,rain,"KVAY,KTTN,72409514792,C2398,72408594732,72407493780,KPNE",904
5,"Bristol, PA, United States",2022-05-15,25.6,17.5,21.0,25.6,17.5,21.0,17.7,82.9,0.0,0.0,0.0,rain,0,0,26.3,15.3,180.8,1011.9,68.9,11.9,189.2,16.2,7,30,2022-05-15T05:43:57,2022-05-15T20:08:16,0.5,Partially cloudy,Partly cloudy throughout the day.,partly-cloudy-day,"KVAY,KTTN,72409514792,C2398,72408594732,72407493780,D8567,KPNE",904
6,"Bristol, PA, United States",2022-05-16,25.9,17.2,21.0,25.9,17.2,21.0,17.6,82.0,8.17,100.0,20.83,rain,0,0,55.4,23.0,155.0,1005.7,44.4,14.6,167.9,14.6,6,60,2022-05-16T05:43:02,2022-05-16T20:09:12,0.5,"Rain, Partially cloudy",Partly cloudy throughout the day with rain.,rain,"KVAY,KTTN,72409514792,C2398,72408594732,72407493780,KPNE",904
7,"Bristol, PA, United States",2022-05-17,26.2,12.3,19.8,26.2,12.3,19.8,8.4,52.9,0.0,0.0,0.0,,0,0,52.5,36.8,284.6,1008.9,10.5,16.0,300.9,26.0,10,10,2022-05-17T05:42:10,2022-05-17T20:10:08,0.52,Clear,Clear conditions throughout the day.,clear-day,"KVAY,KTTN,72409514792,C2398,72408594732,72407493780,KPNE",904
8,"Bristol, PA, United States",2022-05-18,22.5,11.3,17.4,22.5,11.3,17.4,6.6,50.6,0.0,0.0,0.0,,0,0,37.1,16.6,297.5,1014.4,9.9,16.0,266.8,23.1,8,10,2022-05-18T05:41:18,2022-05-18T20:11:03,0.54,Clear,Clear conditions throughout the day.,clear-day,"KVAY,KTTN,72409514792,C2398,72408594732,72407493780,KPNE",904
9,"Bristol, PA, United States",2022-05-19,24.2,13.0,17.4,24.2,13.0,17.4,14.5,84.1,9.74,100.0,33.33,rain,0,0,33.8,15.1,163.3,1008.2,74.0,13.9,142.5,12.2,7,30,2022-05-19T05:40:29,2022-05-19T20:11:57,0.58,"Rain, Partially cloudy",Partly cloudy throughout the day with rain clearing later.,rain,"KVAY,KTTN,72409514792,C2398,72408594732,72407493780,KPNE",904
10,"Bristol, PA, United States",2022-05-20,29.6,14.1,20.5,30.0,14.1,20.6,17.8,86.5,10.45,100.0,12.5,rain,0,0,45.0,15.7,66.3,1012.1,28.5,12.8,179.5,15.5,9,30,2022-05-20T05:39:41,2022-05-20T20:12:51,0.63,"Rain, Partially cloudy",Partly cloudy throughout the day with afternoon rain.,rain,"KVAY,KTTN,72409514792,C2398,72408594732,72407493780,KPNE",904
11,"Bristol, PA, United States",2022-05-21,33.8,18.4,26.1,35.9,18.4,27.2,19.7,72.4,0.0,0.0,0.0,rain,0,0,26.6,15.9,144.2,1015.5,21.8,11.0,274.2,23.5,9,100,2022-05-21T05:38:55,2022-05-21T20:13:45,0.68,Partially cloudy,Partly cloudy throughout the day.,partly-cloudy-day,"KVAY,KTTN,72409514792,C2398,72408594732,72407493780,KPNE",904
12,"Bristol, PA, United States",2022-05-22,32.2,23.5,26.9,34.0,23.5,27.8,20.3,68.1,0.56,100.0,8.33,rain,0,0,44.6,18.4,245.3,1016.1,11.0,16.0,282.8,24.5,9,100,2022-05-22T05:38:11,2022-05-22T20:14:37,0.74,Rain,Clear conditions throughout the day with late afternoon rain.,rain,"KVAY,KTTN,72409514792,C2398,72408594732,72407493780,D7364,KPNE",904
13,"Bristol, PA, United States",2022-05-23,24.0,15.4,20.5,24.0,15.4,20.5,10.9,55.3,0.09,100.0,4.17,rain,0,0,43.3,28.7,205.2,1021.3,31.1,15.9,281.4,24.3,9,10,2022-05-23T05:37:28,2022-05-23T20:15:29,0.79,"Rain, Partially cloudy",Partly cloudy throughout the day with early morning rain.,rain,"KVAY,KTTN,72409514792,C2398,72408594732,72407493780,KPNE",904
14,"Bristol, PA, United States",2022-05-24,20.2,14.6,17.7,20.2,14.6,17.7,10.0,61.9,0.7,100.0,12.5,rain,0,0,31.4,21.6,93.4,1024.7,96.4,16.0,191.6,16.5,8,10,2022-05-24T05:36:47,2022-05-24T20:16:20,0.85,"Rain, Overcast",Cloudy skies throughout the day with rain clearing later.,rain,"KVAY,KTTN,72409514792,C2398,72408594732,72407493780,KPNE",904
15,"Bristol, PA, United States",2022-05-25,22.7,11.2,16.6,22.7,11.2,16.6,9.2,64.1,0.0,0.0,0.0,,0,0,33.5,18.2,84.0,1027.6,35.2,16.0,264.9,22.8,10,10,2022-05-25T05:36:08,2022-05-25T20:17:10,0.89,Partially cloudy,Partly cloudy throughout the day.,partly-cloudy-day,"KVAY,KTTN,72409514792,C2398,72408594732,72407493780,KPNE",904
16,"Bristol, PA, United States",2022-05-26,22.9,11.0,17.4,22.9,11.0,17.4,12.8,75.1,0.0,0.0,0.0,rain,0,0,29.5,13.6,112.6,1024.0,77.4,15.8,181.0,15.7,7,10,2022-05-26T05:35:31,2022-05-26T20:18:00,0.93,Partially cloudy,Partly cloudy throughout the day.,partly-cloudy-day,"KVAY,KTTN,72409514792,C2398,72408594732,72407493780,KPNE",904
17,"Bristol, PA, United States",2022-05-27,25.8,18.7,20.7,25.8,18.7,20.7,19.4,92.7,8.19,100.0,12.5,rain,0,0,50.4,15.8,175.3,1013.1,88.2,11.6,104.2,8.9,4,60,2022-05-27T05:34:56,2022-05-27T20:18:48,0.96,"Rain, Partially cloudy",Partly cloudy throughout the day with rain.,rain,"KVAY,KTTN,72409514792,C2398,72408594732,72407493780,KPNE",904
18,"Bristol, PA, United States",2022-05-28,25.1,18.9,21.6,25.1,18.9,21.6,17.4,79.0,8.26,100.0,25.0,rain,0,0,37.1,21.4,255.1,1008.0,65.2,15.1,219.0,18.9,9,30,2022-05-28T05:34:22,2022-05-28T20:19:36,0.99,"Rain, Partially cloudy",Partly cloudy throughout the day with rain.,rain,"KVAY,KTTN,72409514792,C2398,72408594732,72407493780,D7364,KPNE",904
19,"Bristol, PA, United States",2022-05-29,26.9,15.6,21.9,26.9,15.6,21.9,14.6,66.3,0.0,0.0,0.0,,0,0,18.0,10.6,216.3,1016.9,28.5,16.0,302.9,26.0,9,10,2022-05-29T05:33:51,2022-05-29T20:20:22,1.0,Partially cloudy,Partly cloudy throughout the day.,partly-cloudy-day,"KVAY,KTTN,72409514792,C2398,72408594732,72407493780,KPNE",904
20,"Bristol, PA, United States",2022-05-30,31.1,15.6,24.3,32.6,15.6,25.0,18.2,71.0,0.0,0.0,0.0,rain,0,0,31.7,14.2,160.5,1018.8,6.9,15.7,307.3,26.4,9,30,2022-05-30T05:33:21,2022-05-30T20:21:08,0.0,Clear,Clear conditions throughout the day.,clear-day,"KVAY,KTTN,72409514792,C2398,72408594732,72407493780,KPNE",904
21,"Bristol, PA, United States",2022-05-31,34.3,22.3,28.6,35.0,22.3,29.2,19.0,59.9,0.0,0.0,0.0,,0,0,35.3,19.2,278.5,1015.2,5.2,16.0,306.1,26.6,9,60,2022-05-31T05:32:53,2022-05-31T20:21:52,0.0,Clear,Clear conditions throughout the day.,clear-day,"KVAY,KTTN,72409514792,C2398,72408594732,72407493780,KPNE",904
22,"Bristol, PA, United States",2022-06-01,27.9,17.1,22.2,29.1,17.1,22.3,17.4,75.6,0.0,0.0,0.0,rain,0,0,25.9,21.9,117.2,1012.8,38.5,15.6,252.2,21.9,9,10,2022-06-01T05:32:27,2022-06-01T20:22:35,0.02,Partially cloudy,Clearing in the afternoon.,partly-cloudy-day,"KVAY,KTTN,72409514792,C2398,72408594732,72407493780,KPNE",904
23,"Bristol, PA, United States",2022-06-02,28.2,16.6,21.8,29.6,16.6,22.0,18.5,82.5,15.06,100.0,50.0,rain,0,0,64.0,21.8,182.9,1007.7,70.8,14.2,167.1,14.6,8,30,2022-06-02T05:32:03,2022-06-02T20:23:17,0.04,"Rain, Partially cloudy",Partly cloudy throughout the day with a chance of rain throughout the day.,rain,"KVAY,KTTN,72409514792,C2398,72408594732,72407493780,D7364,KPNE",904
24,"Bristol, PA, United States",2022-06-03,26.5,17.8,22.0,26.5,17.8,22.0,15.7,71.0,2.11,100.0,8.33,rain,0,0,27.7,15.6,226.7,1007.9,43.3,12.6,172.2,14.8,8,10,2022-06-03T05:31:41,2022-06-03T20:23:58,0.07,"Rain, Partially cloudy",Partly cloudy throughout the day with morning rain.,rain,"KVAY,KTTN,72409514792,C2398,72408594732,72407493780,KPNE",904
25,"Bristol, PA, United States",2022-06-04,28.4,14.2,22.1,27.2,14.2,21.8,9.4,49.8,0.0,0.0,0.0,,0,0,38.6,18.0,244.5,1011.5,3.5,16.0,324.5,28.1,10,10,2022-06-04T05:31:21,2022-06-04T20:24:38,0.11,Clear,Clear conditions throughout the day.,clear-day,"KVAY,KTTN,72409514792,C2398,72408594732,72407493780,KPNE",904
26,"Bristol, PA, United States",2022-06-05,25.5,13.2,20.0,25.5,13.2,20.0,5.3,40.3,0.0,0.0,0.0,,0,0,26.3,16.6,135.7,1015.2,0.0,16.0,321.8,27.7,9,10,2022-06-05T05:31:03,2022-06-05T20:25:16,0.14,Clear,Clear conditions throughout the day.,clear-day,"KVAY,KTTN,72409514792,C2398,72408594732,72407493780,KPNE",904
27,"Bristol, PA, United States",2022-06-06,26.9,11.9,20.4,26.6,11.9,20.4,7.7,47.1,0.0,0.0,0.0,,0,0,36.0,12.4,162.8,1017.2,0.0,16.0,316.6,27.4,9,10,2022-06-06T05:30:46,2022-06-06T20:25:53,0.19,Clear,Clear conditions throughout the day.,clear-day,"KVAY,KTTN,72409514792,C2398,72408594732,72407493780,KPNE",904
28,"Bristol, PA, United States",2022-06-07,25.7,14.5,21.1,25.7,14.5,21.1,14.2,66.0,2.42,100.0,12.5,rain,0,0,38.2,21.8,169.0,1016.1,41.5,15.8,205.7,18.0,10,10,2022-06-07T05:30:32,2022-06-07T20:26:29,0.24,"Rain, Partially cloudy",Partly cloudy throughout the day with late afternoon rain.,rain,"KVAY,KTTN,72409514792,C2398,72408594732,72407493780,KPNE",904
29,"Bristol, PA, United States",2022-06-08,29.5,19.8,24.9,29.7,19.8,24.9,17.5,66.4,0.46,100.0,8.33,rain,0,0,46.1,17.8,228.8,1011.4,52.5,15.7,245.9,21.2,9,30,2022-06-08T05:30:20,2022-06-08T20:27:03,0.29,"Rain, Partially cloudy",Clearing in the afternoon with early morning rain.,rain,"KVAY,KTTN,72409514792,C2398,72408594732,72407493780,KPNE",904
30,"Bristol, PA, United States",2022-06-09,27.5,20.4,23.9,28.2,20.4,24.0,16.4,66.1,20.14,100.0,33.33,rain,0,0,51.8,32.4,247.5,1005.3,57.7,14.6,305.2,26.4,10,30,2022-06-09T05:30:09,2022-06-09T20:27:36,0.35,"Rain, Partially cloudy",Partly cloudy throughout the day with rain clearing later.,rain,"KVAY,KTTN,72409514792,C2398,72408594732,72407493780,D7364,KPNE",904
31,"Bristol, PA, United States",2022-06-10,26.5,16.0,21.6,26.5,16.0,21.6,10.5,51.1,0.0,0.0,0.0,,0,0,35.3,18.2,284.2,1011.1,5.6,16.0,295.8,25.6,10,10,2022-06-10T05:30:01,2022-06-10T20:28:07,0.39,Clear,Clear conditions throughout the day.,clear-day,"KVAY,KTTN,72409514792,C2398,72408594732,72407493780,KPNE",904
32,"Bristol, PA, United States",2022-06-11,22.6,17.3,20.4,22.6,17.3,20.4,13.6,65.8,2.45,100.0,16.67,rain,0,0,19.1,12.1,174.1,1013.3,42.7,16.0,120.5,10.6,6,10,2022-06-11T05:29:54,2022-06-11T20:28:37,0.44,"Rain, Partially cloudy",Partly cloudy throughout the day with afternoon rain.,rain,"KVAY,KTTN,72409514792,C2398,72408594732,72407493780,KPNE",904
33,"Bristol, PA, United States",2022-06-12,25.2,16.2,20.0,25.2,16.2,20.0,17.6,86.3,18.56,100.0,29.17,rain,0,0,27.0,15.2,100.8,1014.1,82.0,13.8,115.1,10.0,10,60,2022-06-12T05:29:50,2022-06-12T20:29:05,0.47,"Rain, Partially cloudy",Partly cloudy throughout the day with rain.,rain,"KVAY,KTTN,72409514792,C2398,72408594732,72407493780,D7364,D8567,KPNE",904
34,"Bristol, PA, United States",2022-06-13,31.5,19.9,25.6,32.9,19.9,26.4,19.6,71.6,0.24,100.0,12.5,rain,0,0,29.9,18.3,227.3,1012.6,27.4,14.8,228.7,19.9,9,75,2022-06-13T05:29:47,2022-06-13T20:29:32,0.49,"Rain, Partially cloudy",Partly cloudy throughout the day with rain.,rain,"KVAY,KTTN,72409514792,C2398,72408594732,72407493780,KPNE",904
35,"Bristol, PA, United States",2022-06-14,28.4,19.1,23.7,28.1,19.1,23.6,14.1,56.0,2.6,100.0,8.33,rain,0,0,24.5,12.4,91.4,1012.9,8.9,15.9,260.6,22.6,10,10,2022-06-14T05:29:46,2022-06-14T20:29:57,0.5,Rain,Clear conditions throughout the day with morning rain.,rain,"KVAY,KTTN,72409514792,C2398,72408594732,72407493780,KPNE",904
36,"Bristol, PA, United States",2022-06-15,29.3,16.9,23.1,28.9,16.9,23.1,15.3,63.7,0.0,0.0,0.0,,0,0,31.7,18.3,151.3,1018.0,8.0,16.0,289.6,25.1,9,10,2022-06-15T05:29:47,2022-06-15T20:30:20,0.51,Clear,Clear conditions throughout the day.,clear-day,"KVAY,KTTN,72409514792,C2398,72408594732,72407493780,KPNE",904
37,"Bristol, PA, United States",2022-06-16,25.1,18.1,21.2,25.1,18.1,21.2,17.1,77.9,8.78,100.0,20.83,rain,0,0,34.0,16.7,148.9,1019.4,89.9,15.2,134.3,11.6,6,10,2022-06-16T05:29:50,2022-06-16T20:30:42,0.53,"Rain, Partially cloudy",Partly cloudy throughout the day with morning rain.,rain,"KVAY,KTTN,72409514792,C2398,72408594732,72407493780,D7364,D8567,KPNE",904
38,"Bristol, PA, United States",2022-06-17,33.6,20.9,27.0,34.0,20.9,27.3,17.1,59.3,0.0,0.0,0.0,rain,0,0,45.1,29.1,241.0,1007.3,47.3,15.9,299.8,25.8,10,75,2022-06-17T05:29:55,2022-06-17T20:31:02,0.57,Partially cloudy,Partly cloudy throughout the day.,partly-cloudy-day,"KVAY,KTTN,72409514792,C2398,72408594732,72407493780,KPNE",904
39,"Bristol, PA, United States",2022-06-18,25.1,16.5,20.6,25.1,16.5,20.6,9.0,47.4,0.0,0.0,0.0,,0,0,51.9,31.4,304.3,1007.7,39.8,16.0,196.8,17.0,10,10,2022-06-18T05:30:02,2022-06-18T20:31:20,0.62,Partially cloudy,Partly cloudy throughout the day.,partly-cloudy-day,"KVAY,KTTN,72409514792,C2398,72408594732,72407493780,KPNE",904
40,"Bristol, PA, United States",2022-06-19,23.4,13.5,18.3,23.4,13.5,18.3,3.9,39.4,0.0,0.0,0.0,,0,0,48.3,31.8,310.5,1015.3,1.1,16.0,334.8,28.8,10,10,2022-06-19T05:30:10,2022-06-19T20:31:37,0.67,Clear,Clear conditions throughout the day.,clear-day,"KVAY,KTTN,72409514792,C2398,72408594732,72407493780,KPNE",904
41,"Bristol, PA, United States",2022-06-20,26.3,12.1,19.7,26.3,12.1,19.7,5.8,42.3,0.0,0.0,0.0,,0,0,28.8,15.1,292.5,1020.3,0.0,16.0,284.9,24.6,10,10,2022-06-20T05:30:21,2022-06-20T20:31:51,0.72,Clear,Clear conditions throughout the day.,clear-day,"KVAY,KTTN,72409514792,C2398,72408594732,72407493780,KPNE",904
42,"Bristol, PA, United States",2022-06-21,26.9,14.2,21.5,26.8,14.2,21.5,11.8,55.0,0.0,0.0,0.0,,0,0,28.8,13.3,182.2,1019.6,23.9,16.0,178.4,15.3,7,10,2022-06-21T05:30:33,2022-06-21T20:32:04,0.77,Partially cloudy,Partly cloudy throughout the day.,partly-cloudy-day,"KVAY,KTTN,72409514792,C2398,72408594732,72407493780,KPNE",904
43,"Bristol, PA, United States",2022-06-22,23.1,18.1,20.0,23.1,18.1,20.0,16.3,79.4,0.0,0.0,0.0,rain,0,0,31.7,21.4,109.0,1015.6,75.3,14.5,97.9,8.3,5,10,2022-06-22T05:30:47,2022-06-22T20:32:15,0.82,Partially cloudy,Partly cloudy throughout the day.,partly-cloudy-day,"KVAY,KTTN,72409514792,C2398,72408594732,72407493780,KPNE",904
44,"Bristol, PA, United States",2022-06-23,23.0,17.5,19.5,23.0,17.5,19.5,16.6,83.6,2.64,100.0,33.33,rain,0,0,32.4,15.7,67.7,1014.4,87.6,15.0,84.2,7.2,4,10,2022-06-23T05:31:03,2022-06-23T20:32:24,0.87,"Rain, Partially cloudy",Partly cloudy throughout the day with a chance of rain throughout the day.,rain,"KVAY,KTTN,72409514792,C2398,72408594732,72407493780,KPNE",904
45,"Bristol, PA, United States",2022-06-24,28.4,16.8,22.2,28.9,16.8,22.3,16.8,73.7,0.0,0.0,0.0,rain,0,0,14.4,10.1,182.9,1016.8,56.3,14.0,279.1,24.0,10,30,2022-06-24T05:31:20,2022-06-24T20:32:31,0.91,Partially cloudy,Partly cloudy throughout the day.,partly-cloudy-day,"KVAY,KTTN,72409514792,C2398,72408594732,72407493780,KPNE",904
46,"Bristol, PA, United States",2022-06-25,31.9,19.2,26.3,32.0,19.2,26.6,17.6,61.8,0.0,0.0,0.0,,0,0,19.4,12.8,264.0,1019.0,8.2,15.9,263.2,22.8,10,60,2022-06-25T05:31:39,2022-06-25T20:32:37,0.95,Clear,Clear conditions throughout the day.,clear-day,"KVAY,KTTN,72409514792,C2398,72408594732,72407493780,KPNE",904
47,"Bristol, PA, United States",2022-06-26,31.6,21.6,26.8,31.7,21.6,26.9,17.1,57.5,0.0,0.0,0.0,,0,0,37.4,17.1,219.8,1018.4,8.8,16.0,310.6,26.8,9,10,2022-06-26T05:32:00,2022-06-26T20:32:40,0.97,Clear,Clear conditions throughout the day.,clear-day,"KVAY,KTTN,72409514792,C2398,72408594732,72407493780,KPNE",904
48,"Bristol, PA, United States",2022-06-27,26.5,20.3,23.9,26.5,20.3,23.9,20.0,79.2,8.92,100.0,25.0,rain,0,0,42.8,16.6,197.2,1014.8,76.5,15.0,69.6,6.1,3,30,2022-06-27T05:32:22,2022-06-27T20:32:42,0.99,"Rain, Partially cloudy",Partly cloudy throughout the day with rain.,rain,"KVAY,KTTN,72409514792,C2398,72408594732,72407493780,KPNE",904
49,"Bristol, PA, United States",2022-06-28,26.6,18.4,22.3,26.6,18.4,22.3,12.8,57.5,0.0,0.0,0.0,,0,0,29.5,16.7,213.9,1020.4,26.8,15.3,305.3,26.4,9,10,2022-06-28T05:32:46,2022-06-28T20:32:41,1.0,Partially cloudy,Partly cloudy throughout the day.,partly-cloudy-day,"KVAY,KTTN,72409514792,C2398,72408594732,72407493780,KPNE",904
50,"Bristol, PA, United States",2022-06-29,29.7,15.8,23.7,29.0,15.8,23.5,13.9,57.9,0.0,0.0,0.0,rain,0,0,31.3,16.6,166.9,1022.7,10.9,16.0,323.8,27.9,9,30,2022-06-29T05:33:12,2022-06-29T20:32:39,0.0,Clear,Clear conditions throughout the day.,clear-day,"KVAY,KTTN,72409514792,C2398,72408594732,72407493780,KPNE",904
51,"Bristol, PA, United States",2022-06-30,31.5,19.0,26.1,30.6,19.0,25.9,15.1,53.8,0.0,0.0,0.0,,0,0,26.6,12.6,245.9,1021.8,6.4,16.0,287.1,25.0,9,10,2022-06-30T05:33:39,2022-06-30T20:32:34,0.01,Clear,Clear conditions throughout the day.,clear-day,"KVAY,KTTN,72409514792,C2398,72408594732,72407493780,KPNE",904
52,"Bristol, PA, United States",2022-07-01,33.2,21.3,27.4,35.9,21.3,28.8,20.1,66.3,0.0,0.0,0.0,rain,0,0,42.1,18.5,196.8,1017.3,16.0,15.0,265.5,22.9,10,75,2022-07-01T05:34:07,2022-07-01T20:32:28,0.03,Clear,Clear conditions throughout the day.,clear-day,"KVAY,KTTN,72409514792,C2398,72408594732,72407493780,KPNE",904
53,"Bristol, PA, United States",2022-07-02,32.9,25.4,28.2,35.6,25.4,29.5,21.0,66.0,0.0,0.0,0.0,rain,0,0,36.7,15.7,237.8,1013.2,30.1,16.0,222.3,19.1,10,100,2022-07-02T05:34:37,2022-07-02T20:32:19,0.05,Partially cloudy,Partly cloudy throughout the day.,partly-cloudy-day,"KVAY,KTTN,72409514792,C2398,72408594732,72407493780,D7364,KPNE",904
54,"Bristol, PA, United States",2022-07-03,31.2,22.9,26.6,30.1,22.9,26.3,16.2,57.2,0.77,100.0,16.67,rain,0,0,37.1,17.6,201.8,1015.8,31.0,16.0,252.5,21.9,10,30,2022-07-03T05:35:09,2022-07-03T20:32:09,0.08,"Rain, Partially cloudy",Partly cloudy throughout the day with morning rain.,rain,"KVAY,KTTN,72409514792,C2398,72408594732,72407493780,D8567,KPNE",904
55,"Bristol, PA, United States",2022-07-04,30.1,16.6,24.5,28.7,16.6,24.1,10.5,43.3,0.0,0.0,0.0,,0,0,26.3,12.4,200.3,1020.5,1.4,16.0,313.3,27.0,9,10,2022-07-04T05:35:42,2022-07-04T20:31:57,0.12,Clear,Clear conditions throughout the day.,clear-day,"KVAY,KTTN,72409514792,C2398,72408594732,72407493780,KPNE",904
56,"Bristol, PA, United States",2022-07-05,30.8,20.8,25.2,31.2,20.8,25.5,17.7,64.2,2.05,100.0,4.17,rain,0,0,45.5,19.2,222.4,1016.1,37.6,16.0,208.3,18.0,8,10,2022-07-05T05:36:16,2022-07-05T20:31:42,0.17,"Rain, Partially cloudy",Becoming cloudy in the afternoon with late afternoon rain.,rain,"KVAY,KTTN,72409514792,C2398,72408594732,72407493780,KPNE",904
57,"Bristol, PA, United States",2022-07-06,30.9,23.5,27.3,33.7,23.5,28.1,20.1,66.7,0.0,0.0,0.0,,0,0,31.7,19.4,183.1,1011.0,44.8,15.6,178.5,15.4,8,30,2022-07-06T05:36:51,2022-07-06T20:31:26,0.22,Partially cloudy,Partly cloudy throughout the day.,partly-cloudy-day,"KVAY,KTTN,72409514792,C2398,72408594732,72407493780,KPNE",904
58,"Bristol, PA, United States",2022-07-07,26.8,21.4,24.2,28.2,21.4,24.3,19.4,74.9,5.38,100.0,33.33,rain,0,0,33.1,16.2,70.8,1014.7,89.5,15.3,164.7,14.2,6,10,2022-07-07T05:37:28,2022-07-07T20:31:08,0.27,"Rain, Partially cloudy",Partly cloudy throughout the day with rain clearing later.,rain,"KVAY,KTTN,72409514792,C2398,72408594732,72407493780,D8567,KPNE",904
59,"Bristol, PA, United States",2022-07-08,30.8,18.1,24.8,33.2,18.1,25.5,19.1,72.4,1.8,100.0,8.33,rain,0,0,29.5,17.3,158.7,1015.7,25.2,15.3,229.0,19.7,10,30,2022-07-08T05:38:06,2022-07-08T20:30:47,0.33,"Rain, Partially cloudy",Partly cloudy throughout the day with late afternoon rain.,rain,"KVAY,KTTN,72409514792,C2398,72408594732,72407493780,KPNE",904
60,"Bristol, PA, United States",2022-07-09,25.3,20.7,23.0,25.3,20.7,23.0,18.6,77.0,2.71,100.0,25.0,rain,0,0,26.6,14.2,140.8,1016.5,53.1,15.6,101.0,8.9,4,10,2022-07-09T05:38:45,2022-07-09T20:30:25,0.38,"Rain, Partially cloudy",Partly cloudy throughout the day with rain clearing later.,rain,"KVAY,KTTN,72409514792,C2398,72408594732,72407493780,KPNE",904
61,"Bristol, PA, United States",2022-07-10,28.3,17.9,23.0,28.2,17.9,23.0,16.0,66.7,0.0,0.0,0.0,,0,0,23.4,14.4,91.2,1017.3,18.9,15.8,202.1,17.4,9,10,2022-07-10T05:39:26,2022-07-10T20:30:01,0.42,Clear,Clear conditions throughout the day.,clear-day,"KVAY,KTTN,72409514792,C2398,72408594732,72407493780,KPNE",904
62,"Bristol, PA, United States",2022-07-11,29.3,16.1,23.3,28.5,16.1,23.2,13.8,59.2,0.0,0.0,0.0,,0,0,31.7,13.7,180.4,1014.2,3.1,16.0,309.3,26.7,9,10,2022-07-11T05:40:07,2022-07-11T20:29:35,0.46,Clear,Clear conditions throughout the day.,clear-day,"KVAY,KTTN,72409514792,C2398,72408594732,72407493780,KPNE",904
63,"Bristol, PA, United States",2022-07-12,33.2,20.5,26.4,36.0,20.5,27.4,19.0,65.7,0.0,0.0,0.0,rain,0,0,39.2,23.0,229.5,1008.7,24.0,15.9,264.4,22.8,9,60,2022-07-12T05:40:49,2022-07-12T20:29:06,0.49,Partially cloudy,Partly cloudy throughout the day.,partly-cloudy-day,"KVAY,KTTN,72409514792,C2398,72408594732,72407493780,KPNE",904
64,"Bristol, PA, United States",2022-07-13,32.9,22.2,27.9,32.7,22.2,28.0,17.4,55.7,0.0,0.0,0.0,rain,0,0,33.5,16.2,246.6,1011.4,11.1,15.8,271.8,23.2,10,10,2022-07-13T05:41:33,2022-07-13T20:28:36,0.5,Clear,Clear conditions throughout the day.,clear-day,"KVAY,KTTN,72409514792,C2398,72408594732,72407493780,D7364,KPNE",904
65,"Bristol, PA, United States",2022-07-14,32.4,22.7,27.6,32.7,22.7,27.7,17.0,54.3,0.0,0.0,0.0,rain,0,0,21.2,13.7,272.0,1014.3,28.1,16.0,257.4,22.2,9,30,2022-07-14T05:42:17,2022-07-14T20:28:04,0.51,Partially cloudy,Partly cloudy throughout the day.,partly-cloudy-day,"KVAY,KTTN,72409514792,C2398,72408594732,72407493780,KPNE",904
66,"Bristol, PA, United States",2022-07-15,30.5,20.0,25.0,30.2,20.0,24.9,16.1,59.7,2.77,100.0,8.33,rain,0,0,27.7,20.2,101.9,1019.5,37.2,16.0,204.3,17.7,9,30,2022-07-15T05:43:03,2022-07-15T20:27:31,0.53,"Rain, Partially cloudy",Partly cloudy throughout the day with late afternoon rain.,rain,"KVAY,KTTN,72409514792,C2398,72408594732,72407493780,KPNE",904
67,"Bristol, PA, United States",2022-07-16,31.3,22.2,25.8,31.4,22.2,26.0,19.5,70.8,0.15,100.0,4.17,rain,0,0,26.3,15.6,124.1,1018.6,66.3,14.5,218.0,18.8,8,30,2022-07-16T05:43:49,2022-07-16T20:26:55,0.55,"Rain, Partially cloudy",Clearing in the afternoon with late afternoon rain.,rain,"KVAY,KTTN,72409514792,C2398,72408594732,72407493780,KPNE",904
68,"Bristol, PA, United States",2022-07-17,30.7,21.5,26.0,32.0,21.5,26.8,19.9,71.2,2.71,100.0,16.67,rain,0,0,23.8,13.5,143.6,1016.4,66.3,15.3,271.5,23.4,9,60,2022-07-17T05:44:36,2022-07-17T20:26:17,0.6,"Rain, Partially cloudy",Partly cloudy throughout the day with early morning rain.,rain,"KVAY,KTTN,72409514792,C2398,72408594732,72407493780,D8567,KPNE",904
69,"Bristol, PA, United States",2022-07-18,33.4,24.1,28.1,37.4,24.1,30.0,22.2,72.1,3.52,100.0,20.83,rain,0,0,46.8,27.7,191.2,1012.0,51.8,15.9,183.3,15.8,8,75,2022-07-18T05:45:24,2022-07-18T20:25:38,0.65,"Rain, Partially cloudy",Partly cloudy throughout the day with late afternoon rain.,rain,"KTTN,KVAY,72409514792,C2398,72408594732,72407493780,D8567,KPNE",904
70,"Bristol, PA, United States",2022-07-19,33.6,23.6,28.5,34.2,23.6,29.0,19.0,59.3,0.04,100.0,4.17,rain,0,0,40.0,17.9,267.7,1009.3,9.8,16.0,258.5,22.4,9,10,2022-07-19T05:46:13,2022-07-19T20:24:56,0.7,Rain,Clear conditions throughout the day with early morning rain.,rain,"KVAY,KTTN,72409514792,C2398,72408594732,72407493780,KPNE",904
71,"Bristol, PA, United States",2022-07-20,35.4,23.3,30.0,37.1,23.3,31.2,19.2,54.2,0.0,0.0,0.0,,0,0,29.5,15.4,217.5,1008.3,8.1,16.0,293.0,25.5,9,30,2022-07-20T05:47:02,2022-07-20T20:24:13,0.75,Clear,Clear conditions throughout the day.,clear-day,"KVAY,KTTN,72409514792,C2398,72408594732,72407493780,KPNE",904
72,"Bristol, PA, United States",2022-07-21,35.9,25.5,30.5,39.7,25.5,32.7,21.4,60.6,2.01,100.0,8.33,rain,0,0,44.8,20.9,221.0,1005.3,11.3,16.0,263.5,22.8,9,75,2022-07-21T05:47:52,2022-07-21T20:23:28,0.8,Rain,Clear conditions throughout the day with afternoon rain.,rain,"KVAY,KTTN,72409514792,C2398,72408594732,72407493780,KPNE",904
73,"Bristol, PA, United States",2022-07-22,36.0,25.0,30.7,35.7,25.0,31.1,17.8,50.0,0.0,0.0,0.0,,0,0,33.5,20.3,270.8,1011.3,4.0,16.0,298.0,25.7,9,60,2022-07-22T05:48:43,2022-07-22T20:22:41,0.85,Clear,Clear conditions throughout the day.,clear-day,"KVAY,KTTN,72409514792,C2398,72408594732,72407493780,KPNE",904
74,"Bristol, PA, United States",2022-07-23,36.5,25.2,31.2,36.6,25.2,32.0,18.5,49.7,0.0,0.0,0.0,,0,0,29.5,14.4,270.6,1015.7,0.6,16.0,296.3,25.6,9,30,2022-07-23T05:49:34,2022-07-23T20:21:53,0.89,Clear,Clear conditions throughout the day.,clear-day,"KVAY,KTTN,72409514792,C2398,72408594732,72407493780,KPNE",904
75,"Bristol, PA, United States",2022-07-24,36.9,24.6,31.0,37.4,24.6,32.1,18.7,51.2,0.0,0.0,0.0,,0,0,47.9,22.6,241.6,1015.8,0.2,16.0,280.0,24.3,8,75,2022-07-24T05:50:26,2022-07-24T20:21:03,0.93,Clear,Clear conditions throughout the day.,clear-day,"KVAY,KTTN,72409514792,C2398,72408594732,72407493780,KPNE",904
76,"Bristol, PA, United States",2022-07-25,32.1,27.3,29.5,35.9,30.3,33.1,22.8,67.7,8.12,100.0,12.5,rain,0,0,47.3,20.3,230.2,1012.3,16.5,16.0,173.0,15.1,9,100,2022-07-25T05:51:19,2022-07-25T20:20:11,0.96,Rain,Clear conditions throughout the day with rain.,rain,"KVAY,KTTN,72409514792,C2398,72408594732,72407493780,KPNE",904
77,"Bristol, PA, United States",2022-07-26,27.1,22.6,25.0,29.1,22.6,25.1,16.6,60.4,0.0,0.0,0.0,,0,0,36.0,12.8,236.6,1015.5,12.1,16.0,120.3,10.4,3,30,2022-07-26T05:52:12,2022-07-26T20:19:17,0.98,Clear,Clear conditions throughout the day.,clear-day,"KVAY,KTTN,72409514792,C2398,72408594732,72407493780,KPNE",904
78,"Bristol, PA, United States",2022-07-27,31.1,21.9,26.4,32.1,21.9,27.0,18.1,61.7,0.16,100.0,8.33,rain,0,0,20.9,15.7,167.2,1013.7,66.0,16.0,229.3,19.7,9,10,2022-07-27T05:53:05,2022-07-27T20:18:22,1.0,"Rain, Partially cloudy",Partly cloudy throughout the day with early morning rain.,rain,"KVAY,KTTN,72409514792,C2398,72408594732,72407493780,KPNE",904
79,"Bristol, PA, United States",2022-07-28,33.4,23.5,27.9,36.4,23.5,29.4,21.8,71.5,11.18,100.0,20.83,rain,0,0,57.2,16.7,225.6,1010.7,51.4,15.0,223.1,19.1,10,30,2022-07-28T05:53:59,2022-07-28T20:17:25,1.0,"Rain, Partially cloudy",Partly cloudy throughout the day with rain.,rain,"KVAY,KTTN,72409514792,C2398,72408594732,72407493780,D8567,KPNE",904
80,"Bristol, PA, United States",2022-07-29,30.7,23.0,25.9,32.6,23.0,26.6,20.7,74.0,1.44,100.0,4.17,rain,0,0,20.5,13.0,276.6,1012.8,36.9,15.8,135.0,11.6,8,30,2022-07-29T05:54:54,2022-07-29T20:16:27,0.0,"Rain, Partially cloudy",Becoming cloudy in the afternoon with late afternoon rain.,rain,"KVAY,KTTN,72409514792,C2398,72408594732,72407493780,D8567,KPNE",904
81,"Bristol, PA, United States",2022-07-30,31.9,22.3,27.0,30.9,22.3,26.7,15.7,53.4,0.0,0.0,0.0,rain,0,0,36.1,20.7,308.6,1016.9,30.4,16.0,296.7,25.3,9,10,2022-07-30T05:55:48,2022-07-30T20:15:27,0.01,Partially cloudy,Partly cloudy throughout the day.,partly-cloudy-day,"KVAY,KTTN,72409514792,C2398,72408594732,72407493780,D8567,KPNE",904
82,"Bristol, PA, United States",2022-07-31,31.6,19.4,25.7,31.3,19.4,25.8,16.3,58.3,1.72,100.0,8.33,rain,0,0,29.5,12.8,181.9,1020.5,32.4,16.0,216.2,18.6,9,10,2022-07-31T05:56:43,2022-07-31T20:14:25,0.04,"Rain, Partially cloudy",Partly cloudy throughout the day with late afternoon rain.,rain,"KVAY,KTTN,72409514792,C2398,72408594732,72407493780,D8567,KPNE",904
83,"Bristol, PA, United States",2022-08-01,25.9,20.1,22.4,25.9,20.1,22.4,19.4,83.5,3.71,100.0,25.0,rain,0,0,18.0,11.9,180.6,1014.6,83.3,14.2,75.5,6.5,4,10,2022-08-01T05:57:39,2022-08-01T20:13:22,0.07,"Rain, Partially cloudy",Partly cloudy throughout the day with rain clearing later.,rain,"KVAY,KTTN,72409514792,C2398,72408594732,72407493780,KPNE",904
84,"Bristol, PA, United States",2022-08-02,33.2,21.1,27.2,34.7,21.1,28.1,19.5,65.7,0.59,100.0,8.33,rain,0,0,33.0,20.3,215.1,1010.4,16.2,15.5,254.2,21.8,10,60,2022-08-02T05:58:34,2022-08-02T20:12:17,0.1,Rain,Clear conditions throughout the day with early morning rain.,rain,"KVAY,KTTN,72409514792,C2398,72408594732,72407493780,KPNE",904
85,"Bristol, PA, United States",2022-08-03,33.0,21.5,27.8,32.9,21.5,27.8,16.5,52.0,0.0,0.0,0.0,,0,0,27.7,14.2,270.9,1015.1,0.6,16.0,281.7,24.3,9,10,2022-08-03T05:59:30,2022-08-03T20:11:11,0.14,Clear,Clear conditions throughout the day.,clear-day,"KVAY,KTTN,72409514792,C2398,72408594732,72407493780,D8567,KPNE",904
86,"Bristol, PA, United States",2022-08-04,35.9,21.9,29.2,39.6,21.9,31.1,20.3,61.0,0.0,0.0,0.0,,0,0,33.5,18.4,168.2,1017.2,17.0,15.7,262.5,22.6,9,60,2022-08-04T06:00:26,2022-08-04T20:10:04,0.2,Clear,Clear conditions throughout the day.,clear-day,"KVAY,KTTN,72409514792,C2398,72408594732,72407493780,D8567,KPNE",904
87,"Bristol, PA, United States",2022-08-05,33.1,23.0,27.4,35.3,23.0,28.6,20.9,69.6,4.16,100.0,20.83,rain,0,0,55.4,20.5,251.3,1020.4,22.6,15.7,175.5,15.2,7,60,2022-08-05T06:01:23,2022-08-05T20:08:55,0.25,"Rain, Partially cloudy",Partly cloudy throughout the day with rain.,rain,"KVAY,KTTN,72409514792,C2398,72408594732,72407493780,D8567,KPNE",904
88,"Bristol, PA, United States",2022-08-06,32.3,23.0,27.8,35.9,23.0,29.6,21.7,71.0,3.88,100.0,12.5,rain,0,0,35.3,21.8,226.3,1022.6,25.4,15.7,289.9,25.1,9,60,2022-08-06T06:02:19,2022-08-06T20:07:45,0.31,"Rain, Partially cloudy",Partly cloudy throughout the day with early morning rain.,rain,"KVAY,KTTN,72409514792,C2398,72408594732,72407493780,KPNE",904
89,"Bristol, PA, United States",2022-08-07,33.6,25.5,29.7,37.8,25.5,32.3,22.1,65.6,1.4,100.0,4.17,rain,0,0,42.1,23.1,223.2,1021.0,30.2,16.0,197.8,16.9,10,60,2022-08-07T06:03:16,2022-08-07T20:06:34,0.36,"Rain, Partially cloudy",Partly cloudy throughout the day with afternoon rain.,rain,"KVAY,KTTN,72409514792,C2398,72408594732,72407493780,KPNE",904
90,"Bristol, PA, United States",2022-08-08,34.2,26.0,30.1,38.5,26.0,33.2,22.7,66.1,0.47,100.0,4.17,rain,0,0,37.8,40.8,232.2,1016.3,26.9,16.0,175.2,15.0,8,60,2022-08-08T06:04:13,2022-08-08T20:05:21,0.41,"Rain, Partially cloudy",Partly cloudy throughout the day with afternoon rain.,rain,"KVAY,KTTN,72409514792,C2398,72408594732,72407493780,KPNE",904
91,"Bristol, PA, United States",2022-08-09,36.9,26.9,30.8,41.7,30.1,35.0,23.1,65.6,4.81,100.0,16.67,rain,0,0,55.4,23.1,257.4,1013.8,23.3,15.7,260.8,22.6,10,75,2022-08-09T06:05:10,2022-08-09T20:04:07,0.45,"Rain, Partially cloudy",Partly cloudy throughout the day with late afternoon rain.,rain,"KVAY,KTTN,72409514792,C2398,72408594732,72407493780,KPNE",904
92,"Bristol, PA, United States",2022-08-10,32.6,24.6,28.4,34.5,24.6,29.4,20.7,65.0,0.0,0.0,0.0,rain,0,0,24.8,13.9,210.5,1016.2,52.3,15.7,215.5,18.6,9,60,2022-08-10T06:06:07,2022-08-10T20:02:51,0.48,Partially cloudy,Partly cloudy throughout the day.,partly-cloudy-day,"KVAY,KTTN,72409514792,C2398,72408594732,72407493780,KPNE",904
93,"Bristol, PA, United States",2022-08-11,31.7,22.8,27.1,31.4,22.8,27.3,18.9,64.2,13.71,100.0,25.0,rain,0,0,38.9,13.7,224.6,1012.6,47.0,15.2,208.7,17.8,9,30,2022-08-11T06:07:04,2022-08-11T20:01:35,0.5,"Rain, Partially cloudy",Clearing in the afternoon with a chance of rain throughout the day.,rain,"KVAY,KTTN,72409514792,C2398,72408594732,72407493780,KPNE",904
94,"Bristol, PA, United States",2022-08-12,30.1,21.5,25.5,28.5,21.5,25.2,11.3,42.6,0.0,0.0,0.0,,0,0,40.0,20.9,196.5,1015.1,27.4,16.0,274.8,23.7,10,10,2022-08-12T06:08:01,2022-08-12T20:00:17,0.5,Partially cloudy,Partly cloudy throughout the day.,partly-cloudy-day,"KVAY,KTTN,72409514792,C2398,72408594732,72407493780,KPNE",904
95,"Bristol, PA, United States",2022-08-13,28.0,16.6,22.4,27.0,16.6,22.2,8.9,44.0,0.0,0.0,0.0,,0,0,40.0,22.2,166.3,1018.7,0.2,16.0,283.5,24.6,9,10,2022-08-13T06:08:59,2022-08-13T19:58:58,0.52,Clear,Clear conditions throughout the day.,clear-day,"KVAY,KTTN,72409514792,C2398,72408594732,72407493780,KPNE",904
96,"Bristol, PA, United States",2022-08-14,29.2,17.9,23.0,28.1,17.9,22.9,12.7,54.7,0.0,0.0,0.0,,0,0,27.7,16.5,133.6,1017.4,9.5,16.0,216.0,18.5,8,10,2022-08-14T06:09:56,2022-08-14T19:57:38,0.54,Clear,Clear conditions throughout the day.,clear-day,"KVAY,KTTN,72409514792,C2398,72408594732,72407493780,KPNE",904
97,"Bristol, PA, United States",2022-08-15,28.2,17.3,22.6,27.8,17.3,22.5,13.1,57.4,0.0,0.0,0.0,,0,0,34.2,18.7,110.8,1015.4,6.8,16.0,250.7,21.8,9,10,2022-08-15T06:10:53,2022-08-15T19:56:17,0.58,Clear,Clear conditions throughout the day.,clear-day,"KVAY,KTTN,72409514792,C2398,72408594732,72407493780,KPNE",904
98,"Bristol, PA, United States",2022-08-16,28.4,16.0,22.3,27.6,16.0,22.2,12.8,57.9,0.0,0.0,0.0,,0,0,42.7,21.8,118.8,1015.7,2.7,16.0,279.5,23.9,9,10,2022-08-16T06:11:51,2022-08-16T19:54:55,0.62,Clear,Clear conditions throughout the day.,clear-day,"KVAY,KTTN,72409514792,C2398,72408594732,72407493780,KPNE",904
99,"Bristol, PA, United States",2022-08-17,27.6,18.1,23.1,27.3,18.1,23.0,13.7,58.3,0.0,0.0,0.0,,0,0,19.8,14.6,152.6,1015.5,46.5,16.0,195.4,16.9,8,10,2022-08-17T06:12:48,2022-08-17T19:53:32,0.67,Partially cloudy,Becoming cloudy in the afternoon.,partly-cloudy-day,"KVAY,KTTN,72409514792,C2398,72408594732,72407493780,KPNE",904
100,"Bristol, PA, United States",2022-08-18,30.3,16.6,23.9,29.1,16.6,23.6,13.1,54.2,0.0,0.0,0.0,,0,0,31.7,18.3,294.8,1013.5,4.8,16.0,267.8,23.2,9,10,2022-08-18T06:13:45,2022-08-18T19:52:08,0.72,Clear,Clear conditions throughout the day.,clear-day,"KVAY,KTTN,72409514792,C2398,72408594732,72407493780,KPNE",904
101,"Bristol, PA, United States",2022-08-19,33.0,17.9,25.8,31.9,17.9,25.6,14.7,53.8,0.0,0.0,0.0,,0,0,29.5,15.0,138.3,1017.5,11.0,16.0,240.1,20.9,9,10,2022-08-19T06:14:43,2022-08-19T19:50:43,0.77,Clear,Clear conditions throughout the day.,clear-day,"KVAY,KTTN,72409514792,C2398,72408594732,72407493780,KPNE",904
102,"Bristol, PA, United States",2022-08-20,33.1,22.1,27.3,32.5,22.1,27.3,17.0,56.2,0.0,0.0,0.0,,0,0,27.7,18.4,168.5,1020.4,8.6,16.0,245.4,21.2,9,30,2022-08-20T06:15:40,2022-08-20T19:49:17,0.82,Clear,Clear conditions throughout the day.,clear-day,"KVAY,KTTN,72409514792,C2398,72408594732,72407493780,KPNE",904
103,"Bristol, PA, United States",2022-08-21,30.0,20.4,24.7,31.2,20.4,25.0,19.0,72.2,1.15,100.0,4.17,rain,0,0,31.7,13.5,98.4,1018.9,31.2,15.4,143.8,12.3,8,60,2022-08-21T06:16:38,2022-08-21T19:47:50,0.86,"Rain, Partially cloudy",Partly cloudy throughout the day with late afternoon rain.,rain,"KVAY,KTTN,72409514792,C2398,72408594732,72407493780,KPNE",904
104,"Bristol, PA, United States",2022-08-22,29.7,21.6,24.8,31.9,21.6,25.4,21.4,82.4,16.39,100.0,50.0,rain,0,0,40.7,17.7,121.9,1012.5,80.8,15.0,113.2,9.7,4,100,2022-08-22T06:17:35,2022-08-22T19:46:22,0.9,"Rain, Partially cloudy",Partly cloudy throughout the day with a chance of rain throughout the day.,rain,"KVAY,KTTN,72409514792,C2398,72408594732,72407493780,KPNE",904
105,"Bristol, PA, United States",2022-08-23,30.3,20.1,24.9,31.4,20.1,25.3,18.9,71.8,0.09,100.0,4.17,rain,0,0,31.7,19.3,246.2,1010.3,47.1,14.0,185.8,16.0,9,30,2022-08-23T06:18:32,2022-08-23T19:44:53,0.94,"Rain, Partially cloudy",Partly cloudy throughout the day with early morning rain.,rain,"KVAY,KTTN,72409514792,C2398,72408594732,72407493780,KPNE",904
106,"Bristol, PA, United States",2022-08-24,31.9,19.9,25.9,31.0,19.9,25.8,16.5,59.6,0.0,0.0,0.0,,0,0,29.5,14.6,272.7,1014.6,10.4,16.0,231.4,20.0,9,10,2022-08-24T06:19:29,2022-08-24T19:43:24,0.97,Clear,Clear conditions throughout the day.,clear-day,"KVAY,KTTN,72409514792,C2398,72408594732,72407493780,KPNE",904
107,"Bristol, PA, United States",2022-08-25,33.0,18.9,26.0,32.2,18.9,25.8,15.7,56.4,0.0,0.0,0.0,,0,0,33.5,13.0,134.2,1016.8,5.3,15.9,230.4,19.9,8,10,2022-08-25T06:20:26,2022-08-25T19:41:54,0.99,Clear,Clear conditions throughout the day.,clear-day,"KVAY,KTTN,72409514792,C2398,72408594732,72407493780,KPNE",904
108,"Bristol, PA, United States",2022-08-26,33.1,22.5,27.8,34.4,22.5,28.5,19.3,62.2,0.0,0.0,0.0,rain,0,0,32.8,19.4,182.3,1013.7,21.0,15.8,249.0,21.4,10,100,2022-08-26T06:21:24,2022-08-26T19:40:23,1.0,Partially cloudy,Partly cloudy throughout the day.,partly-cloudy-day,"KVAY,KTTN,72409514792,C2398,72408594732,72407493780,KPNE",904
109,"Bristol, PA, United States",2022-08-27,32.5,22.1,27.3,32.9,22.1,27.5,18.6,61.5,0.0,0.0,0.0,rain,0,0,22.3,16.6,144.3,1015.2,27.4,15.9,239.1,20.7,8,60,2022-08-27T06:22:21,2022-08-27T19:38:51,0.0,Partially cloudy,Partly cloudy throughout the day.,partly-cloudy-day,"KVAY,KTTN,72409514792,C2398,72408594732,72407493780,KPNE",904
110,"Bristol, PA, United States",2022-08-28,29.9,23.1,25.9,32.5,23.1,26.7,21.4,77.3,0.0,0.0,0.0,,0,0,38.9,19.3,86.7,1019.6,81.7,14.7,205.4,17.9,8,75,2022-08-28T06:23:18,2022-08-28T19:37:19,0.01,Partially cloudy,Partly cloudy throughout the day.,partly-cloudy-day,"KVAY,KTTN,72409514792,C2398,72408594732,72407493780,KPNE",904
111,"Bristol, PA, United States",2022-08-29,32.8,23.1,27.0,34.0,23.1,27.7,21.0,72.5,1.31,100.0,4.17,rain,0,0,34.9,13.5,138.6,1019.1,47.1,13.3,194.5,16.8,9,30,2022-08-29T06:24:15,2022-08-29T19:35:46,0.02,"Rain, Partially cloudy",Clearing in the afternoon with late afternoon rain.,rain,"KVAY,KTTN,72409514792,C2398,72408594732,72407493780,KPNE",904
112,"Bristol, PA, United States",2022-08-30,33.8,23.8,27.4,35.7,23.8,28.4,21.5,73.0,5.78,100.0,12.5,rain,0,0,50.0,18.6,213.4,1012.0,57.6,15.6,243.6,21.1,9,60,2022-08-30T06:25:12,2022-08-30T19:34:12,0.05,"Rain, Partially cloudy",Clearing in the afternoon with late afternoon rain.,rain,"KVAY,KTTN,72409514792,C2398,72408594732,72407493780,KPNE",904
113,"Bristol, PA, United States",2022-08-31,29.2,21.3,24.8,28.4,21.3,24.7,16.2,62.8,0.0,0.0,0.0,,0,0,33.9,20.9,286.2,1010.0,18.6,15.9,214.6,18.7,9,30,2022-08-31T06:26:09,2022-08-31T19:32:38,0.09,Clear,Clear conditions throughout the day.,clear-day,"KVAY,KTTN,72409514792,C2398,72408594732,72407493780,KPNE",904
114,"Bristol, PA, United States",2022-09-01,30.8,18.8,24.4,29.5,18.8,24.1,12.1,48.5,0.0,0.0,0.0,,0,0,33.5,19.8,258.7,1014.2,0.0,16.0,239.6,20.6,8,10,2022-09-01T06:27:05,2022-09-01T19:31:04,0.13,Clear,Clear conditions throughout the day.,clear-day,"KVAY,KTTN,72409514792,C2398,72408594732,72407493780,KPNE",904
115,"Bristol, PA, United States",2022-09-02,27.7,15.5,21.3,27.1,15.5,21.3,11.4,55.2,0.0,0.0,0.0,,0,0,25.9,18.7,59.7,1022.8,0.0,16.0,243.7,21.1,8,10,2022-09-02T06:28:02,2022-09-02T19:29:28,0.18,Clear,Clear conditions throughout the day.,clear-day,"KVAY,KTTN,72409514792,C2398,72408594732,72407493780,D7364,KPNE",904
116,"Bristol, PA, United States",2022-09-03,29.2,16.9,22.8,29.7,16.9,22.9,16.8,71.1,0.0,0.0,0.0,rain,0,0,24.1,13.2,91.0,1023.9,17.7,16.0,217.5,18.9,8,10,2022-09-03T06:28:59,2022-09-03T19:27:53,0.24,Clear,Clear conditions throughout the day.,clear-day,"KVAY,KTTN,72409514792,C2398,72408594732,72407493780,KPNE",904
117,"Bristol, PA, United States",2022-09-04,31.7,19.4,25.9,33.0,19.4,26.4,18.6,66.7,0.0,0.0,0.0,rain,0,0,29.2,13.5,177.2,1019.7,19.5,16.0,212.7,18.3,8,30,2022-09-04T06:29:56,2022-09-04T19:26:16,0.29,Clear,Clear conditions throughout the day.,clear-day,"KVAY,KTTN,72409514792,C2398,72408594732,72407493780,KPNE",904
118,"Bristol, PA, United States",2022-09-05,31.2,22.1,26.1,31.2,22.1,26.4,18.5,64.6,0.0,0.0,0.0,rain,0,0,33.5,15.8,149.2,1018.1,38.4,16.0,183.0,16.1,9,30,2022-09-05T06:30:52,2022-09-05T19:24:40,0.35,Partially cloudy,Partly cloudy throughout the day.,partly-cloudy-day,"KVAY,KTTN,72409514792,C2398,72408594732,72407493780,KPNE",904
119,"Bristol, PA, United States",2022-09-06,24.6,20.5,22.4,24.6,20.5,22.4,20.5,88.7,34.98,100.0,58.33,rain,0,0,38.9,22.1,97.5,1015.0,97.8,12.8,54.0,4.8,4,30,2022-09-06T06:31:49,2022-09-06T19:23:03,0.4,"Rain, Overcast",Cloudy skies throughout the day with a chance of rain throughout the day.,rain,"KVAY,KTTN,72409514792,C2398,72408594732,72407493780,KPNE",904
120,"Bristol, PA, United States",2022-09-07,22.8,19.8,21.0,22.8,19.8,21.0,18.0,83.0,0.55,100.0,25.0,rain,0,0,37.4,20.3,34.5,1014.8,100.0,15.0,77.5,6.6,4,10,2022-09-07T06:32:46,2022-09-07T19:21:25,0.44,"Rain, Overcast",Cloudy skies throughout the day with rain.,rain,"KVAY,KTTN,72409514792,C2398,72408594732,72407493780,KPNE",904
121,"Bristol, PA, United States",2022-09-08,26.5,17.5,21.8,26.5,17.5,21.8,15.1,67.9,0.0,0.0,0.0,,0,0,31.7,20.6,54.0,1013.1,45.6,16.0,193.9,16.8,9,10,2022-09-08T06:33:43,2022-09-08T19:19:47,0.47,Partially cloudy,Partly cloudy throughout the day.,partly-cloudy-day,"KVAY,KTTN,72409514792,C2398,72408594732,72407493780,KPNE",904
122,"Bristol, PA, United States",2022-09-09,27.7,15.1,21.0,27.1,15.1,21.0,13.2,64.9,0.0,0.0,0.0,,0,0,24.1,14.1,153.1,1017.5,0.0,15.7,227.1,19.6,8,10,2022-09-09T06:34:39,2022-09-09T19:18:09,0.49,Clear,Clear conditions throughout the day.,clear-day,"KVAY,KTTN,72409514792,C2398,72408594732,72407493780,D7364,KPNE",904
123,"Bristol, PA, United States",2022-09-10,28.1,13.4,21.2,27.9,13.4,21.2,14.3,67.5,0.0,0.0,0.0,,0,0,16.6,10.5,102.5,1023.2,0.9,15.9,225.3,19.4,8,10,2022-09-10T06:35:36,2022-09-10T19:16:31,0.5,Clear,Clear conditions throughout the day.,clear-day,"KVAY,KTTN,72409514792,C2398,72408594732,72407493780,KPNE",904
124,"Bristol, PA, United States",2022-09-11,23.9,20.8,22.1,23.9,20.8,22.1,19.3,84.3,7.71,100.0,37.5,rain,0,0,28.8,12.6,65.8,1019.5,82.7,13.5,66.8,5.8,3,10,2022-09-11T06:36:33,2022-09-11T19:14:52,0.51,"Rain, Partially cloudy",Partly cloudy throughout the day with rain.,rain,"KVAY,KTTN,72409514792,C2398,72408594732,72407493780,KPNE",904
125,"Bristol, PA, United States",2022-09-12,28.7,22.1,24.9,30.9,22.1,25.4,21.5,82.5,1.93,100.0,16.67,rain,0,0,28.4,9.6,161.9,1010.5,84.9,14.4,177.4,15.3,9,60,2022-09-12T06:37:29,2022-09-12T19:13:13,0.53,"Rain, Partially cloudy",Partly cloudy throughout the day with rain.,rain,"KVAY,KTTN,72409514792,C2398,72408594732,72407493780,KPNE",904
126,"Bristol, PA, United States",2022-09-13,28.3,19.6,24.3,29.3,19.6,24.5,18.3,72.0,2.56,100.0,16.67,rain,0,0,34.6,21.7,240.1,1007.9,63.7,15.1,145.2,12.5,8,30,2022-09-13T06:38:26,2022-09-13T19:11:34,0.56,"Rain, Partially cloudy",Partly cloudy throughout the day with early morning rain.,rain,"KVAY,KTTN,72409514792,C2398,72408594732,72407493780,KPNE",904
127,"Bristol, PA, United States",2022-09-14,26.8,16.1,21.3,26.9,16.1,21.3,13.1,60.7,0.0,0.0,0.0,,0,0,31.7,19.4,289.7,1014.8,2.6,16.0,221.9,19.2,8,10,2022-09-14T06:39:23,2022-09-14T19:09:54,0.6,Clear,Clear conditions throughout the day.,clear-day,"KVAY,KTTN,72409514792,C2398,72408594732,72407493780,KPNE",904
128,"Bristol, PA, United States",2022-09-15,24.0,14.8,20.1,24.0,14.8,20.1,10.4,57.1,0.0,0.0,0.0,,0,0,36.6,20.7,319.6,1020.6,0.0,16.0,225.2,19.4,8,10,2022-09-15T06:40:20,2022-09-15T19:08:15,0.64,Clear,Clear conditions throughout the day.,clear-day,"KVAY,KTTN,72409514792,C2398,72408594732,72407493780,KPNE",904
129,"Bristol, PA, United States",2022-09-16,25.1,11.1,18.0,25.1,11.1,18.0,10.0,61.7,0.0,0.0,0.0,,0,0,18.0,12.3,288.5,1022.3,0.3,16.0,200.6,17.3,7,10,2022-09-16T06:41:17,2022-09-16T19:06:35,0.69,Clear,Clear conditions throughout the day.,clear-day,"KVAY,KTTN,72409514792,C2398,72408594732,72407493780,KPNE",904
130,"Bristol, PA, United States",2022-09-17,27.1,15.4,21.2,27.6,15.4,21.3,14.4,66.5,0.0,0.0,0.0,,0,0,26.3,12.1,129.2,1023.1,27.6,15.9,190.4,16.5,7,10,2022-09-17T06:42:14,2022-09-17T19:04:56,0.74,Partially cloudy,Becoming cloudy in the afternoon.,partly-cloudy-day,"KVAY,KTTN,72409514792,C2398,72408594732,72407493780,KPNE",904
131,"Bristol, PA, United States",2022-09-18,28.8,16.8,22.6,28.6,16.8,22.6,15.5,67.0,0.0,0.0,0.0,,0,0,31.7,16.6,232.8,1018.7,3.5,15.6,199.0,17.2,7,10,2022-09-18T06:43:11,2022-09-18T19:03:16,0.78,Clear,Clear conditions throughout the day.,clear-day,"KVAY,KTTN,72409514792,C2398,72408594732,72407493780,KPNE",904
132,"Bristol, PA, United States",2022-09-19,30.4,19.4,23.6,30.2,19.4,23.6,17.1,69.5,0.5,100.0,4.17,rain,0,0,45.2,22.8,238.3,1013.6,23.5,15.8,196.7,16.8,8,30,2022-09-19T06:44:08,2022-09-19T19:01:36,0.83,"Rain, Partially cloudy",Becoming cloudy in the afternoon with afternoon rain.,rain,"KVAY,KTTN,72409514792,C2398,72408594732,72407493780,KPNE",904
133,"Bristol, PA, United States",2022-09-20,27.2,18.5,22.2,27.1,18.5,22.2,15.1,66.7,0.0,0.0,0.0,,0,0,43.1,19.2,249.0,1012.7,26.2,15.2,175.5,15.3,9,10,2022-09-20T06:45:05,2022-09-20T18:59:56,0.87,Partially cloudy,Becoming cloudy in the afternoon.,partly-cloudy-day,"KVAY,KTTN,72409514792,C2398,72408594732,72407493780,KPNE",904
134,"Bristol, PA, United States",2022-09-21,27.7,15.3,21.7,27.7,15.3,21.7,14.3,65.5,0.0,0.0,0.0,,0,0,33.5,15.1,247.5,1013.4,3.4,16.0,209.1,18.2,8,10,2022-09-21T06:46:03,2022-09-21T18:58:16,0.91,Clear,Clear conditions throughout the day.,clear-day,"KVAY,KTTN,72409514792,C2398,72408594732,72407493780,KPNE",904
135,"Bristol, PA, United States",2022-09-22,26.4,14.6,20.5,26.4,14.6,20.5,15.0,71.7,1.53,100.0,16.67,rain,0,0,45.7,26.1,261.3,1005.4,35.5,15.6,79.2,6.9,5,30,2022-09-22T06:47:00,2022-09-22T18:56:37,0.95,"Rain, Partially cloudy",Partly cloudy throughout the day with afternoon rain.,rain,"KVAY,KTTN,72409514792,C2398,72408594732,72407493780,KPNE",904
136,"Bristol, PA, United States",2022-09-23,18.6,10.8,14.1,18.6,10.8,14.1,3.1,49.1,0.0,0.0,0.0,,0,0,53.2,30.5,329.2,1014.1,18.6,16.0,207.5,18.0,8,10,2022-09-23T06:47:58,2022-09-23T18:54:57,0.97,Clear,Clear conditions throughout the day.,clear-day,"KVAY,KTTN,72409514792,C2398,72408594732,72407493780,KPNE",904
137,"Bristol, PA, United States",2022-09-24,20.5,7.9,13.7,20.5,6.3,13.2,4.5,55.4,0.0,0.0,0.0,,0,0,34.6,18.5,277.1,1016.6,3.6,16.0,170.1,14.7,7,10,2022-09-24T06:48:55,2022-09-24T18:53:17,0.99,Clear,Clear conditions throughout the day.,clear-day,"KVAY,KTTN,72409514792,C2398,72408594732,72407493780,KPNE",904
138,"Bristol, PA, United States",2022-09-25,23.6,14.4,17.3,23.6,14.4,17.3,12.8,75.7,6.26,100.0,12.5,rain,0,0,54.2,16.2,162.0,1007.5,58.9,15.6,113.8,9.8,7,10,2022-09-25T06:49:53,2022-09-25T18:51:38,1.0,"Rain, Partially cloudy",Partly cloudy throughout the day with rain.,rain,"KVAY,KTTN,72409514792,C2398,72408594732,72407493780,KPNE",904
139,"Bristol, PA, United States",2022-09-26,24.4,13.6,19.2,24.4,13.6,19.2,10.7,61.9,0.06,100.0,4.17,rain,0,0,40.7,27.0,249.0,1006.3,38.8,16.0,148.8,12.7,7,10,2022-09-26T06:50:51,2022-09-26T18:49:59,0.0,"Rain, Partially cloudy",Partly cloudy throughout the day with early morning rain.,rain,"KVAY,KTTN,72409514792,C2398,72408594732,72407493780,KPNE",904
140,"Bristol, PA, United States",2022-09-27,21.4,13.2,17.3,21.4,13.2,17.3,6.8,51.3,0.0,0.0,0.0,,0,0,33.5,19.1,259.5,1011.7,27.4,16.0,158.4,13.8,7,10,2022-09-27T06:51:50,2022-09-27T18:48:20,0.01,Partially cloudy,Partly cloudy throughout the day.,partly-cloudy-day,"KVAY,KTTN,72409514792,C2398,72408594732,72407493780,KPNE",904
141,"Bristol, PA, United States",2022-09-28,20.6,9.1,15.3,20.6,8.3,15.2,7.9,62.5,0.0,0.0,0.0,,0,0,37.1,18.9,300.9,1020.0,25.8,16.0,176.2,15.4,8,10,2022-09-28T06:52:48,2022-09-28T18:46:41,0.04,Partially cloudy,Becoming cloudy in the afternoon.,partly-cloudy-day,"KVAY,KTTN,72409514792,C2398,72408594732,72407493780,D8567,KPNE",904
142,"Bristol, PA, United States",2022-09-29,19.8,10.2,15.3,19.8,10.2,15.3,7.5,61.4,0.0,0.0,0.0,,0,0,36.4,22.5,157.7,1026.8,4.6,16.0,202.2,17.5,8,10,2022-09-29T06:53:47,2022-09-29T18:45:02,0.07,Clear,Clear conditions throughout the day.,clear-day,"KVAY,KTTN,72409514792,C2398,72408594732,72407493780,D8567,KPNE",904
143,"Bristol, PA, United States",2022-09-30,18.4,10.5,14.1,18.4,10.5,14.1,7.7,65.6,0.0,71.4,0.0,rain,0,0,37.4,18.6,40.4,1024.4,30.7,19.6,96.6,8.3,3,10,2022-09-30T06:54:46,2022-09-30T18:43:24,0.12,"Rain, Partially cloudy",Becoming cloudy in the afternoon with a chance of rain.,rain,"KVAY,KTTN,C2398,D8567,KPNE",904
