,name,datetime,tempmax,tempmin,temp,feelslikemax,feelslikemin,feelslike,dew,humidity,precip,precipprob,precipcover,preciptype,snow,snowdepth,windgust,windspeed,winddir,sealevelpressure,cloudcover,visibility,solarradiation,solarenergy,uvindex,severerisk,sunrise,sunset,moonphase,conditions,description,icon,stations,skey
0,"Levittown, PA, United States",2022-05-10,22.3,9.9,15.8,22.3,7.5,15.7,-3.2,27.4,0.0,0.0,0.0,,0,0,51.8,30.3,60.9,1025.9,26.0,16.0,213.6,18.5,9,10,2022-05-10T05:48:51,2022-05-10T20:03:43,0.32,Partially cloudy,Becoming cloudy in the afternoon.,partly-cloudy-day,"KTTN,KVAY,72409514792,72408594732,72407493780,D7364,D5182,KPNE",905
1,"Levittown, PA, United States",2022-05-11,22.5,10.9,16.4,22.5,10.9,16.4,5.8,50.5,0.0,0.0,0.0,,0,0,48.2,27.5,49.2,1024.5,43.4,16.0,122.5,10.6,5,10,2022-05-11T05:47:49,2022-05-11T20:04:42,0.37,Partially cloudy,Partly cloudy throughout the day.,partly-cloudy-day,"KTTN,KVAY,72409514792,72408594732,72407493780,D7364,KPNE",905
2,"Levittown, PA, United States",2022-05-12,24.0,11.9,17.8,24.0,11.9,17.8,14.3,80.5,0.0,0.0,0.0,,0,0,35.3,22.1,67.2,1024.7,61.6,16.0,133.6,11.5,6,10,2022-05-12T05:46:48,2022-05-12T20:05:40,0.41,Partially cloudy,Partly cloudy throughout the day.,partly-cloudy-day,"KTTN,KVAY,72409514792,72408594732,72407493780,D7364,KPNE",905
3,"Levittown, PA, United States",2022-05-13,22.2,14.7,17.9,22.2,14.7,17.9,17.2,96.0,6.25,100.0,20.83,rain,0,0,27.4,19.1,70.9,1023.5,99.9,10.3,89.3,7.6,6,10,2022-05-13T05:45:48,2022-05-13T20:06:38,0.45,"Rain, Overcast",Cloudy skies throughout the day with rain in the morning and afternoon.,rain,"KTTN,KVAY,72409514792,72408594732,72407493780,D7364,E4814,KPNE",905
4,"Levittown, PA, United States",2022-05-14,20.0,17.0,18.4,20.0,17.0,18.4,18.2,98.6,5.99,100.0,33.33,rain,0,0,18.4,11.2,93.7,1017.8,84.7,6.6,43.9,3.8,2,10,2022-05-14T05:44:51,2022-05-14T20:07:35,0.48,"Rain, Partially cloudy",Partly cloudy throughout the day with rain.,rain,"KTTN,KVAY,72409514792,72408594732,72407493780,D7364,D5182,KPNE",905
5,"Levittown, PA, United States",2022-05-15,25.6,17.3,21.0,25.6,17.3,21.0,17.8,83.2,0.0,0.0,0.0,rain,0,0,19.4,15.8,177.5,1011.9,70.1,11.7,130.3,11.2,7,30,2022-05-15T05:43:54,2022-05-15T20:08:32,0.5,Partially cloudy,Partly cloudy throughout the day.,partly-cloudy-day,"KVAY,KTTN,72409514792,72408594732,72407493780,D7364,E4814,KPNE",905
6,"Levittown, PA, United States",2022-05-16,25.5,16.8,20.7,25.5,16.8,20.7,17.7,83.9,9.48,100.0,20.83,rain,0,0,56.8,23.4,150.1,1005.7,46.9,14.3,155.3,13.4,9,30,2022-05-16T05:43:00,2022-05-16T20:09:29,0.5,"Rain, Partially cloudy",Partly cloudy throughout the day with rain.,rain,"KVAY,KTTN,72409514792,72408594732,72407493780,D7364,E4814,KPNE",905
7,"Levittown, PA, United States",2022-05-17,25.9,12.1,19.5,25.9,12.1,19.5,8.4,53.9,0.0,0.0,0.0,,0,0,52.2,37.7,285.4,1008.7,8.5,16.0,300.1,25.9,10,10,2022-05-17T05:42:07,2022-05-17T20:10:25,0.52,Clear,Clear conditions throughout the day.,clear-day,"KTTN,KVAY,72409514792,72408594732,72407493780,D7364,KPNE",905
8,"Levittown, PA, United States",2022-05-18,22.2,11.1,17.1,22.2,11.1,17.1,6.6,51.4,0.0,0.0,0.0,,0,0,37.1,16.3,296.0,1014.2,10.3,16.0,177.0,15.2,8,10,2022-05-18T05:41:16,2022-05-18T20:11:20,0.54,Clear,Clear conditions throughout the day.,clear-day,"KTTN,KVAY,72409514792,72408594732,72407493780,D7364,KPNE",905
9,"Levittown, PA, United States",2022-05-19,24.0,12.6,17.1,24.0,12.6,17.1,14.4,85.0,11.64,100.0,33.33,rain,0,0,35.6,15.1,175.2,1008.0,73.7,13.7,84.8,7.4,4,30,2022-05-19T05:40:26,2022-05-19T20:12:15,0.58,"Rain, Partially cloudy",Partly cloudy throughout the day with rain clearing later.,rain,"KTTN,KVAY,72409514792,72408594732,72407493780,D7364,KPNE",905
10,"Levittown, PA, United States",2022-05-20,29.3,13.6,19.9,29.8,13.6,20.0,17.6,88.4,11.3,100.0,12.5,rain,0,0,51.8,15.8,67.2,1012.0,34.1,12.4,109.4,9.4,8,30,2022-05-20T05:39:38,2022-05-20T20:13:09,0.63,"Rain, Partially cloudy",Partly cloudy throughout the day with afternoon rain.,rain,"KTTN,KVAY,72409514792,72408594732,72407493780,D7364,KPNE",905
11,"Levittown, PA, United States",2022-05-21,33.5,17.9,25.7,35.6,17.9,26.9,19.7,73.5,0.0,0.0,0.0,,0,0,27.7,16.6,144.1,1015.3,24.0,10.7,161.8,14.0,8,100,2022-05-21T05:38:52,2022-05-21T20:14:02,0.68,Partially cloudy,Partly cloudy throughout the day.,partly-cloudy-day,"KTTN,KVAY,72409514792,72408594732,72407493780,D7364,KPNE",905
12,"Levittown, PA, United States",2022-05-22,31.9,23.0,26.5,33.8,23.0,27.3,20.3,70.0,0.59,100.0,8.33,rain,0,0,50.0,18.4,245.9,1015.9,11.8,15.9,173.2,14.8,8,100,2022-05-22T05:38:07,2022-05-22T20:14:55,0.74,Rain,Clear conditions throughout the day with late afternoon rain.,rain,"KTTN,KVAY,72409514792,72408594732,72407493780,D7364,KPNE",905
13,"Levittown, PA, United States",2022-05-23,23.6,15.0,20.2,23.6,15.0,20.2,10.8,56.1,0.04,100.0,4.17,rain,0,0,42.6,28.6,223.2,1021.1,30.4,16.0,168.9,14.4,8,10,2022-05-23T05:37:25,2022-05-23T20:15:47,0.79,"Rain, Partially cloudy",Partly cloudy throughout the day with early morning rain.,rain,"KTTN,KVAY,72409514792,72408594732,72407493780,D7364,KPNE",905
14,"Levittown, PA, United States",2022-05-24,19.7,14.3,17.4,19.7,14.3,17.4,9.9,62.3,0.62,100.0,12.5,rain,0,0,32.1,22.3,95.0,1024.5,95.1,16.0,150.3,13.0,9,10,2022-05-24T05:36:44,2022-05-24T20:16:38,0.85,"Rain, Overcast",Cloudy skies throughout the day with rain clearing later.,rain,"KTTN,KVAY,72409514792,72408594732,72407493780,D7364,KPNE",905
15,"Levittown, PA, United States",2022-05-25,22.4,11.0,16.4,22.4,11.0,16.4,9.2,65.0,0.0,0.0,0.0,,0,0,33.5,19.5,85.0,1027.4,32.2,16.0,182.4,15.6,8,10,2022-05-25T05:36:04,2022-05-25T20:17:29,0.89,Partially cloudy,Partly cloudy throughout the day.,partly-cloudy-day,"KTTN,KVAY,72409514792,72408594732,72407493780,D7364,KPNE",905
16,"Levittown, PA, United States",2022-05-26,22.7,11.0,17.3,22.7,11.0,17.3,12.8,75.5,0.0,0.0,0.0,,0,0,27.4,15.6,115.9,1023.9,79.4,15.9,79.0,6.8,2,10,2022-05-26T05:35:27,2022-05-26T20:18:18,0.93,Partially cloudy,Partly cloudy throughout the day.,partly-cloudy-day,"KTTN,KVAY,72409514792,72408594732,72407493780,D7364,KPNE",905
17,"Levittown, PA, United States",2022-05-27,25.3,18.5,20.4,25.3,18.5,20.4,19.3,93.8,6.09,100.0,12.5,rain,0,0,46.1,17.6,186.5,1012.9,88.6,11.7,56.0,5.0,3,30,2022-05-27T05:34:52,2022-05-27T20:19:07,0.96,"Rain, Partially cloudy",Partly cloudy throughout the day with rain.,rain,"KTTN,KVAY,72409514792,72408594732,72407493780,D7364,D5182,KPNE",905
18,"Levittown, PA, United States",2022-05-28,24.8,18.7,21.3,24.8,18.7,21.3,17.5,80.7,7.96,100.0,25.0,rain,0,0,38.6,22.8,268.7,1007.8,66.2,15.2,135.3,12.0,8,30,2022-05-28T05:34:18,2022-05-28T20:19:54,0.99,"Rain, Partially cloudy",Partly cloudy throughout the day with rain.,rain,"KTTN,KVAY,72409514792,72408594732,72407493780,D7364,KPNE",905
19,"Levittown, PA, United States",2022-05-29,26.6,15.2,21.5,26.6,15.2,21.5,14.4,67.1,0.0,0.0,0.0,,0,0,18.7,11.0,230.4,1016.7,27.0,16.0,115.9,9.8,9,10,2022-05-29T05:33:46,2022-05-29T20:20:41,1.0,Partially cloudy,Becoming cloudy in the afternoon.,partly-cloudy-day,"KTTN,KVAY,72409514792,72408594732,72407493780,D7364,E4814,KPNE",905
20,"Levittown, PA, United States",2022-05-30,30.8,15.5,24.1,32.1,15.5,24.8,18.1,71.5,0.0,0.0,0.0,rain,0,0,31.7,14.5,159.1,1018.6,6.6,15.7,150.5,12.9,9,30,2022-05-30T05:33:17,2022-05-30T20:21:26,0.0,Clear,Clear conditions throughout the day.,clear-day,"KTTN,KVAY,72409514792,72408594732,72407493780,D7364,KPNE",905
21,"Levittown, PA, United States",2022-05-31,34.0,22.1,28.3,34.7,22.1,28.9,19.0,60.5,0.0,0.0,0.0,,0,0,35.3,20.4,279.4,1014.9,6.1,16.0,152.8,13.2,8,30,2022-05-31T05:32:49,2022-05-31T20:22:11,0.0,Clear,Clear conditions throughout the day.,clear-day,"KTTN,KVAY,72409514792,72408594732,72407493780,D7364,E4814,KPNE",905
22,"Levittown, PA, United States",2022-06-01,27.7,16.7,21.6,28.8,16.7,21.6,17.3,77.4,0.0,0.0,0.0,rain,0,0,25.9,22.9,120.2,1012.7,42.2,15.4,159.1,13.9,8,30,2022-06-01T05:32:23,2022-06-01T20:22:54,0.02,Partially cloudy,Clearing in the afternoon.,partly-cloudy-day,"KTTN,KVAY,72409514792,72408594732,72407493780,D7364,KPNE",905
23,"Levittown, PA, United States",2022-06-02,27.6,16.3,21.5,29.1,16.3,21.7,18.5,83.9,13.57,100.0,54.17,rain,0,0,62.2,12.7,175.2,1007.5,71.4,14.0,120.0,10.4,7,30,2022-06-02T05:31:59,2022-06-02T20:23:36,0.04,"Rain, Partially cloudy",Partly cloudy throughout the day with a chance of rain throughout the day.,rain,"KTTN,KVAY,72409514792,72408594732,72407493780,D7364,KPNE",905
24,"Levittown, PA, United States",2022-06-03,26.1,17.9,21.7,26.1,17.9,21.7,15.6,71.9,2.8,100.0,8.33,rain,0,0,27.7,14.9,213.8,1007.7,42.6,12.9,141.3,12.1,8,10,2022-06-03T05:31:36,2022-06-03T20:24:17,0.07,"Rain, Partially cloudy",Partly cloudy throughout the day with morning rain.,rain,"KTTN,KVAY,72409514792,72408594732,72407493780,D7364,KPNE",905
25,"Levittown, PA, United States",2022-06-04,28.0,14.1,21.9,27.0,14.1,21.6,9.3,50.1,0.0,0.0,0.0,,0,0,37.3,17.9,243.1,1011.3,2.5,16.0,164.2,14.1,9,10,2022-06-04T05:31:16,2022-06-04T20:24:57,0.11,Clear,Clear conditions throughout the day.,clear-day,"KTTN,KVAY,72409514792,72408594732,72407493780,D7364,KPNE",905
26,"Levittown, PA, United States",2022-06-05,25.2,13.2,19.8,25.2,13.2,19.8,5.2,40.3,0.0,0.0,0.0,,0,0,27.7,16.6,144.0,1015.1,0.0,16.0,153.5,13.1,9,10,2022-06-05T05:30:58,2022-06-05T20:25:35,0.14,Clear,Clear conditions throughout the day.,clear-day,"KTTN,KVAY,72409514792,72408594732,72407493780,D7364,KPNE",905
27,"Levittown, PA, United States",2022-06-06,26.6,11.8,20.3,26.6,11.8,20.3,7.8,47.6,0.0,0.0,0.0,,0,0,33.5,13.4,158.7,1017.0,0.0,16.0,160.8,13.8,8,10,2022-06-06T05:30:42,2022-06-06T20:26:12,0.19,Clear,Clear conditions throughout the day.,clear-day,"KTTN,KVAY,72409514792,72408594732,72407493780,D7364,KPNE",905
28,"Levittown, PA, United States",2022-06-07,25.5,14.4,20.8,25.5,14.4,20.8,14.2,67.1,2.34,100.0,12.5,rain,0,0,39.6,23.9,169.9,1016.0,43.2,15.7,78.1,6.7,3,10,2022-06-07T05:30:27,2022-06-07T20:26:48,0.24,"Rain, Partially cloudy",Partly cloudy throughout the day with late afternoon rain.,rain,"KTTN,KVAY,72409514792,72408594732,72407493780,D7364,KPNE",905
29,"Levittown, PA, United States",2022-06-08,29.1,19.5,24.5,29.2,19.5,24.5,17.2,67.0,0.31,100.0,8.33,rain,0,0,44.6,18.9,233.1,1011.2,53.6,15.5,162.4,13.8,9,30,2022-06-08T05:30:15,2022-06-08T20:27:22,0.29,"Rain, Partially cloudy",Clearing in the afternoon with early morning rain.,rain,"KTTN,KVAY,72409514792,72408594732,72407493780,D7364,KPNE",905
30,"Levittown, PA, United States",2022-06-09,27.0,20.0,23.5,27.8,20.0,23.6,16.4,67.5,16.75,100.0,33.33,rain,0,0,51.8,31.3,235.5,1005.0,57.9,14.5,176.5,15.2,9,30,2022-06-09T05:30:04,2022-06-09T20:27:55,0.35,"Rain, Partially cloudy",Partly cloudy throughout the day with rain clearing later.,rain,"KTTN,KVAY,72409514792,72408594732,72407493780,D7364,KPNE",905
31,"Levittown, PA, United States",2022-06-10,26.1,15.9,21.3,26.1,15.9,21.3,10.6,52.3,0.0,0.0,0.0,,0,0,35.3,18.4,282.7,1010.9,5.8,16.0,185.4,16.1,10,10,2022-06-10T05:29:56,2022-06-10T20:28:27,0.39,Clear,Clear conditions throughout the day.,clear-day,"KTTN,KVAY,72409514792,72408594732,72407493780,D7364,KPNE",905
32,"Levittown, PA, United States",2022-06-11,22.2,17.1,20.2,22.2,17.1,20.2,13.4,65.9,2.19,100.0,16.67,rain,0,0,17.3,11.8,168.0,1013.1,42.6,16.0,69.2,5.9,3,10,2022-06-11T05:29:49,2022-06-11T20:28:57,0.44,"Rain, Partially cloudy",Partly cloudy throughout the day with afternoon rain.,rain,"KTTN,KVAY,72409514792,72408594732,72407493780,D7364,KPNE",905
33,"Levittown, PA, United States",2022-06-12,24.8,15.9,19.6,24.8,15.9,19.6,17.5,87.9,11.04,100.0,29.17,rain,0,0,25.2,15.6,107.4,1013.9,81.3,14.0,54.5,4.5,3,60,2022-06-12T05:29:45,2022-06-12T20:29:25,0.47,"Rain, Partially cloudy",Partly cloudy throughout the day with rain.,rain,"KTTN,KVAY,72409514792,72408594732,72407493780,D7364,E4814,KPNE",905
34,"Levittown, PA, United States",2022-06-13,31.1,19.6,25.3,32.6,19.6,26.1,19.6,72.7,0.31,100.0,12.5,rain,0,0,29.9,17.1,225.4,1012.4,25.9,14.5,184.5,16.0,9,60,2022-06-13T05:29:42,2022-06-13T20:29:52,0.49,"Rain, Partially cloudy",Partly cloudy throughout the day with rain.,rain,"KTTN,KVAY,72409514792,72408594732,72407493780,D7364,KPNE",905
35,"Levittown, PA, United States",2022-06-14,28.2,19.4,23.5,27.9,19.4,23.5,13.7,54.9,1.94,100.0,8.33,rain,0,0,21.6,12.5,107.9,1012.8,8.0,15.9,180.5,15.5,8,10,2022-06-14T05:29:41,2022-06-14T20:30:17,0.5,Rain,Clear conditions throughout the day with morning rain.,rain,"KTTN,KVAY,72409514792,72408594732,72407493780,D7364,KPNE",905
36,"Levittown, PA, United States",2022-06-15,29.0,16.8,22.9,28.7,16.8,22.9,15.3,64.7,0.0,0.0,0.0,,0,0,32.1,19.5,140.5,1017.8,9.6,16.0,166.6,14.5,9,10,2022-06-15T05:29:42,2022-06-15T20:30:40,0.51,Clear,Clear conditions throughout the day.,clear-day,"KTTN,KVAY,72409514792,72408594732,72407493780,D7364,KPNE",905
37,"Levittown, PA, United States",2022-06-16,24.7,17.7,20.9,24.7,17.7,20.9,17.2,79.6,9.67,100.0,20.83,rain,0,0,34.3,18.7,158.8,1019.2,90.7,15.2,104.5,9.0,9,10,2022-06-16T05:29:45,2022-06-16T20:31:02,0.53,"Rain, Overcast",Cloudy skies throughout the day with morning rain.,rain,"KTTN,KVAY,72409514792,72408594732,72407493780,D7364,E4814,D5182,KPNE",905
38,"Levittown, PA, United States",2022-06-17,33.2,20.7,26.7,33.6,20.7,26.9,17.2,60.8,0.0,0.0,0.0,rain,0,0,59.0,30.8,240.0,1007.1,47.4,15.7,172.5,14.8,10,100,2022-06-17T05:29:50,2022-06-17T20:31:22,0.57,Partially cloudy,Partly cloudy throughout the day.,partly-cloudy-day,"KTTN,KVAY,72409514792,72408594732,72407493780,D7364,D5182,KPNE",905
39,"Levittown, PA, United States",2022-06-18,24.6,16.3,20.2,24.6,16.3,20.2,9.0,48.8,0.0,0.0,0.0,,0,0,53.3,33.1,319.3,1007.5,40.7,16.0,115.1,9.8,10,10,2022-06-18T05:29:57,2022-06-18T20:31:40,0.62,Partially cloudy,Partly cloudy throughout the day.,partly-cloudy-day,"KTTN,KVAY,72409514792,72408594732,72407493780,D7364,KPNE",905
40,"Levittown, PA, United States",2022-06-19,23.0,13.2,17.9,23.0,13.2,17.9,3.9,40.4,0.0,0.0,0.0,,0,0,48.0,32.1,311.3,1015.1,1.1,16.0,163.0,14.1,9,10,2022-06-19T05:30:05,2022-06-19T20:31:56,0.67,Clear,Clear conditions throughout the day.,clear-day,"KTTN,KVAY,72409514792,72408594732,72407493780,D7364,KPNE",905
41,"Levittown, PA, United States",2022-06-20,26.1,12.1,19.4,26.1,12.1,19.4,5.8,43.1,0.0,0.0,0.0,,0,0,28.8,15.5,289.9,1020.1,0.0,16.0,167.1,14.2,9,10,2022-06-20T05:30:16,2022-06-20T20:32:11,0.72,Clear,Clear conditions throughout the day.,clear-day,"KTTN,KVAY,72409514792,72408594732,72407493780,D7364,KPNE",905
42,"Levittown, PA, United States",2022-06-21,26.4,14.0,21.1,26.4,14.0,21.1,11.8,56.1,0.0,0.0,0.0,rain,0,0,26.6,13.3,186.6,1019.4,25.6,16.0,123.8,10.7,6,10,2022-06-21T05:30:28,2022-06-21T20:32:24,0.77,Partially cloudy,Becoming cloudy in the afternoon.,partly-cloudy-day,"KTTN,KVAY,72409514792,72408594732,72407493780,D7364,KPNE",905
43,"Levittown, PA, United States",2022-06-22,22.8,17.7,19.7,22.8,17.7,19.7,16.4,81.5,0.0,0.0,0.0,rain,0,0,31.7,22.8,111.5,1015.4,75.0,14.4,44.2,3.9,2,10,2022-06-22T05:30:42,2022-06-22T20:32:35,0.82,Partially cloudy,Partly cloudy throughout the day.,partly-cloudy-day,"KTTN,KVAY,72409514792,72408594732,72407493780,D7364,KPNE",905
44,"Levittown, PA, United States",2022-06-23,22.7,17.2,19.2,22.7,17.2,19.2,16.6,85.6,2.13,100.0,33.33,rain,0,0,36.0,15.4,85.7,1014.3,86.7,14.9,80.6,7.0,5,10,2022-06-23T05:30:57,2022-06-23T20:32:44,0.87,"Rain, Partially cloudy",Partly cloudy throughout the day with a chance of rain throughout the day.,rain,"KTTN,KVAY,72409514792,72408594732,72407493780,D7364,KPNE",905
45,"Levittown, PA, United States",2022-06-24,28.1,17.0,22.0,28.7,17.0,22.1,16.9,75.1,0.0,0.0,0.0,rain,0,0,14.8,10.7,182.0,1016.6,57.7,13.7,168.9,14.6,9,30,2022-06-24T05:31:15,2022-06-24T20:32:51,0.91,Partially cloudy,Partly cloudy throughout the day.,partly-cloudy-day,"KTTN,KVAY,72409514792,72408594732,72407493780,D7364,KPNE",905
46,"Levittown, PA, United States",2022-06-25,31.8,19.1,26.2,31.7,19.1,26.4,17.5,62.2,0.0,0.0,0.0,,0,0,19.4,13.1,265.1,1018.9,5.7,15.9,161.1,13.8,9,60,2022-06-25T05:31:34,2022-06-25T20:32:56,0.95,Clear,Clear conditions throughout the day.,clear-day,"KTTN,KVAY,72409514792,72408594732,72407493780,D7364,KPNE",905
47,"Levittown, PA, United States",2022-06-26,31.3,21.2,26.5,31.4,21.2,26.6,17.2,59.0,0.0,0.0,0.0,,0,0,35.6,18.7,219.9,1018.2,8.8,16.0,136.6,12.0,8,10,2022-06-26T05:31:55,2022-06-26T20:33:00,0.97,Clear,Clear conditions throughout the day.,clear-day,"KTTN,KVAY,72409514792,72408594732,72407493780,D7364,KPNE",905
48,"Levittown, PA, United States",2022-06-27,26.2,20.2,23.6,26.2,20.2,23.6,19.9,80.3,7.1,100.0,20.83,rain,0,0,42.1,19.1,182.8,1014.6,75.7,15.1,50.3,4.5,2,30,2022-06-27T05:32:17,2022-06-27T20:33:01,0.99,"Rain, Partially cloudy",Partly cloudy throughout the day with rain.,rain,"KTTN,KVAY,72409514792,72408594732,72407493780,D7364,KPNE",905
49,"Levittown, PA, United States",2022-06-28,26.3,18.2,22.1,26.3,18.2,22.1,12.6,57.4,0.0,0.0,0.0,rain,0,0,27.4,19.2,230.4,1020.2,29.0,15.6,150.3,13.1,8,10,2022-06-28T05:32:41,2022-06-28T20:33:01,1.0,Partially cloudy,Partly cloudy throughout the day.,partly-cloudy-day,"KTTN,KVAY,72409514792,72408594732,72407493780,D7364,KPNE",905
50,"Levittown, PA, United States",2022-06-29,29.2,15.6,23.4,28.5,15.6,23.2,14.0,58.9,0.0,0.0,0.0,,0,0,33.8,16.6,166.6,1022.6,12.2,16.0,146.0,12.6,9,30,2022-06-29T05:33:07,2022-06-29T20:32:58,0.0,Clear,Clear conditions throughout the day.,clear-day,"KTTN,KVAY,72409514792,72408594732,72407493780,D7364,KPNE",905
51,"Levittown, PA, United States",2022-06-30,31.1,18.7,25.8,30.3,18.7,25.6,15.1,54.9,0.0,0.0,0.0,,0,0,27.0,12.5,244.4,1021.6,6.1,16.0,145.5,12.7,9,10,2022-06-30T05:33:34,2022-06-30T20:32:54,0.01,Clear,Clear conditions throughout the day.,clear-day,"KTTN,KVAY,72409514792,72408594732,72407493780,D7364,KPNE",905
52,"Levittown, PA, United States",2022-07-01,33.1,21.1,27.1,35.6,21.1,28.4,20.1,67.4,0.0,0.0,0.0,rain,0,0,38.9,19.8,194.0,1017.0,16.6,15.0,97.8,8.5,9,75,2022-07-01T05:34:02,2022-07-01T20:32:47,0.03,Clear,Clear conditions throughout the day.,clear-day,"KTTN,KVAY,72409514792,72408594732,72407493780,D7364,KPNE",905
53,"Levittown, PA, United States",2022-07-02,32.5,25.0,28.0,35.2,25.0,29.2,20.9,66.9,0.0,0.0,0.0,,0,0,37.1,16.1,236.4,1013.0,30.4,16.0,138.8,11.8,8,75,2022-07-02T05:34:32,2022-07-02T20:32:39,0.05,Partially cloudy,Partly cloudy throughout the day.,partly-cloudy-day,"KTTN,KVAY,72409514792,72408594732,72407493780,D7364,KPNE",905
54,"Levittown, PA, United States",2022-07-03,31.0,22.7,26.4,29.6,22.7,26.1,15.8,56.4,0.53,100.0,16.67,rain,0,0,34.6,17.0,199.9,1015.7,30.0,16.0,161.7,14.0,9,30,2022-07-03T05:35:04,2022-07-03T20:32:28,0.08,"Rain, Partially cloudy",Partly cloudy throughout the day with morning rain.,rain,"KTTN,KVAY,72409514792,72408594732,72407493780,D7364,E4814,KPNE",905
55,"Levittown, PA, United States",2022-07-04,29.8,16.8,24.4,28.5,16.8,23.9,10.3,42.8,0.0,0.0,0.0,,0,0,26.6,12.5,212.6,1020.3,1.1,16.0,154.4,13.3,8,10,2022-07-04T05:35:37,2022-07-04T20:32:16,0.12,Clear,Clear conditions throughout the day.,clear-day,"KTTN,KVAY,72409514792,72408594732,72407493780,D7364,KPNE",905
56,"Levittown, PA, United States",2022-07-05,30.3,20.6,24.9,30.7,20.6,25.2,17.7,65.2,1.84,100.0,4.17,rain,0,0,47.3,20.4,215.3,1015.9,39.7,16.0,56.0,4.8,3,10,2022-07-05T05:36:11,2022-07-05T20:32:01,0.17,"Rain, Partially cloudy",Becoming cloudy in the afternoon with late afternoon rain.,rain,"KTTN,KVAY,72409514792,72408594732,72407493780,D7364,KPNE",905
57,"Levittown, PA, United States",2022-07-06,30.7,23.4,27.0,33.3,23.4,27.7,20.0,67.6,0.0,0.0,0.0,rain,0,0,35.3,19.1,179.8,1010.8,43.9,15.6,127.5,10.9,8,30,2022-07-06T05:36:47,2022-07-06T20:31:45,0.22,Partially cloudy,Partly cloudy throughout the day.,partly-cloudy-day,"KTTN,KVAY,72409514792,72408594732,72407493780,D7364,KPNE",905
58,"Levittown, PA, United States",2022-07-07,26.4,21.3,24.0,26.4,21.3,24.0,19.2,74.9,2.89,100.0,33.33,rain,0,0,29.5,16.5,76.1,1014.6,88.2,15.7,84.9,7.5,4,10,2022-07-07T05:37:24,2022-07-07T20:31:27,0.27,"Rain, Partially cloudy",Partly cloudy throughout the day with rain clearing later.,rain,"KTTN,KVAY,72409514792,72408594732,72407493780,D7364,E4814,KPNE",905
59,"Levittown, PA, United States",2022-07-08,30.5,17.6,24.5,32.7,17.6,25.2,19.1,73.9,2.74,100.0,8.33,rain,0,0,29.5,16.6,143.5,1015.5,30.9,15.4,150.8,12.9,9,30,2022-07-08T05:38:02,2022-07-08T20:31:06,0.33,"Rain, Partially cloudy",Partly cloudy throughout the day with late afternoon rain.,rain,"KTTN,KVAY,72409514792,72408594732,72407493780,D7364,E4814,KPNE",905
60,"Levittown, PA, United States",2022-07-09,25.4,20.6,22.9,25.4,20.6,22.9,18.5,77.4,2.41,100.0,25.0,rain,0,0,26.6,14.3,158.9,1016.3,51.4,15.4,82.5,7.3,2,10,2022-07-09T05:38:41,2022-07-09T20:30:44,0.38,"Rain, Partially cloudy",Partly cloudy throughout the day with rain clearing later.,rain,"KTTN,KVAY,72409514792,72408594732,72407493780,D7364,D5182,KPNE",905
61,"Levittown, PA, United States",2022-07-10,28.4,18.0,22.8,28.1,18.0,22.8,15.8,66.5,0.0,0.0,0.0,rain,0,0,23.4,15.2,92.3,1017.2,19.7,15.9,112.5,9.7,7,10,2022-07-10T05:39:21,2022-07-10T20:30:20,0.42,Clear,Clear conditions throughout the day.,clear-day,"KTTN,KVAY,72409514792,72408594732,72407493780,D7364,KPNE",905
62,"Levittown, PA, United States",2022-07-11,29.0,16.1,23.2,28.3,16.1,23.0,13.9,60.2,0.0,0.0,0.0,,0,0,29.5,15.6,175.3,1014.0,4.1,16.0,156.1,13.5,9,10,2022-07-11T05:40:03,2022-07-11T20:29:53,0.46,Clear,Clear conditions throughout the day.,clear-day,"KTTN,KVAY,72409514792,72408594732,72407493780,D7364,KPNE",905
63,"Levittown, PA, United States",2022-07-12,32.9,20.1,26.2,35.7,20.1,27.2,19.0,66.5,0.0,0.0,0.0,rain,0,0,40.7,23.0,221.9,1008.5,24.5,15.9,126.7,10.9,8,60,2022-07-12T05:40:45,2022-07-12T20:29:25,0.49,Partially cloudy,Partly cloudy throughout the day.,partly-cloudy-day,"KTTN,KVAY,72409514792,72408594732,72407493780,D7364,KPNE",905
64,"Levittown, PA, United States",2022-07-13,32.5,21.9,27.5,32.4,21.9,27.6,17.3,56.3,0.0,0.0,0.0,,0,0,33.5,16.1,244.7,1011.2,11.2,15.6,120.4,10.4,8,10,2022-07-13T05:41:29,2022-07-13T20:28:55,0.5,Clear,Clear conditions throughout the day.,clear-day,"KTTN,KVAY,72409514792,72408594732,72407493780,D7364,KPNE",905
65,"Levittown, PA, United States",2022-07-14,32.3,22.4,27.4,32.4,22.4,27.4,16.8,54.5,0.0,0.0,0.0,,0,0,20.2,15.0,270.8,1014.2,25.6,16.0,122.6,10.6,9,30,2022-07-14T05:42:13,2022-07-14T20:28:23,0.51,Partially cloudy,Partly cloudy throughout the day.,partly-cloudy-day,"KTTN,KVAY,72409514792,72408594732,72407493780,D7364,KPNE",905
66,"Levittown, PA, United States",2022-07-15,30.2,19.9,24.8,29.8,19.9,24.8,15.7,58.6,2.12,100.0,8.33,rain,0,0,28.1,22.6,102.4,1019.3,37.6,16.0,67.5,5.7,2,30,2022-07-15T05:42:59,2022-07-15T20:27:49,0.53,"Rain, Partially cloudy",Partly cloudy throughout the day with late afternoon rain.,rain,"KVAY,KTTN,72409514792,72408594732,72407493780,D7364,KPNE",905
67,"Levittown, PA, United States",2022-07-16,30.9,22.1,25.5,30.9,22.1,25.7,19.4,71.8,0.13,100.0,4.17,rain,0,0,22.7,18.4,125.9,1018.4,68.3,14.9,101.1,8.6,7,60,2022-07-16T05:43:45,2022-07-16T20:27:13,0.55,"Rain, Partially cloudy",Clearing in the afternoon with late afternoon rain.,rain,"KTTN,KVAY,72409514792,72408594732,72407493780,D7364,D5182,KPNE",905
68,"Levittown, PA, United States",2022-07-17,30.7,21.4,25.8,32.1,21.4,26.5,20.0,72.5,2.76,100.0,16.67,rain,0,0,25.2,13.8,141.3,1016.2,67.0,15.0,171.1,14.8,9,60,2022-07-17T05:44:32,2022-07-17T20:26:35,0.6,"Rain, Partially cloudy",Partly cloudy throughout the day with early morning rain.,rain,"KTTN,KVAY,72409514792,72408594732,72407493780,E4814,D5182,KPNE",905
69,"Levittown, PA, United States",2022-07-18,33.2,23.9,27.9,37.0,23.9,29.6,22.3,73.4,3.28,100.0,20.83,rain,0,0,49.9,30.1,192.2,1011.7,51.0,15.9,173.5,14.9,7,100,2022-07-18T05:45:20,2022-07-18T20:25:56,0.65,"Rain, Partially cloudy",Partly cloudy throughout the day with late afternoon rain.,rain,"KTTN,KVAY,72409514792,72408594732,72407493780,D5182,KPNE",905
70,"Levittown, PA, United States",2022-07-19,33.6,23.4,28.3,34.2,23.4,28.7,18.9,60.0,0.02,100.0,4.17,rain,0,0,37.4,18.4,267.9,1009.0,8.7,16.0,251.0,21.5,10,10,2022-07-19T05:46:09,2022-07-19T20:25:14,0.7,Rain,Clear conditions throughout the day with early morning rain.,rain,"KTTN,KVAY,72409514792,72408594732,72407493780,E4814,D5182,KPNE",905
71,"Levittown, PA, United States",2022-07-20,35.2,22.8,29.7,36.9,22.8,30.7,19.0,54.6,0.0,0.0,0.0,,0,0,29.5,16.5,228.9,1008.1,9.7,16.0,283.0,24.4,10,30,2022-07-20T05:46:59,2022-07-20T20:24:31,0.75,Clear,Clear conditions throughout the day.,clear-day,"KTTN,KVAY,72409514792,72408594732,72407493780,E4814,D5182,KPNE",905
72,"Levittown, PA, United States",2022-07-21,35.6,25.1,30.3,38.9,25.1,32.3,21.1,60.6,1.45,100.0,8.33,rain,0,0,44.1,22.2,226.6,1005.1,12.2,15.9,303.4,26.1,10,75,2022-07-21T05:47:49,2022-07-21T20:23:46,0.8,Rain,Clear conditions throughout the day with afternoon rain.,rain,"KTTN,KVAY,72409514792,72408594732,72407493780,E4814,D5182,KPNE",905
73,"Levittown, PA, United States",2022-07-22,35.9,24.6,30.5,35.4,24.6,30.7,17.7,50.3,0.0,0.0,0.0,,0,0,33.5,20.8,269.0,1011.1,4.9,16.0,280.6,24.2,10,60,2022-07-22T05:48:40,2022-07-22T20:22:59,0.85,Clear,Clear conditions throughout the day.,clear-day,"KTTN,KVAY,72409514792,72408594732,72407493780,E4814,D5182,KPNE",905
74,"Levittown, PA, United States",2022-07-23,36.3,25.0,30.9,36.2,25.0,31.6,18.2,49.8,0.0,0.0,0.0,,0,0,29.5,14.1,274.0,1015.5,0.3,15.9,293.4,25.4,9,60,2022-07-23T05:49:31,2022-07-23T20:22:10,0.89,Clear,Clear conditions throughout the day.,clear-day,"KTTN,KVAY,72409514792,72408594732,72407493780,D5182,KPNE",905
75,"Levittown, PA, United States",2022-07-24,36.6,24.5,30.8,37.1,24.5,31.7,18.6,51.2,0.0,0.0,0.0,,0,0,47.9,22.6,238.0,1015.6,0.5,16.0,268.0,23.3,8,75,2022-07-24T05:50:23,2022-07-24T20:21:20,0.93,Clear,Clear conditions throughout the day.,clear-day,"KTTN,KVAY,72409514792,72408594732,72407493780,D5182,KPNE",905
76,"Levittown, PA, United States",2022-07-25,32.0,26.8,29.3,35.5,29.5,32.9,22.7,67.9,5.99,100.0,12.5,rain,0,0,45.2,21.0,226.3,1012.1,14.3,16.0,144.3,12.4,8,75,2022-07-25T05:51:16,2022-07-25T20:20:28,0.96,Rain,Clear conditions throughout the day with rain.,rain,"KTTN,KVAY,72409514792,72408594732,72407493780,D5182,KPNE",905
77,"Levittown, PA, United States",2022-07-26,26.9,22.2,24.8,27.0,22.2,24.8,16.2,59.9,0.0,0.0,0.0,,0,0,37.4,13.3,234.7,1015.3,9.3,16.0,117.4,10.1,5,60,2022-07-26T05:52:09,2022-07-26T20:19:34,0.98,Clear,Clear conditions throughout the day.,clear-day,"KTTN,KVAY,72409514792,72408594732,72407493780,E4814,D5182,KPNE",905
78,"Levittown, PA, United States",2022-07-27,30.6,21.4,26.1,31.4,21.4,26.6,17.8,61.8,0.14,100.0,8.33,rain,0,0,20.9,15.4,181.3,1013.5,62.4,16.0,115.4,9.9,6,10,2022-07-27T05:53:03,2022-07-27T20:18:39,1.0,"Rain, Partially cloudy",Partly cloudy throughout the day with early morning rain.,rain,"KTTN,KVAY,72409514792,72408594732,72407493780,D7364,E4814,D5182,KPNE",905
79,"Levittown, PA, United States",2022-07-28,33.2,23.2,27.5,36.0,23.2,28.8,21.9,73.7,11.27,100.0,20.83,rain,0,0,57.2,16.8,224.2,1010.5,57.5,14.6,93.2,8.1,4,30,2022-07-28T05:53:57,2022-07-28T20:17:42,1.0,"Rain, Partially cloudy",Partly cloudy throughout the day with rain.,rain,"KTTN,KVAY,72409514792,72408594732,72407493780,D7364,E4814,KPNE",905
80,"Levittown, PA, United States",2022-07-29,30.3,22.7,25.7,32.1,22.7,26.3,20.6,74.8,0.68,100.0,4.17,rain,0,0,23.0,14.5,272.3,1012.6,37.5,15.8,59.3,5.0,2,30,2022-07-29T05:54:51,2022-07-29T20:16:43,0.0,"Rain, Partially cloudy",Becoming cloudy in the afternoon with late afternoon rain.,rain,"KTTN,KVAY,72409514792,72408594732,72407493780,D7364,D5182,KPNE",905
81,"Levittown, PA, United States",2022-07-30,31.6,21.9,26.8,30.6,21.9,26.5,15.6,53.7,0.0,0.0,0.0,,0,0,37.7,21.6,308.0,1016.7,31.9,16.0,123.9,10.5,9,10,2022-07-30T05:55:46,2022-07-30T20:15:43,0.01,Partially cloudy,Partly cloudy throughout the day.,partly-cloudy-day,"KTTN,KVAY,72409514792,72408594732,72407493780,D7364,E4814,D5182,KPNE",905
82,"Levittown, PA, United States",2022-07-31,31.2,19.4,25.5,30.8,19.4,25.5,16.1,58.0,1.6,100.0,8.33,rain,0,0,29.5,13.7,200.8,1020.3,34.0,16.0,89.2,7.8,5,10,2022-07-31T05:56:41,2022-07-31T20:14:41,0.04,"Rain, Partially cloudy",Partly cloudy throughout the day with late afternoon rain.,rain,"KTTN,KVAY,72409514792,72408594732,72407493780,D7364,E4814,KPNE",905
83,"Levittown, PA, United States",2022-08-01,25.5,19.6,21.9,25.5,19.6,21.9,19.3,85.9,4.61,100.0,25.0,rain,0,0,20.2,13.6,205.5,1014.4,81.9,14.3,60.3,5.2,3,10,2022-08-01T05:57:37,2022-08-01T20:13:38,0.07,"Rain, Partially cloudy",Partly cloudy throughout the day with rain clearing later.,rain,"KTTN,KVAY,72409514792,72408594732,72407493780,D7364,E4814,D5182,KPNE",905
84,"Levittown, PA, United States",2022-08-02,33.0,21.0,27.0,34.3,21.0,27.8,19.4,66.6,0.49,100.0,8.33,rain,0,0,32.6,20.8,226.0,1010.2,16.3,15.4,157.2,13.6,8,30,2022-08-02T05:58:33,2022-08-02T20:12:33,0.1,Rain,Clear conditions throughout the day with early morning rain.,rain,"KTTN,KVAY,72409514792,72408594732,72407493780,D7364,KPNE",905
85,"Levittown, PA, United States",2022-08-03,32.7,21.1,27.5,32.4,21.1,27.4,16.2,52.1,0.0,0.0,0.0,,0,0,27.7,14.1,269.4,1014.9,0.5,16.0,160.2,13.9,8,10,2022-08-03T05:59:29,2022-08-03T20:11:27,0.14,Clear,Clear conditions throughout the day.,clear-day,"KTTN,KVAY,72409514792,72408594732,72407493780,D7364,D5182,KPNE",905
86,"Levittown, PA, United States",2022-08-04,35.5,21.5,29.0,39.2,21.5,30.7,20.2,61.3,0.0,0.0,0.0,,0,0,33.5,19.1,168.7,1017.1,19.2,15.8,149.3,12.8,8,60,2022-08-04T06:00:25,2022-08-04T20:10:20,0.2,Clear,Clear conditions throughout the day.,clear-day,"KTTN,KVAY,72409514792,72408594732,72407493780,D7364,E4814,KPNE",905
87,"Levittown, PA, United States",2022-08-05,32.8,22.8,27.1,34.7,22.8,28.2,20.7,69.6,4.43,100.0,20.83,rain,0,0,55.4,19.1,246.3,1020.2,21.9,15.6,119.5,10.5,7,30,2022-08-05T06:01:22,2022-08-05T20:09:11,0.25,"Rain, Partially cloudy",Partly cloudy throughout the day with rain.,rain,"KTTN,KVAY,72409514792,72408594732,72407493780,D7364,KPNE",905
88,"Levittown, PA, United States",2022-08-06,31.9,22.6,27.4,35.4,22.6,29.1,21.7,73.0,12.89,100.0,12.5,rain,0,0,35.3,23.5,220.5,1022.4,29.2,15.3,145.8,12.7,8,60,2022-08-06T06:02:18,2022-08-06T20:08:00,0.31,"Rain, Partially cloudy",Partly cloudy throughout the day with early morning rain.,rain,"KTTN,KVAY,72409514792,72408594732,72407493780,D7364,KPNE",905
89,"Levittown, PA, United States",2022-08-07,33.2,25.1,29.3,37.4,25.1,31.6,22.2,67.5,2.92,100.0,4.17,rain,0,0,42.5,24.7,220.3,1020.8,33.0,16.0,137.4,12.0,7,60,2022-08-07T06:03:15,2022-08-07T20:06:49,0.36,"Rain, Partially cloudy",Partly cloudy throughout the day with afternoon rain.,rain,"KTTN,KVAY,72409514792,72408594732,72407493780,D7364,KPNE",905
90,"Levittown, PA, United States",2022-08-08,33.7,25.7,29.7,38.1,25.7,32.8,22.8,68.0,0.92,100.0,4.17,rain,0,0,39.4,61.1,227.1,1016.2,29.5,16.0,171.2,15.0,9,75,2022-08-08T06:04:12,2022-08-08T20:05:36,0.41,"Rain, Partially cloudy",Partly cloudy throughout the day with afternoon rain.,rain,"KTTN,KVAY,72409514792,72408594732,72407493780,D7364,D5182,KPNE",905
91,"Levittown, PA, United States",2022-08-09,36.6,26.4,30.4,41.3,26.4,34.3,23.1,67.3,3.61,100.0,16.67,rain,0,0,55.4,27.6,256.2,1013.7,21.7,15.7,93.7,8.1,6,75,2022-08-09T06:05:09,2022-08-09T20:04:22,0.45,"Rain, Partially cloudy",Partly cloudy throughout the day with late afternoon rain.,rain,"KVAY,KTTN,72409514792,72408594732,72407493780,D7364,KPNE",905
92,"Levittown, PA, United States",2022-08-10,32.2,24.2,28.0,34.1,24.2,29.0,20.6,65.6,0.0,0.0,0.0,rain,0,0,25.6,13.4,211.9,1016.2,54.0,15.8,106.3,9.3,7,60,2022-08-10T06:06:06,2022-08-10T20:03:06,0.48,Partially cloudy,Partly cloudy throughout the day.,partly-cloudy-day,"KVAY,KTTN,72409514792,72408594732,72407493780,D7364,D5182,KPNE",905
93,"Levittown, PA, United States",2022-08-11,31.5,22.6,26.9,31.1,22.6,27.0,18.8,64.6,9.47,100.0,25.0,rain,0,0,38.9,14.1,238.7,1012.5,44.9,15.2,136.8,11.9,8,10,2022-08-11T06:07:04,2022-08-11T20:01:49,0.5,"Rain, Partially cloudy",Clearing in the afternoon with a chance of rain throughout the day.,rain,"KVAY,KTTN,72409514792,72408594732,72407493780,D7364,D5182,KPNE",905
94,"Levittown, PA, United States",2022-08-12,29.7,21.4,25.2,28.1,21.4,24.9,11.0,42.7,0.0,0.0,0.0,,0,0,42.8,20.0,193.6,1015.0,26.7,16.0,108.1,9.4,7,10,2022-08-12T06:08:01,2022-08-12T20:00:31,0.5,Partially cloudy,Clearing in the afternoon.,partly-cloudy-day,"KTTN,KVAY,72409514792,72408594732,72407493780,D7364,KPNE",905
95,"Levittown, PA, United States",2022-08-13,27.7,16.3,22.1,26.8,16.3,22.0,8.8,44.3,0.0,0.0,0.0,,0,0,38.9,21.4,177.2,1018.5,0.5,16.0,122.2,10.7,8,10,2022-08-13T06:08:59,2022-08-13T19:59:12,0.52,Clear,Clear conditions throughout the day.,clear-day,"KTTN,KVAY,72409514792,72408594732,72407493780,D7364,D5182,KPNE",905
96,"Levittown, PA, United States",2022-08-14,28.8,17.6,22.8,27.8,17.6,22.6,12.7,55.4,0.0,0.0,0.0,rain,0,0,27.7,17.3,135.2,1017.2,9.0,16.0,101.8,8.8,8,10,2022-08-14T06:09:56,2022-08-14T19:57:52,0.54,Clear,Clear conditions throughout the day.,clear-day,"KTTN,KVAY,72409514792,72408594732,72407493780,D7364,E4814,D5182,KPNE",905
97,"Levittown, PA, United States",2022-08-15,27.9,17.2,22.5,27.6,17.2,22.4,13.0,57.5,0.0,0.0,0.0,,0,0,33.6,20.0,117.3,1015.3,7.0,16.0,135.9,11.8,8,10,2022-08-15T06:10:54,2022-08-15T19:56:31,0.58,Clear,Clear conditions throughout the day.,clear-day,"KTTN,KVAY,72409514792,72408594732,72407493780,D7364,KPNE",905
98,"Levittown, PA, United States",2022-08-16,28.0,16.0,22.2,27.5,16.0,22.1,12.8,58.4,0.0,0.0,0.0,,0,0,40.4,23.5,132.3,1015.6,3.0,16.0,127.7,11.1,8,10,2022-08-16T06:11:51,2022-08-16T19:55:09,0.62,Clear,Clear conditions throughout the day.,clear-day,"KTTN,KVAY,72409514792,72408594732,72407493780,D7364,D5182,KPNE",905
99,"Levittown, PA, United States",2022-08-17,27.2,18.2,22.8,26.9,18.2,22.8,13.7,59.3,0.0,0.0,0.0,,0,0,17.6,15.2,136.9,1015.4,50.3,16.0,123.6,10.7,10,10,2022-08-17T06:12:49,2022-08-17T19:53:45,0.67,Partially cloudy,Becoming cloudy in the afternoon.,partly-cloudy-day,"KTTN,KVAY,72409514792,72408594732,72407493780,D7364,D5182,KPNE",905
100,"Levittown, PA, United States",2022-08-18,29.9,16.2,23.6,28.8,16.2,23.3,13.0,55.0,0.0,0.0,0.0,,0,0,31.7,18.1,295.1,1013.3,4.6,16.0,113.0,9.9,8,10,2022-08-18T06:13:46,2022-08-18T19:52:21,0.72,Clear,Clear conditions throughout the day.,clear-day,"KTTN,KVAY,72409514792,72408594732,72407493780,D7364,D5182,KPNE",905
101,"Levittown, PA, United States",2022-08-19,32.5,17.6,25.6,31.5,17.6,25.3,14.5,53.8,0.0,0.0,0.0,,0,0,29.5,15.8,135.2,1017.2,11.6,16.0,123.0,10.8,8,10,2022-08-19T06:14:44,2022-08-19T19:50:56,0.77,Clear,Clear conditions throughout the day.,clear-day,"KTTN,KVAY,72409514792,72408594732,72407493780,D7364,KPNE",905
102,"Levittown, PA, United States",2022-08-20,32.7,21.9,27.1,32.1,21.9,27.1,17.0,56.9,0.0,0.0,0.0,rain,0,0,28.4,20.7,170.3,1020.2,8.9,16.0,122.4,10.6,7,30,2022-08-20T06:15:41,2022-08-20T19:49:30,0.82,Clear,Clear conditions throughout the day.,clear-day,"KTTN,KVAY,72409514792,72408594732,72407493780,D7364,D5182,KPNE",905
103,"Levittown, PA, United States",2022-08-21,29.8,20.3,24.5,31.0,20.3,24.8,19.1,73.1,1.03,100.0,4.17,rain,0,0,31.7,15.3,101.3,1018.7,31.5,15.7,72.9,6.2,3,30,2022-08-21T06:16:39,2022-08-21T19:48:03,0.86,"Rain, Partially cloudy",Partly cloudy throughout the day with late afternoon rain.,rain,"KTTN,KVAY,72409514792,72408594732,72407493780,D7364,KPNE",905
104,"Levittown, PA, United States",2022-08-22,29.2,21.3,24.4,31.2,21.3,24.9,21.4,84.1,16.3,100.0,50.0,rain,0,0,40.7,15.7,107.8,1012.3,84.7,14.9,113.5,9.7,8,100,2022-08-22T06:17:36,2022-08-22T19:46:35,0.9,"Rain, Partially cloudy",Partly cloudy throughout the day with a chance of rain throughout the day.,rain,"KTTN,KVAY,72409514792,72408594732,72407493780,D7364,KPNE",905
105,"Levittown, PA, United States",2022-08-23,29.9,19.5,24.5,31.0,19.5,24.8,18.9,73.7,0.04,100.0,4.17,rain,0,0,31.7,19.6,257.8,1010.1,46.2,13.8,103.8,9.2,6,60,2022-08-23T06:18:34,2022-08-23T19:45:06,0.94,"Rain, Partially cloudy",Becoming cloudy in the afternoon with early morning rain.,rain,"KTTN,KVAY,72409514792,72408594732,72407493780,D7364,KPNE",905
106,"Levittown, PA, United States",2022-08-24,31.6,19.7,25.6,30.7,19.7,25.5,16.5,60.6,0.0,0.0,0.0,,0,0,29.5,15.1,272.3,1014.4,11.7,16.0,113.1,9.9,7,10,2022-08-24T06:19:31,2022-08-24T19:43:36,0.97,Clear,Clear conditions throughout the day.,clear-day,"KTTN,KVAY,72409514792,72408594732,72407493780,D7364,KPNE",905
107,"Levittown, PA, United States",2022-08-25,32.7,18.8,25.8,31.9,18.8,25.6,15.6,56.5,0.0,0.0,0.0,,0,0,33.5,15.5,131.8,1016.7,4.6,15.9,68.8,5.9,7,10,2022-08-25T06:20:28,2022-08-25T19:42:06,0.99,Clear,Clear conditions throughout the day.,clear-day,"KTTN,KVAY,72409514792,72408594732,72407493780,D7364,D5182,KPNE",905
108,"Levittown, PA, United States",2022-08-26,33.0,22.2,27.6,34.2,22.2,28.2,19.1,62.8,0.0,0.0,0.0,rain,0,0,35.4,19.0,178.0,1013.5,21.2,15.8,104.5,9.1,7,75,2022-08-26T06:21:26,2022-08-26T19:40:35,1.0,Partially cloudy,Partly cloudy throughout the day.,partly-cloudy-day,"KTTN,KVAY,72409514792,72408594732,72407493780,D7364,D5182,KPNE",905
109,"Levittown, PA, United States",2022-08-27,32.4,21.8,27.0,32.6,21.8,27.2,18.4,61.8,0.0,0.0,0.0,rain,0,0,19.8,16.8,140.8,1015.0,26.3,15.9,81.4,7.2,5,60,2022-08-27T06:22:23,2022-08-27T19:39:03,0.0,Partially cloudy,Partly cloudy throughout the day.,partly-cloudy-day,"KTTN,KVAY,72409514792,72408594732,72407493780,D7364,D5182,KPNE",905
110,"Levittown, PA, United States",2022-08-28,29.5,23.1,25.5,31.9,23.1,26.3,21.3,78.4,0.0,0.0,0.0,rain,0,0,38.9,19.6,90.3,1019.5,82.0,14.9,185.8,16.2,7,60,2022-08-28T06:23:20,2022-08-28T19:37:31,0.01,Partially cloudy,Partly cloudy throughout the day.,partly-cloudy-day,"KTTN,KVAY,72409514792,72408594732,72407493780,D7364,D5182,KPNE",905
111,"Levittown, PA, United States",2022-08-29,32.3,22.9,26.7,33.4,22.9,27.4,20.9,73.3,0.58,100.0,4.17,rain,0,0,33.8,15.8,153.7,1018.9,45.8,14.0,117.5,10.1,7,60,2022-08-29T06:24:17,2022-08-29T19:35:58,0.02,"Rain, Partially cloudy",Clearing in the afternoon with late afternoon rain.,rain,"KTTN,KVAY,72409514792,72408594732,72407493780,D7364,KPNE",905
112,"Levittown, PA, United States",2022-08-30,33.5,23.3,27.1,35.6,23.3,28.1,21.5,74.2,4.49,100.0,12.5,rain,0,0,48.3,20.7,212.8,1011.8,59.5,15.7,82.8,7.2,6,60,2022-08-30T06:25:14,2022-08-30T19:34:24,0.05,"Rain, Partially cloudy",Clearing in the afternoon with late afternoon rain.,rain,"KTTN,KVAY,72409514792,72408594732,72407493780,D7364,KPNE",905
113,"Levittown, PA, United States",2022-08-31,28.7,21.1,24.5,28.2,21.1,24.4,16.1,63.8,0.0,0.0,0.0,,0,0,34.9,21.3,287.3,1009.8,18.7,15.8,90.2,8.0,7,10,2022-08-31T06:26:12,2022-08-31T19:32:50,0.09,Clear,Clear conditions throughout the day.,clear-day,"KTTN,KVAY,72409514792,72408594732,72407493780,D7364,KPNE",905
114,"Levittown, PA, United States",2022-09-01,30.5,18.3,24.2,29.2,18.3,23.9,11.9,48.6,0.0,0.0,0.0,,0,0,33.5,19.9,257.7,1014.0,0.0,16.0,108.5,9.2,7,10,2022-09-01T06:27:09,2022-09-01T19:31:15,0.13,Clear,Clear conditions throughout the day.,clear-day,"KTTN,KVAY,72409514792,72408594732,72407493780,D7364,KPNE",905
115,"Levittown, PA, United States",2022-09-02,27.4,15.5,21.1,26.9,15.5,21.1,11.0,54.7,0.0,0.0,0.0,,0,0,27.7,19.7,93.7,1022.7,0.0,16.0,102.0,8.6,7,10,2022-09-02T06:28:06,2022-09-02T19:29:39,0.18,Clear,Clear conditions throughout the day.,clear-day,"KTTN,KVAY,72409514792,72408594732,72407493780,D7364,KPNE",905
116,"Levittown, PA, United States",2022-09-03,28.8,16.7,22.5,29.2,16.7,22.6,16.7,72.0,0.0,0.0,0.0,rain,0,0,24.1,13.8,102.7,1023.8,17.3,16.0,91.5,7.9,6,10,2022-09-03T06:29:03,2022-09-03T19:28:03,0.24,Clear,Clear conditions throughout the day.,clear-day,"KTTN,KVAY,72409514792,72408594732,72407493780,D7364,KPNE",905
117,"Levittown, PA, United States",2022-09-04,31.5,19.4,25.7,32.7,19.4,26.2,18.6,67.6,0.0,0.0,0.0,,0,0,27.7,13.3,173.9,1019.6,20.9,16.0,88.0,7.7,6,30,2022-09-04T06:29:59,2022-09-04T19:26:27,0.29,Partially cloudy,Partly cloudy throughout the day.,partly-cloudy-day,"KTTN,KVAY,72409514792,72408594732,72407493780,D7364,KPNE",905
118,"Levittown, PA, United States",2022-09-05,30.5,22.1,25.9,30.7,22.1,26.1,18.4,65.3,0.0,0.0,0.0,rain,0,0,34.9,17.4,146.9,1017.9,40.2,16.0,68.3,5.7,3,30,2022-09-05T06:30:56,2022-09-05T19:24:50,0.35,Partially cloudy,Partly cloudy throughout the day.,partly-cloudy-day,"KTTN,KVAY,72409514792,72408594732,72407493780,D7364,KPNE",905
119,"Levittown, PA, United States",2022-09-06,24.3,20.3,22.1,24.3,20.3,22.1,20.5,90.8,32.88,100.0,58.33,rain,0,0,38.9,19.7,105.1,1014.9,98.6,12.4,28.4,2.4,3,30,2022-09-06T06:31:53,2022-09-06T19:23:13,0.4,"Rain, Overcast",Cloudy skies throughout the day with a chance of rain throughout the day.,rain,"KTTN,KVAY,72409514792,72408594732,72407493780,D7364,KPNE",905
120,"Levittown, PA, United States",2022-09-07,22.7,19.4,20.7,22.7,19.4,20.7,17.9,84.5,0.25,100.0,25.0,rain,0,0,36.7,21.0,35.5,1014.7,100.0,15.1,50.6,4.4,3,10,2022-09-07T06:32:50,2022-09-07T19:21:35,0.44,"Rain, Overcast",Cloudy skies throughout the day with rain.,rain,"KTTN,KVAY,72409514792,72408594732,72407493780,D7364,KPNE",905
121,"Levittown, PA, United States",2022-09-08,26.3,17.2,21.5,26.3,17.2,21.5,15.0,68.8,0.0,0.0,0.0,,0,0,31.7,19.9,68.3,1012.9,44.6,16.0,75.8,6.5,8,10,2022-09-08T06:33:47,2022-09-08T19:19:57,0.47,Partially cloudy,Partly cloudy throughout the day.,partly-cloudy-day,"KTTN,KVAY,72409514792,72408594732,72407493780,D7364,E4814,KPNE",905
122,"Levittown, PA, United States",2022-09-09,27.4,15.2,20.9,26.9,15.2,20.8,13.1,65.4,0.0,0.0,0.0,,0,0,22.7,14.8,155.2,1017.4,0.0,15.9,82.3,7.1,6,10,2022-09-09T06:34:44,2022-09-09T19:18:19,0.49,Clear,Clear conditions throughout the day.,clear-day,"KTTN,KVAY,72409514792,72408594732,72407493780,D7364,KPNE",905
123,"Levittown, PA, United States",2022-09-10,27.8,13.3,21.0,27.5,13.3,21.0,14.1,67.7,0.0,0.0,0.0,,0,0,15.1,11.6,103.0,1023.1,0.7,16.0,71.6,6.1,7,10,2022-09-10T06:35:41,2022-09-10T19:16:40,0.5,Clear,Clear conditions throughout the day.,clear-day,"KTTN,KVAY,72409514792,72408594732,72407493780,D7364,KPNE",905
124,"Levittown, PA, United States",2022-09-11,23.0,20.6,21.7,23.0,20.6,21.7,19.3,86.4,8.32,100.0,37.5,rain,0,0,20.9,13.5,67.3,1019.4,83.1,13.1,33.2,2.9,2,10,2022-09-11T06:36:38,2022-09-11T19:15:01,0.51,"Rain, Partially cloudy",Partly cloudy throughout the day with rain.,rain,"KTTN,KVAY,72409514792,72408594732,72407493780,D7364,KPNE",905
125,"Levittown, PA, United States",2022-09-12,28.1,21.3,24.3,30.2,21.3,24.8,21.4,84.6,2.53,100.0,16.67,rain,0,0,29.9,11.0,161.5,1010.3,87.6,14.0,77.9,6.7,7,30,2022-09-12T06:37:34,2022-09-12T19:13:22,0.53,"Rain, Partially cloudy",Partly cloudy throughout the day with rain.,rain,"KTTN,KVAY,72409514792,72408594732,72407493780,D7364,KPNE",905
126,"Levittown, PA, United States",2022-09-13,27.8,19.4,23.9,28.8,19.4,24.1,18.3,73.6,4.24,100.0,16.67,rain,0,0,33.9,21.8,238.6,1007.7,63.4,14.9,76.6,6.7,6,30,2022-09-13T06:38:31,2022-09-13T19:11:43,0.56,"Rain, Partially cloudy",Partly cloudy throughout the day with early morning rain.,rain,"KTTN,KVAY,72409514792,72408594732,72407493780,D7364,E4814,KPNE",905
127,"Levittown, PA, United States",2022-09-14,26.4,15.6,21.0,26.4,15.6,21.0,13.2,62.1,0.0,0.0,0.0,,0,0,31.7,19.1,286.3,1014.6,2.9,16.0,78.6,6.7,6,10,2022-09-14T06:39:28,2022-09-14T19:10:03,0.6,Clear,Clear conditions throughout the day.,clear-day,"KTTN,KVAY,72409514792,72408594732,72407493780,D7364,KPNE",905
128,"Levittown, PA, United States",2022-09-15,23.6,14.9,19.7,23.6,14.9,19.7,10.4,58.1,0.0,0.0,0.0,,0,0,37.4,21.9,316.7,1020.5,0.0,16.0,79.3,6.9,7,10,2022-09-15T06:40:25,2022-09-15T19:08:24,0.64,Clear,Clear conditions throughout the day.,clear-day,"KTTN,KVAY,72409514792,72408594732,72407493780,D7364,KPNE",905
129,"Levittown, PA, United States",2022-09-16,24.7,11.0,17.8,24.7,11.0,17.8,9.9,62.4,0.0,0.0,0.0,,0,0,18.0,13.0,286.2,1022.1,0.5,16.0,78.3,6.8,6,10,2022-09-16T06:41:22,2022-09-16T19:06:44,0.69,Clear,Clear conditions throughout the day.,clear-day,"KTTN,KVAY,72409514792,72408594732,72407493780,D7364,KPNE",905
130,"Levittown, PA, United States",2022-09-17,26.7,15.6,21.0,27.3,15.6,21.1,14.5,67.1,0.0,0.0,0.0,,0,0,24.8,12.0,155.6,1023.0,30.6,15.9,48.5,4.1,3,10,2022-09-17T06:42:20,2022-09-17T19:05:04,0.74,Partially cloudy,Becoming cloudy in the afternoon.,partly-cloudy-day,"KTTN,KVAY,72409514792,72408594732,72407493780,D7364,KPNE",905
131,"Levittown, PA, United States",2022-09-18,28.5,16.6,22.3,28.5,16.6,22.4,15.6,68.7,0.0,0.0,0.0,rain,0,0,31.7,16.4,227.1,1018.5,4.2,15.5,74.5,6.5,6,10,2022-09-18T06:43:17,2022-09-18T19:03:24,0.78,Clear,Clear conditions throughout the day.,clear-day,"KTTN,KVAY,72409514792,72408594732,72407493780,D7364,KPNE",905
132,"Levittown, PA, United States",2022-09-19,29.8,19.0,23.1,29.7,19.0,23.2,17.1,71.2,0.45,100.0,4.17,rain,0,0,45.3,22.9,233.9,1013.4,29.7,15.8,59.0,5.1,7,30,2022-09-19T06:44:14,2022-09-19T19:01:44,0.83,"Rain, Partially cloudy",Becoming cloudy in the afternoon with afternoon rain.,rain,"KTTN,KVAY,72409514792,72408594732,72407493780,D7364,KPNE",905
133,"Levittown, PA, United States",2022-09-20,26.7,18.3,21.9,26.8,18.3,21.9,15.2,68.5,0.0,0.0,0.0,,0,0,45.1,18.7,246.6,1012.5,26.3,15.1,63.5,5.5,7,10,2022-09-20T06:45:12,2022-09-20T19:00:04,0.87,Partially cloudy,Becoming cloudy in the afternoon.,partly-cloudy-day,"KTTN,KVAY,72409514792,72408594732,72407493780,D7364,KPNE",905
134,"Levittown, PA, United States",2022-09-21,27.4,15.2,21.5,27.5,15.2,21.5,14.4,66.6,0.0,0.0,0.0,,0,0,33.5,15.3,242.0,1013.2,2.9,16.0,70.5,6.0,6,10,2022-09-21T06:46:09,2022-09-21T18:58:24,0.91,Clear,Clear conditions throughout the day.,clear-day,"KTTN,KVAY,72409514792,72408594732,72407493780,D7364,KPNE",905
135,"Levittown, PA, United States",2022-09-22,26.0,14.3,20.1,26.0,14.3,20.1,14.9,73.0,1.71,100.0,16.67,rain,0,0,47.6,28.3,261.2,1005.2,36.2,15.6,47.0,4.1,3,30,2022-09-22T06:47:07,2022-09-22T18:56:44,0.95,"Rain, Partially cloudy",Partly cloudy throughout the day with afternoon rain.,rain,"KTTN,KVAY,72409514792,72408594732,72407493780,D7364,KPNE",905
136,"Levittown, PA, United States",2022-09-23,18.2,10.4,13.8,18.2,10.4,13.8,3.1,50.2,0.0,0.0,0.0,,0,0,52.4,30.8,329.8,1013.9,18.6,16.0,70.3,6.3,6,10,2022-09-23T06:48:05,2022-09-23T18:55:04,0.97,Clear,Clear conditions throughout the day.,clear-day,"KTTN,KVAY,72409514792,72408594732,72407493780,D7364,KPNE",905
137,"Levittown, PA, United States",2022-09-24,20.2,7.5,13.4,20.2,5.4,12.9,4.5,56.4,0.0,0.0,0.0,,0,0,35.6,18.1,275.3,1016.4,3.2,16.0,81.3,7.1,6,10,2022-09-24T06:49:03,2022-09-24T18:53:24,0.99,Clear,Clear conditions throughout the day.,clear-day,"KTTN,KVAY,72409514792,72408594732,72407493780,D7364,KPNE",905
138,"Levittown, PA, United States",2022-09-25,23.1,14.4,17.1,23.1,14.4,17.1,12.8,76.6,5.61,100.0,12.5,rain,0,0,54.4,15.9,161.5,1007.3,59.3,15.8,45.5,3.9,2,10,2022-09-25T06:50:01,2022-09-25T18:51:45,1.0,"Rain, Partially cloudy",Partly cloudy throughout the day with rain.,rain,"KTTN,KVAY,72409514792,72408594732,72407493780,D7364,KPNE",905
139,"Levittown, PA, United States",2022-09-26,24.2,13.4,19.0,24.2,13.4,19.0,10.7,62.4,0.12,100.0,4.17,rain,0,0,40.7,26.5,247.1,1006.1,38.4,16.0,52.8,4.5,5,10,2022-09-26T06:50:59,2022-09-26T18:50:05,0.0,"Rain, Partially cloudy",Becoming cloudy in the afternoon with early morning rain.,rain,"KTTN,KVAY,72409514792,72408594732,72407493780,D7364,KPNE",905
140,"Levittown, PA, United States",2022-09-27,21.1,13.2,17.2,21.1,13.2,17.2,6.8,51.6,0.0,0.0,0.0,rain,0,0,33.5,19.5,256.0,1011.5,25.9,16.0,73.5,6.6,6,10,2022-09-27T06:51:57,2022-09-27T18:48:26,0.01,Partially cloudy,Partly cloudy throughout the day.,partly-cloudy-day,"KTTN,KVAY,72409514792,72408594732,72407493780,D7364,D5182,KPNE",905
141,"Levittown, PA, United States",2022-09-28,20.5,9.2,15.1,20.5,8.1,15.1,8.0,63.4,0.0,0.0,0.0,rain,0,0,37.1,18.9,300.8,1019.8,27.8,16.0,40.3,3.5,3,10,2022-09-28T06:52:56,2022-09-28T18:46:47,0.04,Partially cloudy,Becoming cloudy in the afternoon.,partly-cloudy-day,"KTTN,KVAY,72409514792,72408594732,72407493780,D7364,D5182,KPNE",905
142,"Levittown, PA, United States",2022-09-29,19.7,10.0,15.1,19.7,10.0,15.1,7.5,61.9,0.0,0.0,0.0,,0,0,38.9,21.9,156.4,1026.7,5.0,16.0,74.2,6.2,7,10,2022-09-29T06:53:55,2022-09-29T18:45:08,0.07,Clear,Clear conditions throughout the day.,clear-day,"KTTN,KVAY,72409514792,72408594732,72407493780,D7364,E4814,KPNE",905
143,"Levittown, PA, United States",2022-09-30,18.4,10.4,14.0,18.4,10.4,14.0,7.4,65.0,0.0,71.4,0.0,rain,0,0,36.4,19.4,41.8,1024.4,30.2,19.7,64.8,5.6,2,10,2022-09-30T06:54:54,2022-09-30T18:43:30,0.12,"Rain, Partially cloudy",Becoming cloudy in the afternoon with a chance of rain.,rain,"KTTN,KVAY,D7364,E4814,KPNE",905
