,name,datetime,tempmax,tempmin,temp,feelslikemax,feelslikemin,feelslike,dew,humidity,precip,precipprob,precipcover,preciptype,snow,snowdepth,windgust,windspeed,winddir,sealevelpressure,cloudcover,visibility,solarradiation,solarenergy,uvindex,severerisk,sunrise,sunset,moonphase,conditions,description,icon,stations,skey
0,"Egg Harbor Twp, NJ, United States",2022-05-10,18.9,10.7,14.5,18.9,10.7,14.5,-1.5,33.9,0.0,0,0.0,,0,0,73.6,48.9,42.2,1024.9,85.5,16.0,253.1,21.9,10,10,2022-05-10T05:49:29,2022-05-10T20:00:38,0.32,Partially cloudy,Partly cloudy throughout the day.,wind,"72407513735,KWWD,74596603726,KMIV,72407093730,C8812,KACY",909
1,"Egg Harbor Twp, NJ, United States",2022-05-11,17.8,10.1,13.4,17.8,10.1,13.4,5.1,59.5,0.01,100,4.17,rain,0,0,54.8,36.6,41.3,1023.7,68.7,16.0,111.7,9.6,4,10,2022-05-11T05:48:28,2022-05-11T20:01:34,0.37,"Rain, Partially cloudy",Partly cloudy throughout the day with afternoon rain.,rain,"72407513735,KWWD,74596603726,KMIV,72407093730,C8812,KACY",909
2,"Egg Harbor Twp, NJ, United States",2022-05-12,17.4,11.8,14.0,17.4,11.8,14.0,12.7,91.9,0.54,100,8.33,rain,0,0,44.6,28.9,56.4,1024.3,93.9,9.2,94.2,8.0,4,10,2022-05-12T05:47:29,2022-05-12T20:02:31,0.41,"Rain, Overcast",Cloudy skies throughout the day with early morning rain.,rain,"72407513735,KWWD,74596603726,KMIV,72407093730,C8812,KACY",909
3,"Egg Harbor Twp, NJ, United States",2022-05-13,19.0,12.3,15.2,19.0,12.3,15.2,14.4,95.0,2.62,100,20.83,rain,0,0,29.9,16.7,62.6,1023.2,80.9,3.4,121.3,10.5,5,10,2022-05-13T05:46:31,2022-05-13T20:03:27,0.45,"Rain, Partially cloudy",Partly cloudy throughout the day with rain in the morning and afternoon.,rain,"72407513735,KWWD,74596603726,KMIV,72407093730,C8812,KACY",909
4,"Egg Harbor Twp, NJ, United States",2022-05-14,18.3,13.5,15.7,18.3,13.5,15.7,15.5,98.4,33.67,100,29.17,rain,0,0,31.7,19.5,96.8,1018.1,74.6,2.3,48.4,4.0,2,10,2022-05-14T05:45:35,2022-05-14T20:04:23,0.48,"Rain, Partially cloudy",Partly cloudy throughout the day with rain in the morning and afternoon.,rain,"OCVN4,72407513735,KWWD,74596603726,KMIV,72407093730,C8812,KACY",909
5,"Egg Harbor Twp, NJ, United States",2022-05-15,25.9,14.0,18.9,25.9,14.0,18.9,15.9,84.6,0.01,100,4.17,rain,0,0,29.5,19.7,157.3,1012.1,65.8,11.3,306.6,26.5,10,30,2022-05-15T05:44:41,2022-05-15T20:05:18,0.5,"Rain, Partially cloudy",Partly cloudy throughout the day with early morning rain.,rain,"72407513735,KWWD,74596603726,KMIV,72407093730,C8812,KACY",909
6,"Egg Harbor Twp, NJ, United States",2022-05-16,24.5,15.7,19.7,24.5,15.7,19.7,16.3,81.6,4.28,100,20.83,rain,0,0,43.0,20.1,189.2,1006.2,54.1,15.6,171.0,14.6,7,30,2022-05-16T05:43:48,2022-05-16T20:06:13,0.5,"Rain, Partially cloudy",Partly cloudy throughout the day with rain.,rain,"72407513735,KWWD,74596603726,KMIV,72407093730,C8812,KACY",909
7,"Egg Harbor Twp, NJ, United States",2022-05-17,26.6,10.9,20.1,26.6,10.9,20.1,8.3,50.5,0.0,0,0.0,,0,0,53.1,31.2,290.5,1009.2,17.8,16.0,252.2,21.8,10,10,2022-05-17T05:42:57,2022-05-17T20:07:07,0.52,Clear,Clear conditions throughout the day.,clear-day,"OCVN4,72407513735,KWWD,74596603726,KMIV,72407093730,WOBN4,C8812,KACY",909
8,"Egg Harbor Twp, NJ, United States",2022-05-18,23.2,9.8,17.1,23.2,8.3,17.1,5.9,49.2,0.0,0,0.0,,0,0,48.2,20.1,268.9,1014.6,12.3,16.0,316.0,27.4,9,10,2022-05-18T05:42:07,2022-05-18T20:08:00,0.54,Clear,Clear conditions throughout the day.,clear-day,"72407513735,KWWD,74596603726,KMIV,72407093730,C8812,KACY",909
9,"Egg Harbor Twp, NJ, United States",2022-05-19,25.6,13.3,18.0,25.6,13.3,18.0,14.0,78.8,14.25,100,29.17,rain,0,0,43.2,25.4,220.4,1008.1,67.1,14.2,253.3,22.0,10,30,2022-05-19T05:41:19,2022-05-19T20:08:54,0.58,"Rain, Partially cloudy",Partly cloudy throughout the day with rain clearing later.,rain,"OCVN4,72407513735,KWWD,74596603726,KMIV,72407093730,C8812,KACY,D8913",909
10,"Egg Harbor Twp, NJ, United States",2022-05-20,25.7,13.5,19.9,25.7,13.5,19.9,16.8,83.1,0.0,0,0.0,rain,0,0,51.8,27.0,143.8,1012.4,18.2,14.9,214.0,18.4,9,10,2022-05-20T05:40:33,2022-05-20T20:09:46,0.63,Clear,Clear conditions throughout the day.,clear-day,"72407513735,KWWD,74596603726,KMIV,72407093730,C8812,KACY",909
11,"Egg Harbor Twp, NJ, United States",2022-05-21,33.3,20.1,26.8,36.1,20.1,27.7,18.9,64.3,0.0,0,0.0,,0,0,32.0,21.5,223.9,1015.8,0.0,15.2,318.1,27.5,9,75,2022-05-21T05:39:48,2022-05-21T20:10:38,0.68,Clear,Clear conditions throughout the day.,clear-day,"72407513735,KWWD,74596603726,KMIV,72407093730,C8812,KACY",909
12,"Egg Harbor Twp, NJ, United States",2022-05-22,30.5,21.7,26.2,31.9,21.7,26.9,19.5,67.3,0.1,100,4.17,rain,0,0,38.9,22.6,224.2,1016.8,5.3,16.0,272.2,23.4,9,100,2022-05-22T05:39:05,2022-05-22T20:11:29,0.74,Rain,Clear conditions throughout the day with late afternoon rain.,rain,"72407513735,KWWD,74596603726,KMIV,72407093730,C8812,KACY",909
13,"Egg Harbor Twp, NJ, United States",2022-05-23,23.6,16.7,19.7,23.6,16.7,19.7,12.5,64.4,3.49,100,8.33,rain,0,0,47.3,28.4,223.6,1020.7,23.5,16.0,286.9,24.6,9,10,2022-05-23T05:38:24,2022-05-23T20:12:20,0.79,"Rain, Partially cloudy",Clearing in the afternoon with early morning rain.,rain,"72407513735,KWWD,74596603726,KMIV,72407093730,C8812,KACY",909
14,"Egg Harbor Twp, NJ, United States",2022-05-24,17.8,13.9,15.7,17.8,13.9,15.7,10.9,74.0,1.06,100,29.17,rain,0,0,42.5,27.1,72.8,1024.5,95.5,16.0,154.3,13.5,8,10,2022-05-24T05:37:44,2022-05-24T20:13:10,0.85,"Rain, Overcast",Cloudy skies throughout the day with rain clearing later.,rain,"72407513735,KWWD,74596603726,KMIV,72407093730,C8812,KACY",909
15,"Egg Harbor Twp, NJ, United States",2022-05-25,19.4,10.8,15.2,19.4,10.8,15.2,8.5,66.8,0.0,0,0.0,,0,0,36.8,25.6,70.1,1027.3,35.3,16.0,314.0,27.2,9,10,2022-05-25T05:37:07,2022-05-25T20:13:58,0.89,Partially cloudy,Partly cloudy throughout the day.,partly-cloudy-day,"72407513735,KWWD,74596603726,KMIV,72407093730,C8812,KACY",909
16,"Egg Harbor Twp, NJ, United States",2022-05-26,21.7,10.9,16.8,21.7,10.9,16.8,13.6,81.9,0.28,100,4.17,rain,0,0,31.7,21.6,115.6,1024.1,76.6,15.3,224.7,19.3,9,10,2022-05-26T05:36:31,2022-05-26T20:14:47,0.93,"Rain, Partially cloudy",Partly cloudy throughout the day with late afternoon rain.,rain,"72407513735,KWWD,74596603726,KMIV,72407093730,C8812,KACY",909
17,"Egg Harbor Twp, NJ, United States",2022-05-27,24.9,17.2,19.3,24.9,17.2,19.3,18.0,92.2,5.01,100,16.67,rain,0,0,50.0,22.8,181.5,1013.9,88.1,9.0,106.1,9.3,6,10,2022-05-27T05:35:57,2022-05-27T20:15:34,0.96,"Rain, Partially cloudy",Partly cloudy throughout the day with rain.,rain,"72407513735,KWWD,74596603726,KMIV,72407093730,C8812,KACY",909
18,"Egg Harbor Twp, NJ, United States",2022-05-28,26.6,18.3,21.3,26.6,18.3,21.3,16.6,76.4,0.09,100,12.5,rain,0,0,48.9,26.9,251.2,1008.3,52.0,15.2,272.3,23.7,10,30,2022-05-28T05:35:24,2022-05-28T20:16:20,0.99,"Rain, Partially cloudy",Partly cloudy throughout the day with rain.,rain,"72407513735,KWWD,74596603726,KMIV,72407093730,C8812,KACY",909
19,"Egg Harbor Twp, NJ, United States",2022-05-29,26.1,16.1,20.8,26.1,16.1,20.8,14.4,69.1,0.0,0,0.0,,0,0,28.1,19.9,149.1,1016.9,25.8,16.0,311.1,27.1,10,10,2022-05-29T05:34:54,2022-05-29T20:17:06,1.0,Partially cloudy,Partly cloudy throughout the day.,partly-cloudy-day,"72407513735,KWWD,74596603726,KMIV,72407093730,C8812,KACY",909
20,"Egg Harbor Twp, NJ, United States",2022-05-30,28.8,16.2,22.7,29.4,16.2,23.0,17.0,72.5,0.0,0,0.0,,0,0,33.5,21.8,176.5,1019.4,8.3,15.9,330.0,28.6,10,10,2022-05-30T05:34:25,2022-05-30T20:17:50,0.0,Clear,Clear conditions throughout the day.,clear-day,"72407513735,KWWD,74596603726,KMIV,72407093730,C8812,KACY",909
21,"Egg Harbor Twp, NJ, United States",2022-05-31,34.8,20.6,27.8,34.9,20.6,28.2,18.2,59.4,0.0,0,0.0,,0,0,31.7,18.2,268.7,1015.6,0.0,16.0,331.6,28.6,10,60,2022-05-31T05:33:58,2022-05-31T20:18:33,0.0,Clear,Clear conditions throughout the day.,clear-day,"72407513735,KWWD,74596603726,KMIV,72407093730,C8812,KACY",909
22,"Egg Harbor Twp, NJ, United States",2022-06-01,25.5,17.9,20.7,25.5,17.9,20.7,17.4,82.0,0.0,0,0.0,rain,0,0,31.7,17.6,113.9,1012.9,66.1,13.1,191.2,16.6,8,10,2022-06-01T05:33:34,2022-06-01T20:19:15,0.02,Partially cloudy,Partly cloudy throughout the day.,partly-cloudy-day,"72407513735,KWWD,74596603726,KMIV,72407093730,C8812,KACY",909
23,"Egg Harbor Twp, NJ, United States",2022-06-02,30.6,17.3,23.4,32.1,17.3,23.9,18.7,76.9,10.1,100,20.83,rain,0,0,47.9,23.5,177.3,1007.6,55.6,14.6,268.2,23.2,9,30,2022-06-02T05:33:11,2022-06-02T20:19:57,0.04,"Rain, Partially cloudy",Partly cloudy throughout the day with rain.,rain,"72407513735,KWWD,74596603726,KMIV,72407093730,C8812,KACY",909
24,"Egg Harbor Twp, NJ, United States",2022-06-03,24.3,18.1,21.5,24.3,18.1,21.5,18.9,85.7,0.28,100,12.5,rain,0,0,32.7,14.7,171.3,1007.8,66.9,15.3,149.3,12.9,5,10,2022-06-03T05:32:49,2022-06-03T20:20:37,0.07,"Rain, Partially cloudy",Partly cloudy throughout the day with rain.,rain,"72407513735,KWWD,74596603726,KMIV,72407093730,C8812,KACY",909
25,"Egg Harbor Twp, NJ, United States",2022-06-04,26.8,13.4,20.9,26.6,13.4,20.9,11.9,59.9,0.0,0,0.0,,0,0,29.5,21.8,154.7,1011.6,12.2,15.4,336.0,29.0,10,10,2022-06-04T05:32:30,2022-06-04T20:21:15,0.11,Clear,Clear conditions throughout the day.,clear-day,"72407513735,KWWD,74596603726,KMIV,72407093730,C8812,KACY",909
26,"Egg Harbor Twp, NJ, United States",2022-06-05,22.9,12.9,18.4,22.9,12.9,18.4,8.0,53.2,0.0,0,0.0,,0,0,41.4,27.2,114.9,1015.1,0.0,16.0,349.4,30.3,10,10,2022-06-05T05:32:13,2022-06-05T20:21:53,0.14,Clear,Clear conditions throughout the day.,clear-day,"72407513735,KWWD,74596603726,KMIV,72407093730,C8812,KACY",909
27,"Egg Harbor Twp, NJ, United States",2022-06-06,26.0,9.3,18.6,26.0,9.3,18.6,7.7,54.2,0.0,0,0.0,,0,0,31.7,23.3,120.4,1017.6,0.0,16.0,349.3,30.3,10,10,2022-06-06T05:31:57,2022-06-06T20:22:29,0.19,Clear,Clear conditions throughout the day.,clear-day,"72407513735,KWWD,74596603726,KMIV,72407093730,C8812,KACY",909
28,"Egg Harbor Twp, NJ, United States",2022-06-07,25.1,16.4,21.0,25.1,16.4,21.0,15.5,71.8,0.32,100,12.5,rain,0,0,52.4,27.5,170.6,1017.0,16.6,16.0,224.0,19.3,8,10,2022-06-07T05:31:44,2022-06-07T20:23:04,0.24,Rain,Clear conditions throughout the day with late afternoon rain.,rain,"72407513735,KWWD,74596603726,KMIV,72407093730,C8812,KACY",909
29,"Egg Harbor Twp, NJ, United States",2022-06-08,31.5,20.1,25.0,32.1,20.1,25.5,19.4,73.6,0.0,0,0.0,rain,0,0,40.7,20.0,217.2,1011.7,53.9,15.5,292.6,25.2,10,75,2022-06-08T05:31:32,2022-06-08T20:23:38,0.29,Partially cloudy,Partly cloudy throughout the day.,partly-cloudy-day,"72407513735,KWWD,74596603726,KMIV,72407093730,C8812,KACY",909
30,"Egg Harbor Twp, NJ, United States",2022-06-09,28.9,20.1,24.5,28.9,20.1,24.6,17.0,66.7,5.24,100,20.83,rain,0,0,55.6,36.3,248.0,1005.8,49.2,15.9,285.8,24.7,10,30,2022-06-09T05:31:22,2022-06-09T20:24:10,0.35,"Rain, Partially cloudy",Partly cloudy throughout the day with rain clearing later.,rain,"72407513735,KWWD,74596603726,KMIV,72407093730,C8812,KACY",909
31,"Egg Harbor Twp, NJ, United States",2022-06-10,27.7,13.5,21.3,27.1,13.5,21.3,11.6,56.8,0.0,0,0.0,,0,0,34.9,21.4,279.8,1011.3,4.4,16.0,334.8,29.2,10,10,2022-06-10T05:31:15,2022-06-10T20:24:41,0.39,Clear,Clear conditions throughout the day.,clear-day,"72407513735,KWWD,74596603726,KMIV,72407093730,C8812,KACY",909
32,"Egg Harbor Twp, NJ, United States",2022-06-11,24.7,17.2,21.0,24.7,17.2,21.0,15.5,71.7,0.0,0,0.0,,0,0,26.3,18.2,192.5,1013.4,47.8,16.0,128.5,11.0,4,30,2022-06-11T05:31:09,2022-06-11T20:25:10,0.44,Partially cloudy,Becoming cloudy in the afternoon.,partly-cloudy-day,"72407513735,KWWD,74596603726,KMIV,72407093730,C8812,KACY",909
33,"Egg Harbor Twp, NJ, United States",2022-06-12,24.9,17.3,20.7,24.9,17.3,20.7,17.7,83.6,8.78,100,20.83,rain,0,0,33.5,23.5,148.0,1014.3,66.2,15.4,162.4,14.1,7,30,2022-06-12T05:31:04,2022-06-12T20:25:38,0.47,"Rain, Partially cloudy",Partly cloudy throughout the day with a chance of rain throughout the day.,rain,"72407513735,KWWD,74596603726,KMIV,72407093730,WOBN4,C8812,KACY",909
34,"Egg Harbor Twp, NJ, United States",2022-06-13,31.5,19.4,25.2,34.0,19.4,26.1,20.4,77.1,0.15,100,12.5,rain,0,0,31.7,18.3,212.6,1013.0,26.5,15.5,258.6,22.4,10,75,2022-06-13T05:31:02,2022-06-13T20:26:04,0.49,"Rain, Partially cloudy",Partly cloudy throughout the day with rain clearing later.,rain,"72407513735,KWWD,74596603726,KMIV,72407093730,C8812,KACY",909
35,"Egg Harbor Twp, NJ, United States",2022-06-14,25.6,18.2,22.3,25.6,18.2,22.3,16.1,69.0,0.58,100,12.5,rain,0,0,37.1,23.1,111.7,1012.6,9.8,15.8,198.1,17.0,7,10,2022-06-14T05:31:02,2022-06-14T20:26:29,0.5,Rain,Clear conditions throughout the day with morning rain.,rain,"OCVN4,72407513735,KWWD,74596603726,KMIV,72407093730,C8812,KACY",909
36,"Egg Harbor Twp, NJ, United States",2022-06-15,27.3,15.6,21.0,27.3,15.6,21.1,15.3,71.7,0.0,0,0.0,,0,0,29.5,22.1,142.7,1018.3,0.4,16.0,331.0,28.6,10,10,2022-06-15T05:31:03,2022-06-15T20:26:52,0.51,Clear,Clear conditions throughout the day.,clear-day,"OCVN4,72407513735,KWWD,74596603726,KMIV,72407093730,C8812,KACY",909
37,"Egg Harbor Twp, NJ, United States",2022-06-16,23.3,18.9,20.7,23.3,18.9,20.7,17.2,80.6,11.35,100,25.0,rain,0,0,38.4,23.4,164.7,1019.8,70.6,15.1,168.8,14.5,7,10,2022-06-16T05:31:07,2022-06-16T20:27:13,0.53,"Rain, Partially cloudy",Partly cloudy throughout the day with rain in the morning and afternoon.,rain,"72407513735,KWWD,74596603726,KMIV,72407093730,C8812,KACY",909
38,"Egg Harbor Twp, NJ, United States",2022-06-17,34.7,20.6,27.2,36.1,20.6,28.0,18.8,63.8,0.0,0,0.0,rain,0,0,60.6,31.2,238.0,1007.7,24.0,16.0,334.7,29.1,10,75,2022-06-17T05:31:12,2022-06-17T20:27:33,0.57,Partially cloudy,Partly cloudy throughout the day.,partly-cloudy-day,"OCVN4,72407513735,KWWD,74596603726,KMIV,72407093730,C8812,KACY",909
39,"Egg Harbor Twp, NJ, United States",2022-06-18,23.8,16.1,20.9,23.8,16.1,20.9,10.4,51.4,0.0,0,0.0,,0,0,54.8,35.4,311.4,1007.2,32.6,16.0,208.6,18.1,8,10,2022-06-18T05:31:19,2022-06-18T20:27:51,0.62,Partially cloudy,Partly cloudy throughout the day.,partly-cloudy-day,"OCVN4,72407513735,KWWD,74596603726,KMIV,72407093730,C8812,KACY",909
40,"Egg Harbor Twp, NJ, United States",2022-06-19,23.8,11.4,17.9,23.8,11.4,17.9,4.4,42.6,0.0,0,0.0,,0,0,51.1,35.7,302.3,1015.0,2.1,15.1,363.9,31.3,10,10,2022-06-19T05:31:27,2022-06-19T20:28:07,0.67,Clear,Clear conditions throughout the day.,clear-day,"OCVN4,72407513735,KWWD,74596603726,KMIV,72407093730,C8812,KACY",909
41,"Egg Harbor Twp, NJ, United States",2022-06-20,25.7,10.8,18.7,25.7,10.8,18.7,6.9,49.3,0.0,0,0.0,,0,0,33.5,22.0,286.0,1020.3,18.4,14.0,276.7,24.0,10,10,2022-06-20T05:31:38,2022-06-20T20:28:22,0.72,Clear,Clear conditions throughout the day.,clear-day,"OCVN4,72407513735,KWWD,74596603726,KMIV,72407093730,C8812,KACY",909
42,"Egg Harbor Twp, NJ, United States",2022-06-21,27.1,12.2,21.1,26.8,12.2,21.1,13.0,63.1,0.0,0,0.0,rain,0,0,28.4,15.9,184.5,1019.9,21.0,16.0,204.1,17.7,7,10,2022-06-21T05:31:50,2022-06-21T20:28:35,0.77,Partially cloudy,Partly cloudy throughout the day.,partly-cloudy-day,"72407513735,KWWD,74596603726,KMIV,72407093730,C8812,KACY",909
43,"Egg Harbor Twp, NJ, United States",2022-06-22,21.1,17.3,19.6,21.1,17.3,19.6,16.5,82.7,0.42,100,8.33,rain,0,0,46.2,26.6,156.0,1015.7,84.8,15.6,52.2,4.5,2,10,2022-06-22T05:32:04,2022-06-22T20:28:46,0.82,"Rain, Partially cloudy",Partly cloudy throughout the day with late afternoon rain.,rain,"72407513735,KWWD,74596603726,KMIV,72407093730,C8812,KACY",909
44,"Egg Harbor Twp, NJ, United States",2022-06-23,22.2,17.2,19.5,22.2,17.2,19.5,16.7,84.5,4.29,100,33.33,rain,0,0,33.5,19.9,72.9,1014.0,68.0,15.1,180.7,15.5,6,10,2022-06-23T05:32:19,2022-06-23T20:28:55,0.87,"Rain, Partially cloudy",Partly cloudy throughout the day with rain.,rain,"OCVN4,72407513735,KWWD,74596603726,KMIV,72407093730,C8812,KACY",909
45,"Egg Harbor Twp, NJ, United States",2022-06-24,25.7,15.0,20.9,25.7,15.0,20.9,16.6,78.2,0.0,0,0.0,,0,0,29.5,19.0,178.6,1016.9,49.6,12.7,337.5,29.4,10,10,2022-06-24T05:32:37,2022-06-24T20:29:02,0.91,Partially cloudy,Partly cloudy throughout the day.,partly-cloudy-day,"OCVN4,72407513735,KWWD,74596603726,KMIV,72407093730,C8812,KACY",909
46,"Egg Harbor Twp, NJ, United States",2022-06-25,31.5,18.2,24.4,31.6,18.2,24.7,17.7,68.9,0.0,0,0.0,,0,0,36.7,18.0,227.4,1019.6,23.4,16.0,349.8,30.3,10,30,2022-06-25T05:32:56,2022-06-25T20:29:08,0.95,Partially cloudy,Becoming cloudy in the afternoon.,partly-cloudy-day,"72407513735,KWWD,74596603726,KMIV,72407093730,C8812,KACY",909
47,"Egg Harbor Twp, NJ, United States",2022-06-26,30.5,20.4,24.8,30.7,20.4,24.8,16.7,63.4,0.0,0,0.0,,0,0,42.5,25.7,209.2,1019.4,0.3,16.0,350.0,30.2,10,10,2022-06-26T05:33:16,2022-06-26T20:29:11,0.97,Clear,Clear conditions throughout the day.,clear-day,"72407513735,KWWD,74596603726,KMIV,72407093730,C8812,KACY",909
48,"Egg Harbor Twp, NJ, United States",2022-06-27,29.9,21.2,24.1,32.5,21.2,24.6,20.4,81.1,19.63,100,20.83,rain,0,0,47.9,25.2,228.8,1015.4,59.5,14.4,160.5,13.7,6,60,2022-06-27T05:33:38,2022-06-27T20:29:13,0.99,"Rain, Partially cloudy",Partly cloudy throughout the day with rain.,rain,"OCVN4,72407513735,KWWD,74596603726,KMIV,72407093730,C8812,KACY",909
49,"Egg Harbor Twp, NJ, United States",2022-06-28,25.6,18.3,21.6,25.6,18.3,21.6,15.2,69.6,0.0,0,0.0,rain,0,0,29.9,17.8,223.3,1020.3,36.6,14.5,297.7,25.7,10,10,2022-06-28T05:34:02,2022-06-28T20:29:13,1.0,Partially cloudy,Partly cloudy throughout the day.,partly-cloudy-day,"72407513735,KWWD,74596603726,KMIV,72407093730,C8812,KACY",909
50,"Egg Harbor Twp, NJ, United States",2022-06-29,28.8,16.1,22.7,28.1,16.1,22.6,14.7,64.3,0.0,0,0.0,,0,0,42.5,25.3,204.5,1023.2,5.2,16.0,353.2,30.5,10,30,2022-06-29T05:34:27,2022-06-29T20:29:11,0.0,Clear,Clear conditions throughout the day.,clear-day,"72407513735,KWWD,74596603726,KMIV,72407093730,C8812,KACY",909
51,"Egg Harbor Twp, NJ, United States",2022-06-30,31.7,18.8,25.5,30.5,18.8,25.2,16.0,59.9,0.0,0,0.0,,0,0,35.3,24.9,232.4,1022.1,6.8,16.0,352.3,30.3,10,30,2022-06-30T05:34:54,2022-06-30T20:29:07,0.01,Clear,Clear conditions throughout the day.,clear-day,"OCVN4,72407513735,KWWD,74596603726,KMIV,72407093730,C8812,KACY",909
52,"Egg Harbor Twp, NJ, United States",2022-07-01,32.1,21.0,25.9,35.4,21.0,27.1,20.7,74.4,0.0,0,0.0,rain,0,0,47.5,25.2,201.3,1018.2,14.7,15.9,292.3,25.2,10,100,2022-07-01T05:35:22,2022-07-01T20:29:01,0.03,Clear,Clear conditions throughout the day.,clear-day,"OCVN4,72407513735,KWWD,74596603726,KMIV,72407093730,C8812,KACY",909
53,"Egg Harbor Twp, NJ, United States",2022-07-02,32.1,23.4,26.9,35.7,23.4,28.3,21.6,74.3,1.66,100,12.5,rain,0,0,92.5,21.6,216.2,1014.0,15.3,15.9,251.3,21.7,9,75,2022-07-02T05:35:51,2022-07-02T20:28:53,0.05,Rain,Clear conditions throughout the day with late afternoon rain.,rain,"72407513735,KWWD,74596603726,KMIV,72407093730,C8812,KACY",909
54,"Egg Harbor Twp, NJ, United States",2022-07-03,29.3,18.8,24.6,30.1,18.8,24.8,19.5,75.9,3.99,100,29.17,rain,0,0,31.7,17.9,194.5,1015.9,39.2,15.8,175.0,15.1,8,60,2022-07-03T05:36:22,2022-07-03T20:28:44,0.08,"Rain, Partially cloudy",Partly cloudy throughout the day with rain clearing later.,rain,"OCVN4,72407513735,KWWD,74596603726,KMIV,72407093730,C8812,KACY",909
55,"Egg Harbor Twp, NJ, United States",2022-07-04,27.9,16.2,22.5,27.3,16.2,22.4,11.8,54.9,0.0,0,0.0,,0,0,24.1,18.2,172.5,1020.6,0.0,16.0,341.2,29.6,10,10,2022-07-04T05:36:54,2022-07-04T20:28:32,0.12,Clear,Clear conditions throughout the day.,clear-day,"OCVN4,72407513735,KWWD,74596603726,KMIV,72407093730,C8812,KACY",909
56,"Egg Harbor Twp, NJ, United States",2022-07-05,28.3,19.2,23.3,29.4,19.2,23.5,17.8,72.2,0.71,100,16.67,rain,0,0,49.0,27.0,202.1,1017.1,21.8,15.9,252.0,21.6,10,10,2022-07-05T05:37:28,2022-07-05T20:28:18,0.17,"Rain, Partially cloudy",Partly cloudy throughout the day with late afternoon rain.,rain,"OCVN4,72407513735,KWWD,74596603726,KMIV,72407093730,C8812,KACY",909
57,"Egg Harbor Twp, NJ, United States",2022-07-06,33.0,21.7,26.4,36.4,21.7,27.7,21.7,77.5,5.59,100,12.5,rain,0,0,34.9,23.4,218.0,1011.0,33.1,15.0,215.0,18.6,9,60,2022-07-06T05:38:02,2022-07-06T20:28:03,0.22,"Rain, Partially cloudy",Partly cloudy throughout the day with late afternoon rain.,rain,"72407513735,KWWD,74596603726,KMIV,72407093730,C8812,KACY",909
58,"Egg Harbor Twp, NJ, United States",2022-07-07,24.3,21.2,22.5,24.3,21.2,22.5,20.7,90.1,18.74,100,37.5,rain,0,0,37.8,21.8,74.8,1014.3,98.5,13.3,89.5,7.7,4,10,2022-07-07T05:38:38,2022-07-07T20:27:45,0.27,"Rain, Overcast",Cloudy skies throughout the day with a chance of rain throughout the day.,rain,"OCVN4,72407513735,KWWD,74596603726,KMIV,72407093730,C8812,KACY",909
59,"Egg Harbor Twp, NJ, United States",2022-07-08,29.2,17.9,23.1,31.0,17.9,23.5,19.2,79.8,0.0,0,0.0,rain,0,0,27.4,16.0,154.8,1015.9,33.1,16.0,267.2,23.0,9,10,2022-07-08T05:39:16,2022-07-08T20:27:26,0.33,Partially cloudy,Clearing in the afternoon.,partly-cloudy-day,"72407513735,KWWD,74596603726,KMIV,72407093730,C8812,KACY",909
60,"Egg Harbor Twp, NJ, United States",2022-07-09,23.3,20.0,22.4,23.3,20.0,22.4,19.5,84.0,0.74,100,58.33,rain,0,0,29.5,17.5,89.4,1016.2,62.6,15.6,67.8,5.7,2,10,2022-07-09T05:39:54,2022-07-09T20:27:05,0.38,"Rain, Partially cloudy",Partly cloudy throughout the day with a chance of rain throughout the day.,rain,"72407513735,KWWD,74596603726,KMIV,72407093730,C8812,KACY",909
61,"Egg Harbor Twp, NJ, United States",2022-07-10,26.1,16.7,21.5,26.1,16.7,21.5,16.8,76.2,0.01,100,4.17,rain,0,0,25.9,22.0,104.6,1017.4,7.4,16.0,283.5,24.5,10,10,2022-07-10T05:40:33,2022-07-10T20:26:41,0.42,Rain,Clear conditions throughout the day with early morning rain.,rain,"72407513735,KWWD,74596603726,KMIV,72407093730,C8812,KACY",909
62,"Egg Harbor Twp, NJ, United States",2022-07-11,26.7,13.3,20.8,26.9,13.3,20.8,14.1,68.8,0.0,0,0.0,,0,0,23.8,21.5,108.5,1014.7,0.0,16.0,346.4,29.8,10,10,2022-07-11T05:41:14,2022-07-11T20:26:16,0.46,Clear,Clear conditions throughout the day.,clear-day,"OCVN4,72407513735,KWWD,74596603726,KMIV,72407093730,C8812,KACY",909
63,"Egg Harbor Twp, NJ, United States",2022-07-12,31.1,20.0,25.0,35.4,20.0,26.2,20.4,77.1,5.28,100,16.67,rain,0,0,63.0,28.5,208.6,1009.9,9.3,16.0,307.7,26.6,9,75,2022-07-12T05:41:55,2022-07-12T20:25:49,0.49,Rain,Clear conditions throughout the day with late afternoon rain.,rain,"OCVN4,72407513735,KWWD,74596603726,KMIV,72407093730,C8812,KACY",909
64,"Egg Harbor Twp, NJ, United States",2022-07-13,30.1,22.1,26.2,33.1,22.1,27.3,20.9,73.4,0.01,100,4.17,rain,0,0,40.7,16.7,204.6,1011.7,11.1,16.0,285.5,24.8,9,75,2022-07-13T05:42:37,2022-07-13T20:25:20,0.5,Rain,Clear conditions throughout the day with early morning rain.,rain,"72407513735,KWWD,74596603726,KMIV,72407093730,C8812,KACY",909
65,"Egg Harbor Twp, NJ, United States",2022-07-14,32.7,22.8,27.7,33.3,22.8,28.3,19.4,64.0,0.0,0,0.0,rain,0,0,31.6,20.2,281.6,1014.2,21.7,16.0,304.3,26.2,10,75,2022-07-14T05:43:21,2022-07-14T20:24:49,0.51,Partially cloudy,Partly cloudy throughout the day.,partly-cloudy-day,"OCVN4,72407513735,KWWD,74596603726,KMIV,72407093730,C8812,KACY",909
66,"Egg Harbor Twp, NJ, United States",2022-07-15,28.8,20.6,24.5,29.5,20.6,24.7,19.0,72.9,0.34,100,20.83,rain,0,0,33.5,21.5,149.2,1019.4,36.2,15.8,242.7,21.1,10,60,2022-07-15T05:44:05,2022-07-15T20:24:17,0.53,"Rain, Partially cloudy",Becoming cloudy in the afternoon with rain.,rain,"72407513735,KWWD,74596603726,KMIV,72407093730,C8812,KACY",909
67,"Egg Harbor Twp, NJ, United States",2022-07-16,28.8,21.1,24.7,31.0,21.1,25.4,21.1,81.5,0.74,100,16.67,rain,0,0,25.6,17.9,112.7,1018.6,57.7,12.5,267.0,23.1,10,75,2022-07-16T05:44:50,2022-07-16T20:23:42,0.55,"Rain, Partially cloudy",Partly cloudy throughout the day with late afternoon rain.,rain,"72407513735,KWWD,74596603726,KMIV,72407093730,C8812,KACY",909
68,"Egg Harbor Twp, NJ, United States",2022-07-17,29.8,22.1,25.7,32.2,22.1,26.4,21.5,79.0,0.3,100,12.5,rain,0,0,31.7,18.1,161.7,1016.6,44.1,15.9,252.2,21.7,10,75,2022-07-17T05:45:36,2022-07-17T20:23:06,0.6,"Rain, Partially cloudy",Partly cloudy throughout the day with early morning rain.,rain,"72407513735,KWWD,74596603726,KMIV,72407093730,C8812,KACY",909
69,"Egg Harbor Twp, NJ, United States",2022-07-18,31.6,24.3,27.0,36.7,24.3,28.7,22.8,78.8,0.0,0,0.0,rain,0,0,51.7,28.7,190.3,1013.0,15.9,16.0,255.2,21.9,9,100,2022-07-18T05:46:23,2022-07-18T20:22:27,0.65,Clear,Clear conditions throughout the day.,clear-day,"72407513735,KWWD,74596603726,KMIV,72407093730,C8812,KACY",909
70,"Egg Harbor Twp, NJ, United States",2022-07-19,33.7,23.3,28.3,33.5,23.3,28.6,19.3,62.4,0.0,0,0.0,,0,0,44.0,25.2,267.5,1009.8,9.1,16.0,317.3,27.5,10,60,2022-07-19T05:47:10,2022-07-19T20:21:47,0.7,Clear,Clear conditions throughout the day.,clear-day,"72407513735,KWWD,74596603726,KMIV,72407093730,C8812,KACY",909
71,"Egg Harbor Twp, NJ, United States",2022-07-20,35.5,23.8,28.9,37.8,23.8,30.3,21.1,65.3,0.0,0,0.0,,0,0,40.7,24.9,232.2,1008.9,7.8,15.8,328.6,28.4,10,100,2022-07-20T05:47:58,2022-07-20T20:21:05,0.75,Clear,Clear conditions throughout the day.,clear-day,"72407513735,KWWD,74596603726,KMIV,72407093730,C8812,KACY",909
72,"Egg Harbor Twp, NJ, United States",2022-07-21,34.9,25.0,29.3,41.1,25.0,32.3,23.0,70.3,0.01,100,4.17,rain,0,0,45.0,25.1,215.0,1006.1,20.3,16.0,273.5,23.5,9,100,2022-07-21T05:48:47,2022-07-21T20:20:22,0.8,"Rain, Partially cloudy",Becoming cloudy in the afternoon with late afternoon rain.,rain,"72407513735,KWWD,74596603726,KMIV,72407093730,C8812,KACY",909
73,"Egg Harbor Twp, NJ, United States",2022-07-22,34.9,24.3,29.5,36.2,24.3,30.8,20.6,62.1,0.0,0,0.0,,0,0,37.1,23.7,243.1,1011.8,17.0,16.0,283.9,24.5,10,60,2022-07-22T05:49:36,2022-07-22T20:19:37,0.85,Clear,Clear conditions throughout the day.,clear-day,"OCVN4,72407513735,KWWD,74596603726,KMIV,72407093730,C8812,KACY",909
74,"Egg Harbor Twp, NJ, United States",2022-07-23,34.9,25.4,29.7,36.4,25.4,31.0,20.8,61.7,0.0,0,0.0,,0,0,36.0,21.6,216.2,1016.1,1.8,16.0,318.4,27.5,9,100,2022-07-23T05:50:26,2022-07-23T20:18:50,0.89,Clear,Clear conditions throughout the day.,clear-day,"72407513735,KWWD,74596603726,KMIV,72407093730,C8812,KACY",909
75,"Egg Harbor Twp, NJ, United States",2022-07-24,36.5,22.8,29.3,39.1,22.8,31.4,21.7,66.4,0.0,0,0.0,,0,0,48.2,26.7,215.5,1016.5,2.3,16.0,307.8,26.8,9,100,2022-07-24T05:51:17,2022-07-24T20:18:01,0.93,Clear,Clear conditions throughout the day.,clear-day,"72407513735,KWWD,74596603726,KMIV,72407093730,C8812,KACY",909
76,"Egg Harbor Twp, NJ, United States",2022-07-25,32.8,23.7,27.6,38.0,23.7,29.8,22.9,76.6,73.05,100,25.0,rain,0,0,63.0,30.3,216.9,1013.4,29.7,15.4,197.8,17.0,8,100,2022-07-25T05:52:08,2022-07-25T20:17:10,0.96,"Rain, Partially cloudy",Becoming cloudy in the afternoon with rain.,rain,"OCVN4,72407513735,KWWD,74596603726,KMIV,72407093730,C8812,KACY",909
77,"Egg Harbor Twp, NJ, United States",2022-07-26,25.7,22.2,23.8,25.7,22.2,23.8,20.7,83.5,0.38,100,8.33,rain,0,0,36.7,12.9,173.3,1015.6,50.6,16.0,82.2,7.0,3,30,2022-07-26T05:52:59,2022-07-26T20:16:18,0.98,"Rain, Partially cloudy",Partly cloudy throughout the day with afternoon rain.,rain,"72407513735,KWWD,74596603726,KMIV,72407093730,C8812,KACY",909
78,"Egg Harbor Twp, NJ, United States",2022-07-27,28.9,21.7,24.9,30.3,21.7,25.2,20.1,76.4,0.19,100,12.5,rain,0,0,27.7,14.2,114.6,1014.1,50.8,15.3,250.3,21.8,10,10,2022-07-27T05:53:51,2022-07-27T20:15:25,1.0,"Rain, Partially cloudy",Partly cloudy throughout the day with rain clearing later.,rain,"72407513735,KWWD,74596603726,KMIV,72407093730,C8812,KACY",909
79,"Egg Harbor Twp, NJ, United States",2022-07-28,32.9,23.0,28.0,36.6,23.0,30.1,22.2,72.5,0.04,100,4.17,rain,0,0,34.2,21.4,243.6,1011.1,17.8,15.7,278.9,24.3,10,60,2022-07-28T05:54:44,2022-07-28T20:14:29,1.0,Rain,Clear conditions throughout the day with late afternoon rain.,rain,"72407513735,KWWD,74596603726,KMIV,72407093730,C8812,KACY",909
80,"Egg Harbor Twp, NJ, United States",2022-07-29,30.6,23.4,26.3,32.7,23.4,26.9,20.9,73.2,0.0,0,0.0,rain,0,0,28.1,18.0,212.8,1013.0,32.6,16.0,119.3,10.3,5,30,2022-07-29T05:55:36,2022-07-29T20:13:32,0.0,Partially cloudy,Becoming cloudy in the afternoon.,partly-cloudy-day,"72407513735,KWWD,74596603726,KMIV,72407093730,C8812,KACY",909
81,"Egg Harbor Twp, NJ, United States",2022-07-30,32.0,22.9,27.1,31.2,22.9,26.8,17.1,58.5,0.37,100,8.33,rain,0,0,40.7,21.6,300.5,1016.9,35.7,16.0,320.3,27.7,10,30,2022-07-30T05:56:29,2022-07-30T20:12:34,0.01,"Rain, Partially cloudy",Clearing in the afternoon with early morning rain.,rain,"72407513735,KWWD,74596603726,KMIV,72407093730,WOBN4,C8812,KACY",909
82,"Egg Harbor Twp, NJ, United States",2022-07-31,30.1,19.0,25.3,32.2,19.0,25.7,17.5,63.4,0.0,0,0.0,,0,0,33.5,19.8,169.3,1020.6,20.7,16.0,233.5,20.2,9,10,2022-07-31T05:57:23,2022-07-31T20:11:34,0.04,Partially cloudy,Becoming cloudy in the afternoon.,partly-cloudy-day,"72407513735,KWWD,74596603726,KMIV,72407093730,C8812,KACY",909
83,"Egg Harbor Twp, NJ, United States",2022-08-01,27.3,21.2,23.7,29.0,21.2,23.8,20.6,83.7,7.56,100,12.5,rain,0,0,25.9,14.3,217.0,1014.3,81.0,14.8,118.7,10.2,7,10,2022-08-01T05:58:17,2022-08-01T20:10:33,0.07,"Rain, Partially cloudy",Partly cloudy throughout the day with early morning rain.,rain,"72407513735,KWWD,74596603726,KMIV,72407093730,C8812,KACY,D8913",909
84,"Egg Harbor Twp, NJ, United States",2022-08-02,33.3,21.8,27.3,35.7,21.8,28.7,20.8,70.3,1.04,100,8.33,rain,0,0,38.9,22.8,243.8,1010.8,20.1,15.7,241.8,20.8,9,60,2022-08-02T05:59:11,2022-08-02T20:09:30,0.1,"Rain, Partially cloudy",Becoming cloudy in the afternoon with early morning rain.,rain,"72407513735,KWWD,74596603726,KMIV,72407093730,C8812,KACY",909
85,"Egg Harbor Twp, NJ, United States",2022-08-03,32.8,21.2,26.9,33.2,21.2,27.6,19.4,65.2,0.0,0,0.0,,0,0,37.1,16.4,224.1,1015.2,0.1,16.0,318.5,27.4,10,60,2022-08-03T06:00:05,2022-08-03T20:08:26,0.14,Clear,Clear conditions throughout the day.,clear-day,"72407513735,KWWD,74596603726,KMIV,72407093730,C8812,KACY",909
86,"Egg Harbor Twp, NJ, United States",2022-08-04,32.9,22.6,27.7,37.2,22.6,29.7,21.9,72.3,0.44,100,8.33,rain,0,0,56.2,27.0,189.9,1017.8,7.9,15.2,303.4,26.2,9,100,2022-08-04T06:00:59,2022-08-04T20:07:20,0.2,Rain,Clear conditions throughout the day with late afternoon rain.,rain,"72407513735,KWWD,74596603726,KMIV,72407093730,C8812,KACY",909
87,"Egg Harbor Twp, NJ, United States",2022-08-05,31.6,21.7,26.5,35.2,21.7,28.0,21.3,74.6,0.94,100,20.83,rain,0,0,38.9,20.0,213.3,1020.8,13.4,16.0,287.3,24.9,9,100,2022-08-05T06:01:54,2022-08-05T20:06:13,0.25,Rain,Clear conditions throughout the day with early morning rain.,rain,"72407513735,KWWD,74596603726,KMIV,72407093730,C8812,KACY,D8913",909
88,"Egg Harbor Twp, NJ, United States",2022-08-06,32.7,22.7,27.1,36.0,22.7,28.4,21.5,73.0,0.0,0,0.0,,0,0,45.3,26.6,208.0,1023.3,10.3,16.0,253.9,22.0,10,75,2022-08-06T06:02:49,2022-08-06T20:05:04,0.31,Clear,Clear conditions throughout the day.,clear-day,"72407513735,KWWD,74596603726,KMIV,72407093730,C8812,KACY",909
89,"Egg Harbor Twp, NJ, United States",2022-08-07,33.2,24.3,27.9,36.2,24.3,29.5,22.0,71.6,0.0,0,0.0,,0,0,42.8,26.8,209.0,1022.0,8.3,16.0,269.8,23.2,10,75,2022-08-07T06:03:44,2022-08-07T20:03:55,0.36,Clear,Clear conditions throughout the day.,clear-day,"72407513735,KWWD,74596603726,KMIV,72407093730,WOBN4,C8812,KACY",909
90,"Egg Harbor Twp, NJ, United States",2022-08-08,32.2,24.3,28.1,36.3,24.3,30.4,22.8,74.1,0.0,0,0.0,,0,0,43.9,27.0,202.3,1017.2,11.5,16.0,316.4,27.1,10,30,2022-08-08T06:04:39,2022-08-08T20:02:43,0.41,Clear,Clear conditions throughout the day.,clear-day,"72407513735,KWWD,74596603726,KMIV,72407093730,C8812,KACY",909
91,"Egg Harbor Twp, NJ, United States",2022-08-09,36.1,26.7,30.9,40.3,26.7,34.6,22.7,63.6,0.0,0,0.0,,0,0,40.1,23.9,241.5,1014.3,9.5,16.0,285.1,24.7,10,75,2022-08-09T06:05:34,2022-08-09T20:01:31,0.45,Clear,Clear conditions throughout the day.,clear-day,"72407513735,KWWD,74596603726,KMIV,72407093730,C8812,KACY,D8913",909
92,"Egg Harbor Twp, NJ, United States",2022-08-10,30.8,24.0,27.2,34.2,24.0,28.5,21.7,73.4,0.21,100,4.17,rain,0,0,59.2,20.3,207.7,1016.3,22.6,16.0,296.8,25.4,9,60,2022-08-10T06:06:29,2022-08-10T20:00:18,0.48,"Rain, Partially cloudy",Becoming cloudy in the afternoon with late afternoon rain.,rain,"72407513735,KWWD,74596603726,KMIV,72407093730,WOBN4,C8812,KACY",909
93,"Egg Harbor Twp, NJ, United States",2022-08-11,29.3,22.3,25.4,31.4,22.3,26.2,21.6,80.2,7.25,100,29.17,rain,0,0,28.8,18.0,253.8,1012.8,50.0,15.9,159.0,13.7,8,75,2022-08-11T06:07:24,2022-08-11T19:59:03,0.5,"Rain, Partially cloudy",Partly cloudy throughout the day with rain clearing later.,rain,"72407513735,KWWD,74596603726,KMIV,72407093730,C8812,KACY,D8913",909
94,"Egg Harbor Twp, NJ, United States",2022-08-12,28.3,17.8,23.5,28.4,17.8,23.5,14.7,59.5,0.0,0,0.0,rain,0,0,37.4,25.2,193.7,1014.7,13.5,16.0,200.3,17.3,9,30,2022-08-12T06:08:20,2022-08-12T19:57:47,0.5,Clear,Clear conditions throughout the day.,clear-day,"72407513735,KWWD,74596603726,KMIV,72407093730,C8812,KACY,D8913",909
95,"Egg Harbor Twp, NJ, United States",2022-08-13,27.1,14.0,20.3,26.5,14.0,20.2,11.0,58.2,0.0,0,0.0,,0,0,35.3,22.0,221.1,1018.4,0.0,16.0,319.9,27.5,10,10,2022-08-13T06:09:15,2022-08-13T19:56:30,0.52,Clear,Clear conditions throughout the day.,clear-day,"72407513735,KWWD,74596603726,KMIV,72407093730,C8812,KACY",909
96,"Egg Harbor Twp, NJ, United States",2022-08-14,26.7,16.2,21.7,26.6,16.2,21.7,13.5,62.4,0.0,0,0.0,rain,0,0,29.5,17.9,109.3,1017.8,0.0,16.0,204.7,17.7,9,10,2022-08-14T06:10:11,2022-08-14T19:55:12,0.54,Clear,Clear conditions throughout the day.,clear-day,"72407513735,KWWD,74596603726,KMIV,72407093730,C8812,KACY,D8913",909
97,"Egg Harbor Twp, NJ, United States",2022-08-15,26.6,16.7,21.1,26.6,16.7,21.1,14.5,68.1,0.04,100,8.33,rain,0,0,37.0,23.7,138.6,1015.3,15.3,16.0,241.7,20.9,10,10,2022-08-15T06:11:06,2022-08-15T19:53:53,0.58,Rain,Clear conditions throughout the day with morning rain.,rain,"OCVN4,72407513735,KWWD,74596603726,KMIV,72407093730,C8812,KACY,D8913",909
98,"Egg Harbor Twp, NJ, United States",2022-08-16,25.7,14.0,20.2,25.7,14.0,20.2,15.1,74.5,0.0,0,0.0,rain,0,0,40.4,25.7,146.5,1015.2,17.9,16.0,272.8,23.4,10,30,2022-08-16T06:12:02,2022-08-16T19:52:33,0.62,Clear,Clear conditions throughout the day.,clear-day,"OCVN4,72407513735,KWWD,74596603726,KMIV,72407093730,C8812,KACY,D8913",909
99,"Egg Harbor Twp, NJ, United States",2022-08-17,26.1,15.1,20.9,26.1,15.1,20.9,14.4,68.7,0.0,0,0.0,rain,0,0,25.9,18.1,127.9,1015.4,23.0,16.0,260.4,22.4,9,10,2022-08-17T06:12:57,2022-08-17T19:51:11,0.67,Partially cloudy,Becoming cloudy in the afternoon.,partly-cloudy-day,"OCVN4,72407513735,KWWD,74596603726,KMIV,72407093730,C8812,KACY",909
100,"Egg Harbor Twp, NJ, United States",2022-08-18,30.4,16.2,23.3,29.6,16.2,23.1,15.0,63.2,0.0,0,0.0,,0,0,35.3,18.0,253.3,1013.8,13.7,16.0,272.3,23.3,9,30,2022-08-18T06:13:53,2022-08-18T19:49:49,0.72,Clear,Clear conditions throughout the day.,clear-day,"OCVN4,72407513735,KWWD,74596603726,KMIV,72407093730,C8812,KACY,D8913",909
101,"Egg Harbor Twp, NJ, United States",2022-08-19,31.6,19.3,25.1,30.8,19.3,25.2,17.7,66.6,0.0,0,0.0,,0,0,35.3,23.4,224.5,1018.1,4.0,15.7,262.6,22.7,10,60,2022-08-19T06:14:48,2022-08-19T19:48:26,0.77,Clear,Clear conditions throughout the day.,clear-day,"OCVN4,72407513735,KWWD,74596603726,KMIV,72407093730,C8812,KACY,D8913",909
102,"Egg Harbor Twp, NJ, United States",2022-08-20,31.1,20.0,25.4,31.1,20.0,25.5,17.7,65.0,0.0,0,0.0,,0,0,29.5,20.3,129.0,1021.0,5.3,16.0,291.6,25.2,9,30,2022-08-20T06:15:44,2022-08-20T19:47:02,0.82,Clear,Clear conditions throughout the day.,clear-day,"OCVN4,72407513735,KWWD,74596603726,KMIV,72407093730,C8812,KACY",909
103,"Egg Harbor Twp, NJ, United States",2022-08-21,29.3,17.2,23.3,31.1,17.2,23.9,19.6,80.8,0.0,0,0.0,rain,0,0,27.7,19.9,69.8,1019.0,43.6,13.6,190.5,16.4,8,75,2022-08-21T06:16:39,2022-08-21T19:45:37,0.86,Partially cloudy,Partly cloudy throughout the day.,partly-cloudy-day,"OCVN4,72407513735,KWWD,74596603726,KMIV,72407093730,C8812,KACY,D8913",909
104,"Egg Harbor Twp, NJ, United States",2022-08-22,28.4,23.3,25.3,31.0,23.3,25.9,22.1,83.4,2.88,100,37.5,rain,0,0,29.5,21.8,172.3,1012.5,53.8,15.6,202.7,17.5,10,75,2022-08-22T06:17:34,2022-08-22T19:44:11,0.9,"Rain, Partially cloudy",Partly cloudy throughout the day with a chance of rain throughout the day.,rain,"OCVN4,72407513735,KWWD,74596603726,KMIV,72407093730,C8812,KACY",909
105,"Egg Harbor Twp, NJ, United States",2022-08-23,30.6,21.2,26.1,31.6,21.2,26.6,19.9,71.4,0.09,100,4.17,rain,0,0,37.0,25.3,276.4,1010.4,41.2,14.6,275.7,23.8,10,60,2022-08-23T06:18:30,2022-08-23T19:42:44,0.94,"Rain, Partially cloudy",Partly cloudy throughout the day with early morning rain.,rain,"OCVN4,72407513735,KWWD,74596603726,KMIV,72407093730,C8812,KACY",909
106,"Egg Harbor Twp, NJ, United States",2022-08-24,32.7,19.3,26.3,32.6,19.3,26.3,16.7,59.3,0.0,0,0.0,,0,0,35.3,20.0,281.5,1014.7,11.2,16.0,260.5,22.2,9,30,2022-08-24T06:19:25,2022-08-24T19:41:17,0.97,Clear,Clear conditions throughout the day.,clear-day,"OCVN4,72407513735,KWWD,74596603726,KMIV,72407093730,C8812,KACY,D8913",909
107,"Egg Harbor Twp, NJ, United States",2022-08-25,32.8,18.8,25.9,31.8,18.8,26.0,17.4,63.1,0.0,0,0.0,,0,0,33.5,24.8,206.7,1017.1,3.2,16.0,243.0,20.9,8,60,2022-08-25T06:20:20,2022-08-25T19:39:49,0.99,Clear,Clear conditions throughout the day.,clear-day,"OCVN4,72407513735,KWWD,74596603726,KMIV,72407093730,C8812,KACY,D8913",909
108,"Egg Harbor Twp, NJ, United States",2022-08-26,32.1,22.2,26.7,33.5,22.2,27.4,20.2,69.2,0.45,100,8.33,rain,0,0,40.7,23.8,209.8,1014.5,26.8,16.0,248.5,21.3,9,75,2022-08-26T06:21:15,2022-08-26T19:38:20,1.0,"Rain, Partially cloudy",Partly cloudy throughout the day with afternoon rain.,rain,"OCVN4,72407513735,KWWD,74596603726,KMIV,72407093730,C8812,KACY",909
109,"Egg Harbor Twp, NJ, United States",2022-08-27,30.7,21.1,25.8,32.8,21.1,26.4,20.7,75.1,0.0,0,0.0,rain,0,0,34.9,21.6,134.3,1015.3,20.3,15.3,256.7,22.1,9,75,2022-08-27T06:22:11,2022-08-27T19:36:50,0.0,Partially cloudy,Partly cloudy throughout the day.,partly-cloudy-day,"OCVN4,72407513735,KWWD,74596603726,KMIV,72407093730,C8812,KACY",909
110,"Egg Harbor Twp, NJ, United States",2022-08-28,29.9,22.3,24.8,33.3,22.3,25.2,22.7,88.8,45.96,100,12.5,rain,0,0,31.7,20.0,81.1,1019.5,84.2,11.0,106.1,9.1,6,100,2022-08-28T06:23:06,2022-08-28T19:35:20,0.01,"Rain, Partially cloudy",Partly cloudy throughout the day with afternoon rain.,rain,"OCVN4,72407513735,KWWD,74596603726,KMIV,72407093730,WOBN4,C8812,KACY",909
111,"Egg Harbor Twp, NJ, United States",2022-08-29,29.4,21.2,25.3,32.4,21.2,26.4,21.8,82.1,0.0,0,0.0,rain,0,0,31.5,20.2,110.3,1019.4,30.6,12.6,269.8,23.4,9,60,2022-08-29T06:24:01,2022-08-29T19:33:49,0.02,Partially cloudy,Partly cloudy throughout the day.,partly-cloudy-day,"OCVN4,72407513735,KWWD,74596603726,KMIV,72407093730,C8812,KACY",909
112,"Egg Harbor Twp, NJ, United States",2022-08-30,30.1,22.8,26.0,34.1,22.8,27.2,22.3,81.4,5.79,100,16.67,rain,0,0,72.2,25.5,185.8,1012.8,29.4,13.6,276.9,23.9,9,75,2022-08-30T06:24:56,2022-08-30T19:32:17,0.05,"Rain, Partially cloudy",Partly cloudy throughout the day with late afternoon rain.,rain,"OCVN4,72407513735,KWWD,74596603726,KMIV,72407093730,C8812,KACY,D8913",909
113,"Egg Harbor Twp, NJ, United States",2022-08-31,30.4,21.6,25.1,30.1,21.6,25.1,17.1,64.8,0.01,100,4.17,rain,0,0,41.8,27.1,275.3,1010.2,11.3,16.0,253.7,21.9,9,10,2022-08-31T06:25:51,2022-08-31T19:30:45,0.09,Rain,Clear conditions throughout the day with early morning rain.,rain,"OCVN4,72407513735,KWWD,74596603726,KMIV,72407093730,C8812,KACY",909
114,"Egg Harbor Twp, NJ, United States",2022-09-01,31.0,17.3,24.1,29.9,17.3,23.8,13.8,55.9,0.0,0,0.0,,0,0,36.9,20.6,242.7,1014.5,0.0,16.0,266.4,23.0,9,10,2022-09-01T06:26:45,2022-09-01T19:29:12,0.13,Clear,Clear conditions throughout the day.,clear-day,"OCVN4,72407513735,KWWD,74596603726,KMIV,72407093730,C8812,KACY",909
115,"Egg Harbor Twp, NJ, United States",2022-09-02,25.8,15.2,20.9,25.8,15.2,20.9,14.3,66.8,0.0,0,0.0,,0,0,37.1,21.6,81.6,1022.4,1.2,16.0,257.1,22.2,9,10,2022-09-02T06:27:40,2022-09-02T19:27:39,0.18,Clear,Clear conditions throughout the day.,clear-day,"72407513735,KWWD,74596603726,KMIV,72407093730,C8812,KACY,D8913",909
116,"Egg Harbor Twp, NJ, United States",2022-09-03,26.9,16.2,21.6,27.9,16.2,21.8,17.4,77.8,0.0,0,0.0,rain,0,0,27.7,19.8,106.3,1023.9,11.0,16.0,203.8,17.6,8,10,2022-09-03T06:28:35,2022-09-03T19:26:05,0.24,Clear,Clear conditions throughout the day.,clear-day,"OCVN4,72407513735,KWWD,74596603726,KMIV,72407093730,C8812,KACY",909
117,"Egg Harbor Twp, NJ, United States",2022-09-04,30.1,18.3,24.1,31.6,18.3,24.5,18.6,73.1,0.0,0,0.0,,0,0,33.5,21.7,123.4,1020.3,2.6,16.0,232.1,20.1,8,30,2022-09-04T06:29:30,2022-09-04T19:24:31,0.29,Clear,Clear conditions throughout the day.,clear-day,"72407513735,KWWD,74596603726,KMIV,72407093730,C8812,KACY",909
118,"Egg Harbor Twp, NJ, United States",2022-09-05,28.4,21.5,24.7,30.0,21.5,25.1,20.0,76.0,0.0,0,0.0,,0,0,25.2,19.9,151.4,1018.6,17.5,16.0,182.4,15.8,9,30,2022-09-05T06:30:24,2022-09-05T19:22:56,0.35,Clear,Clear conditions throughout the day.,clear-day,"72407513735,KWWD,74596603726,KMIV,72407093730,C8812,KACY",909
119,"Egg Harbor Twp, NJ, United States",2022-09-06,24.3,19.2,22.0,24.3,19.2,22.0,20.4,90.6,71.72,100,66.67,rain,0,0,51.8,25.2,106.3,1014.5,73.2,9.6,24.4,2.3,2,60,2022-09-06T06:31:19,2022-09-06T19:21:21,0.4,"Rain, Partially cloudy",Partly cloudy throughout the day with rain.,rain,"72407513735,KWWD,74596603726,KMIV,72407093730,C8812,KACY",909
120,"Egg Harbor Twp, NJ, United States",2022-09-07,22.8,20.0,21.0,22.8,20.0,21.0,19.0,88.7,3.78,100,58.33,rain,0,0,44.3,25.8,30.1,1013.5,99.8,12.6,68.4,5.9,4,10,2022-09-07T06:32:14,2022-09-07T19:19:46,0.44,"Rain, Overcast",Cloudy skies throughout the day with a chance of rain throughout the day.,rain,"72407513735,KWWD,74596603726,KMIV,72407093730,C8812,KACY",909
121,"Egg Harbor Twp, NJ, United States",2022-09-08,23.4,16.7,20.1,23.4,16.7,20.1,16.4,80.2,0.27,100,4.17,rain,0,0,38.5,22.2,96.1,1012.6,67.2,15.5,114.8,10.0,6,10,2022-09-08T06:33:09,2022-09-08T19:18:10,0.47,"Rain, Partially cloudy",Partly cloudy throughout the day with early morning rain.,rain,"72407513735,KWWD,74596603726,KMIV,72407093730,C8812,KACY",909
122,"Egg Harbor Twp, NJ, United States",2022-09-09,24.4,13.9,18.9,24.4,13.9,18.9,15.0,79.5,0.0,0,0.0,,0,0,35.3,20.2,90.8,1017.3,5.3,16.0,243.2,21.3,9,10,2022-09-09T06:34:03,2022-09-09T19:16:34,0.49,Clear,Clear conditions throughout the day.,clear-day,"OCVN4,72407513735,KWWD,74596603726,KMIV,72407093730,C8812,KACY",909
123,"Egg Harbor Twp, NJ, United States",2022-09-10,25.7,13.9,20.2,25.7,13.9,20.2,15.9,77.9,0.0,0,0.0,,0,0,16.9,14.5,101.0,1023.3,2.9,16.0,214.3,18.4,10,10,2022-09-10T06:34:58,2022-09-10T19:14:57,0.5,Clear,Clear conditions throughout the day.,clear-day,"OCVN4,72407513735,KWWD,74596603726,F7263,KMIV,72407093730,C8812,KACY",909
124,"Egg Harbor Twp, NJ, United States",2022-09-11,26.6,20.0,22.6,26.6,20.0,22.6,19.9,85.0,2.19,100,41.67,rain,0,0,35.3,17.9,121.0,1019.6,73.8,15.0,78.6,6.8,4,10,2022-09-11T06:35:53,2022-09-11T19:13:21,0.51,"Rain, Partially cloudy",Partly cloudy throughout the day with rain.,rain,"OCVN4,72407513735,KWWD,74596603726,F7263,KMIV,72407093730,C8812,KACY",909
125,"Egg Harbor Twp, NJ, United States",2022-09-12,27.9,22.9,24.8,31.0,22.9,25.4,22.3,86.8,0.39,100,16.67,rain,0,0,31.7,18.0,202.8,1010.6,81.0,13.9,160.9,13.9,8,75,2022-09-12T06:36:47,2022-09-12T19:11:44,0.53,"Rain, Partially cloudy",Partly cloudy throughout the day with rain.,rain,"72407513735,KWWD,74596603726,F7263,KMIV,72407093730,C8812,KACY",909
126,"Egg Harbor Twp, NJ, United States",2022-09-13,28.3,20.4,24.5,30.7,20.4,24.9,19.6,75.8,0.79,100,16.67,rain,0,0,47.9,23.4,240.5,1008.2,34.4,15.5,184.5,16.1,9,60,2022-09-13T06:37:42,2022-09-13T19:10:06,0.56,"Rain, Partially cloudy",Partly cloudy throughout the day with rain clearing later.,rain,"72407513735,KWWD,74596603726,F7263,KMIV,72407093730,C8812,KACY",909
127,"Egg Harbor Twp, NJ, United States",2022-09-14,27.1,15.0,20.7,27.0,15.0,20.6,13.1,64.2,0.0,0,0.0,,0,0,38.9,20.2,293.5,1014.9,0.1,16.0,229.0,19.8,9,10,2022-09-14T06:38:37,2022-09-14T19:08:29,0.6,Clear,Clear conditions throughout the day.,clear-day,"OCVN4,72407513735,KWWD,74596603726,F7263,KMIV,72407093730,C8812,KACY",909
128,"Egg Harbor Twp, NJ, United States",2022-09-15,23.9,12.9,19.3,23.9,12.9,19.3,13.1,69.9,0.0,0,0.0,,0,0,31.7,23.3,236.1,1020.3,1.1,16.0,226.5,19.6,9,10,2022-09-15T06:39:32,2022-09-15T19:06:52,0.64,Clear,Clear conditions throughout the day.,clear-day,"OCVN4,72407513735,KWWD,74596603726,F7263,KMIV,72407093730,C8812,KACY",909
129,"Egg Harbor Twp, NJ, United States",2022-09-16,24.9,10.0,17.2,24.9,9.7,17.2,10.0,65.6,0.0,0,0.0,,0,0,18.0,16.2,245.8,1022.1,0.0,16.0,193.5,16.8,8,10,2022-09-16T06:40:27,2022-09-16T19:05:14,0.69,Clear,Clear conditions throughout the day.,clear-day,"OCVN4,72407513735,KWWD,74596603726,F7263,KMIV,72407093730,C8812,KACY",909
130,"Egg Harbor Twp, NJ, United States",2022-09-17,25.1,13.8,19.9,25.1,13.8,19.9,15.0,74.4,0.0,0,0.0,,0,0,17.6,16.2,108.0,1023.3,5.5,16.0,215.5,18.7,9,10,2022-09-17T06:41:21,2022-09-17T19:03:36,0.74,Clear,Clear conditions throughout the day.,clear-day,"OCVN4,72407513735,KWWD,74596603726,F7263,KMIV,72407093730,C8812,KACY",909
131,"Egg Harbor Twp, NJ, United States",2022-09-18,27.8,16.1,22.0,27.8,16.1,22.1,16.8,74.7,0.0,0,0.0,,0,0,29.5,20.1,228.6,1019.3,1.8,16.0,207.5,17.8,8,60,2022-09-18T06:42:17,2022-09-18T19:01:59,0.78,Clear,Clear conditions throughout the day.,clear-day,"OCVN4,72407513735,KWWD,74596603726,F7263,KMIV,72407093730,C8812,KACY",909
132,"Egg Harbor Twp, NJ, United States",2022-09-19,29.9,20.5,24.5,30.1,20.5,24.7,18.0,69.4,0.0,0,0.0,,0,0,38.9,26.4,229.8,1014.0,6.1,16.0,219.0,18.9,8,60,2022-09-19T06:43:12,2022-09-19T19:00:21,0.83,Clear,Clear conditions throughout the day.,clear-day,"OCVN4,72407513735,KWWD,74596603726,F7263,KMIV,72407093730,C8812,KACY",909
133,"Egg Harbor Twp, NJ, United States",2022-09-20,27.8,18.3,22.8,27.4,18.3,22.7,15.5,66.4,0.0,0,0.0,,0,0,38.9,25.5,272.7,1012.6,8.4,16.0,219.5,18.9,9,30,2022-09-20T06:44:07,2022-09-20T18:58:43,0.87,Clear,Clear conditions throughout the day.,clear-day,"OCVN4,72407513735,KWWD,74596603726,F7263,KMIV,72407093730,C8812,KACY",909
134,"Egg Harbor Twp, NJ, United States",2022-09-21,27.7,12.9,20.7,27.6,12.9,20.7,14.7,70.6,0.0,0,0.0,,0,0,27.4,16.2,165.5,1013.7,0.2,16.0,215.4,18.5,9,10,2022-09-21T06:45:02,2022-09-21T18:57:05,0.91,Clear,Clear conditions throughout the day.,clear-day,"OCVN4,72407513735,KWWD,74596603726,F7263,KMIV,72407093730,C8812,KACY",909
135,"Egg Harbor Twp, NJ, United States",2022-09-22,27.8,15.1,21.1,29.5,15.1,21.3,16.9,77.6,5.38,100,20.83,rain,0,0,56.6,26.8,254.3,1005.6,34.1,15.0,90.5,7.8,7,30,2022-09-22T06:45:58,2022-09-22T18:55:27,0.95,"Rain, Partially cloudy",Becoming cloudy in the afternoon with afternoon rain.,rain,"OCVN4,72407513735,KWWD,74596603726,F7263,KMIV,72407093730,C8812,KACY",909
136,"Egg Harbor Twp, NJ, United States",2022-09-23,19.2,9.6,13.9,19.2,8.0,13.9,4.2,54.2,0.0,0,0.0,,0,0,55.5,36.1,321.6,1013.3,9.4,16.0,223.9,19.2,7,10,2022-09-23T06:46:53,2022-09-23T18:53:50,0.97,Clear,Clear conditions throughout the day.,clear-day,"OCVN4,72407513735,KWWD,74596603726,F7263,KMIV,72407093730,KACY",909
137,"Egg Harbor Twp, NJ, United States",2022-09-24,20.6,4.8,13.1,20.6,4.8,12.6,4.9,59.5,0.0,0,0.0,,0,0,43.6,19.6,286.5,1016.9,5.3,16.0,166.0,14.2,6,10,2022-09-24T06:47:49,2022-09-24T18:52:12,0.99,Clear,Clear conditions throughout the day.,clear-day,"OCVN4,72407513735,KWWD,74596603726,F7263,KMIV,72407093730,KACY",909
138,"Egg Harbor Twp, NJ, United States",2022-09-25,25.6,14.4,19.3,25.6,14.4,19.3,13.3,69.3,0.76,100,8.33,rain,0,0,48.6,25.2,214.0,1007.9,46.0,16.0,126.0,11.0,6,30,2022-09-25T06:48:45,2022-09-25T18:50:35,1.0,"Rain, Partially cloudy",Partly cloudy throughout the day with rain.,rain,"OCVN4,72407513735,KWWD,74596603726,F7263,KMIV,72407093730,C8812,KACY",909
139,"Egg Harbor Twp, NJ, United States",2022-09-26,24.3,15.5,20.2,24.3,15.5,20.2,13.1,65.2,0.0,0,0.0,,0,0,38.6,23.3,216.8,1006.9,29.7,16.0,128.7,11.0,6,30,2022-09-26T06:49:41,2022-09-26T18:48:58,0.0,Partially cloudy,Becoming cloudy in the afternoon.,partly-cloudy-day,"OCVN4,72407513735,KWWD,74596603726,KMIV,72407093730,C8812,KACY",909
140,"Egg Harbor Twp, NJ, United States",2022-09-27,22.8,13.9,18.2,22.8,13.9,18.2,7.1,50.0,0.0,0,0.0,,0,0,46.2,25.6,258.7,1012.1,15.7,16.0,182.7,15.6,7,10,2022-09-27T06:50:37,2022-09-27T18:47:21,0.01,Clear,Clear conditions throughout the day.,clear-day,"OCVN4,72407513735,KWWD,74596603726,KMIV,72407093730,C8812,KACY",909
141,"Egg Harbor Twp, NJ, United States",2022-09-28,21.0,9.5,14.6,21.0,8.5,14.6,7.7,64.8,0.0,0,0.0,,0,0,27.0,19.9,289.5,1020.1,12.7,16.0,176.1,15.1,7,10,2022-09-28T06:51:34,2022-09-28T18:45:44,0.04,Clear,Clear conditions throughout the day.,clear-day,"OCVN4,72407513735,KWWD,74596603726,KMIV,72407093730,C8812,KACY",909
142,"Egg Harbor Twp, NJ, United States",2022-09-29,19.9,10.8,14.8,19.9,10.8,14.8,8.9,69.5,0.0,0,0.0,,0,0,44.6,24.1,159.7,1025.9,4.3,16.0,146.8,12.7,6,10,2022-09-29T06:52:30,2022-09-29T18:44:07,0.07,Clear,Clear conditions throughout the day.,clear-day,"OCVN4,72407513735,KWWD,74596603726,KMIV,72407093730,C8812,KACY",909
143,"Egg Harbor Twp, NJ, United States",2022-09-30,18.3,10.8,14.7,18.3,10.8,14.7,11.0,78.8,2.4,100,29.17,rain,0,0,50.4,31.0,35.8,1022.9,61.4,16.2,58.2,5.2,2,10,2022-09-30T06:53:27,2022-09-30T18:42:31,0.12,"Rain, Partially cloudy",Partly cloudy throughout the day with rain.,rain,"KWWD,KMIV,C8812,KACY",909
