,name,datetime,tempmax,tempmin,temp,feelslikemax,feelslikemin,feelslike,dew,humidity,precip,precipprob,precipcover,preciptype,snow,snowdepth,windgust,windspeed,winddir,sealevelpressure,cloudcover,visibility,solarradiation,solarenergy,uvindex,severerisk,sunrise,sunset,moonphase,conditions,description,icon,stations,skey
0,"Toms River, NJ, United States",2022-05-10,21.1,10.5,14.8,21.1,10.5,14.8,-4.3,27.2,0.0,0.0,0.0,,0,0,65.2,32.1,49.0,1025.7,30.3,16.0,223.2,19.3,10,10,2022-05-10T05:46:34,2022-05-10T20:00:27,0.32,Partially cloudy,Becoming cloudy in the afternoon.,partly-cloudy-day,"KWRI,D7003,KNEL,72408454760,KBLM,72409014780",921
1,"Toms River, NJ, United States",2022-05-11,20.8,11.7,15.1,20.8,11.7,15.1,4.0,49.7,0.0,0.0,0.0,,0,0,48.2,24.9,48.6,1024.2,55.8,16.0,97.5,8.4,4,10,2022-05-11T05:45:32,2022-05-11T20:01:26,0.37,Partially cloudy,Partly cloudy throughout the day.,partly-cloudy-day,"KWRI,D7003,KNEL,72408454760,KBLM,72409014780",921
2,"Toms River, NJ, United States",2022-05-12,17.6,11.0,14.3,17.6,11.0,14.3,12.6,89.6,0.0,0.0,0.0,rain,0,0,35.6,23.3,63.8,1025.1,88.9,12.3,96.6,8.3,4,10,2022-05-12T05:44:32,2022-05-12T20:02:23,0.41,Partially cloudy,Partly cloudy throughout the day.,partly-cloudy-day,"KWRI,D7003,KNEL,72408454760,KBLM,72409014780",921
3,"Toms River, NJ, United States",2022-05-13,17.7,12.6,14.9,17.7,12.6,14.9,14.5,97.0,6.45,100.0,20.83,rain,0,0,29.9,17.0,60.8,1023.8,80.9,6.3,85.6,7.5,4,10,2022-05-13T05:43:33,2022-05-13T20:03:21,0.45,"Rain, Partially cloudy",Partly cloudy throughout the day with rain in the morning and afternoon.,rain,"KWRI,D7003,KNEL,72408454760,KBLM,72409014780",921
4,"Toms River, NJ, United States",2022-05-14,18.9,14.3,16.4,18.9,14.3,16.4,16.4,98.7,21.27,100.0,50.0,rain,0,0,21.6,13.0,95.5,1018.0,77.5,5.0,46.3,4.0,1,10,2022-05-14T05:42:35,2022-05-14T20:04:18,0.48,"Rain, Partially cloudy",Partly cloudy throughout the day with rain.,rain,"KWRI,D7003,KNEL,72408454760,KBLM,72409014780",921
5,"Toms River, NJ, United States",2022-05-15,25.8,15.8,19.9,25.8,15.8,19.9,16.8,83.8,0.0,0.0,0.0,rain,0,0,44.3,16.2,227.9,1011.6,70.9,12.4,141.2,12.1,9,30,2022-05-15T05:41:40,2022-05-15T20:05:14,0.5,Partially cloudy,Partly cloudy throughout the day.,partly-cloudy-day,"KWRI,D7003,KNEL,72408454760,KBLM,72409014780",921
6,"Toms River, NJ, United States",2022-05-16,27.2,15.5,20.9,27.8,15.5,21.0,16.5,77.8,0.25,100.0,4.17,rain,0,0,52.2,30.0,249.8,1005.3,45.9,15.2,121.6,10.4,10,30,2022-05-16T05:40:45,2022-05-16T20:06:10,0.5,"Rain, Partially cloudy",Partly cloudy throughout the day with late afternoon rain.,rain,"KWRI,D7003,KNEL,72408454760,KBLM,72409014780",921
7,"Toms River, NJ, United States",2022-05-17,26.5,11.1,19.9,26.5,11.1,19.9,7.0,48.8,0.0,0.0,0.0,rain,0,0,57.0,35.5,284.5,1008.2,11.1,16.0,300.0,26.0,10,10,2022-05-17T05:39:53,2022-05-17T20:07:06,0.52,Clear,Clear conditions throughout the day.,clear-day,"KWRI,D7003,KNEL,72408454760,KBLM,72409014780",921
8,"Toms River, NJ, United States",2022-05-18,21.9,9.1,16.5,21.9,7.8,16.4,5.5,50.5,0.0,0.0,0.0,,0,0,34.2,19.3,264.0,1013.9,8.3,15.9,182.5,15.6,9,10,2022-05-18T05:39:02,2022-05-18T20:08:00,0.54,Clear,Clear conditions throughout the day.,clear-day,"KWRI,D7003,KNEL,72408454760,KBLM,72409014780",921
9,"Toms River, NJ, United States",2022-05-19,22.5,12.1,15.5,22.5,12.1,15.5,12.9,85.6,18.33,100.0,41.67,rain,0,0,29.9,16.2,163.8,1008.2,71.3,13.8,74.6,6.4,3,10,2022-05-19T05:38:13,2022-05-19T20:08:55,0.58,"Rain, Partially cloudy",Partly cloudy throughout the day with rain clearing later.,rain,"KWRI,D7003,KNEL,72408454760,KBLM,72409014780",921
10,"Toms River, NJ, United States",2022-05-20,25.6,11.8,18.4,25.6,11.8,18.4,16.3,88.3,0.44,100.0,4.17,rain,0,0,52.2,24.7,102.5,1012.6,32.1,12.0,149.7,13.0,9,30,2022-05-20T05:37:25,2022-05-20T20:09:48,0.63,"Rain, Partially cloudy",Becoming cloudy in the afternoon with late afternoon rain.,rain,"KWRI,D7003,KNEL,72408454760,KBLM,72409014780",921
11,"Toms River, NJ, United States",2022-05-21,32.6,15.9,24.7,35.0,15.9,25.7,18.9,73.4,0.0,0.0,0.0,,0,0,34.6,16.0,168.7,1015.6,22.8,11.6,222.5,19.3,9,100,2022-05-21T05:36:39,2022-05-21T20:10:41,0.68,Partially cloudy,Clearing in the afternoon.,partly-cloudy-day,"KWRI,D7003,KNEL,72408454760,KBLM,72409014780",921
12,"Toms River, NJ, United States",2022-05-22,33.0,22.2,27.0,36.4,22.2,28.1,19.9,66.5,0.0,0.0,0.0,rain,0,0,49.0,18.2,235.2,1016.0,5.4,16.0,188.0,16.3,9,75,2022-05-22T05:35:55,2022-05-22T20:11:34,0.74,Clear,Clear conditions throughout the day.,clear-day,"KWRI,D7003,KNEL,72408454760,KBLM,72409014780",921
13,"Toms River, NJ, United States",2022-05-23,24.0,16.2,20.4,24.0,16.2,20.4,10.2,53.6,0.0,0.0,0.0,,0,0,40.7,16.6,245.6,1020.7,8.3,15.9,219.2,19.3,9,10,2022-05-23T05:35:13,2022-05-23T20:12:25,0.79,Clear,Clear conditions throughout the day.,clear-day,"KWRI,D7003,KNEL,72408454760,KBLM,72409014780",921
14,"Toms River, NJ, United States",2022-05-24,18.5,13.2,16.3,18.5,13.2,16.3,9.7,66.3,0.0,0.0,0.0,rain,0,0,38.9,29.9,78.8,1024.8,94.5,16.0,137.0,11.9,7,10,2022-05-24T05:34:32,2022-05-24T20:13:16,0.85,Overcast,Cloudy skies throughout the day.,cloudy,"KWRI,D7003,KNEL,72408454760,KBLM,72409014780",921
15,"Toms River, NJ, United States",2022-05-25,19.3,10.3,14.6,19.3,10.3,14.6,7.5,65.4,0.0,0.0,0.0,,0,0,29.5,19.3,67.8,1027.7,8.5,16.0,238.1,20.4,10,10,2022-05-25T05:33:54,2022-05-25T20:14:06,0.89,Clear,Clear conditions throughout the day.,clear-day,"KWRI,D7003,KNEL,72408454760,KBLM,72409014780",921
16,"Toms River, NJ, United States",2022-05-26,21.8,8.9,16.4,21.8,8.9,16.3,12.1,76.8,0.0,0.0,0.0,rain,0,0,29.5,22.0,105.8,1024.1,63.2,15.8,208.5,17.9,10,10,2022-05-26T05:33:17,2022-05-26T20:14:55,0.93,Partially cloudy,Partly cloudy throughout the day.,partly-cloudy-day,"KWRI,D7003,KNEL,72408454760,KBLM,72409014780",921
17,"Toms River, NJ, United States",2022-05-27,27.0,18.0,20.6,28.4,18.0,20.8,18.8,90.1,8.3,100.0,12.5,rain,0,0,54.7,28.8,180.6,1013.3,86.4,11.7,145.5,12.5,10,30,2022-05-27T05:32:42,2022-05-27T20:15:43,0.96,"Rain, Partially cloudy",Partly cloudy throughout the day with rain.,rain,"KWRI,D7003,KNEL,72408454760,KBLM,72409014780",921
18,"Toms River, NJ, United States",2022-05-28,25.8,18.0,21.0,25.8,18.0,21.0,16.9,79.3,7.32,100.0,25.0,rain,0,0,43.6,22.7,256.2,1007.5,72.4,15.7,137.5,11.7,10,30,2022-05-28T05:32:08,2022-05-28T20:16:31,0.99,"Rain, Partially cloudy",Partly cloudy throughout the day with rain.,rain,"KWRI,D7003,KNEL,72408454760,AU830,KBLM,72409014780",921
19,"Toms River, NJ, United States",2022-05-29,24.5,12.8,19.3,24.5,12.8,19.3,14.0,73.7,0.0,0.0,0.0,,0,0,21.2,15.8,204.8,1017.0,5.4,16.0,176.3,15.0,9,10,2022-05-29T05:31:37,2022-05-29T20:17:17,1.0,Clear,Clear conditions throughout the day.,clear-day,"KWRI,D7003,KNEL,72408454760,KBLM,72409014780",921
20,"Toms River, NJ, United States",2022-05-30,29.7,13.1,22.8,30.4,13.1,23.3,16.9,72.1,0.0,0.0,0.0,,0,0,34.9,18.4,204.4,1019.0,4.3,15.4,236.1,20.3,9,30,2022-05-30T05:31:08,2022-05-30T20:18:02,0.0,Clear,Clear conditions throughout the day.,clear-day,"KWRI,D7003,KNEL,72408454760,KBLM,72409014780",921
21,"Toms River, NJ, United States",2022-05-31,35.0,20.3,27.8,35.8,20.3,28.4,18.3,60.1,0.0,0.0,0.0,,0,0,34.9,22.9,267.7,1014.9,3.0,17.5,228.3,19.7,9,60,2022-05-31T05:30:40,2022-05-31T20:18:46,0.0,Clear,Clear conditions throughout the day.,clear-day,"KWRI,D7003,KNEL,72408454760,KBLM,72409014780",921
22,"Toms River, NJ, United States",2022-06-01,24.9,15.5,18.1,24.9,15.5,18.1,15.6,85.6,0.32,100.0,4.17,rain,0,0,35.3,17.5,80.1,1013.4,86.2,14.0,85.2,7.2,3,10,2022-06-01T05:30:14,2022-06-01T20:19:29,0.02,"Rain, Partially cloudy",Partly cloudy throughout the day with late afternoon rain.,rain,"KWRI,D7003,KNEL,72408454760,KBLM,72409014780",921
23,"Toms River, NJ, United States",2022-06-02,28.1,16.3,21.2,30.3,16.3,21.5,19.3,89.8,19.12,100.0,45.83,rain,0,0,25.9,16.8,187.9,1007.5,78.4,13.1,171.7,14.7,10,30,2022-06-02T05:29:50,2022-06-02T20:20:11,0.04,"Rain, Partially cloudy",Partly cloudy throughout the day with rain.,rain,"KWRI,D7003,KNEL,72408454760,KBLM,72409014780",921
24,"Toms River, NJ, United States",2022-06-03,24.3,15.4,20.1,24.3,15.4,20.1,18.3,89.9,0.17,100.0,4.17,rain,0,0,18.4,13.4,105.2,1007.7,69.4,11.5,81.8,7.0,3,30,2022-06-03T05:29:29,2022-06-03T20:20:52,0.07,"Rain, Partially cloudy",Partly cloudy throughout the day with afternoon rain.,rain,"KWRI,D7003,KNEL,72408454760,KBLM,72409014780",921
25,"Toms River, NJ, United States",2022-06-04,26.2,11.9,19.6,26.2,11.9,19.6,13.1,69.8,0.0,0.0,0.0,rain,0,0,28.8,16.2,183.2,1011.5,5.0,15.9,222.0,19.3,10,10,2022-06-04T05:29:09,2022-06-04T20:21:32,0.11,Clear,Clear conditions throughout the day.,clear-day,"KWRI,D7003,KNEL,72408454760,KBLM,72409014780",921
26,"Toms River, NJ, United States",2022-06-05,23.5,11.6,18.0,23.5,11.6,18.0,6.6,51.3,0.0,0.0,0.0,,0,0,33.5,16.9,149.0,1015.2,0.0,16.0,232.4,19.9,10,10,2022-06-05T05:28:51,2022-06-05T20:22:10,0.14,Clear,Clear conditions throughout the day.,clear-day,"KWRI,D7003,KNEL,72408454760,KBLM,72409014780",921
27,"Toms River, NJ, United States",2022-06-06,26.8,8.9,18.9,26.4,8.9,18.9,7.7,52.9,0.0,0.0,0.0,,0,0,38.4,24.3,228.1,1017.2,0.2,16.0,236.8,20.5,10,10,2022-06-06T05:28:34,2022-06-06T20:22:47,0.19,Clear,Clear conditions throughout the day.,clear-day,"KWRI,D7003,KNEL,72408454760,KBLM,72409014780",921
28,"Toms River, NJ, United States",2022-06-07,25.3,12.2,19.9,25.3,12.2,19.9,14.7,73.6,0.0,0.0,0.0,rain,0,0,44.9,29.5,189.9,1016.6,31.5,15.9,193.5,16.6,10,10,2022-06-07T05:28:20,2022-06-07T20:23:22,0.24,Partially cloudy,Becoming cloudy in the afternoon.,partly-cloudy-day,"KWRI,D7003,KNEL,72408454760,KBLM,72409014780",921
29,"Toms River, NJ, United States",2022-06-08,29.9,19.8,24.5,30.8,19.8,24.8,19.6,76.7,1.14,100.0,12.5,rain,0,0,47.2,24.5,215.6,1011.6,62.7,15.9,207.9,18.0,10,30,2022-06-08T05:28:08,2022-06-08T20:23:56,0.29,"Rain, Partially cloudy",Partly cloudy throughout the day with early morning rain.,rain,"KWRI,D7003,KNEL,72408454760,KBLM,72409014780",921
30,"Toms River, NJ, United States",2022-06-09,28.6,19.6,24.1,29.4,19.6,24.2,17.4,69.1,18.81,100.0,29.17,rain,0,0,61.0,34.2,227.2,1004.9,59.7,15.6,176.6,15.2,9,60,2022-06-09T05:27:58,2022-06-09T20:24:29,0.35,"Rain, Partially cloudy",Clearing in the afternoon with rain clearing later.,rain,"KWRI,D7003,KNEL,72408454760,KBLM,72409014780",921
31,"Toms River, NJ, United States",2022-06-10,26.6,12.9,20.6,26.6,12.9,20.6,10.7,56.5,0.0,0.0,0.0,,0,0,42.8,18.3,292.0,1010.7,4.4,16.0,237.2,20.6,10,10,2022-06-10T05:27:49,2022-06-10T20:25:00,0.39,Clear,Clear conditions throughout the day.,clear-day,"KWRI,D7003,KNEL,72408454760,KBLM,72409014780",921
32,"Toms River, NJ, United States",2022-06-11,25.4,15.5,20.1,25.4,15.5,20.1,14.1,70.4,0.12,100.0,4.17,rain,0,0,29.2,19.9,250.3,1013.1,31.9,16.0,64.0,5.6,3,30,2022-06-11T05:27:43,2022-06-11T20:25:30,0.44,"Rain, Partially cloudy",Becoming cloudy in the afternoon with afternoon rain.,rain,"KWRI,D7003,KNEL,72408454760,KBLM,72409014780",921
33,"Toms River, NJ, United States",2022-06-12,22.2,14.9,18.5,22.2,14.9,18.5,17.3,92.9,34.77,100.0,50.0,rain,0,0,33.5,17.8,149.0,1014.4,84.3,13.9,68.9,6.0,4,10,2022-06-12T05:27:38,2022-06-12T20:25:58,0.47,"Rain, Partially cloudy",Partly cloudy throughout the day with rain.,rain,"KWRI,D7003,KNEL,72408454760,AU830,KBLM,72409014780",921
34,"Toms River, NJ, United States",2022-06-13,30.4,17.9,24.3,32.7,17.9,25.2,19.8,78.2,0.0,0.0,0.0,rain,0,0,29.2,16.9,250.0,1012.3,35.6,14.9,146.7,12.8,8,75,2022-06-13T05:27:36,2022-06-13T20:26:25,0.49,Partially cloudy,Partly cloudy throughout the day.,partly-cloudy-day,"KWRI,D7003,KNEL,72408454760,KBLM,72409014780",921
35,"Toms River, NJ, United States",2022-06-14,28.0,18.8,22.3,27.7,18.8,22.3,14.2,62.1,0.03,100.0,4.17,rain,0,0,38.9,16.0,136.4,1012.6,11.3,16.0,210.4,18.2,9,10,2022-06-14T05:27:35,2022-06-14T20:26:50,0.5,Rain,Clear conditions throughout the day with morning rain.,rain,"KWRI,D7003,KNEL,72408454760,KBLM,72409014780",921
36,"Toms River, NJ, United States",2022-06-15,26.3,14.5,20.9,26.3,14.5,20.9,15.0,71.4,0.0,0.0,0.0,,0,0,39.2,22.2,176.9,1018.2,3.5,16.0,229.9,20.0,9,10,2022-06-15T05:27:36,2022-06-15T20:27:13,0.51,Clear,Clear conditions throughout the day.,clear-day,"KWRI,D7003,KNEL,72408454760,KBLM,72409014780",921
37,"Toms River, NJ, United States",2022-06-16,23.8,16.8,19.8,23.8,16.8,19.8,17.0,84.7,13.21,100.0,20.83,rain,0,0,42.5,22.7,149.3,1019.4,85.8,15.4,74.1,6.5,4,10,2022-06-16T05:27:39,2022-06-16T20:27:34,0.53,"Rain, Partially cloudy",Partly cloudy throughout the day with rain.,rain,"KWRI,D7003,KNEL,72408454760,AU830,KBLM,72409014780",921
38,"Toms River, NJ, United States",2022-06-17,33.7,20.6,26.5,35.3,20.6,26.9,17.6,63.5,0.0,0.0,0.0,rain,0,0,54.7,35.1,248.7,1006.9,44.1,16.0,210.8,18.1,10,75,2022-06-17T05:27:44,2022-06-17T20:27:54,0.57,Partially cloudy,Clearing in the afternoon.,partly-cloudy-day,"KWRI,D7003,KNEL,72408454760,KBLM,72409014780",921
39,"Toms River, NJ, United States",2022-06-18,21.8,13.4,19.6,21.8,13.4,19.6,9.7,53.2,0.0,0.0,0.0,rain,0,0,51.9,32.2,306.0,1006.6,40.6,16.0,209.4,17.9,10,10,2022-06-18T05:27:51,2022-06-18T20:28:13,0.62,Partially cloudy,Partly cloudy throughout the day.,partly-cloudy-day,"KWRI,D7003,KNEL,72408454760,KBLM,72409014780",921
40,"Toms River, NJ, United States",2022-06-19,23.0,10.8,17.0,23.0,10.8,17.0,4.2,44.7,0.0,0.0,0.0,,0,0,50.2,30.1,307.2,1014.2,2.4,16.0,242.7,21.0,10,10,2022-06-19T05:28:00,2022-06-19T20:28:29,0.67,Clear,Clear conditions throughout the day.,clear-day,"KWRI,D7003,KNEL,72408454760,KBLM,72409014780",921
41,"Toms River, NJ, United States",2022-06-20,26.1,8.7,18.4,26.1,7.3,18.3,6.7,50.2,0.0,0.0,0.0,,0,0,35.3,22.1,269.5,1019.7,0.9,16.0,259.4,22.4,10,10,2022-06-20T05:28:10,2022-06-20T20:28:44,0.72,Clear,Clear conditions throughout the day.,clear-day,"KWRI,D7003,KNEL,72408454760,KBLM,72409014780",921
42,"Toms River, NJ, United States",2022-06-21,27.2,11.7,20.5,26.9,11.7,20.4,12.6,63.3,0.69,100.0,8.33,rain,0,0,29.2,15.4,234.3,1019.4,27.8,13.7,158.7,13.7,7,10,2022-06-21T05:28:22,2022-06-21T20:28:56,0.77,"Rain, Partially cloudy",Becoming cloudy in the afternoon with late afternoon rain.,rain,"KWRI,D7003,KNEL,72408454760,KBLM,72409014780",921
43,"Toms River, NJ, United States",2022-06-22,19.8,17.2,18.7,19.8,17.2,18.7,16.8,88.8,1.75,100.0,20.83,rain,0,0,37.4,21.9,126.2,1016.0,95.0,13.5,31.6,2.7,2,10,2022-06-22T05:28:36,2022-06-22T20:29:07,0.82,"Rain, Overcast",Cloudy skies throughout the day with rain.,rain,"KWRI,D7003,KNEL,72408454760,KBLM,72409014780",921
44,"Toms River, NJ, United States",2022-06-23,22.5,16.7,19.5,22.5,16.7,19.5,16.4,83.2,1.54,100.0,12.5,rain,0,0,35.6,18.6,80.4,1014.1,74.7,15.7,125.6,10.8,8,10,2022-06-23T05:28:52,2022-06-23T20:29:17,0.87,"Rain, Partially cloudy",Partly cloudy throughout the day with early morning rain.,rain,"KWRI,D7003,KNEL,72408454760,KBLM,72409014780",921
45,"Toms River, NJ, United States",2022-06-24,27.0,16.8,21.6,27.8,16.8,21.6,16.9,76.7,0.0,0.0,0.0,rain,0,0,29.5,14.6,200.5,1016.4,56.0,15.9,228.3,19.8,10,10,2022-06-24T05:29:09,2022-06-24T20:29:24,0.91,Partially cloudy,Partly cloudy throughout the day.,partly-cloudy-day,"KWRI,D7003,KNEL,72408454760,KBLM,72409014780",921
46,"Toms River, NJ, United States",2022-06-25,31.2,18.5,25.1,32.0,18.5,25.4,17.8,67.5,0.0,0.0,0.0,,0,0,31.3,17.4,224.8,1018.8,14.6,15.9,175.9,15.3,10,30,2022-06-25T05:29:28,2022-06-25T20:29:29,0.95,Clear,Clear conditions throughout the day.,clear-day,"KWRI,D7003,KNEL,72408454760,KBLM,72409014780",921
47,"Toms River, NJ, United States",2022-06-26,32.2,19.3,25.4,31.4,19.3,25.3,16.3,61.8,0.0,0.0,0.0,,0,0,45.0,24.9,225.5,1018.4,10.0,16.0,234.8,20.2,9,10,2022-06-26T05:29:49,2022-06-26T20:29:33,0.97,Clear,Clear conditions throughout the day.,clear-day,"KWRI,D7003,KNEL,72408454760,KBLM,72409014780",921
48,"Toms River, NJ, United States",2022-06-27,27.8,21.5,23.5,30.0,21.5,23.7,20.8,85.0,28.75,100.0,37.5,rain,0,0,52.9,23.1,204.1,1014.7,80.7,13.4,60.3,5.2,3,30,2022-06-27T05:30:11,2022-06-27T20:29:34,0.99,"Rain, Partially cloudy",Partly cloudy throughout the day with rain.,rain,"KWRI,D7003,KNEL,72408454760,KBLM,72409014780",921
49,"Toms River, NJ, United States",2022-06-28,25.5,17.3,21.5,25.5,17.3,21.5,14.6,68.9,0.07,100.0,4.17,rain,0,0,53.6,14.8,247.3,1019.9,41.5,13.7,213.4,18.3,10,30,2022-06-28T05:30:35,2022-06-28T20:29:34,1.0,"Rain, Partially cloudy",Partly cloudy throughout the day with early morning rain.,rain,"KWRI,D7003,KNEL,72408454760,KBLM,72409014780",921
50,"Toms River, NJ, United States",2022-06-29,28.8,14.0,22.3,28.0,14.0,22.1,13.9,64.0,0.2,100.0,4.17,rain,0,0,38.9,15.4,254.4,1022.6,14.9,16.0,231.8,19.9,10,10,2022-06-29T05:31:01,2022-06-29T20:29:31,0.0,Rain,Clear conditions throughout the day with late afternoon rain.,rain,"KWRI,D7003,KNEL,72408454760,KBLM,72409014780",921
51,"Toms River, NJ, United States",2022-06-30,30.4,17.5,24.5,29.9,17.5,24.5,15.9,62.4,0.0,0.0,0.0,,0,0,29.9,14.9,227.4,1021.5,7.3,16.0,195.0,17.0,10,10,2022-06-30T05:31:28,2022-06-30T20:29:27,0.01,Clear,Clear conditions throughout the day.,clear-day,"KWRI,D7003,KNEL,72408454760,KBLM,72409014780",921
52,"Toms River, NJ, United States",2022-07-01,33.6,19.3,26.5,35.3,19.3,27.7,20.0,70.5,0.0,0.0,0.0,rain,0,0,51.5,23.7,227.8,1017.1,16.1,15.7,193.4,16.8,10,100,2022-07-01T05:31:56,2022-07-01T20:29:21,0.03,Clear,Clear conditions throughout the day.,clear-day,"KWRI,D7003,KNEL,72408454760,KBLM,72409014780",921
53,"Toms River, NJ, United States",2022-07-02,33.2,23.8,27.3,36.2,23.8,28.9,22.1,75.0,0.51,100.0,8.33,rain,0,0,41.8,18.2,236.0,1012.9,32.0,16.0,206.5,17.6,10,75,2022-07-02T05:32:26,2022-07-02T20:29:12,0.05,"Rain, Partially cloudy",Becoming cloudy in the afternoon with late afternoon rain.,rain,"KWRI,D7003,KNEL,72408454760,KBLM,72409014780",921
54,"Toms River, NJ, United States",2022-07-03,29.4,18.5,24.6,29.1,18.5,24.6,18.4,72.0,0.49,100.0,8.33,rain,0,0,31.3,13.9,187.0,1015.6,37.0,15.9,202.1,17.5,9,60,2022-07-03T05:32:57,2022-07-03T20:29:02,0.08,"Rain, Partially cloudy",Partly cloudy throughout the day with morning rain.,rain,"KWRI,D7003,KNEL,72408454760,KBLM,72409014780",921
55,"Toms River, NJ, United States",2022-07-04,29.6,13.2,22.2,28.2,13.2,21.9,11.0,54.0,0.0,0.0,0.0,,0,0,28.1,14.3,213.6,1020.2,0.9,16.0,210.8,18.2,9,10,2022-07-04T05:33:30,2022-07-04T20:28:50,0.12,Clear,Clear conditions throughout the day.,clear-day,"KWRI,D7003,KNEL,72408454760,KBLM,72409014780",921
56,"Toms River, NJ, United States",2022-07-05,30.3,18.5,23.9,30.1,18.5,24.0,16.2,63.8,0.0,0.0,0.0,rain,0,0,55.1,25.6,218.5,1016.2,30.7,16.0,139.4,12.0,9,10,2022-07-05T05:34:04,2022-07-05T20:28:36,0.17,Partially cloudy,Becoming cloudy in the afternoon.,partly-cloudy-day,"KWRI,D7003,KNEL,72408454760,KBLM,72409014780",921
57,"Toms River, NJ, United States",2022-07-06,31.1,21.7,26.4,33.6,21.7,27.3,19.8,69.6,0.0,0.0,0.0,,0,0,46.1,24.7,264.8,1010.6,46.4,15.3,127.0,11.2,7,30,2022-07-06T05:34:39,2022-07-06T20:28:20,0.22,Partially cloudy,Partly cloudy throughout the day.,partly-cloudy-day,"KWRI,D7003,KNEL,72408454760,KBLM,72409014780",921
58,"Toms River, NJ, United States",2022-07-07,24.3,20.3,22.7,24.3,20.3,22.7,19.8,83.8,3.25,100.0,33.33,rain,0,0,24.5,17.5,73.3,1014.6,92.0,15.5,76.8,6.6,5,10,2022-07-07T05:35:16,2022-07-07T20:28:01,0.27,"Rain, Overcast",Cloudy skies throughout the day with a chance of rain throughout the day.,rain,"KWRI,D7003,KNEL,72408454760,AU830,KBLM,72409014780",921
59,"Toms River, NJ, United States",2022-07-08,30.0,16.5,23.6,31.3,16.5,24.2,18.7,75.9,0.69,100.0,4.17,rain,0,0,42.5,17.6,188.1,1015.4,40.3,15.3,164.6,14.1,9,10,2022-07-08T05:35:54,2022-07-08T20:27:41,0.33,"Rain, Partially cloudy",Partly cloudy throughout the day with late afternoon rain.,rain,"KWRI,D7003,KNEL,72408454760,KBLM,72409014780",921
60,"Toms River, NJ, United States",2022-07-09,25.4,18.8,22.1,25.4,18.8,22.1,18.0,79.2,3.76,100.0,33.33,rain,0,0,42.5,15.9,150.2,1016.1,47.2,16.0,89.5,8.1,4,10,2022-07-09T05:36:33,2022-07-09T20:27:19,0.38,"Rain, Partially cloudy",Partly cloudy throughout the day with rain.,rain,"KWRI,D7003,KNEL,72408454760,AU830,KBLM,72409014780",921
61,"Toms River, NJ, United States",2022-07-10,25.2,15.0,20.8,25.2,15.0,20.8,16.2,77.5,0.0,0.0,0.0,,0,0,25.9,19.5,100.0,1017.3,15.8,15.2,154.5,13.4,8,10,2022-07-10T05:37:13,2022-07-10T20:26:55,0.42,Clear,Clear conditions throughout the day.,clear-day,"KWRI,D7003,KNEL,72408454760,KBLM,72409014780",921
62,"Toms River, NJ, United States",2022-07-11,28.3,12.5,21.3,27.8,12.5,21.2,13.4,65.8,0.0,0.0,0.0,,0,0,35.7,22.3,188.0,1014.1,3.3,16.0,204.1,17.6,10,10,2022-07-11T05:37:54,2022-07-11T20:26:29,0.46,Clear,Clear conditions throughout the day.,clear-day,"KWRI,D7003,KNEL,72408454760,KBLM,72409014780",921
63,"Toms River, NJ, United States",2022-07-12,32.9,18.6,25.7,36.3,18.6,27.0,19.9,72.8,0.0,0.0,0.0,rain,0,0,48.2,24.6,221.1,1008.9,28.1,16.0,204.4,17.6,10,60,2022-07-12T05:38:36,2022-07-12T20:26:01,0.49,Partially cloudy,Partly cloudy throughout the day.,partly-cloudy-day,"KWRI,D1653,D7003,KNEL,72408454760,KBLM,72409014780",921
64,"Toms River, NJ, United States",2022-07-13,31.2,21.1,26.6,32.2,21.1,27.2,20.1,69.7,0.0,0.0,0.0,,0,0,37.4,16.6,209.0,1011.4,12.9,16.0,169.6,14.7,10,30,2022-07-13T05:39:20,2022-07-13T20:25:31,0.5,Clear,Clear conditions throughout the day.,clear-day,"KWRI,D7003,KNEL,72408454760,KBLM,72409014780",921
65,"Toms River, NJ, United States",2022-07-14,32.0,21.3,26.1,32.5,21.3,26.9,20.0,71.5,0.0,0.0,0.0,rain,0,0,26.3,17.1,187.3,1013.9,38.6,15.8,113.4,9.5,10,75,2022-07-14T05:40:04,2022-07-14T20:25:00,0.51,Partially cloudy,Partly cloudy throughout the day.,partly-cloudy-day,"KWRI,D7003,KNEL,72408454760,AU830,KBLM,72409014780",921
66,"Toms River, NJ, United States",2022-07-15,28.4,18.9,23.6,28.9,18.9,23.7,17.2,69.5,0.0,0.0,0.0,,0,0,28.8,20.1,107.1,1019.6,30.3,16.0,155.3,13.2,8,60,2022-07-15T05:40:49,2022-07-15T20:24:26,0.53,Partially cloudy,Partly cloudy throughout the day.,partly-cloudy-day,"KWRI,D7003,KNEL,72408454760,KBLM,72409014780",921
67,"Toms River, NJ, United States",2022-07-16,29.3,19.0,24.2,31.5,19.0,24.6,21.0,83.5,0.23,100.0,4.17,rain,0,0,33.5,18.9,89.4,1018.9,57.7,14.1,183.0,15.8,8,60,2022-07-16T05:41:35,2022-07-16T20:23:50,0.55,"Rain, Partially cloudy",Partly cloudy throughout the day with late afternoon rain.,rain,"KWRI,D7003,KNEL,72408454760,KBLM,72409014780",921
68,"Toms River, NJ, United States",2022-07-17,29.7,20.8,25.2,32.8,20.8,26.3,21.8,82.2,0.4,100.0,8.33,rain,0,0,31.0,15.4,180.8,1016.8,67.4,15.7,126.0,10.7,8,60,2022-07-17T05:42:22,2022-07-17T20:23:13,0.6,"Rain, Partially cloudy",Partly cloudy throughout the day with early morning rain.,rain,"KWRI,D7003,72408454760,KBLM",921
69,"Toms River, NJ, United States",2022-07-18,32.9,23.1,27.3,37.3,23.1,29.4,23.1,79.7,0.39,100.0,8.33,rain,0,0,40.8,29.6,182.3,1012.3,44.3,15.8,109.0,9.3,5,75,2022-07-18T05:43:10,2022-07-18T20:22:34,0.65,"Rain, Partially cloudy",Partly cloudy throughout the day with rain.,rain,"KWRI,D7003,KNEL,72408454760,KBLM,72409014780",921
70,"Toms River, NJ, United States",2022-07-19,33.8,21.9,27.8,34.0,21.9,28.2,19.3,64.9,0.29,100.0,12.5,rain,0,0,46.4,23.2,261.0,1008.7,7.6,16.0,234.7,20.2,9,10,2022-07-19T05:43:58,2022-07-19T20:21:53,0.7,Rain,Clear conditions throughout the day with early morning rain.,rain,"KWRI,D7003,KNEL,72408454760,KBLM,72409014780",921
71,"Toms River, NJ, United States",2022-07-20,35.9,22.5,29.3,37.1,22.5,30.4,19.9,60.6,0.0,0.0,0.0,,0,0,33.1,19.0,236.9,1007.9,13.9,15.8,155.8,13.3,10,30,2022-07-20T05:44:47,2022-07-20T20:21:10,0.75,Clear,Clear conditions throughout the day.,clear-day,"KWRI,D7003,KNEL,72408454760,KBLM,72409014780",921
72,"Toms River, NJ, United States",2022-07-21,36.2,24.8,30.1,40.5,24.8,32.5,22.0,64.6,0.0,0.0,0.0,,0,0,44.6,28.0,223.4,1005.0,11.1,16.0,168.5,14.3,10,100,2022-07-21T05:45:37,2022-07-21T20:20:25,0.8,Clear,Clear conditions throughout the day.,clear-day,"KWRI,D7003,KNEL,72408454760,KBLM,72409014780",921
73,"Toms River, NJ, United States",2022-07-22,35.7,22.6,29.6,35.1,22.6,29.9,18.6,56.9,0.0,0.0,0.0,,0,0,38.2,19.5,253.2,1010.9,4.3,15.9,129.9,11.3,10,30,2022-07-22T05:46:27,2022-07-22T20:19:39,0.85,Clear,Clear conditions throughout the day.,clear-day,"KWRI,D7003,KNEL,72408454760,KBLM,72409014780",921
74,"Toms River, NJ, United States",2022-07-23,36.1,22.8,29.6,35.9,22.8,30.3,19.0,56.4,0.0,0.0,0.0,,0,0,37.1,21.2,236.2,1015.4,3.6,16.0,186.3,15.9,10,60,2022-07-23T05:47:19,2022-07-23T20:18:51,0.89,Clear,Clear conditions throughout the day.,clear-day,"KWRI,D7003,KNEL,72408454760,KBLM,72409014780",921
75,"Toms River, NJ, United States",2022-07-24,37.4,22.5,30.1,37.5,22.5,31.1,19.3,58.5,0.0,0.0,0.0,,0,0,40.7,24.4,233.2,1015.5,4.1,15.7,205.2,17.6,9,100,2022-07-24T05:48:10,2022-07-24T20:18:01,0.93,Clear,Clear conditions throughout the day.,clear-day,"KWRI,D7003,KNEL,72408454760,KBLM,72409014780",921
76,"Toms River, NJ, United States",2022-07-25,33.1,24.3,28.5,37.5,24.3,31.0,22.8,72.8,1.02,100.0,8.33,rain,0,0,43.1,27.6,221.7,1012.2,15.5,15.8,91.4,8.0,4,75,2022-07-25T05:49:02,2022-07-25T20:17:09,0.96,Rain,Clear conditions throughout the day with rain.,rain,"KWRI,C1341,D7003,KNEL,72408454760,KBLM,72409014780",921
77,"Toms River, NJ, United States",2022-07-26,26.4,20.9,23.7,26.4,20.9,23.7,19.3,77.7,0.21,100.0,4.17,rain,0,0,36.0,13.1,207.4,1015.1,9.8,16.0,83.8,7.1,3,30,2022-07-26T05:49:55,2022-07-26T20:16:16,0.98,Rain,Clear conditions throughout the day with afternoon rain.,rain,"KWRI,D7003,KNEL,72408454760,KBLM,72409014780",921
78,"Toms River, NJ, United States",2022-07-27,29.5,19.8,25.0,30.5,19.8,25.3,18.7,70.7,0.0,0.0,0.0,,0,0,29.1,15.9,182.1,1013.5,62.9,16.0,126.3,10.9,10,10,2022-07-27T05:50:48,2022-07-27T20:15:21,1.0,Partially cloudy,Partly cloudy throughout the day.,partly-cloudy-day,"KWRI,D7003,KNEL,72408454760,AU830,KBLM,72409014780",921
79,"Toms River, NJ, United States",2022-07-28,32.2,23.0,27.4,35.1,23.0,29.0,21.9,74.3,3.66,100.0,16.67,rain,0,0,42.5,22.4,248.2,1010.3,61.5,15.2,99.3,8.5,5,75,2022-07-28T05:51:42,2022-07-28T20:14:24,1.0,"Rain, Partially cloudy",Partly cloudy throughout the day with rain.,rain,"KWRI,D7003,KNEL,72408454760,KBLM,72409014780",921
80,"Toms River, NJ, United States",2022-07-29,31.4,21.1,25.8,32.4,21.1,26.5,20.9,76.3,0.0,0.0,0.0,rain,0,0,38.5,13.6,242.6,1012.4,29.6,15.6,100.9,8.9,5,10,2022-07-29T05:52:36,2022-07-29T20:13:26,0.0,Partially cloudy,Becoming cloudy in the afternoon.,partly-cloudy-day,"KWRI,D7003,KNEL,72408454760,KBLM,72409014780",921
81,"Toms River, NJ, United States",2022-07-30,31.9,22.0,26.5,30.9,22.0,26.3,17.0,60.6,0.0,0.0,0.0,rain,0,0,35.1,26.3,268.8,1016.5,35.3,16.0,193.9,16.8,9,10,2022-07-30T05:53:30,2022-07-30T20:12:26,0.01,Partially cloudy,Partly cloudy throughout the day.,partly-cloudy-day,"KWRI,D7003,KNEL,72408454760,AU830,KBLM,72409014780",921
82,"Toms River, NJ, United States",2022-07-31,29.6,16.3,24.2,30.0,16.3,24.4,16.7,65.0,0.0,0.0,0.0,rain,0,0,28.4,18.5,138.7,1020.3,34.2,16.0,194.4,16.8,9,10,2022-07-31T05:54:25,2022-07-31T20:11:25,0.04,Partially cloudy,Partly cloudy throughout the day.,partly-cloudy-day,"KWRI,D7003,KNEL,72408454760,KBLM,72409014780",921
83,"Toms River, NJ, United States",2022-08-01,24.4,20.7,22.0,24.4,20.7,22.0,20.3,90.2,1.87,100.0,33.33,rain,0,0,23.4,12.3,183.3,1014.2,84.0,13.1,36.8,3.1,2,10,2022-08-01T05:55:20,2022-08-01T20:10:22,0.07,"Rain, Partially cloudy",Partly cloudy throughout the day with a chance of rain throughout the day.,rain,"KWRI,D7003,KNEL,72408454760,KBLM,72409014780",921
84,"Toms River, NJ, United States",2022-08-02,33.1,20.0,26.4,35.1,20.0,27.5,20.3,72.4,0.21,100.0,4.17,rain,0,0,33.5,21.2,238.8,1010.0,31.9,14.7,153.8,13.0,8,60,2022-08-02T05:56:15,2022-08-02T20:09:18,0.1,"Rain, Partially cloudy",Partly cloudy throughout the day with early morning rain.,rain,"KWRI,JACN4,D7003,KNEL,72408454760,AU830,KBLM,72409014780",921
85,"Toms River, NJ, United States",2022-08-03,32.7,19.5,26.8,32.8,19.5,26.9,18.0,62.0,0.0,0.0,0.0,,0,0,35.3,21.4,256.4,1014.6,3.0,16.0,197.5,17.1,9,10,2022-08-03T05:57:11,2022-08-03T20:08:13,0.14,Clear,Clear conditions throughout the day.,clear-day,"KWRI,D7003,KNEL,72408454760,AU830,KBLM,72409014780",921
86,"Toms River, NJ, United States",2022-08-04,35.1,20.4,28.2,38.1,20.4,29.9,20.5,65.9,0.0,0.0,0.0,rain,0,0,37.1,21.6,227.5,1017.0,12.5,15.7,125.8,10.9,9,100,2022-08-04T05:58:07,2022-08-04T20:07:05,0.2,Clear,Clear conditions throughout the day.,clear-day,"KWRI,D7003,KNEL,72408454760,AU830,KBLM,72409014780",921
87,"Toms River, NJ, United States",2022-08-05,33.7,22.8,26.2,36.3,22.8,27.1,21.2,76.2,5.73,100.0,16.67,rain,0,0,37.8,23.7,259.3,1020.2,18.1,15.4,134.5,11.5,6,60,2022-08-05T05:59:03,2022-08-05T20:05:57,0.25,Rain,Clear conditions throughout the day with late afternoon rain.,rain,"KWRI,D7003,KNEL,72408454760,AU830,KBLM,72409014780",921
88,"Toms River, NJ, United States",2022-08-06,33.1,22.1,27.2,35.2,22.1,28.7,21.6,74.3,0.0,0.0,0.0,,0,0,36.8,23.1,240.8,1022.4,16.5,15.6,142.5,12.4,9,60,2022-08-06T05:59:59,2022-08-06T20:04:47,0.31,Clear,Clear conditions throughout the day.,clear-day,"KWRI,D7003,KNEL,72408454760,AU830,KBLM,72409014780",921
89,"Toms River, NJ, United States",2022-08-07,34.7,23.9,28.8,37.3,23.9,30.6,22.0,69.3,0.0,0.0,0.0,,0,0,42.2,25.2,222.8,1020.9,12.3,16.0,95.6,8.2,9,60,2022-08-07T06:00:55,2022-08-07T20:03:36,0.36,Clear,Clear conditions throughout the day.,clear-day,"KWRI,D7003,KNEL,72408454760,AU830,KBLM,72409014780",921
90,"Toms River, NJ, United States",2022-08-08,34.4,24.3,28.9,40.9,24.3,32.3,23.6,74.7,0.0,0.0,0.0,,0,0,38.5,23.4,216.0,1016.2,16.3,16.0,102.3,8.9,9,60,2022-08-08T06:01:52,2022-08-08T20:02:24,0.41,Clear,Clear conditions throughout the day.,clear-day,"KWRI,D7003,KNEL,72408454760,AU830,KBLM,72409014780",921
91,"Toms River, NJ, United States",2022-08-09,36.3,25.4,29.8,42.7,25.4,33.2,24.3,75.4,0.1,100.0,4.17,rain,0,0,44.6,19.4,241.5,1013.6,21.9,15.4,185.0,15.9,9,60,2022-08-09T06:02:48,2022-08-09T20:01:10,0.45,"Rain, Partially cloudy",Partly cloudy throughout the day with late afternoon rain.,rain,"KWRI,D7003,KNEL,72408454760,AU830,KBLM,72409014780",921
92,"Toms River, NJ, United States",2022-08-10,30.4,23.9,26.3,31.8,23.9,26.9,21.3,76.0,0.07,100.0,4.17,rain,0,0,23.8,15.2,166.2,1015.8,40.4,15.1,137.8,12.0,8,60,2022-08-10T06:03:45,2022-08-10T19:59:55,0.48,"Rain, Partially cloudy",Becoming cloudy in the afternoon with early morning rain.,rain,"KWRI,D7003,KNEL,72408454760,AU830,KBLM,72409014780",921
93,"Toms River, NJ, United States",2022-08-11,30.3,21.7,25.3,31.3,21.7,25.6,21.0,79.8,7.37,100.0,16.67,rain,0,0,38.9,13.4,267.6,1012.2,49.5,14.4,154.8,13.4,10,30,2022-08-11T06:04:42,2022-08-11T19:58:39,0.5,"Rain, Partially cloudy",Partly cloudy throughout the day with rain clearing later.,rain,"KWRI,JACN4,D7003,KNEL,72408454760,KBLM,72409014780",921
94,"Toms River, NJ, United States",2022-08-12,28.4,17.6,24.0,27.6,17.6,23.8,13.9,55.4,0.0,0.0,0.0,rain,0,0,43.2,15.8,221.1,1014.4,34.5,16.0,185.5,16.1,9,30,2022-08-12T06:05:39,2022-08-12T19:57:21,0.5,Partially cloudy,Partly cloudy throughout the day.,partly-cloudy-day,"KWRI,D7003,KNEL,72408454760,KBLM,72409014780",921
95,"Toms River, NJ, United States",2022-08-13,26.6,13.9,20.7,26.6,13.9,20.7,9.9,53.3,0.0,0.0,0.0,,0,0,36.0,14.6,251.5,1018.2,3.3,16.0,160.5,13.8,9,10,2022-08-13T06:06:36,2022-08-13T19:56:03,0.52,Clear,Clear conditions throughout the day.,clear-day,"KWRI,D7003,KNEL,72408454760,AU830,KBLM,72409014780",921
96,"Toms River, NJ, United States",2022-08-14,27.3,13.6,20.7,27.1,13.6,20.7,12.5,63.1,0.0,0.0,0.0,,0,0,25.9,21.0,188.8,1017.4,5.3,16.0,121.2,10.5,5,10,2022-08-14T06:07:33,2022-08-14T19:54:43,0.54,Clear,Clear conditions throughout the day.,clear-day,"KWRI,D7003,KNEL,72408454760,AU830,KBLM,72409014780",921
97,"Toms River, NJ, United States",2022-08-15,26.0,14.7,20.2,26.0,14.7,20.2,13.7,68.7,0.0,0.0,0.0,,0,0,25.2,20.0,88.5,1015.4,10.8,16.0,124.3,10.8,8,10,2022-08-15T06:08:30,2022-08-15T19:53:22,0.58,Clear,Clear conditions throughout the day.,clear-day,"KWRI,D7003,KNEL,72408454760,KBLM,72409014780",921
98,"Toms River, NJ, United States",2022-08-16,26.3,15.0,20.9,26.3,15.0,20.9,14.2,69.1,0.0,0.0,0.0,,0,0,39.8,29.5,111.0,1015.4,0.0,16.0,166.8,14.5,9,10,2022-08-16T06:09:27,2022-08-16T19:52:01,0.62,Clear,Clear conditions throughout the day.,clear-day,"KWRI,D7003,KNEL,72408454760,KBLM,72409014780",921
99,"Toms River, NJ, United States",2022-08-17,25.9,16.4,21.3,25.9,16.4,21.3,14.9,69.6,0.0,0.0,0.0,rain,0,0,23.4,14.1,139.8,1015.2,61.0,16.0,94.6,8.2,7,30,2022-08-17T06:10:24,2022-08-17T19:50:38,0.67,Partially cloudy,Partly cloudy throughout the day.,partly-cloudy-day,"KWRI,D7003,KNEL,72408454760,KBLM,72409014780",921
100,"Toms River, NJ, United States",2022-08-18,29.9,14.6,22.7,29.0,14.6,22.5,13.7,62.0,0.0,0.0,0.0,,0,0,33.5,19.0,236.8,1013.1,14.2,16.0,197.6,17.1,9,10,2022-08-18T06:11:21,2022-08-18T19:49:14,0.72,Clear,Clear conditions throughout the day.,clear-day,"KWRI,D7003,KNEL,72408454760,KBLM,72409014780",921
101,"Toms River, NJ, United States",2022-08-19,30.9,17.0,24.7,30.1,17.0,24.5,15.7,61.2,0.0,0.0,0.0,,0,0,35.3,20.7,202.5,1017.4,7.6,16.0,99.1,8.6,8,10,2022-08-19T06:12:18,2022-08-19T19:47:50,0.77,Clear,Clear conditions throughout the day.,clear-day,"KWRI,D7003,KNEL,72408454760,KBLM,72409014780",921
102,"Toms River, NJ, United States",2022-08-20,31.7,19.1,25.3,32.1,19.1,25.5,17.8,66.4,0.0,0.0,0.0,,0,0,35.3,20.9,216.8,1020.4,4.2,16.0,162.5,14.0,8,30,2022-08-20T06:13:15,2022-08-20T19:46:24,0.82,Clear,Clear conditions throughout the day.,clear-day,"KWRI,D7003,KNEL,72408454760,KBLM,72409014780",921
103,"Toms River, NJ, United States",2022-08-21,27.6,17.2,22.9,29.0,17.2,23.1,19.2,81.3,0.0,0.0,0.0,rain,0,0,27.7,18.8,71.5,1019.0,32.5,14.4,107.2,9.2,5,60,2022-08-21T06:14:12,2022-08-21T19:44:57,0.86,Partially cloudy,Partly cloudy throughout the day.,partly-cloudy-day,"KWRI,D7003,KNEL,72408454760,KBLM,72409014780",921
104,"Toms River, NJ, United States",2022-08-22,27.4,22.1,24.0,29.7,22.1,24.3,21.8,88.1,3.04,100.0,37.5,rain,0,0,29.5,18.8,111.0,1012.4,61.8,15.2,97.1,8.3,8,60,2022-08-22T06:15:09,2022-08-22T19:43:30,0.9,"Rain, Partially cloudy",Partly cloudy throughout the day with a chance of rain throughout the day.,rain,"KWRI,D7003,KNEL,72408454760,KBLM,72409014780",921
105,"Toms River, NJ, United States",2022-08-23,30.0,18.5,24.0,31.6,18.5,24.4,19.4,78.3,0.0,0.0,0.0,rain,0,0,33.5,21.2,254.4,1009.7,50.5,13.4,107.2,9.2,9,60,2022-08-23T06:16:05,2022-08-23T19:42:02,0.94,Partially cloudy,Partly cloudy throughout the day.,partly-cloudy-day,"KWRI,D7003,KNEL,72408454760,KBLM,72409014780",921
106,"Toms River, NJ, United States",2022-08-24,32.1,18.8,25.0,31.7,18.8,25.1,18.2,70.8,0.0,0.0,0.0,,0,0,25.9,15.4,266.3,1014.4,4.8,16.0,158.8,13.9,9,75,2022-08-24T06:17:02,2022-08-24T19:40:33,0.97,Clear,Clear conditions throughout the day.,clear-day,"KWRI,D7003,KNEL,72408454760,KBLM,72409014780",921
107,"Toms River, NJ, United States",2022-08-25,31.7,18.6,25.0,31.1,18.6,25.0,16.9,64.7,0.0,0.0,0.0,,0,0,30.6,18.8,188.3,1016.8,7.9,16.0,154.6,13.3,9,10,2022-08-25T06:17:59,2022-08-25T19:39:03,0.99,Clear,Clear conditions throughout the day.,clear-day,"KWRI,D7003,KNEL,72408454760,KBLM,72409014780",921
108,"Toms River, NJ, United States",2022-08-26,31.7,20.2,26.2,33.9,20.2,27.1,20.2,71.8,0.0,0.0,0.0,rain,0,0,37.1,23.9,220.0,1013.6,27.1,15.9,106.3,9.1,8,75,2022-08-26T06:18:56,2022-08-26T19:37:33,1.0,Partially cloudy,Partly cloudy throughout the day.,partly-cloudy-day,"KWRI,D7003,KNEL,72408454760,KBLM,72409014780",921
109,"Toms River, NJ, United States",2022-08-27,30.8,21.1,25.6,31.8,21.1,26.1,20.0,74.1,0.0,0.0,0.0,rain,0,0,29.5,17.7,157.3,1015.0,21.4,15.8,180.0,15.5,8,75,2022-08-27T06:19:52,2022-08-27T19:36:01,0.0,Partially cloudy,Partly cloudy throughout the day.,partly-cloudy-day,"KWRI,JACN4,D7003,KNEL,72408454760,KBLM,72409014780",921
110,"Toms River, NJ, United States",2022-08-28,26.5,22.9,24.3,26.5,22.9,24.3,22.1,88.0,0.0,0.0,0.0,rain,0,0,30.6,21.5,75.5,1019.9,93.6,14.3,84.8,7.3,4,75,2022-08-28T06:20:49,2022-08-28T19:34:29,0.01,Overcast,Cloudy skies throughout the day.,cloudy,"KWRI,JACN4,D7003,KNEL,72408454760,KBLM,72409014780",921
111,"Toms River, NJ, United States",2022-08-29,31.2,19.5,25.1,33.6,19.5,26.2,21.5,82.1,0.0,0.0,0.0,rain,0,0,29.2,23.3,117.3,1019.1,40.1,12.5,157.6,13.7,9,60,2022-08-29T06:21:46,2022-08-29T19:32:57,0.02,Partially cloudy,Partly cloudy throughout the day.,partly-cloudy-day,"KWRI,D7003,KNEL,72408454760,KBLM,72409014780",921
112,"Toms River, NJ, United States",2022-08-30,32.3,22.0,26.2,35.4,22.0,27.2,22.0,80.1,0.84,100.0,8.33,rain,0,0,38.6,28.3,215.3,1012.2,55.6,15.5,158.7,13.7,9,60,2022-08-30T06:22:42,2022-08-30T19:31:24,0.05,"Rain, Partially cloudy",Clearing in the afternoon with late afternoon rain.,rain,"KWRI,D7003,KNEL,72408454760,KBLM,72409014780",921
113,"Toms River, NJ, United States",2022-08-31,29.4,18.0,24.1,28.9,18.0,24.0,17.2,69.7,0.12,100.0,4.17,rain,0,0,36.8,21.9,285.5,1009.4,19.2,15.4,132.8,11.4,8,30,2022-08-31T06:23:39,2022-08-31T19:29:50,0.09,Rain,Clear conditions throughout the day with morning rain.,rain,"KWRI,D7003,KNEL,72408454760,KBLM,72409014780",921
114,"Toms River, NJ, United States",2022-09-01,30.8,15.0,22.7,29.5,15.0,22.3,12.6,57.7,0.0,0.0,0.0,,0,0,38.8,26.5,294.5,1013.7,0.0,16.0,149.5,12.9,9,10,2022-09-01T06:24:35,2022-09-01T19:28:16,0.13,Clear,Clear conditions throughout the day.,clear-day,"KWRI,D7003,KNEL,72408454760,KBLM,72409014780",921
115,"Toms River, NJ, United States",2022-09-02,25.2,14.2,20.0,25.2,14.2,20.0,13.4,67.4,0.0,0.0,0.0,rain,0,0,34.2,18.8,45.5,1022.7,7.4,16.0,135.0,11.8,9,10,2022-09-02T06:25:32,2022-09-02T19:26:41,0.18,Clear,Clear conditions throughout the day.,clear-day,"KWRI,D7003,KNEL,72408454760,KBLM,72409014780",921
116,"Toms River, NJ, United States",2022-09-03,26.6,14.6,20.8,26.6,14.6,20.8,16.3,77.5,0.0,0.0,0.0,,0,0,24.8,16.9,62.4,1023.9,15.6,16.0,108.5,9.3,5,10,2022-09-03T06:26:28,2022-09-03T19:25:05,0.24,Clear,Clear conditions throughout the day.,clear-day,"KWRI,D7003,KNEL,72408454760,KBLM,72409014780",921
117,"Toms River, NJ, United States",2022-09-04,31.3,17.6,24.4,32.5,17.6,24.8,18.5,72.5,0.0,0.0,0.0,,0,0,30.6,18.9,246.4,1019.7,22.1,16.0,163.2,14.1,8,30,2022-09-04T06:27:24,2022-09-04T19:23:29,0.29,Partially cloudy,Clearing in the afternoon.,partly-cloudy-day,"KWRI,D7003,KNEL,72408454760,KBLM,72409014780",921
118,"Toms River, NJ, United States",2022-09-05,30.0,19.4,24.5,31.4,19.4,25.0,19.8,76.7,0.0,0.0,0.0,rain,0,0,32.8,21.7,199.3,1018.1,25.8,16.0,119.7,10.2,7,10,2022-09-05T06:28:21,2022-09-05T19:21:53,0.35,Partially cloudy,Partly cloudy throughout the day.,partly-cloudy-day,"KWRI,JACN4,D7003,KNEL,72408454760,KBLM,72409014780",921
119,"Toms River, NJ, United States",2022-09-06,23.4,20.6,21.9,23.4,20.6,21.9,20.8,93.3,5.69,100.0,50.0,rain,0,0,36.4,16.8,118.2,1015.0,89.3,12.8,32.1,2.9,1,30,2022-09-06T06:29:17,2022-09-06T19:20:16,0.4,"Rain, Partially cloudy",Partly cloudy throughout the day with rain.,rain,"KWRI,D7003,KNEL,72408454760,KBLM,72409014780",921
120,"Toms River, NJ, United States",2022-09-07,21.6,19.3,20.4,21.6,19.3,20.4,18.7,90.2,1.16,100.0,29.17,rain,0,0,44.6,19.1,35.8,1014.3,99.8,13.5,36.6,3.3,1,10,2022-09-07T06:30:13,2022-09-07T19:18:39,0.44,"Rain, Overcast",Cloudy skies throughout the day with a chance of rain throughout the day.,rain,"KWRI,D7003,KNEL,72408454760,KBLM,72409014780",921
121,"Toms River, NJ, United States",2022-09-08,25.1,15.7,20.5,25.1,15.7,20.5,15.8,76.5,0.0,0.0,0.0,rain,0,0,40.3,18.9,76.5,1012.7,51.5,16.0,92.6,8.0,9,10,2022-09-08T06:31:10,2022-09-08T19:17:02,0.47,Partially cloudy,Partly cloudy throughout the day.,partly-cloudy-day,"KWRI,JACN4,D7003,72040700462,KNEL,72408454760,KBLM,72409014780",921
122,"Toms River, NJ, United States",2022-09-09,25.3,13.0,18.8,25.3,13.0,18.8,13.9,76.2,0.0,0.0,0.0,,0,0,31.3,21.2,112.2,1017.3,0.3,16.0,158.3,13.5,8,10,2022-09-09T06:32:06,2022-09-09T19:15:24,0.49,Clear,Clear conditions throughout the day.,clear-day,"KWRI,JACN4,D7003,KNEL,72408454760,KBLM,72409014780",921
123,"Toms River, NJ, United States",2022-09-10,28.0,11.1,19.9,28.0,11.1,19.9,14.3,73.5,0.0,0.0,0.0,,0,0,24.5,12.7,159.0,1023.0,2.8,16.0,168.7,14.5,8,10,2022-09-10T06:33:02,2022-09-10T19:13:46,0.5,Clear,Clear conditions throughout the day.,clear-day,"KWRI,JACN4,D7003,KNEL,72408454760,KBLM,72409014780",921
124,"Toms River, NJ, United States",2022-09-11,25.9,19.0,21.7,25.9,19.0,21.7,19.4,87.4,0.31,100.0,12.5,rain,0,0,38.9,18.1,124.5,1019.4,77.2,15.1,60.7,5.1,3,10,2022-09-11T06:33:58,2022-09-11T19:12:08,0.51,"Rain, Partially cloudy",Partly cloudy throughout the day with rain.,rain,"KWRI,D7003,KNEL,72408454760,KBLM,72409014780",921
125,"Toms River, NJ, United States",2022-09-12,27.5,22.2,24.1,30.1,22.2,24.5,22.0,88.6,0.05,100.0,8.33,rain,0,0,31.7,13.7,211.5,1010.2,91.3,15.1,95.2,8.4,9,60,2022-09-12T06:34:55,2022-09-12T19:10:29,0.53,"Rain, Overcast",Cloudy skies throughout the day with rain.,rain,"KWRI,D7003,72040700462,KNEL,72408454760,KBLM,72409014780",921
126,"Toms River, NJ, United States",2022-09-13,29.2,17.5,23.9,30.9,17.5,24.3,20.0,80.3,0.05,100.0,8.33,rain,0,0,38.6,21.6,215.5,1007.5,54.8,14.2,96.0,8.3,8,60,2022-09-13T06:35:51,2022-09-13T19:08:51,0.56,"Rain, Partially cloudy",Partly cloudy throughout the day with early morning rain.,rain,"KWRI,JACN4,D7003,KNEL,72408454760,KBLM,72409014780",921
127,"Toms River, NJ, United States",2022-09-14,27.2,13.4,20.1,27.0,13.4,20.1,13.6,69.0,0.0,0.0,0.0,,0,0,34.4,23.7,294.0,1014.1,0.5,16.0,159.5,13.7,8,10,2022-09-14T06:36:48,2022-09-14T19:07:12,0.6,Clear,Clear conditions throughout the day.,clear-day,"KWRI,D7003,KNEL,72408454760,KBLM,72409014780",921
128,"Toms River, NJ, United States",2022-09-15,24.0,11.1,18.6,24.0,11.1,18.6,11.1,66.0,0.0,0.0,0.0,,0,0,38.9,18.5,309.9,1020.0,1.3,16.0,159.1,13.8,8,10,2022-09-15T06:37:44,2022-09-15T19:05:32,0.64,Clear,Clear conditions throughout the day.,clear-day,"KWRI,D7003,72040700462,KNEL,72408454760,KBLM,72409014780",921
129,"Toms River, NJ, United States",2022-09-16,25.5,7.6,16.3,25.5,7.0,16.2,9.1,67.3,0.0,0.0,0.0,,0,0,23.4,11.3,268.6,1021.8,0.0,16.0,147.2,12.9,7,10,2022-09-16T06:38:41,2022-09-16T19:03:53,0.69,Clear,Clear conditions throughout the day.,clear-day,"KWRI,D7003,KNEL,72408454760,KBLM,72409014780",921
130,"Toms River, NJ, United States",2022-09-17,24.7,13.7,19.8,24.7,13.7,19.8,14.9,74.6,0.0,0.0,0.0,,0,0,30.2,14.8,120.5,1023.0,29.6,16.0,135.3,11.5,8,10,2022-09-17T06:39:37,2022-09-17T19:02:14,0.74,Partially cloudy,Becoming cloudy in the afternoon.,partly-cloudy-day,"KWRI,D7003,KNEL,72408454760,KBLM,72409014780",921
131,"Toms River, NJ, United States",2022-09-18,29.3,15.4,21.8,29.1,15.4,21.8,16.0,73.0,0.0,0.0,0.0,,0,0,48.1,21.0,244.1,1018.4,3.3,15.6,144.4,12.5,7,30,2022-09-18T06:40:34,2022-09-18T19:00:35,0.78,Clear,Clear conditions throughout the day.,clear-day,"KWRI,D7003,KNEL,72408454760,KBLM,72409014780",921
132,"Toms River, NJ, United States",2022-09-19,31.0,18.1,23.5,31.1,18.1,23.5,17.3,71.6,0.0,0.0,0.0,,0,0,43.7,30.1,270.5,1013.1,28.4,16.0,155.0,13.4,8,30,2022-09-19T06:41:31,2022-09-19T18:58:55,0.83,Partially cloudy,Becoming cloudy in the afternoon.,partly-cloudy-day,"KWRI,D7003,KNEL,72408454760,KBLM,72409014780",921
133,"Toms River, NJ, United States",2022-09-20,26.7,16.1,21.2,26.8,16.1,21.3,15.5,72.8,0.0,0.0,0.0,,0,0,33.5,18.1,303.4,1012.0,27.7,15.5,164.4,14.1,9,10,2022-09-20T06:42:27,2022-09-20T18:57:16,0.87,Partially cloudy,Partly cloudy throughout the day.,partly-cloudy-day,"KWRI,D7003,KNEL,72408454760,KBLM,72409014780",921
134,"Toms River, NJ, United States",2022-09-21,27.4,12.8,20.5,27.6,12.8,20.5,14.5,71.5,0.0,0.0,0.0,,0,0,29.5,14.9,250.8,1013.0,2.4,16.0,155.6,13.5,8,10,2022-09-21T06:43:24,2022-09-21T18:55:36,0.91,Clear,Clear conditions throughout the day.,clear-day,"KWRI,D7003,KNEL,72408454760,KBLM,72409014780",921
135,"Toms River, NJ, United States",2022-09-22,29.0,14.0,20.1,30.7,14.0,20.2,16.3,79.4,0.78,100.0,12.5,rain,0,0,48.8,24.6,261.2,1004.7,31.3,15.6,46.4,3.9,4,10,2022-09-22T06:44:21,2022-09-22T18:53:57,0.95,"Rain, Partially cloudy",Becoming cloudy in the afternoon with afternoon rain.,rain,"KWRI,D7003,KNEL,72408454760,AU830,KBLM,72409014780",921
136,"Toms River, NJ, United States",2022-09-23,18.3,10.0,13.6,18.3,8.1,13.5,3.8,53.9,0.0,0.0,0.0,,0,0,53.6,33.2,310.7,1012.9,1.8,16.0,137.9,11.9,8,10,2022-09-23T06:45:19,2022-09-23T18:52:18,0.97,Clear,Clear conditions throughout the day.,clear-day,"KWRI,D7003,KNEL,72408454760,KBLM,72409014780",921
137,"Toms River, NJ, United States",2022-09-24,20.3,4.6,12.1,20.3,3.1,11.6,4.8,64.0,0.0,0.0,0.0,,0,0,47.2,19.3,287.0,1016.0,0.9,16.0,126.9,10.8,8,10,2022-09-24T06:46:16,2022-09-24T18:50:39,0.99,Clear,Clear conditions throughout the day.,clear-day,"KWRI,D7003,KNEL,72408454760,KBLM,72409014780",921
138,"Toms River, NJ, United States",2022-09-25,24.4,10.1,17.0,24.4,10.1,17.0,13.0,78.6,0.69,100.0,8.33,rain,0,0,60.8,21.6,200.8,1007.3,58.3,15.8,90.3,7.9,6,30,2022-09-25T06:47:14,2022-09-25T18:48:59,1.0,"Rain, Partially cloudy",Partly cloudy throughout the day with rain.,rain,"KWRI,D7003,KNEL,72408454760,AU830,KBLM,72409014780",921
139,"Toms River, NJ, United States",2022-09-26,25.2,12.9,18.5,25.2,12.9,18.5,12.3,70.6,0.0,0.0,0.0,,0,0,38.9,23.1,247.5,1006.0,39.3,16.0,124.0,10.8,8,10,2022-09-26T06:48:11,2022-09-26T18:47:21,0.0,Partially cloudy,Becoming cloudy in the afternoon.,partly-cloudy-day,"KWRI,D7003,KNEL,72408454760,KBLM,72409014780",921
140,"Toms River, NJ, United States",2022-09-27,22.7,12.4,16.9,22.7,12.4,16.9,8.3,59.4,0.0,0.0,0.0,rain,0,0,35.6,22.4,260.5,1011.3,30.5,16.0,140.9,12.2,8,10,2022-09-27T06:49:09,2022-09-27T18:45:42,0.01,Partially cloudy,Partly cloudy throughout the day.,partly-cloudy-day,"KWRI,D7003,KNEL,72408454760,KBLM,72409014780",921
141,"Toms River, NJ, United States",2022-09-28,21.0,7.6,14.2,21.0,6.4,13.9,8.4,70.0,0.0,0.0,0.0,,0,0,35.6,19.1,290.0,1019.4,19.5,16.0,126.5,10.8,8,10,2022-09-28T06:50:07,2022-09-28T18:44:04,0.04,Clear,Clear conditions throughout the day.,clear-day,"KWRI,D7003,KNEL,72408454760,AU830,KBLM,72409014780",921
142,"Toms River, NJ, United States",2022-09-29,19.3,10.6,14.8,19.3,10.6,14.8,8.4,67.9,0.0,0.0,0.0,,0,0,40.7,17.4,153.3,1026.1,5.6,16.0,110.3,9.4,8,10,2022-09-29T06:51:05,2022-09-29T18:42:25,0.07,Clear,Clear conditions throughout the day.,clear-day,"KWRI,D7003,KNEL,72408454760,KBLM,72409014780",921
143,"Toms River, NJ, United States",2022-09-30,17.5,11.3,14.5,17.5,11.3,14.5,9.8,73.8,0.6,95.2,12.5,rain,0,0,44.3,21.7,62.9,1024.0,44.7,17.9,66.6,5.7,3,10,2022-09-30T06:52:04,2022-09-30T18:40:47,0.12,"Rain, Partially cloudy",Partly cloudy throughout the day with late afternoon rain.,rain,"KWRI,D7003,KNEL,AU830,KBLM",921
